id,data_inversa,dia_semana,horario,uf,br,km,municipio,causa_acidente,tipo_acidente,classificacao_acidente,fase_dia,sentido_via,condicao_metereologica,tipo_pista,tracado_via,uso_solo,pessoas,mortos,feridos_leves,feridos_graves,ilesos,ignorados,feridos,veiculos,latitude,longitude,regional,delegacia,uop
407278,2022-01-07,sexta-feira,15:30:00,CE,116.0,"516,3",BREJO SANTO,Manobra de mudança de faixa,Colisão lateral mesmo sentido,Com Vítimas Feridas,Pleno dia,Crescente,Céu Claro,Simples,Reta,Não,3.0,0.0,0.0,1.0,1.0,1.0,1.0,3.0,"-7,57338396","-39,0214544",SPRF-CE,DEL05-CE,UOP03-DEL05-CE
407282,2022-01-07,sexta-feira,14:30:00,TO,235.0,"197,6",FORTALEZA DO TABOCAO,Demais falhas mecânicas ou elétricas,Incêndio,Sem Vítimas,Pleno dia,Decrescente,Céu Claro,Simples,Reta,Não,2.0,0.0,0.0,0.0,2.0,0.0,0.0,1.0,"-8,94701976","-48,43550884",SPRF-TO,DEL02-TO,UOP02-DEL02-TO
407294,2022-01-07,sexta-feira,15:50:00,BA,110.0,351,ALAGOINHAS,Ultrapassagem Indevida,Colisão frontal,Com Vítimas Fatais,Pleno dia,Crescente,Chuva,Simples,Reta,Não,4.0,2.0,0.0,0.0,1.0,1.0,0.0,3.0,"-12,24565526","-38,40467138",SPRF-BA,DEL01-BA,UOP04-DEL01-BA
407302,2022-01-07,sexta-feira,14:40:00,RS,392.0,"17,9",RIO GRANDE,Manobra de mudança de faixa,Colisão lateral mesmo sentido,Sem Vítimas,Pleno dia,Crescente,Nublado,Dupla,Reta,Não,3.0,0.0,0.0,0.0,2.0,1.0,0.0,2.0,"-32,09414738","-52,16752661",SPRF-RS,DEL07-RS,UOP02-DEL07-RS
407306,2022-01-07,sexta-feira,16:15:00,SC,282.0,"4,7",SAO JOSE,Condutor deixou de manter distância do veículo da frente,Colisão traseira,Com Vítimas Feridas,Pleno dia,Crescente,Nublado,Múltipla,Reta,Sim,2.0,0.0,1.0,0.0,1.0,0.0,1.0,2.0,"-27,592646","-48,604034",SPRF-SC,DEL01-SC,UOP01-DEL01-SC
407309,2022-01-07,sexta-feira,15:00:00,ES,101.0,"369,2",ANCHIETA,Reação tardia ou ineficiente do condutor,Colisão traseira,Com Vítimas Feridas,Pleno dia,Decrescente,Chuva,Simples,Reta,Não,5.0,0.0,2.0,0.0,3.0,0.0,2.0,2.0,"-20,76055768","-40,75851633",SPRF-ES,DEL03-ES,UOP01-DEL03-ES
407311,2022-01-07,sexta-feira,13:30:00,SC,101.0,"63,2",ARAQUARI,Velocidade Incompatível,Colisão traseira,Com Vítimas Feridas,Pleno dia,Crescente,Sol,Dupla,Curva,Não,4.0,0.0,2.0,0.0,1.0,1.0,2.0,3.0,"-26,45898367","-48,7584088",SPRF-SC,DEL03-SC,UOP02-DEL03-SC
407315,2022-01-07,sexta-feira,16:40:00,SP,153.0,"71,8",SAO JOSE DO RIO PRETO,Acessar a via sem observar a presença dos outros veículos,Colisão lateral mesmo sentido,Com Vítimas Feridas,Pleno dia,Decrescente,Céu Claro,Dupla,Reta,Sim,2.0,0.0,1.0,0.0,1.0,0.0,1.0,2.0,"-20,8580187","-49,40666241",SPRF-SP,DEL09-SP,UOP01-DEL09-SP
407317,2022-01-07,sexta-feira,13:25:00,RO,364.0,"416,5",JARU,Acessar a via sem observar a presença dos outros veículos,Colisão transversal,Com Vítimas Feridas,Pleno dia,Crescente,Céu Claro,Simples,Reta;Declive;Interseção de Vias,Não,4.0,0.0,2.0,0.0,1.0,1.0,2.0,3.0,"-10,49365474","-62,42433518",SPRF-RO,DEL03-RO,UOP02-DEL03-RO
407318,2022-01-07,sexta-feira,15:05:00,RJ,493.0,65,NOVA IGUACU,Ausência de reação do condutor,Colisão traseira,Com Vítimas Feridas,Pleno dia,Crescente,Chuva,Múltipla,Reta,Sim,2.0,0.0,1.0,0.0,1.0,0.0,1.0,2.0,"-22,66597704","-43,33007812",SPRF-RJ,DEL01-RJ,UOP03-DEL01-RJ
407329,2022-01-07,sexta-feira,15:10:00,GO,153.0,210,URUACU,Ingestão de álcool pelo condutor,Colisão transversal,Com Vítimas Feridas,Pleno dia,Decrescente,Chuva,Simples,Reta,Não,4.0,0.0,1.0,1.0,1.0,1.0,2.0,3.0,"-14,608367","-49,167444",SPRF-GO,DEL07-GO,UOP02-DEL07-GO
407336,2022-01-07,sexta-feira,17:30:00,PE,101.0,44,IGARASSU,Ausência de reação do condutor,Colisão traseira,Com Vítimas Feridas,Anoitecer,Decrescente,Céu Claro,Múltipla,Reta,Sim,2.0,0.0,1.0,0.0,1.0,0.0,1.0,2.0,"-7,85637001","-34,90842109",SPRF-PE,DEL01-PE,UOP02-DEL01-PE
407338,2022-01-07,sexta-feira,18:00:00,SC,470.0,"141,3",RIO DO SUL,Ausência de reação do condutor,Colisão com objeto,Sem Vítimas,Pleno dia,Crescente,Céu Claro,Simples,Reta;Túnel,Sim,2.0,0.0,0.0,0.0,1.0,1.0,0.0,2.0,"-27,226065","-49,666161",SPRF-SC,DEL04-SC,UOP02-DEL04-SC
407342,2022-01-07,sexta-feira,16:40:00,RJ,101.0,231,SILVA JARDIM,Pista Escorregadia,Saída de leito carroçável,Com Vítimas Feridas,Pleno dia,Crescente,Chuva,Dupla,Curva,Não,3.0,0.0,2.0,0.0,1.0,0.0,2.0,1.0,"-22,57752408","-42,38045083",SPRF-RJ,DEL02-RJ,UOP03-DEL02-RJ
407343,2022-01-07,sexta-feira,19:00:00,SC,101.0,128,ITAJAI,Reação tardia ou ineficiente do condutor,Colisão traseira,Com Vítimas Feridas,Plena Noite,Crescente,Nublado,Dupla,Reta,Não,2.0,0.0,1.0,0.0,1.0,0.0,1.0,2.0,"-26,97284292","-48,68299451",SPRF-SC,DEL04-SC,UOP03-DEL04-SC
407344,2022-01-07,sexta-feira,18:40:00,MS,163.0,682,RIO VERDE DE MATO GROSSO,Reação tardia ou ineficiente do condutor,Colisão transversal,Com Vítimas Feridas,Anoitecer,Decrescente,Céu Claro,Simples,Reta,Não,3.0,0.0,1.0,0.0,1.0,2.0,1.0,4.0,"-18,90701005","-54,84077521",SPRF-MS,DEL06-MS,UOP02-DEL06-MS
407347,2022-01-07,sexta-feira,14:30:00,SC,280.0,125,RIO NEGRINHO,Reação tardia ou ineficiente do condutor,Colisão transversal,Com Vítimas Feridas,Pleno dia,Crescente,Céu Claro,Simples,Reta,Sim,2.0,0.0,1.0,0.0,1.0,0.0,1.0,2.0,"-26,23836031","-49,49757636",SPRF-SC,DEL06-SC,UOP03-DEL06-SC
407351,2022-01-07,sexta-feira,16:50:00,PI,316.0,49,LAGOA DO PIAUI,Ultrapassagem Indevida,Colisão lateral sentido oposto,Com Vítimas Feridas,Pleno dia,Crescente,Nublado,Simples,Reta,Não,4.0,0.0,1.0,0.0,1.0,2.0,1.0,4.0,"-5,48492495","-42,63890136",SPRF-PI,DEL01-PI,UOP02-DEL01-PI
407367,2022-01-07,sexta-feira,20:30:00,MG,381.0,"343,7",BELA VISTA DE MINAS,Velocidade Incompatível,Colisão frontal,Com Vítimas Fatais,Plena Noite,Decrescente,Chuva,Simples,Curva,Não,6.0,2.0,0.0,3.0,1.0,0.0,3.0,2.0,"-19,85663904","-43,10916603",SPRF-MG,DEL03-MG,UOP01-DEL03-MG
407368,2022-01-07,sexta-feira,20:30:00,GO,452.0,"161,6",ITUMBIARA,Chuva,Saída de leito carroçável,Com Vítimas Feridas,Plena Noite,Decrescente,Chuva,Simples,Reta,Não,2.0,0.0,1.0,0.0,0.0,2.0,1.0,3.0,"-18,31260078","-49,49835091",SPRF-GO,DEL03-GO,UOP02-DEL03-GO
407385,2022-01-07,sexta-feira,22:40:00,MG,365.0,480,PATROCINIO,Ingestão de álcool e/ou substâncias psicoativas pelo pedestre,Colisão frontal,Sem Vítimas,Plena Noite,Decrescente,Chuva,Dupla,Interseção de Vias,Não,2.0,0.0,0.0,0.0,2.0,0.0,0.0,2.0,"-18,89211322","-47,06972105",SPRF-MG,DEL10-MG,UOP01-DEL10-MG
407389,2022-01-08,sábado,00:11:00,RJ,116.0,"241,2",PIRAI,Chuva,Tombamento,Com Vítimas Feridas,Plena Noite,Decrescente,Chuva,Dupla,Curva,Não,1.0,0.0,1.0,0.0,0.0,0.0,1.0,1.0,"-22,64242197","-43,89766093",SPRF-RJ,DEL07-RJ,UOP01-DEL07-RJ
407391,2022-01-07,sexta-feira,19:45:00,GO,452.0,22,RIO VERDE,Acumulo de água sobre o pavimento,Colisão lateral sentido oposto,Sem Vítimas,Plena Noite,Crescente,Chuva,Simples,Reta,Não,3.0,0.0,0.0,0.0,2.0,1.0,0.0,3.0,"-17,87601952","-50,71654288",SPRF-GO,DEL04-GO,UOP01-DEL04-GO
407393,2022-01-08,sábado,02:00:00,AP,210.0,2,MACAPA,Ingestão de álcool pelo condutor,Colisão com objeto,Com Vítimas Feridas,Amanhecer,Decrescente,Nublado,Simples,Aclive,Sim,3.0,0.0,1.0,0.0,1.0,1.0,1.0,3.0,"0,08282017","-51,07776189",SPRF-AP,DEL01-AP,UOP01-DEL01-AP
407395,2022-01-08,sábado,02:00:00,ES,101.0,61,SAO MATEUS,Acessar a via sem observar a presença dos outros veículos,Colisão lateral mesmo sentido,Sem Vítimas,Plena Noite,Crescente,Céu Claro,Simples,Interseção de Vias,Sim,5.0,0.0,0.0,0.0,3.0,2.0,0.0,3.0,"-18,68153217","-39,86364755",SPRF-ES,DEL04-ES,UOP02-DEL04-ES
407397,2022-01-08,sábado,02:35:00,TO,153.0,"487,7",PARAISO DO TOCANTINS,Manobra de mudança de faixa,Saída de leito carroçável,Com Vítimas Feridas,Plena Noite,Decrescente,Nublado,Simples,Aclive,Não,4.0,0.0,2.0,0.0,0.0,2.0,2.0,3.0,"-10,10155485","-48,8699883",SPRF-TO,DEL01-TO,UOP01-DEL01-TO
407403,2022-01-08,sábado,02:30:00,BA,116.0,"696,5",JEQUIE,Ausência de reação do condutor,Saída de leito carroçável,Com Vítimas Feridas,Amanhecer,Crescente,Céu Claro,Simples,Curva,Não,1.0,0.0,1.0,0.0,0.0,0.0,1.0,1.0,"-13,99324878","-40,17891829",SPRF-BA,DEL03-BA,UOP01-DEL03-BA
407410,2022-01-08,sábado,04:50:00,RS,285.0,"512,3",VITORIA DAS MISSOES,Ausência de reação do condutor,Colisão lateral sentido oposto,Com Vítimas Feridas,Plena Noite,Crescente,Céu Claro,Simples,Reta,Não,2.0,0.0,1.0,0.0,1.0,0.0,1.0,2.0,"-28,39666125","-54,34934746",SPRF-RS,DEL10-RS,UOP01-DEL10-RS
407415,2022-01-07,sexta-feira,19:10:00,MT,158.0,"581,3",AGUA BOA,Reação tardia ou ineficiente do condutor,Tombamento,Sem Vítimas,Plena Noite,Crescente,Chuva,Simples,Curva,Não,2.0,0.0,0.0,0.0,0.0,3.0,0.0,3.0,"-14,15617199","-52,19727591",SPRF-MT,DEL07-MT,UOP02-DEL07-MT
407416,2022-01-08,sábado,02:40:00,MG,262.0,"509,6",LUZ,Condutor Dormindo,Saída de leito carroçável,Sem Vítimas,Plena Noite,Crescente,Chuva,Simples,Curva,Não,2.0,0.0,0.0,0.0,1.0,2.0,0.0,3.0,"-19,77231093","-45,51991603",SPRF-MG,DEL08-MG,UOP03-DEL08-MG
407425,2022-01-08,sábado,07:15:00,PR,369.0,"143,1",IBIPORA,Condutor Dormindo,Colisão traseira,Com Vítimas Feridas,Pleno dia,Decrescente,Céu Claro,Simples,Reta,Não,3.0,0.0,1.0,0.0,1.0,1.0,1.0,3.0,"-23,292736","-51,094286",SPRF-PR,DEL07-PR,UOP01-DEL07-PR
407433,2022-01-08,sábado,08:44:00,BA,116.0,"419,4",FEIRA DE SANTANA,Condutor deixou de manter distância do veículo da frente,Colisão traseira,Com Vítimas Feridas,Pleno dia,Crescente,Céu Claro,Dupla,Reta,Sim,4.0,0.0,1.0,0.0,2.0,1.0,1.0,4.0,"-12,194529","-38,965336",SPRF-BA,DEL02-BA,UOP01-DEL02-BA
407441,2022-01-08,sábado,08:10:00,RJ,101.0,173,MACAE,Chuva,Colisão frontal,Com Vítimas Fatais,Pleno dia,Crescente,Chuva,Simples,Curva,Não,3.0,1.0,0.0,1.0,1.0,0.0,1.0,2.0,"-22,37100817","-41,95186287",SPRF-RJ,DEL08-RJ,UOP04-DEL08-RJ
407442,2022-01-08,sábado,07:05:00,BA,116.0,"803,6",VITORIA DA CONQUISTA,Reação tardia ou ineficiente do condutor,Saída de leito carroçável,Com Vítimas Feridas,Pleno dia,Crescente,Nublado,Simples,Reta,Não,2.0,0.0,1.0,0.0,0.0,1.0,1.0,2.0,"-14,76351221","-40,70383072",SPRF-BA,DEL08-BA,UOP02-DEL08-BA
407451,2022-01-08,sábado,09:40:00,PR,369.0,"151,1",LONDRINA,Manobra de mudança de faixa,Colisão traseira,Com Vítimas Feridas,Pleno dia,Crescente,Sol,Dupla,Reta;Viaduto,Sim,4.0,0.0,2.0,0.0,2.0,0.0,2.0,2.0,"-23,29270729","-51,17328644",SPRF-PR,DEL07-PR,UOP01-DEL07-PR
407458,2022-01-08,sábado,09:15:00,PE,232.0,5,RECIFE,Velocidade Incompatível,Saída de leito carroçável,Com Vítimas Feridas,Pleno dia,Crescente,Céu Claro,Simples,Curva,Sim,1.0,0.0,1.0,0.0,0.0,0.0,1.0,1.0,"-8,0656033","-34,94434476",SPRF-PE,DEL01-PE,UOP01-DEL01-PE
407464,2022-01-08,sábado,11:30:00,PE,232.0,512,SALGUEIRO,Transitar na contramão,Colisão frontal,Com Vítimas Fatais,Pleno dia,Decrescente,Sol,Simples,Reta,Sim,4.0,1.0,2.0,0.0,1.0,0.0,2.0,4.0,"-8,068192","-39,180042",SPRF-PE,DEL05-PE,UOP01-DEL05-PE
407465,2022-01-08,sábado,10:20:00,MG,40.0,"505,9",RIBEIRAO DAS NEVES,Acumulo de água sobre o pavimento,Colisão com objeto,Com Vítimas Feridas,Pleno dia,Crescente,Chuva,Dupla,Declive;Curva,Sim,5.0,0.0,3.0,0.0,1.0,1.0,3.0,3.0,"-19,746215","-44,148107",SPRF-MG,DEL02-MG,UOP01-DEL02-MG
407473,2022-01-08,sábado,09:40:00,MG,40.0,562,NOVA LIMA,Acumulo de areia ou detritos sobre o pavimento,Eventos atípicos,Com Vítimas Feridas,Pleno dia,Crescente,Chuva,Dupla,Curva,Não,4.0,0.0,1.0,0.0,2.0,1.0,1.0,4.0,"-20,15039618","-43,96316528",SPRF-MG,DEL01-MG,UOP02-DEL01-MG
407477,2022-01-08,sábado,10:05:00,PE,101.0,"138,4",ESCADA,Avarias e/ou desgaste excessivo no pneu,Eventos atípicos,Sem Vítimas,Pleno dia,Crescente,Céu Claro,Dupla,Reta,Não,1.0,0.0,0.0,0.0,1.0,0.0,0.0,1.0,"-8,42065517","-35,31808569",SPRF-PE,DEL01-PE,UOP01-DEL01-PE
407489,2022-01-08,sábado,12:40:00,MT,364.0,299,JACIARA,Acumulo de água sobre o pavimento,Saída de leito carroçável,Com Vítimas Feridas,Pleno dia,Decrescente,Nublado,Dupla,Reta,Não,5.0,0.0,2.0,1.0,1.0,1.0,3.0,3.0,"-15,84691555","-55,14590671",SPRF-MT,DEL05-MT,UOP02-DEL05-MT
407497,2022-01-08,sábado,07:50:00,PR,277.0,483,NOVA LARANJEIRAS,Condutor Dormindo,Saída de leito carroçável,Sem Vítimas,Pleno dia,Crescente,Céu Claro,Simples,Curva,Não,2.0,0.0,0.0,0.0,1.0,1.0,0.0,2.0,"-25,25804816","-52,62712955",SPRF-PR,DEL04-PR,UOP02-DEL04-PR
407504,2022-01-08,sábado,09:10:00,RS,386.0,"234,7",SOLEDADE,Ultrapassagem Indevida,Colisão frontal,Com Vítimas Fatais,Pleno dia,Crescente,Céu Claro,Simples,Curva,Não,19.0,2.0,3.0,0.0,13.0,1.0,3.0,4.0,"-28,722898","-52,560581",SPRF-RS,DEL04-RS,UOP03-DEL04-RS
407508,2022-01-08,sábado,15:10:00,MS,163.0,843,SONORA,Manobra de mudança de faixa,Colisão lateral sentido oposto,Com Vítimas Feridas,Pleno dia,Crescente,Céu Claro,Dupla,Reta,Não,8.0,0.0,0.0,1.0,6.0,1.0,1.0,4.0,"-17,54609699","-54,74124217",SPRF-MS,DEL06-MS,UOP01-DEL06-MS
407510,2022-01-08,sábado,14:50:00,MT,364.0,"252,4",JUSCIMEIRA,Pista esburacada,Saída de leito carroçável,Com Vítimas Feridas,Pleno dia,Crescente,Chuva,Dupla,Reta,Não,3.0,0.0,2.0,0.0,0.0,2.0,2.0,3.0,"-16,10571816","-54,86275136",SPRF-MT,DEL02-MT,UOP01-DEL02-MT
407522,2022-01-08,sábado,13:30:00,MT,163.0,781,SORRISO,Ultrapassagem Indevida,Colisão lateral mesmo sentido,Com Vítimas Feridas,Pleno dia,Crescente,Céu Claro,Simples,Reta;Declive,Não,4.0,0.0,1.0,0.0,2.0,2.0,1.0,4.0,"-12,436658","-55,65004499",SPRF-MT,DEL06-MT,UOP01-DEL06-MT
407538,2022-01-08,sábado,17:00:00,MG,381.0,858,POUSO ALEGRE,Ausência de reação do condutor,Saída de leito carroçável,Com Vítimas Feridas,Pleno dia,Decrescente,Chuva,Dupla,Reta,Não,2.0,0.0,1.0,0.0,0.0,1.0,1.0,2.0,"-22,30553838","-45,90162012",SPRF-MG,DEL16-MG,UOP01-DEL16-MG
407540,2022-01-08,sábado,17:20:00,MG,365.0,8,MONTES CLAROS,Manobra de mudança de faixa,Colisão transversal,Com Vítimas Feridas,Pleno dia,Crescente,Chuva,Simples,Reta,Não,4.0,0.0,1.0,0.0,2.0,1.0,1.0,3.0,"-16,78382","-43,890787",SPRF-MG,DEL12-MG,UOP01-DEL12-MG
407545,2022-01-08,sábado,18:25:00,SE,101.0,"83,6",LARANJEIRAS,Pedestre andava na pista,Atropelamento de Pedestre,Com Vítimas Fatais,Plena Noite,Decrescente,Céu Claro,Dupla,Reta,Não,3.0,1.0,0.0,0.0,0.0,2.0,0.0,3.0,"-10,832191","-37,138023",SPRF-SE,DEL01-SE,UOP01-DEL01-SE
407550,2022-01-08,sábado,13:00:00,MG,116.0,"233,8",TEOFILO OTONI,Demais falhas mecânicas ou elétricas,Saída de leito carroçável,Com Vítimas Feridas,Pleno dia,Crescente,Sol,Simples,Declive;Reta,Não,1.0,0.0,1.0,0.0,0.0,0.0,1.0,1.0,"-17,51211701","-41,48630207",SPRF-MG,DEL11-MG,UOP01-DEL11-MG
407553,2022-01-08,sábado,17:10:00,MS,163.0,483,CAMPO GRANDE,Acessar a via sem observar a presença dos outros veículos,Colisão lateral mesmo sentido,Sem Vítimas,Pleno dia,Crescente,Céu Claro,Simples,Reta,Sim,3.0,0.0,0.0,0.0,2.0,2.0,0.0,4.0,"-20,45726263","-54,54671829",SPRF-MS,DEL01-MS,UOP02-DEL01-MS
407563,2022-01-08,sábado,19:50:00,MG,40.0,"422,2",CURVELO,Pedestre andava na pista,Atropelamento de Pedestre,Com Vítimas Feridas,Plena Noite,Crescente,Nublado,Simples,Reta,Não,3.0,0.0,0.0,1.0,1.0,1.0,1.0,3.0,"-19,153605","-44,543274",SPRF-MG,DEL02-MG,UOP01-DEL02-MG
407567,2022-01-08,sábado,20:30:00,MA,316.0,611,TIMON,Velocidade Incompatível,Tombamento,Com Vítimas Feridas,Plena Noite,Decrescente,Céu Claro,Dupla,Rotatória,Não,5.0,0.0,3.0,1.0,0.0,1.0,4.0,2.0,"-5,07072498","-42,87431717",SPRF-MA,DEL03-MA,UOP02-DEL03-MA
407578,2022-01-08,sábado,15:45:00,SC,101.0,234,PALHOCA,Manobra de mudança de faixa,Tombamento,Com Vítimas Feridas,Pleno dia,Crescente,Céu Claro,Dupla,Curva,Não,2.0,0.0,1.0,0.0,0.0,1.0,1.0,2.0,"-27,81043812","-48,63537111",SPRF-SC,DEL01-SC,UOP02-DEL01-SC
407608,2022-01-09,domingo,01:40:00,RO,364.0,711,PORTO VELHO,Ausência de reação do condutor,Colisão traseira,Com Vítimas Feridas,Plena Noite,Decrescente,Chuva,Múltipla,Reta,Sim,4.0,0.0,1.0,0.0,1.0,2.0,1.0,4.0,"-8,77961744","-63,86957645",SPRF-RO,DEL01-RO,UOP01-DEL01-RO
407617,2022-01-09,domingo,03:40:00,PR,277.0,"637,8",CEU AZUL,Acessar a via sem observar a presença dos outros veículos,Colisão transversal,Com Vítimas Fatais,Plena Noite,Crescente,Céu Claro,Simples,Reta,Sim,4.0,1.0,0.0,1.0,1.0,1.0,1.0,3.0,"-25,15719592","-53,85047972",SPRF-PR,DEL05-PR,UOP02-DEL05-PR
407618,2022-01-09,domingo,02:30:00,MS,359.0,"527,5",CORUMBA,Ingestão de álcool pelo condutor,Saída de leito carroçável,Com Vítimas Feridas,Plena Noite,Crescente,Céu Claro,Simples,Reta,Não,1.0,0.0,0.0,1.0,0.0,0.0,1.0,1.0,"-19,04905982","-57,62098561",SPRF-MS,DEL03-MS,UOP03-DEL03-MS
407619,2022-01-09,domingo,04:35:00,BA,116.0,"12,3",VITORIA DA CONQUISTA,Ausência de reação do condutor,Colisão traseira,Com Vítimas Fatais,Amanhecer,Crescente,Nevoeiro/Neblina,Simples,Reta,Sim,2.0,1.0,0.0,0.0,1.0,0.0,0.0,2.0,"-14,87947","-40,87106",SPRF-BA,DEL08-BA,UOP01-DEL08-BA
407622,2022-01-09,domingo,04:50:00,SC,470.0,"120,5",IBIRAMA,Condutor Dormindo,Tombamento,Com Vítimas Feridas,Amanhecer,Decrescente,Nevoeiro/Neblina,Simples,Declive;Reta,Não,2.0,0.0,0.0,1.0,0.0,2.0,1.0,3.0,"-27,089924","-49,520416",SPRF-SC,DEL04-SC,UOP02-DEL04-SC
407633,2022-01-09,domingo,05:00:00,MS,163.0,487,CAMPO GRANDE,Ingestão de álcool pelo condutor,Colisão frontal,Com Vítimas Feridas,Pleno dia,Crescente,Céu Claro,Simples,Reta,Sim,3.0,0.0,0.0,1.0,1.0,2.0,1.0,4.0,"-20,42493093","-54,54550758",SPRF-MS,DEL01-MS,UOP02-DEL01-MS
407634,2022-01-09,domingo,02:00:00,BA,116.0,277,TUCANO,Ingestão de álcool pelo condutor,Colisão com objeto,Com Vítimas Feridas,Plena Noite,Decrescente,Céu Claro,Simples,Reta,Não,3.0,0.0,1.0,0.0,1.0,1.0,1.0,3.0,"-10,98605827","-38,80013655",SPRF-BA,DEL07-BA,UOP02-DEL07-BA
407637,2022-01-09,domingo,06:00:00,PE,232.0,"22,2",MORENO,Condutor deixou de manter distância do veículo da frente,Colisão traseira,Sem Vítimas,Pleno dia,Crescente,Céu Claro,Dupla,Reta,Não,4.0,0.0,0.0,0.0,3.0,1.0,0.0,4.0,"-8,09712273","-35,088592",SPRF-PE,DEL01-PE,UOP01-DEL01-PE
407639,2022-01-09,domingo,05:18:00,PR,277.0,"410,9",CANDOI,Avarias e/ou desgaste excessivo no pneu,Tombamento,Sem Vítimas,Amanhecer,Crescente,Céu Claro,Simples,Curva,Não,2.0,0.0,0.0,0.0,1.0,3.0,0.0,4.0,"-25,43184986","-52,00714351",SPRF-PR,DEL04-PR,UOP02-DEL04-PR
407646,2022-01-08,sábado,16:30:00,SC,116.0,"105,8",MONTE CASTELO,Problema com o freio,Tombamento,Com Vítimas Fatais,Pleno dia,Decrescente,Céu Claro,Simples,Declive;Curva,Não,2.0,2.0,0.0,0.0,0.0,0.0,0.0,1.0,"-26,757324","-50,317226",SPRF-SC,DEL06-SC,UOP02-DEL06-SC
407660,2022-01-09,domingo,07:50:00,MG,381.0,543,ITATIAIUCU,Desvio temporário,Colisão traseira,Com Vítimas Feridas,Pleno dia,Decrescente,Chuva,Dupla,Curva,Não,3.0,0.0,1.0,0.0,1.0,2.0,1.0,4.0,"-20,27336801","-44,42585498",SPRF-MG,DEL04-MG,UOP03-DEL04-MG
407661,2022-01-09,domingo,07:43:00,MG,262.0,"790,6",UBERABA,Velocidade Incompatível,Saída de leito carroçável,Com Vítimas Feridas,Pleno dia,Crescente,Chuva,Simples,Aclive,Não,2.0,0.0,1.0,0.0,0.0,1.0,1.0,2.0,"-19,76179377","-47,84979004",SPRF-MG,DEL13-MG,UOP01-DEL13-MG
407670,2022-01-09,domingo,10:00:00,SP,381.0,22,BRAGANCA PAULISTA,Ausência de reação do condutor,Colisão lateral mesmo sentido,Com Vítimas Feridas,Pleno dia,Decrescente,Chuva,Dupla,Reta,Não,4.0,0.0,2.0,0.0,2.0,0.0,2.0,2.0,"-22,99697186","-46,5163051",SPRF-SP,DEL03-SP,UOP01-DEL03-SP
407702,2022-01-09,domingo,10:05:00,GO,153.0,46,PORANGATU,Ingestão de álcool pelo condutor,Colisão traseira,Sem Vítimas,Pleno dia,Crescente,Chuva,Simples,Reta,Não,3.0,0.0,0.0,0.0,3.0,0.0,0.0,3.0,"-13,216605","-49,150219",SPRF-GO,DEL07-GO,UOP01-DEL07-GO
407706,2022-01-09,domingo,15:20:00,MG,40.0,96,LAGOA GRANDE,Velocidade Incompatível,Tombamento,Com Vítimas Feridas,Pleno dia,Crescente,Chuva,Simples,Reta,Não,1.0,0.0,1.0,0.0,0.0,0.0,1.0,1.0,"-17,5368107","-46,53518372",SPRF-MG,DEL14-MG,UOP01-DEL14-MG
407719,2022-01-09,domingo,14:20:00,MG,40.0,"129,8",JOAO PINHEIRO,Carga excessiva e/ou mal acondicionada,Tombamento,Com Vítimas Feridas,Pleno dia,Decrescente,Nublado,Simples,Reta,Não,2.0,0.0,1.0,0.0,0.0,1.0,1.0,2.0,"-17,70395211","-46,29471003",SPRF-MG,DEL14-MG,UOP01-DEL14-MG
407726,2022-01-09,domingo,17:00:00,PE,101.0,125,ESCADA,Transitar no acostamento,Colisão traseira,Com Vítimas Feridas,Pleno dia,Crescente,Céu Claro,Múltipla,Reta,Não,3.0,0.0,0.0,1.0,1.0,2.0,1.0,4.0,"-8,36501587","-35,22142966",SPRF-PE,DEL01-PE,UOP01-DEL01-PE
407731,2022-01-09,domingo,17:30:00,BA,116.0,485,RAFAEL JAMBEIRO,Reação tardia ou ineficiente do condutor,Colisão traseira,Com Vítimas Feridas,Pleno dia,Crescente,Céu Claro,Múltipla,Reta,Não,3.0,0.0,1.0,0.0,2.0,0.0,1.0,2.0,"-12,52896304","-39,40894998",SPRF-BA,DEL02-BA,UOP01-DEL02-BA
407732,2022-01-09,domingo,16:35:00,PA,10.0,2,DOM ELISEU,Manobra de mudança de faixa,Colisão frontal,Com Vítimas Fatais,Pleno dia,Decrescente,Céu Claro,Simples,Aclive,Não,3.0,1.0,0.0,0.0,1.0,2.0,0.0,4.0,"-4,42779599","-47,53626682",SPRF-PA,DEL02-PA,UOP02-DEL02-PA
407734,2022-01-09,domingo,13:00:00,PR,163.0,"177,2",LINDOESTE,Velocidade Incompatível,Tombamento,Com Vítimas Feridas,Pleno dia,Decrescente,Sol,Dupla,Curva,Não,2.0,0.0,1.0,0.0,0.0,1.0,1.0,2.0,"-25,2011763","-53,60081316",SPRF-PR,DEL05-PR,UOP05-DEL05-PR
407761,2022-01-08,sábado,21:45:00,BA,116.0,"87,9",CHORROCHO,Ingestão de álcool pelo condutor,Colisão frontal,Com Vítimas Fatais,Plena Noite,Decrescente,Ignorado,Simples,Reta,Não,3.0,1.0,0.0,0.0,1.0,1.0,0.0,3.0,"-9,37274311","-39,0843593",SPRF-BA,DEL07-BA,UOP01-DEL07-BA
407772,2022-01-09,domingo,16:25:00,TO,230.0,"82,4",CACHOEIRINHA,Problema na suspensão,Tombamento,Sem Vítimas,Pleno dia,Decrescente,Nublado,Simples,Reta,Não,3.0,0.0,0.0,0.0,1.0,2.0,0.0,2.0,"-6,10098395","-47,90268299",SPRF-TO,DEL02-TO,UOP03-DEL02-TO