id,data_inversa,dia_semana,horario,uf,br,km,municipio,causa_acidente,tipo_acidente,classificacao_acidente,fase_dia,sentido_via,condicao_metereologica,tipo_pista,tracado_via,uso_solo,pessoas,mortos,feridos_leves,feridos_graves,ilesos,ignorados,feridos,veiculos,latitude,longitude,regional,delegacia,uop
408162,2022-01-11,terça-feira,21:20:00,PR,153.0,"138,9",VENTANIA,Carga excessiva e/ou mal acondicionada,Derramamento de carga,Com Vítimas Feridas,Plena Noite,Decrescente,Nublado,Simples,Curva,Não,3.0,0.0,1.0,0.0,1.0,3.0,1.0,5.0,"-24,06329917","-50,25299369",SPRF-PR,DEL07-PR,UOP04-DEL07-PR
408169,2022-01-12,quarta-feira,02:45:00,MG,251.0,473,FRANCISCO SA,Velocidade Incompatível,Eventos atípicos,Com Vítimas Feridas,Plena Noite,Crescente,Céu Claro,Simples,Curva,Não,2.0,0.0,1.0,0.0,0.0,1.0,1.0,2.0,"-16,47012768","-43,44753404",SPRF-MG,DEL12-MG,UOP01-DEL12-MG
408170,2022-01-12,quarta-feira,06:20:00,SC,101.0,217,PALHOCA,Ausência de reação do condutor,Colisão lateral mesmo sentido,Com Vítimas Feridas,Pleno dia,Crescente,Sol,Múltipla,Reta,Sim,3.0,0.0,1.0,0.0,1.0,1.0,1.0,3.0,"-27,66779034","-48,67393586",SPRF-SC,DEL01-SC,UOP02-DEL01-SC
408171,2022-01-11,terça-feira,23:00:00,SC,470.0,"211,4",SAO CRISTOVAO DO SUL,Velocidade Incompatível,Tombamento,Com Vítimas Feridas,Plena Noite,Crescente,Céu Claro,Simples,Curva,Não,2.0,0.0,1.0,0.0,0.0,2.0,1.0,3.0,"-27,30964295","-50,23497462",SPRF-SC,DEL05-SC,UOP03-DEL05-SC
408173,2022-01-12,quarta-feira,06:55:00,MG,40.0,"549,8",NOVA LIMA,Manobra de mudança de faixa,Colisão traseira,Com Vítimas Feridas,Pleno dia,Crescente,Céu Claro,Dupla,Curva;Aclive,Sim,4.0,0.0,1.0,0.0,2.0,1.0,1.0,4.0,"-20,03972326","-43,96703232",SPRF-MG,DEL01-MG,UOP02-DEL01-MG
408178,2022-01-12,quarta-feira,07:40:00,ES,101.0,296,CARIACICA,Acessar a via sem observar a presença dos outros veículos,Colisão transversal,Com Vítimas Feridas,Pleno dia,Crescente,Céu Claro,Múltipla,Curva,Sim,3.0,0.0,0.0,1.0,1.0,1.0,1.0,3.0,"-20,34029997","-40,40405712",SPRF-ES,DEL01-ES,UOP01-DEL01-ES
408179,2022-01-12,quarta-feira,07:20:00,MG,40.0,805,MATIAS BARBOSA,Velocidade Incompatível,Colisão lateral mesmo sentido,Com Vítimas Feridas,Pleno dia,Crescente,Céu Claro,Dupla,Reta,Não,5.0,0.0,4.0,0.0,1.0,0.0,4.0,2.0,"-21,86534291","-43,36765294",SPRF-MG,DEL05-MG,UOP01-DEL05-MG
408183,2022-01-12,quarta-feira,07:30:00,PR,376.0,"530,7",PALMEIRA,Condutor usando celular,Colisão com objeto,Sem Vítimas,Pleno dia,Decrescente,Céu Claro,Dupla,Declive;Reta,Não,4.0,0.0,0.0,0.0,4.0,0.0,0.0,4.0,"-25,3041726","-49,889159",SPRF-PR,DEL03-PR,UOP01-DEL03-PR
408184,2022-01-11,terça-feira,23:30:00,MT,158.0,606,AGUA BOA,Condutor Dormindo,Saída de leito carroçável,Com Vítimas Feridas,Plena Noite,Decrescente,Nublado,Simples,Reta,Não,2.0,0.0,1.0,0.0,0.0,1.0,1.0,2.0,"-14,376626","-52,16908",SPRF-MT,DEL07-MT,UOP02-DEL07-MT
408185,2022-01-12,quarta-feira,08:00:00,PR,376.0,674,GUARATUBA,Manobra de mudança de faixa,Colisão lateral mesmo sentido,Com Vítimas Feridas,Pleno dia,Crescente,Céu Claro,Dupla,Curva,Não,5.0,0.0,2.0,1.0,1.0,1.0,3.0,3.0,"-25,90851198","-48,92070682",SPRF-PR,DEL01-PR,UOP04-DEL01-PR
408188,2022-01-12,quarta-feira,08:05:00,SC,101.0,"131,7",BALNEARIO CAMBORIU,Velocidade Incompatível,Engavetamento,Com Vítimas Feridas,Pleno dia,Decrescente,Céu Claro,Dupla,Reta,Sim,8.0,0.0,1.0,0.0,6.0,1.0,1.0,7.0,"-26,99064209","-48,66310912",SPRF-SC,DEL04-SC,UOP03-DEL04-SC
408201,2022-01-12,quarta-feira,10:15:00,PR,116.0,"2,9",QUATRO BARRAS,Demais falhas mecânicas ou elétricas,Colisão com objeto,Com Vítimas Feridas,Pleno dia,Decrescente,Céu Claro,Dupla,Reta,Não,2.0,0.0,1.0,0.0,0.0,1.0,1.0,2.0,"-25,3562","-49,0677",SPRF-PR,DEL01-PR,UOP02-DEL01-PR
408202,2022-01-12,quarta-feira,09:25:00,SC,470.0,"174,4",POUSO REDONDO,Desrespeitar a preferência no cruzamento,Colisão transversal,Com Vítimas Feridas,Pleno dia,Crescente,Céu Claro,Simples,Reta,Sim,4.0,0.0,1.0,0.0,3.0,0.0,1.0,3.0,"-27,258179","-49,929146",SPRF-SC,DEL04-SC,UOP02-DEL04-SC
408204,2022-01-12,quarta-feira,10:00:00,SP,116.0,313,SAO LOURENCO DA SERRA,Manobra de mudança de faixa,Colisão lateral mesmo sentido,Com Vítimas Feridas,Pleno dia,Crescente,Nublado,Dupla,Reta,Não,2.0,0.0,1.0,0.0,1.0,0.0,1.0,2.0,"-23,88913612","-46,9801679",SPRF-SP,DEL04-SP,UOP01-DEL04-SP
408210,2022-01-12,quarta-feira,11:00:00,SC,470.0,"122,1",IBIRAMA,Ultrapassagem Indevida,Colisão lateral mesmo sentido,Com Vítimas Feridas,Pleno dia,Crescente,Sol,Simples,Reta,Não,2.0,0.0,1.0,0.0,1.0,0.0,1.0,2.0,"-27,106783","-49,522049",SPRF-SC,DEL04-SC,UOP02-DEL04-SC
408211,2022-01-12,quarta-feira,10:35:00,PR,277.0,730,FOZ DO IGUACU,Ausência de reação do condutor,Colisão lateral mesmo sentido,Com Vítimas Feridas,Pleno dia,Decrescente,Céu Claro,Simples,Ponte,Sim,5.0,0.0,1.0,0.0,4.0,0.0,1.0,4.0,"-25,50826305","-54,59238593",SPRF-PR,DEL05-PR,UOP03-DEL05-PR
408212,2022-01-12,quarta-feira,10:30:00,RS,468.0,60,CORONEL BICACO,Condutor Dormindo,Colisão lateral sentido oposto,Com Vítimas Feridas,Pleno dia,Decrescente,Céu Claro,Simples,Reta,Não,3.0,0.0,1.0,0.0,1.0,3.0,1.0,5.0,"-27,76572428","-53,78891388",SPRF-RS,DEL08-RS,UOP02-DEL08-RS
408214,2022-01-12,quarta-feira,11:30:00,ES,262.0,"5,5",CARIACICA,Desrespeitar a preferência no cruzamento,Colisão transversal,Com Vítimas Feridas,Pleno dia,Crescente,Céu Claro,Dupla,Retorno Regulamentado;Reta,Sim,2.0,0.0,0.0,1.0,1.0,0.0,1.0,2.0,"-20,33707281","-40,38649924",SPRF-ES,DEL01-ES,UOP01-DEL01-ES
408221,2022-01-12,quarta-feira,10:10:00,PE,424.0,75,CAETES,Reação tardia ou ineficiente do condutor,Saída de leito carroçável,Com Vítimas Feridas,Pleno dia,Crescente,Céu Claro,Simples,Reta,Não,1.0,0.0,1.0,0.0,0.0,0.0,1.0,1.0,"-8,80482636","-36,58367325",SPRF-PE,DEL03-PE,UOP01-DEL03-PE
408225,2022-01-12,quarta-feira,11:48:00,PR,277.0,"4,8",PARANAGUA,Acessar a via sem observar a presença dos outros veículos,Saída de leito carroçável,Sem Vítimas,Pleno dia,Crescente,Céu Claro,Múltipla,Interseção de Vias,Sim,2.0,0.0,0.0,0.0,1.0,1.0,0.0,2.0,"-25,55622538","-48,56531024",SPRF-PR,DEL01-PR,UOP05-DEL01-PR
408230,2022-01-12,quarta-feira,13:40:00,GO,40.0,"61,7",CRISTALINA,Velocidade Incompatível,Tombamento,Com Vítimas Feridas,Pleno dia,Decrescente,Chuva,Simples,Reta,Não,1.0,0.0,0.0,1.0,0.0,0.0,1.0,1.0,"-16,541494","-47,794882",SPRF-DF,DEL01-DF,UOP02-DEL01-DF
408244,2022-01-12,quarta-feira,15:00:00,CE,402.0,"268,7",ITAPIPOCA,Condutor deixou de manter distância do veículo da frente,Colisão traseira,Com Vítimas Feridas,Pleno dia,Decrescente,Nublado,Simples,Reta,Não,4.0,0.0,2.0,0.0,2.0,0.0,2.0,2.0,"-3,47502406","-39,54437103",SPRF-CE,DEL01-CE,UOP03-DEL01-CE
408249,2022-01-12,quarta-feira,16:33:00,RN,101.0,148,GOIANINHA,Ausência de reação do condutor,Colisão traseira,Com Vítimas Feridas,Pleno dia,Crescente,Céu Claro,Dupla,Viaduto,Sim,2.0,0.0,1.0,0.0,1.0,0.0,1.0,2.0,"-6,27949119","-35,20490033",SPRF-RN,DEL01-RN,UOP01-DEL01-RN
408256,2022-01-12,quarta-feira,16:50:00,GO,153.0,357,JARAGUA,Reação tardia ou ineficiente do condutor,Colisão transversal,Com Vítimas Feridas,Pleno dia,Crescente,Céu Claro,Dupla,Reta;Interseção de Vias,Sim,2.0,0.0,1.0,0.0,1.0,0.0,1.0,2.0,"-15,73500994","-49,3234849",SPRF-GO,DEL02-GO,UOP02-DEL02-GO
408260,2022-01-12,quarta-feira,13:20:00,MG,153.0,"232,1",FRONTEIRA,Ausência de reação do condutor,Colisão frontal,Com Vítimas Feridas,Pleno dia,Decrescente,Céu Claro,Simples,Reta,Não,5.0,0.0,0.0,1.0,3.0,1.0,1.0,3.0,"-20,24705204","-49,16684895",SPRF-MG,DEL13-MG,UOP02-DEL13-MG
408261,2022-01-12,quarta-feira,17:00:00,PR,116.0,"43,8",CAMPINA GRANDE DO SUL,Condutor deixou de manter distância do veículo da frente,Colisão traseira,Com Vítimas Feridas,Pleno dia,Crescente,Céu Claro,Dupla,Curva,Não,4.0,0.0,1.0,0.0,2.0,2.0,1.0,5.0,"-25,18101149","-48,88196442",SPRF-PR,DEL01-PR,UOP02-DEL01-PR
408272,2022-01-04,terça-feira,11:00:00,MT,364.0,13,ALTO ARAGUAIA,Problema na suspensão,Tombamento,Com Vítimas Feridas,Pleno dia,Crescente,Céu Claro,Simples,Rotatória,Não,2.0,0.0,1.0,0.0,0.0,1.0,1.0,2.0,"-17,25560827","-53,31210321",SPRF-MT,DEL02-MT,UOP02-DEL02-MT
408278,2022-01-12,quarta-feira,11:30:00,PR,376.0,"445,3",TIBAGI,Velocidade Incompatível,Tombamento,Com Vítimas Feridas,Pleno dia,Decrescente,Sol,Dupla,Curva,Não,3.0,0.0,1.0,0.0,1.0,1.0,1.0,2.0,"-24,8555219","-50,46024799",SPRF-PR,DEL03-PR,UOP02-DEL03-PR
408280,2022-01-12,quarta-feira,19:15:00,SC,101.0,206,SAO JOSE,Ausência de reação do condutor,Colisão lateral mesmo sentido,Com Vítimas Feridas,Plena Noite,Crescente,Céu Claro,Múltipla,Reta,Sim,3.0,0.0,1.0,0.0,1.0,1.0,1.0,3.0,"-27,59193546","-48,61824557",SPRF-SC,DEL01-SC,UOP01-DEL01-SC
408285,2022-01-12,quarta-feira,20:25:00,SE,101.0,"69,3",MARUIM,Reação tardia ou ineficiente do condutor,Colisão lateral sentido oposto,Com Vítimas Feridas,Plena Noite,Crescente,Céu Claro,Simples,Reta;Declive,Não,2.0,0.0,0.0,1.0,0.0,1.0,1.0,2.0,"-10,72937357","-37,0810103",SPRF-SE,DEL01-SE,UOP01-DEL01-SE
408287,2022-01-12,quarta-feira,20:15:00,AL,316.0,"225,6",ATALAIA,Velocidade Incompatível,Tombamento,Com Vítimas Fatais,Plena Noite,Crescente,Céu Claro,Simples,Reta,Não,4.0,1.0,0.0,1.0,1.0,2.0,1.0,5.0,"-9,47691913","-36,15664611",SPRF-AL,DEL01-AL,UOP01-DEL01-AL
408301,2022-01-12,quarta-feira,22:30:00,SP,116.0,202,ARUJA,Ausência de reação do condutor,Colisão lateral mesmo sentido,Com Vítimas Feridas,Plena Noite,Decrescente,Céu Claro,Dupla,Reta,Sim,3.0,0.0,2.0,0.0,0.0,1.0,2.0,2.0,"-23,40809408","-46,33859597",SPRF-SP,DEL01-SP,UOP01-DEL01-SP
408302,2022-01-12,quarta-feira,22:20:00,MT,163.0,"106,6",RONDONOPOLIS,Reação tardia ou ineficiente do condutor,Colisão traseira,Com Vítimas Fatais,Plena Noite,Crescente,Chuva,Dupla,Declive,Não,5.0,2.0,0.0,0.0,1.0,4.0,0.0,6.0,"-16,61130805","-54,70053179",SPRF-MT,DEL02-MT,UOP01-DEL02-MT
408303,2022-01-12,quarta-feira,11:40:00,MG,251.0,"217,9",CACHOEIRA DE PAJEU,Pista esburacada,Colisão traseira,Sem Vítimas,Pleno dia,Decrescente,Céu Claro,Simples,Declive,Não,4.0,0.0,0.0,0.0,1.0,3.0,0.0,4.0,"-15,92973805","-41,60120995",SPRF-MG,DEL11-MG,UOP02-DEL11-MG
408306,2022-01-12,quarta-feira,22:30:00,RO,364.0,712,PORTO VELHO,Reação tardia ou ineficiente do condutor,Colisão traseira,Com Vítimas Feridas,Plena Noite,Decrescente,Nublado,Dupla,Reta,Sim,4.0,0.0,0.0,1.0,2.0,2.0,1.0,4.0,"-8,774578","-63,877514",SPRF-RO,DEL01-RO,UOP01-DEL01-RO
408307,2022-01-12,quarta-feira,23:30:00,GO,60.0,394,RIO VERDE,Transitar na contramão,Colisão lateral sentido oposto,Sem Vítimas,Plena Noite,Crescente,Garoa/Chuvisco,Dupla,Viaduto,Não,3.0,0.0,0.0,0.0,2.0,1.0,0.0,3.0,"-17,8228","-50,9983",SPRF-GO,DEL04-GO,UOP01-DEL04-GO
408309,2022-01-12,quarta-feira,23:40:00,MS,163.0,558,BANDEIRANTES,Ausência de reação do condutor,Saída de leito carroçável,Com Vítimas Feridas,Plena Noite,Crescente,Nublado,Simples,Reta,Não,1.0,0.0,1.0,0.0,0.0,0.0,1.0,1.0,"-19,83777301","-54,36995428",SPRF-MS,DEL01-MS,UOP02-DEL01-MS
408314,2022-01-12,quarta-feira,22:20:00,MS,158.0,289,TRES LAGOAS,Condutor Dormindo,Colisão com objeto,Sem Vítimas,Plena Noite,Decrescente,Nublado,Simples,Reta,Não,2.0,0.0,0.0,0.0,1.0,3.0,0.0,4.0,"-20,899132","-51,764786",SPRF-MS,DEL07-MS,UOP01-DEL07-MS
408316,2022-01-13,quinta-feira,01:40:00,MG,381.0,"419,5",CAETE,Condutor Dormindo,Colisão traseira,Com Vítimas Feridas,Plena Noite,Crescente,Céu Claro,Dupla,Reta,Não,3.0,0.0,1.0,0.0,2.0,0.0,1.0,2.0,"-19,75645039","-43,63136101",SPRF-MG,DEL01-MG,UOP01-DEL01-MG
408317,2022-01-13,quinta-feira,00:40:00,ES,447.0,"12,7",VILA VELHA,Condutor Dormindo,Colisão com objeto,Com Vítimas Feridas,Plena Noite,Crescente,Céu Claro,Dupla,Reta,Sim,2.0,0.0,1.0,0.0,0.0,1.0,1.0,2.0,"-20,35784325","-40,3328294",SPRF-ES,DEL01-ES,UOP01-DEL01-ES
408319,2022-01-13,quinta-feira,02:40:00,PB,230.0,"136,9",CAMPINA GRANDE,Problema com o freio,Tombamento,Sem Vítimas,Plena Noite,Decrescente,Nublado,Dupla,Declive;Curva,Não,2.0,0.0,0.0,0.0,1.0,1.0,0.0,2.0,"-7,2766","-35,7739",SPRF-PB,DEL02-PB,UOP01-DEL02-PB
408320,2022-01-13,quinta-feira,01:00:00,BA,116.0,331,ARACI,Condutor deixou de manter distância do veículo da frente,Colisão traseira,Com Vítimas Feridas,Plena Noite,Crescente,Céu Claro,Simples,Aclive,Não,1.0,0.0,1.0,0.0,0.0,0.0,1.0,1.0,"-11,37406601","-38,96457692",SPRF-BA,DEL02-BA,UOP01-DEL02-BA
408322,2022-01-13,quinta-feira,03:20:00,MT,364.0,201,RONDONOPOLIS,Condutor deixou de manter distância do veículo da frente,Colisão traseira,Com Vítimas Feridas,Plena Noite,Crescente,Céu Claro,Dupla,Reta,Sim,3.0,0.0,0.0,1.0,1.0,2.0,1.0,4.0,"-16,491405","-54,646378",SPRF-MT,DEL02-MT,UOP01-DEL02-MT
408324,2022-01-12,quarta-feira,22:00:00,RS,116.0,"351,3",TAPES,Velocidade Incompatível,Colisão com objeto,Sem Vítimas,Plena Noite,Decrescente,Céu Claro,Dupla,Desvio Temporário;Em Obras,Não,2.0,0.0,0.0,0.0,0.0,2.0,0.0,2.0,"-30,54888119","-51,51331864",SPRF-RS,DEL02-RS,UOP02-DEL02-RS
408329,2022-01-13,quinta-feira,06:00:00,PR,376.0,651,TIJUCAS DO SUL,Demais falhas mecânicas ou elétricas,Incêndio,Sem Vítimas,Pleno dia,Decrescente,Nublado,Dupla,Declive,Não,2.0,0.0,0.0,0.0,1.0,1.0,0.0,2.0,"-25,845243","-49,078578",SPRF-PR,DEL01-PR,UOP04-DEL01-PR
408331,2022-01-13,quinta-feira,06:00:00,SP,116.0,"365,5",MIRACATU,Velocidade Incompatível,Tombamento,Com Vítimas Feridas,Pleno dia,Decrescente,Céu Claro,Dupla,Curva,Não,3.0,0.0,2.0,0.0,0.0,1.0,2.0,2.0,"-24,14533813","-47,27537401",SPRF-SP,DEL04-SP,UOP02-DEL04-SP
408335,2022-01-13,quinta-feira,04:40:00,PB,230.0,"471,6",SOUSA,Chuva,Engavetamento,Sem Vítimas,Pleno dia,Decrescente,Chuva,Simples,Reta,Não,5.0,0.0,0.0,0.0,3.0,3.0,0.0,5.0,"-6,7943","-38,2918",SPRF-PB,DEL03-PB,UOP03-DEL03-PB
408336,2022-01-13,quinta-feira,06:40:00,RS,101.0,"59,4",MAQUINE,Restrição de visibilidade em curvas horizontais,Atropelamento de Pedestre,Com Vítimas Feridas,Pleno dia,Crescente,Céu Claro,Dupla,Curva,Não,3.0,0.0,0.0,1.0,1.0,1.0,1.0,3.0,"-29,67181595","-50,13928208",SPRF-RS,DEL03-RS,UOP02-DEL03-RS
408338,2022-01-13,quinta-feira,05:50:00,RJ,101.0,"60,8",CAMPOS DOS GOYTACAZES,Reação tardia ou ineficiente do condutor,Colisão traseira,Sem Vítimas,Pleno dia,Crescente,Céu Claro,Simples,Reta,Sim,3.0,0.0,0.0,0.0,1.0,2.0,0.0,3.0,"-21,724507","-41,319799",SPRF-RJ,DEL08-RJ,UOP01-DEL08-RJ
408340,2022-01-13,quinta-feira,05:45:00,MS,163.0,104,ITAQUIRAI,Velocidade Incompatível,Tombamento,Com Vítimas Feridas,Amanhecer,Decrescente,Nublado,Dupla,Rotatória,Não,2.0,0.0,1.0,0.0,0.0,2.0,1.0,3.0,"-23,24733975","-54,22583342",SPRF-MS,DEL09-MS,UOP01-DEL09-MS
408345,2022-01-13,quinta-feira,05:10:00,PR,476.0,"282,2",SAO MATEUS DO SUL,Ultrapassagem Indevida,Colisão lateral mesmo sentido,Com Vítimas Feridas,Amanhecer,Decrescente,Nublado,Simples,Reta,Não,10.0,0.0,5.0,4.0,1.0,0.0,9.0,4.0,"-25,883417","-50,430523",SPRF-PR,DEL02-PR,UOP04-DEL02-PR
408349,2022-01-13,quinta-feira,08:15:00,PR,277.0,305,PRUDENTOPOLIS,Problema com o freio,Engavetamento,Com Vítimas Feridas,Pleno dia,Decrescente,Nublado,Simples,Curva,Não,8.0,0.0,2.0,0.0,5.0,1.0,2.0,6.0,"-25,29514096","-51,13661302",SPRF-PR,DEL08-PR,UOP01-DEL08-PR
408350,2022-01-12,quarta-feira,16:35:00,RJ,356.0,63,ITAPERUNA,Velocidade Incompatível,Tombamento,Sem Vítimas,Pleno dia,Decrescente,Céu Claro,Simples,Curva,Não,2.0,0.0,0.0,0.0,1.0,3.0,0.0,4.0,"-21,33357499","-41,71117816",SPRF-RJ,DEL08-RJ,UOP03-DEL08-RJ
408351,2022-01-13,quinta-feira,06:15:00,PR,163.0,302,MERCEDES,Reação tardia ou ineficiente do condutor,Saída de leito carroçável,Com Vítimas Feridas,Pleno dia,Crescente,Céu Claro,Simples,Curva,Não,3.0,0.0,1.0,0.0,0.0,2.0,1.0,3.0,"-24,47992313","-54,12732124",SPRF-PR,DEL06-PR,UOP02-DEL06-PR
408352,2022-01-13,quinta-feira,07:17:00,SC,101.0,6,GARUVA,Ingestão de álcool pelo condutor,Colisão com objeto,Sem Vítimas,Pleno dia,Crescente,Céu Claro,Dupla,Reta,Não,2.0,0.0,0.0,0.0,1.0,1.0,0.0,2.0,"-26,02692002","-48,86142017",SPRF-SC,DEL03-SC,UOP01-DEL03-SC
408354,2022-01-13,quinta-feira,09:00:00,RS,285.0,"552,9",SAO LUIZ GONZAGA,Condutor deixou de manter distância do veículo da frente,Engavetamento,Com Vítimas Feridas,Pleno dia,Crescente,Sol,Simples,Reta,Não,4.0,0.0,1.0,0.0,3.0,0.0,1.0,4.0,"-28,416986","-54,795171",SPRF-RS,DEL10-RS,UOP01-DEL10-RS
408362,2022-01-13,quinta-feira,09:45:00,BA,407.0,13,JUAZEIRO,Ultrapassagem Indevida,Saída de leito carroçável,Sem Vítimas,Pleno dia,Decrescente,Sol,Dupla,Reta,Não,4.0,0.0,0.0,0.0,4.0,0.0,0.0,2.0,"-9,50494822","-40,46030045",SPRF-BA,DEL04-BA,UOP01-DEL04-BA
408364,2022-01-13,quinta-feira,09:00:00,MT,364.0,394,CUIABA,Reação tardia ou ineficiente do condutor,Colisão traseira,Com Vítimas Feridas,Pleno dia,Decrescente,Céu Claro,Dupla,Retorno Regulamentado,Não,2.0,0.0,1.0,0.0,1.0,0.0,1.0,2.0,"-15,700119","-55,890619",SPRF-MT,DEL01-MT,UOP02-DEL01-MT
408366,2022-01-13,quinta-feira,09:20:00,SC,101.0,"115,8",ITAJAI,Acessar a via sem observar a presença dos outros veículos,Colisão transversal,Sem Vítimas,Pleno dia,Decrescente,Sol,Múltipla,Reta,Não,3.0,0.0,0.0,0.0,2.0,1.0,0.0,3.0,"-26,87064015","-48,72954134",SPRF-SC,DEL04-SC,UOP04-DEL04-SC
408367,2022-01-13,quinta-feira,08:15:00,MG,50.0,169,UBERABA,Condutor deixou de manter distância do veículo da frente,Colisão lateral mesmo sentido,Com Vítimas Feridas,Pleno dia,Crescente,Céu Claro,Dupla,Reta,Sim,5.0,0.0,1.0,0.0,3.0,3.0,1.0,6.0,"-19,72771598","-47,98120608",SPRF-MG,DEL13-MG,UOP01-DEL13-MG
408380,2022-01-13,quinta-feira,12:20:00,PI,343.0,18,PARNAIBA,Ingestão de álcool ou de substâncias psicoativas pelo pedestre,Atropelamento de Pedestre,Com Vítimas Feridas,Pleno dia,Decrescente,Céu Claro,Simples,Reta,Sim,3.0,0.0,0.0,1.0,1.0,1.0,1.0,3.0,"-2,96699551","-41,7600221",SPRF-PI,DEL05-PI,UOP01-DEL05-PI
408383,2022-01-13,quinta-feira,11:10:00,BA,101.0,"800,1",ITAMARAJU,Manobra de mudança de faixa,Colisão lateral mesmo sentido,Com Vítimas Fatais,Pleno dia,Crescente,Céu Claro,Simples,Reta,Sim,3.0,1.0,0.0,0.0,1.0,1.0,0.0,3.0,"-17,14135504","-39,56892786",SPRF-BA,DEL09-BA,UOP01-DEL09-BA
408394,2022-01-13,quinta-feira,12:50:00,MA,222.0,"674,5",ACAILANDIA,Transitar no acostamento,Tombamento,Com Vítimas Feridas,Pleno dia,Crescente,Nublado,Simples,Curva,Sim,4.0,0.0,2.0,0.0,1.0,3.0,2.0,5.0,"-4,93412557","-47,45359225",SPRF-MA,DEL04-MA,UOP03-DEL04-MA
408400,2022-01-13,quinta-feira,12:45:00,MT,70.0,512,VARZEA GRANDE,Ausência de reação do condutor,Colisão traseira,Sem Vítimas,Pleno dia,Decrescente,Sol,Simples,Ponte,Não,4.0,0.0,0.0,0.0,3.0,4.0,0.0,7.0,"-15,701439","-56,116245",SPRF-MT,DEL01-MT,UOP02-DEL01-MT
408402,2022-01-13,quinta-feira,15:05:00,SP,116.0,37,CACHOEIRA PAULISTA,Chuva,Colisão traseira,Com Vítimas Feridas,Pleno dia,Crescente,Chuva,Dupla,Reta,Sim,3.0,0.0,2.0,0.0,1.0,0.0,2.0,2.0,"-22,66497021","-44,98430985",SPRF-SP,DEL08-SP,UOP02-DEL08-SP
408413,2022-01-13,quinta-feira,16:15:00,BA,367.0,"59,8",PORTO SEGURO,Manobra de mudança de faixa,Colisão frontal,Com Vítimas Feridas,Pleno dia,Crescente,Céu Claro,Simples,Curva,Não,2.0,0.0,0.0,1.0,1.0,0.0,1.0,2.0,"-16,386475","-39,374206",SPRF-BA,DEL09-BA,UOP01-DEL09-BA
408416,2022-01-13,quinta-feira,15:50:00,SC,282.0,179,BOCAINA DO SUL,Ultrapassagem Indevida,Colisão lateral mesmo sentido,Com Vítimas Fatais,Pleno dia,Decrescente,Sol,Simples,Curva,Não,5.0,1.0,1.0,1.0,1.0,1.0,2.0,3.0,"-27,73996651","-49,93217468",SPRF-SC,DEL05-SC,UOP01-DEL05-SC
408417,2022-01-13,quinta-feira,16:00:00,MT,364.0,349,SANTO ANTONIO DO LEVERGER,Problema com o freio,Saída de leito carroçável,Com Vítimas Fatais,Pleno dia,Decrescente,Céu Claro,Dupla,Curva,Não,2.0,1.0,0.0,0.0,0.0,1.0,0.0,2.0,"-15,80502622","-55,5546431",SPRF-MT,DEL05-MT,UOP02-DEL05-MT
408438,2022-01-13,quinta-feira,17:20:00,BA,116.0,829,VITORIA DA CONQUISTA,Ausência de reação do condutor,Engavetamento,Com Vítimas Feridas,Anoitecer,Decrescente,Sol,Simples,Aclive;Reta,Não,6.0,0.0,1.0,2.0,2.0,1.0,3.0,4.0,"-14,901448","-40,868971",SPRF-BA,DEL08-BA,UOP01-DEL08-BA
408446,2022-01-13,quinta-feira,17:45:00,GO,153.0,"493,9",GOIANIA,Demais falhas mecânicas ou elétricas,Incêndio,Sem Vítimas,Pleno dia,Decrescente,Sol,Dupla,Reta;Declive;Ponte,Sim,2.0,0.0,0.0,0.0,1.0,1.0,0.0,2.0,"-16,65301587","-49,21661",SPRF-GO,DEL01-GO,UOP01-DEL01-GO
408453,2022-01-13,quinta-feira,15:10:00,MT,70.0,688,CACERES,Desrespeitar a preferência no cruzamento,Colisão frontal,Com Vítimas Feridas,Pleno dia,Crescente,Nublado,Simples,Reta,Não,2.0,0.0,1.0,0.0,1.0,0.0,1.0,2.0,"-16,17083998","-57,35640202",SPRF-MT,DEL03-MT,UOP01-DEL03-MT
408462,2022-01-13,quinta-feira,18:10:00,RO,364.0,528,ARIQUEMES,Ingestão de álcool pelo condutor,Colisão lateral mesmo sentido,Sem Vítimas,Pleno dia,Crescente,Céu Claro,Simples,Curva,Não,2.0,0.0,0.0,0.0,2.0,0.0,0.0,2.0,"-9,81112783","-63,07481273",SPRF-RO,DEL03-RO,UOP01-DEL03-RO
408469,2022-01-13,quinta-feira,21:15:00,RS,158.0,"309,9",ITAARA,Transitar na contramão,Colisão frontal,Com Vítimas Fatais,Plena Noite,Crescente,Céu Claro,Simples,Aclive;Reta,Sim,4.0,1.0,0.0,0.0,2.0,1.0,0.0,3.0,"-29,60389692","-53,76635275",SPRF-RS,DEL09-RS,UOP01-DEL09-RS
408473,2022-01-13,quinta-feira,17:00:00,MG,262.0,539,LUZ,Velocidade Incompatível,Saída de leito carroçável,Com Vítimas Feridas,Pleno dia,Decrescente,Céu Claro,Simples,Curva,Não,2.0,0.0,1.0,0.0,0.0,1.0,1.0,2.0,"-19,76268587","-45,79506296",SPRF-MG,DEL08-MG,UOP02-DEL08-MG
408485,2022-01-13,quinta-feira,19:00:00,MT,163.0,882,SINOP,Ausência de reação do condutor,Colisão traseira,Com Vítimas Feridas,Plena Noite,Decrescente,Nublado,Simples,Reta,Não,2.0,0.0,2.0,0.0,0.0,0.0,2.0,2.0,"-11,5792618","-55,41639734",SPRF-MT,DEL06-MT,NPF/DEL06-MT