id,data_inversa,dia_semana,horario,uf,br,km,municipio,causa_acidente,tipo_acidente,classificacao_acidente,fase_dia,sentido_via,condicao_metereologica,tipo_pista,tracado_via,uso_solo,pessoas,mortos,feridos_leves,feridos_graves,ilesos,ignorados,feridos,veiculos,latitude,longitude,regional,delegacia,uop
408490,2022-01-14,sexta-feira,02:30:00,ES,101.0,110,SOORETAMA,Condutor Dormindo,Saída de leito carroçável,Com Vítimas Feridas,Plena Noite,Crescente,Céu Claro,Simples,Reta,Não,1.0,0.0,1.0,0.0,0.0,0.0,1.0,1.0,"-19,06215201","-40,03484798",SPRF-ES,DEL04-ES,UOP01-DEL04-ES
408492,2022-01-14,sexta-feira,03:30:00,MG,262.0,"131,5",RIO CASCA,Animais na Pista,Atropelamento de Animal,Com Vítimas Feridas,Plena Noite,Crescente,Céu Claro,Simples,Reta,Não,2.0,0.0,1.0,0.0,1.0,0.0,1.0,2.0,"-20,14649102","-42,69628633",SPRF-MG,DEL03-MG,UOP03-DEL03-MG
408493,2022-01-14,sexta-feira,03:50:00,SP,116.0,461,PARIQUERA-ACU,Reação tardia ou ineficiente do condutor,Colisão traseira,Com Vítimas Feridas,Plena Noite,Decrescente,Céu Claro,Dupla,Reta,Não,4.0,0.0,0.0,1.0,1.0,2.0,1.0,4.0,"-24,61672184","-47,88933615",SPRF-SP,DEL05-SP,UOP01-DEL05-SP
408495,2022-01-13,quinta-feira,20:45:00,PR,373.0,"432,7",CHOPINZINHO,Carga excessiva e/ou mal acondicionada,Tombamento,Sem Vítimas,Plena Noite,Crescente,Céu Claro,Simples,Curva,Não,2.0,0.0,0.0,0.0,1.0,1.0,0.0,2.0,"-25,76587381","-52,25564696",SPRF-PR,DEL02-PR,UOP01-DEL02-PR
408496,2022-01-14,sexta-feira,05:00:00,PE,101.0,82,JABOATAO DOS GUARARAPES,Objeto estático sobre o leito carroçável,Colisão com objeto,Sem Vítimas,Amanhecer,Crescente,Nublado,Múltipla,Reta,Sim,1.0,0.0,0.0,0.0,1.0,0.0,0.0,1.0,"-8,168383","-34,9376",SPRF-PE,DEL01-PE,UOP01-DEL01-PE
408497,2022-01-14,sexta-feira,04:10:00,PR,277.0,101,CURITIBA,Manobra de mudança de faixa,Saída de leito carroçável,Com Vítimas Fatais,Amanhecer,Decrescente,Céu Claro,Dupla,Curva,Não,3.0,1.0,1.0,0.0,0.0,1.0,1.0,2.0,"-25,52228492","-49,3331539",SPRF-PR,DEL01-PR,UOP01-DEL01-PR
408499,2022-01-14,sexta-feira,05:00:00,PR,116.0,18,CAMPINA GRANDE DO SUL,Velocidade Incompatível,Colisão com objeto,Sem Vítimas,Amanhecer,Decrescente,Nublado,Dupla,Declive;Ponte;Curva,Não,2.0,0.0,0.0,0.0,1.0,2.0,0.0,3.0,"-25,103973","-48,710786",SPRF-PR,DEL01-PR,UOP02-DEL01-PR
408504,2022-01-13,quinta-feira,16:50:00,MG,262.0,863,CAMPO FLORIDO,Ausência de reação do condutor,Engavetamento,Sem Vítimas,Pleno dia,Crescente,Ignorado,Dupla,Reta,Não,14.0,0.0,0.0,0.0,14.0,0.0,0.0,4.0,"-19,789562","-48,419999",SPRF-MG,DEL13-MG,UOP01-DEL13-MG
408508,2022-01-14,sexta-feira,06:40:00,PE,101.0,33,IGARASSU,Condutor deixou de manter distância do veículo da frente,Colisão lateral mesmo sentido,Sem Vítimas,Pleno dia,Crescente,Céu Claro,Simples,Reta,Não,4.0,0.0,0.0,0.0,2.0,3.0,0.0,5.0,"-7,761909","-34,935654",SPRF-PE,DEL01-PE,UOP02-DEL01-PE
408517,2022-01-14,sexta-feira,05:00:00,MG,381.0,"539,5",ITATIAIUCU,Velocidade Incompatível,Colisão traseira,Com Vítimas Feridas,Amanhecer,Decrescente,Nevoeiro/Neblina,Dupla,Aclive;Curva,Não,3.0,0.0,1.0,0.0,1.0,2.0,1.0,4.0,"-20,22584553","-44,39510082",SPRF-MG,DEL04-MG,UOP03-DEL04-MG
408526,2022-01-14,sexta-feira,08:35:00,ES,101.0,"264,3",SERRA,Reação tardia ou ineficiente do condutor,Colisão lateral mesmo sentido,Com Vítimas Feridas,Pleno dia,Decrescente,Sol,Múltipla,Curva,Sim,3.0,0.0,0.0,1.0,1.0,1.0,1.0,3.0,"-20,17292791","-40,26736384",SPRF-ES,DEL02-ES,UOP01-DEL02-ES
408529,2022-01-14,sexta-feira,05:00:00,RS,285.0,83,BOM JESUS,Reação tardia ou ineficiente do condutor,Colisão com objeto,Sem Vítimas,Amanhecer,Decrescente,Céu Claro,Simples,Curva,Não,2.0,0.0,0.0,0.0,1.0,2.0,0.0,3.0,"-28,647211","-50,632477",SPRF-RS,DEL05-RS,UOP03-DEL05-RS
408531,2022-01-14,sexta-feira,08:30:00,SP,116.0,"216,8",GUARULHOS,Trafegar com motocicleta (ou similar) entre as faixas,Colisão lateral mesmo sentido,Com Vítimas Feridas,Pleno dia,Crescente,Céu Claro,Múltipla,Aclive;Curva,Sim,4.0,0.0,1.0,0.0,3.0,0.0,1.0,3.0,"-23,4540144","-46,47308219",SPRF-SP,DEL01-SP,UOP01-DEL01-SP
408541,2022-01-14,sexta-feira,09:00:00,RJ,40.0,"40,2",TRES RIOS,Condutor deixou de manter distância do veículo da frente,Colisão traseira,Com Vítimas Feridas,Pleno dia,Crescente,Céu Claro,Dupla,Reta,Não,2.0,0.0,1.0,0.0,1.0,0.0,1.0,2.0,"-22,23901593","-43,10807783",SPRF-RJ,DEL05-RJ,UOP02-DEL05-RJ
408545,2022-01-14,sexta-feira,09:20:00,SP,381.0,0,VARGEM,Ausência de reação do condutor,Engavetamento,Sem Vítimas,Pleno dia,Crescente,Chuva,Dupla,Reta;Aclive,Não,6.0,0.0,0.0,0.0,4.0,4.0,0.0,8.0,"-22,878674","-46,372143",SPRF-SP,DEL03-SP,UOP01-DEL03-SP
408546,2022-01-14,sexta-feira,08:33:00,SC,470.0,39,GASPAR,Ultrapassagem Indevida,Colisão com objeto,Com Vítimas Feridas,Pleno dia,Decrescente,Nublado,Dupla,Reta;Em Obras,Não,2.0,0.0,0.0,1.0,1.0,0.0,1.0,2.0,"-26,894512","-48,987876",SPRF-SC,DEL04-SC,UOP01-DEL04-SC
408547,2022-01-14,sexta-feira,10:25:00,RS,116.0,302,GUAIBA,Condutor deixou de manter distância do veículo da frente,Colisão traseira,Com Vítimas Feridas,Pleno dia,Crescente,Céu Claro,Dupla,Reta,Sim,4.0,0.0,1.0,0.0,2.0,1.0,1.0,3.0,"-30,13970487","-51,35942618",SPRF-RS,DEL02-RS,UOP01-DEL02-RS
408550,2022-01-14,sexta-feira,10:45:00,SP,381.0,64,MAIRIPORA,Reação tardia ou ineficiente do condutor,Engavetamento,Sem Vítimas,Pleno dia,Crescente,Céu Claro,Múltipla,Declive,Não,7.0,0.0,0.0,0.0,6.0,1.0,0.0,7.0,"-23,3089645","-46,57924651",SPRF-SP,DEL03-SP,UOP01-DEL03-SP
408554,2022-01-14,sexta-feira,08:00:00,BA,242.0,659,MUQUEM DE SAO FRANCISCO,Avarias e/ou desgaste excessivo no pneu,Capotamento,Com Vítimas Fatais,Pleno dia,Decrescente,Céu Claro,Simples,Curva,Não,1.0,1.0,0.0,0.0,0.0,0.0,0.0,1.0,"-12,20420234","-43,63579204",SPRF-BA,DEL10-BA,UOP02-DEL10-BA
408564,2022-01-14,sexta-feira,12:00:00,RR,174.0,504,BOA VISTA,Condutor deixou de manter distância do veículo da frente,Colisão traseira,Com Vítimas Feridas,Pleno dia,Crescente,Céu Claro,Dupla,Interseção de Vias,Sim,5.0,0.0,1.0,0.0,3.0,1.0,1.0,3.0,"2,801374","-60,694801",SPRF-RR,DEL01-RR,UOP01-DEL01-RR
408572,2022-01-14,sexta-feira,07:45:00,MT,70.0,43,BARRA DO GARCAS,Declive acentuado,Tombamento,Sem Vítimas,Pleno dia,Decrescente,Céu Claro,Simples,Reta,Não,1.0,0.0,0.0,0.0,1.0,0.0,0.0,1.0,"-15,76276891","-52,58432491",SPRF-MT,DEL07-MT,UOP01-DEL07-MT
408576,2022-01-14,sexta-feira,14:00:00,SP,381.0,57,MAIRIPORA,Condutor deixou de manter distância do veículo da frente,Colisão traseira,Com Vítimas Feridas,Pleno dia,Crescente,Chuva,Dupla,Reta,Não,2.0,0.0,1.0,0.0,1.0,0.0,1.0,2.0,"-23,2658219","-46,5839857",SPRF-SP,DEL03-SP,UOP01-DEL03-SP
408584,2022-01-14,sexta-feira,14:25:00,MT,364.0,309,JACIARA,Ausência de reação do condutor,Colisão traseira,Com Vítimas Fatais,Pleno dia,Crescente,Céu Claro,Dupla,Reta,Não,5.0,2.0,1.0,0.0,1.0,3.0,1.0,5.0,"-15,81682288","-55,22982198",SPRF-MT,DEL05-MT,UOP02-DEL05-MT
408585,2022-01-14,sexta-feira,14:40:00,RS,386.0,439,NOVA SANTA RITA,Condutor deixou de manter distância do veículo da frente,Colisão traseira,Com Vítimas Feridas,Pleno dia,Crescente,Céu Claro,Dupla,Reta,Sim,4.0,0.0,1.0,0.0,2.0,1.0,1.0,4.0,"-29,87417551","-51,24634093",SPRF-RS,DEL04-RS,UOP02-DEL04-RS
408588,2022-01-14,sexta-feira,15:50:00,MG,116.0,523,CARATINGA,Problema com o freio,Colisão traseira,Com Vítimas Feridas,Pleno dia,Crescente,Céu Claro,Simples,Reta,Não,4.0,0.0,1.0,0.0,3.0,0.0,1.0,2.0,"-19,75187896","-42,1326603",SPRF-MG,DEL06-MG,UOP02-DEL06-MG
408593,2022-01-14,sexta-feira,15:00:00,SP,116.0,444,REGISTRO,Acessar a via sem observar a presença dos outros veículos,Colisão transversal,Com Vítimas Feridas,Pleno dia,Decrescente,Céu Claro,Dupla,Reta,Sim,3.0,0.0,1.0,0.0,1.0,1.0,1.0,3.0,"-24,49129421","-47,83614553",SPRF-SP,DEL05-SP,UOP01-DEL05-SP
408597,2022-01-14,sexta-feira,15:00:00,MT,163.0,837,SINOP,Ingestão de álcool ou de substâncias psicoativas pelo pedestre,Atropelamento de Pedestre,Com Vítimas Feridas,Pleno dia,Decrescente,Nublado,Simples,Reta,Sim,3.0,0.0,0.0,1.0,1.0,1.0,1.0,3.0,"-11,968963","-55,51695578",SPRF-MT,DEL06-MT,NPF/DEL06-MT
408598,2022-01-14,sexta-feira,13:30:00,AL,110.0,"5,6",DELMIRO GOUVEIA,Conversão proibida,Colisão frontal,Com Vítimas Fatais,Pleno dia,Crescente,Céu Claro,Simples,Interseção de Vias,Não,2.0,1.0,0.0,0.0,1.0,0.0,0.0,2.0,"-9,3416234","-38,18273219",SPRF-BA,DEL07-BA,UOP01-DEL07-BA
408599,2022-01-14,sexta-feira,15:30:00,MS,163.0,763,COXIM,Condutor Dormindo,Saída de leito carroçável,Com Vítimas Feridas,Pleno dia,Crescente,Céu Claro,Simples,Reta,Não,2.0,0.0,1.0,0.0,0.0,2.0,1.0,3.0,"-18,23181793","-54,6556115",SPRF-MS,DEL06-MS,UOP01-DEL06-MS
408604,2022-01-14,sexta-feira,12:25:00,SC,282.0,"428,5",VARGEM BONITA,Acumulo de água sobre o pavimento,Saída de leito carroçável,Com Vítimas Fatais,Pleno dia,Decrescente,Chuva,Simples,Curva,Não,2.0,1.0,0.0,1.0,0.0,0.0,1.0,1.0,"-26,975227","-51,777028",SPRF-SC,DEL07-SC,UOP05-DEL07-SC
408619,2022-01-14,sexta-feira,17:15:00,DF,251.0,"31,3",BRASILIA,Ultrapassagem Indevida,Colisão frontal,Com Vítimas Fatais,Pleno dia,Decrescente,Céu Claro,Simples,Reta,Não,2.0,1.0,0.0,0.0,1.0,0.0,0.0,2.0,"-15,942625","-47,731663",SPRF-DF,DEL01-DF,UOP01-DEL01-DF
408623,2022-01-14,sexta-feira,17:00:00,MG,381.0,448,SANTA LUZIA,Condutor Dormindo,Colisão frontal,Com Vítimas Feridas,Pleno dia,Decrescente,Céu Claro,Simples,Reta,Sim,4.0,0.0,1.0,1.0,1.0,1.0,2.0,3.0,"-19,83435173","-43,85962899",SPRF-MG,DEL01-MG,UOP01-DEL01-MG
408629,2022-01-14,sexta-feira,17:50:00,BA,110.0,12,PAULO AFONSO,Reação tardia ou ineficiente do condutor,Colisão lateral mesmo sentido,Com Vítimas Feridas,Anoitecer,Crescente,Céu Claro,Simples,Reta,Não,4.0,0.0,1.0,0.0,2.0,1.0,1.0,3.0,"-9,55893701","-38,22209387",SPRF-BA,DEL07-BA,UOP01-DEL07-BA
408640,2022-01-14,sexta-feira,19:00:00,MG,40.0,462,SETE LAGOAS,Carga excessiva e/ou mal acondicionada,Tombamento,Sem Vítimas,Plena Noite,Decrescente,Céu Claro,Dupla,Curva,Não,1.0,0.0,0.0,0.0,0.0,1.0,0.0,1.0,"-19,4136917","-44,33879427",SPRF-MG,DEL02-MG,UOP01-DEL02-MG
408647,2022-01-14,sexta-feira,17:20:00,MT,364.0,273,JACIARA,Acesso irregular,Colisão lateral mesmo sentido,Sem Vítimas,Pleno dia,Decrescente,Chuva,Dupla,Retorno Regulamentado,Sim,3.0,0.0,0.0,0.0,2.0,1.0,0.0,3.0,"-15,96077957","-54,96772983",SPRF-MT,DEL02-MT,UOP01-DEL02-MT
408651,2022-01-14,sexta-feira,12:50:00,MT,163.0,"577,7",NOVA MUTUM,Ausência de reação do condutor,Saída de leito carroçável,Com Vítimas Feridas,Pleno dia,Decrescente,Céu Claro,Simples,Reta,Não,2.0,0.0,1.0,0.0,0.0,1.0,1.0,2.0,"-14,10740899","-56,11859938",SPRF-MT,DEL01-MT,UOP01-DEL01-MT
408658,2022-01-14,sexta-feira,19:15:00,SC,470.0,"134,4",RIO DO SUL,Desrespeitar a preferência no cruzamento,Colisão transversal,Com Vítimas Fatais,Anoitecer,Decrescente,Chuva,Simples,Retorno Regulamentado;Em Obras,Não,6.0,1.0,1.0,2.0,1.0,1.0,3.0,3.0,"-27,17835891","-49,59478498",SPRF-SC,DEL04-SC,UOP02-DEL04-SC
408659,2022-01-14,sexta-feira,19:50:00,ES,101.0,325,GUARAPARI,Reação tardia ou ineficiente do condutor,Colisão traseira,Sem Vítimas,Plena Noite,Crescente,Céu Claro,Dupla,Reta,Não,4.0,0.0,0.0,0.0,3.0,1.0,0.0,4.0,"-20,55491301","-40,48064614",SPRF-ES,DEL03-ES,UOP01-DEL03-ES
408663,2022-01-14,sexta-feira,20:30:00,BA,0.0,0,BARREIRAS,Entrada inopinada do pedestre,Atropelamento de Pedestre,Com Vítimas Fatais,Plena Noite,Não Informado,Céu Claro,Simples,Reta,Não,3.0,1.0,0.0,0.0,1.0,2.0,0.0,4.0,"-12,1376959","-44,921313",SPRF-BA,DEL10-BA,UOP01-DEL10-BA
408668,2022-01-14,sexta-feira,17:45:00,PR,277.0,173,PALMEIRA,Velocidade Incompatível,Saída de leito carroçável,Com Vítimas Feridas,Pleno dia,Crescente,Chuva,Simples,Curva,Não,2.0,0.0,1.0,0.0,0.0,1.0,1.0,2.0,"-25,43","-50,037",SPRF-PR,DEL03-PR,UOP03-DEL03-PR
408672,2022-01-14,sexta-feira,19:40:00,MG,116.0,"657,5",SAO FRANCISCO DO GLORIA,Mal súbito do condutor,Colisão lateral sentido oposto,Com Vítimas Feridas,Plena Noite,Crescente,Céu Claro,Simples,Aclive;Curva,Não,2.0,0.0,1.0,0.0,1.0,0.0,1.0,2.0,"-20,75357971","-42,29813945",SPRF-MG,DEL07-MG,UOP03-DEL07-MG
408673,2022-01-14,sexta-feira,13:50:00,PR,376.0,458,TIBAGI,Velocidade Incompatível,Tombamento,Com Vítimas Feridas,Pleno dia,Crescente,Céu Claro,Dupla,Curva,Não,3.0,0.0,1.0,0.0,1.0,2.0,1.0,3.0,"-24,9921312","-50,36419141",SPRF-PR,DEL03-PR,UOP01-DEL03-PR
408676,2022-01-14,sexta-feira,22:40:00,ES,259.0,54,COLATINA,Condutor deixou de manter distância do veículo da frente,Colisão traseira,Com Vítimas Feridas,Plena Noite,Decrescente,Céu Claro,Dupla,Reta;Aclive,Não,3.0,0.0,1.0,0.0,1.0,1.0,1.0,3.0,"-19,49717055","-40,63711495",SPRF-ES,DEL02-ES,UOP01-DEL02-ES
408678,2022-01-14,sexta-feira,22:10:00,ES,262.0,151,IBATIBA,Velocidade Incompatível,Tombamento,Com Vítimas Feridas,Plena Noite,Crescente,Céu Claro,Simples,Curva;Declive,Não,1.0,0.0,1.0,0.0,0.0,0.0,1.0,1.0,"-20,2148829","-41,44925529",SPRF-ES,DEL01-ES,UOP02-DEL01-ES
408680,2022-01-14,sexta-feira,22:20:00,ES,101.0,123,SOORETAMA,Transitar no acostamento,Colisão traseira,Com Vítimas Fatais,Plena Noite,Decrescente,Céu Claro,Simples,Reta,Não,3.0,1.0,0.0,0.0,1.0,3.0,0.0,5.0,"-19,16834502","-40,08717096",SPRF-ES,DEL04-ES,UOP01-DEL04-ES
408681,2022-01-14,sexta-feira,19:00:00,MA,10.0,"307,1",ACAILANDIA,Pedestre andava na pista,Atropelamento de Pedestre,Com Vítimas Fatais,Plena Noite,Crescente,Garoa/Chuvisco,Simples,Reta,Não,3.0,1.0,0.0,0.0,0.0,2.0,0.0,2.0,"-5,052458","-47,554607",SPRF-MA,DEL04-MA,UOP03-DEL04-MA
408684,2022-01-14,sexta-feira,23:00:00,ES,101.0,148,LINHARES,Entrada inopinada do pedestre,Atropelamento de Pedestre,Com Vítimas Fatais,Plena Noite,Decrescente,Céu Claro,Simples,Reta,Sim,2.0,1.0,0.0,0.0,1.0,0.0,0.0,2.0,"-19,38787399","-40,06752766",SPRF-ES,DEL04-ES,UOP01-DEL04-ES
408689,2022-01-14,sexta-feira,20:20:00,PE,408.0,"26,5",TIMBAUBA,Ausência de reação do condutor,Colisão traseira,Com Vítimas Fatais,Plena Noite,Crescente,Céu Claro,Simples,Reta,Não,2.0,1.0,0.0,0.0,0.0,1.0,0.0,2.0,"-7,548208","-35,262604",SPRF-PE,DEL01-PE,UOP02-DEL01-PE
408690,2022-01-14,sexta-feira,22:00:00,MT,364.0,456,VARZEA GRANDE,Ultrapassagem Indevida,Colisão lateral mesmo sentido,Sem Vítimas,Plena Noite,Decrescente,Céu Claro,Simples,Reta,Não,4.0,0.0,0.0,0.0,3.0,2.0,0.0,4.0,"-15,55949493","-56,2645739",SPRF-MT,DEL01-MT,UOP02-DEL01-MT
408705,2022-01-15,sábado,01:38:00,BA,324.0,623,SALVADOR,Condutor Dormindo,Colisão com objeto,Com Vítimas Fatais,Plena Noite,Decrescente,Nublado,Dupla,Reta,Sim,5.0,1.0,1.0,1.0,0.0,2.0,2.0,3.0,"-12,92628699","-38,46838679",SPRF-BA,DEL01-BA,UOP01-DEL01-BA
408710,2022-01-15,sábado,02:10:00,PR,277.0,58,SAO JOSE DOS PINHAIS,Condutor Dormindo,Colisão traseira,Sem Vítimas,Plena Noite,Crescente,Ignorado,Dupla,Reta,Não,3.0,0.0,0.0,0.0,2.0,2.0,0.0,4.0,"-25,57738662","-48,97169992",SPRF-PR,DEL01-PR,UOP05-DEL01-PR
408712,2022-01-15,sábado,03:30:00,ES,101.0,372,ICONHA,Velocidade Incompatível,Capotamento,Com Vítimas Feridas,Plena Noite,Crescente,Céu Claro,Simples,Reta,Não,1.0,0.0,1.0,0.0,0.0,0.0,1.0,1.0,"-20,77215419","-40,77695658",SPRF-ES,DEL03-ES,UOP01-DEL03-ES
408726,2022-01-15,sábado,05:10:00,PR,376.0,"71,8",GUAIRACA,Condutor Dormindo,Colisão lateral sentido oposto,Com Vítimas Feridas,Amanhecer,Crescente,Céu Claro,Simples,Declive;Reta,Não,3.0,0.0,1.0,0.0,1.0,1.0,1.0,3.0,"-22,93977297","-52,73038499",SPRF-PR,DEL09-PR,UOP02-DEL09-PR
408728,2022-01-15,sábado,05:00:00,MG,40.0,515,RIBEIRAO DAS NEVES,Ingestão de álcool e/ou substâncias psicoativas pelo pedestre,Atropelamento de Pedestre,Com Vítimas Feridas,Plena Noite,Decrescente,Céu Claro,Dupla,Reta,Não,2.0,0.0,0.0,1.0,0.0,1.0,1.0,2.0,"-19,81087034","-44,09384251",SPRF-MG,DEL01-MG,UOP02-DEL01-MG
408730,2022-01-15,sábado,04:35:00,SC,101.0,"129,8",BALNEARIO CAMBORIU,Ingestão de álcool pelo condutor,Colisão traseira,Sem Vítimas,Amanhecer,Decrescente,Céu Claro,Dupla,Reta,Sim,3.0,0.0,0.0,0.0,2.0,1.0,0.0,3.0,"-26,98064277","-48,6790679",SPRF-SC,DEL04-SC,UOP03-DEL04-SC
408733,2022-01-15,sábado,05:40:00,MG,381.0,"485,1",BETIM,Ingestão de álcool pelo condutor,Colisão traseira,Com Vítimas Fatais,Pleno dia,Crescente,Céu Claro,Múltipla,Reta,Sim,3.0,1.0,0.0,1.0,1.0,0.0,1.0,2.0,"-19,95592351","-44,11388397",SPRF-MG,DEL01-MG,UOP03-DEL01-MG
408737,2022-01-15,sábado,05:40:00,AP,210.0,2,MACAPA,Transitar na contramão,Colisão lateral sentido oposto,Sem Vítimas,Pleno dia,Crescente,Ignorado,Simples,Reta,Não,2.0,0.0,0.0,0.0,1.0,1.0,0.0,2.0,"0,08282017","-51,07776189",SPRF-AP,DEL01-AP,UOP01-DEL01-AP
408738,2022-01-15,sábado,06:10:00,RJ,393.0,274,BARRA DO PIRAI,Velocidade Incompatível,Tombamento,Com Vítimas Feridas,Pleno dia,Crescente,Céu Claro,Simples,Curva,Não,2.0,0.0,1.0,0.0,0.0,2.0,1.0,3.0,"-22,48328327","-43,96042792",SPRF-RJ,DEL05-RJ,UOP04-DEL05-RJ
408742,2022-01-15,sábado,02:00:00,MG,381.0,"174,7",GOVERNADOR VALADARES,Pedestre cruzava a pista fora da faixa,Atropelamento de Pedestre,Com Vítimas Fatais,Plena Noite,Crescente,Céu Claro,Simples,Reta,Não,3.0,1.0,0.0,0.0,0.0,2.0,0.0,3.0,"-18,97461256","-42,09666967",SPRF-MG,DEL06-MG,UOP01-DEL06-MG
408743,2022-01-15,sábado,06:30:00,MG,381.0,442,SABARA,Acessar a via sem observar a presença dos outros veículos,Atropelamento de Pedestre,Com Vítimas Feridas,Pleno dia,Crescente,Nublado,Simples,Reta,Não,2.0,0.0,0.0,1.0,1.0,0.0,1.0,2.0,"-19,8183901","-43,81131985",SPRF-MG,DEL01-MG,UOP01-DEL01-MG
408748,2022-01-15,sábado,04:50:00,CE,116.0,"318,6",JAGUARIBE,Reação tardia ou ineficiente do condutor,Saída de leito carroçável,Com Vítimas Feridas,Amanhecer,Decrescente,Céu Claro,Simples,Reta,Não,1.0,0.0,1.0,0.0,0.0,0.0,1.0,1.0,"-5,97295597","-38,62911178",SPRF-CE,DEL05-CE,UOP02-DEL05-CE
408757,2022-01-15,sábado,05:30:00,BA,101.0,"699,3",EUNAPOLIS,Condutor Dormindo,Colisão frontal,Com Vítimas Feridas,Pleno dia,Crescente,Céu Claro,Simples,Curva,Não,4.0,0.0,1.0,1.0,2.0,0.0,2.0,3.0,"-16,241905","-39,605366",SPRF-BA,DEL09-BA,UOP01-DEL09-BA
408764,2022-01-15,sábado,07:45:00,DF,251.0,"37,4",BRASILIA,Mal súbito do condutor,Colisão frontal,Com Vítimas Fatais,Pleno dia,Crescente,Céu Claro,Simples,Reta;Declive,Não,3.0,1.0,1.0,0.0,0.0,3.0,1.0,5.0,"-15,9454158","-47,7850008",SPRF-DF,DEL01-DF,UOP01-DEL01-DF
408768,2022-01-15,sábado,09:30:00,PB,230.0,"146,2",CAMPINA GRANDE,Manobra de mudança de faixa,Colisão traseira,Com Vítimas Feridas,Pleno dia,Decrescente,Nublado,Dupla,Reta,Sim,3.0,0.0,0.0,1.0,2.0,0.0,1.0,2.0,"-7,2468","-35,8484",SPRF-PB,DEL02-PB,UOP01-DEL02-PB
408777,2022-01-14,sexta-feira,01:30:00,PR,277.0,"511,7",GUARANIACU,Manobra de mudança de faixa,Colisão frontal,Com Vítimas Fatais,Plena Noite,Crescente,Céu Claro,Simples,Reta;Declive;Em Obras,Não,4.0,2.0,0.0,0.0,1.0,2.0,0.0,4.0,"-25,12170846","-52,76593808",SPRF-PR,DEL04-PR,UOP01-DEL04-PR
408778,2022-01-15,sábado,10:45:00,SP,116.0,385,MIRACATU,Velocidade Incompatível,Tombamento,Com Vítimas Feridas,Pleno dia,Decrescente,Céu Claro,Dupla,Curva,Não,1.0,0.0,1.0,0.0,0.0,0.0,1.0,1.0,"-24,254993","-47,375412",SPRF-SP,DEL04-SP,UOP02-DEL04-SP
408779,2022-01-15,sábado,09:40:00,MG,262.0,148,SAO DOMINGOS DO PRATA,Acessar a via sem observar a presença dos outros veículos,Colisão transversal,Com Vítimas Fatais,Pleno dia,Decrescente,Céu Claro,Simples,Interseção de Vias,Não,4.0,1.0,0.0,1.0,1.0,1.0,1.0,3.0,"-20,0130291","-42,74983565",SPRF-MG,DEL03-MG,UOP03-DEL03-MG
408790,2022-01-15,sábado,11:35:00,SE,101.0,"73,5",MARUIM,Velocidade Incompatível,Colisão com objeto,Sem Vítimas,Pleno dia,Crescente,Céu Claro,Simples,Desvio Temporário,Não,2.0,0.0,0.0,0.0,1.0,1.0,0.0,2.0,"-10,76273662","-37,11145231",SPRF-SE,DEL01-SE,UOP01-DEL01-SE
408798,2022-01-15,sábado,12:20:00,SC,101.0,"113,8",ITAJAI,Reação tardia ou ineficiente do condutor,Colisão traseira,Com Vítimas Feridas,Pleno dia,Decrescente,Céu Claro,Dupla,Reta,Não,7.0,0.0,2.0,2.0,3.0,0.0,4.0,3.0,"-26,85311393","-48,72689927",SPRF-SC,DEL04-SC,UOP04-DEL04-SC
408807,2022-01-15,sábado,13:30:00,MT,163.0,103,RONDONOPOLIS,Manobra de mudança de faixa,Saída de leito carroçável,Com Vítimas Feridas,Pleno dia,Crescente,Sol,Dupla,Reta,Não,3.0,0.0,2.0,0.0,0.0,1.0,2.0,2.0,"-16,63713456","-54,69416719",SPRF-MT,DEL02-MT,UOP01-DEL02-MT
408810,2022-01-15,sábado,13:40:00,BA,110.0,135,CICERO DANTAS,Velocidade Incompatível,Saída de leito carroçável,Com Vítimas Feridas,Pleno dia,Decrescente,Chuva,Simples,Curva,Não,4.0,0.0,3.0,0.0,0.0,2.0,3.0,3.0,"-10,54065496","-38,38056095",SPRF-BA,DEL07-BA,UOP02-DEL07-BA
408822,2022-01-15,sábado,14:15:00,MT,163.0,"850,8",SINOP,Ultrapassagem Indevida,Colisão frontal,Com Vítimas Fatais,Pleno dia,Decrescente,Céu Claro,Simples,Reta,Não,4.0,1.0,0.0,0.0,2.0,3.0,0.0,6.0,"-11,75477288","-55,46653748",SPRF-MT,DEL06-MT,NPF/DEL06-MT
408825,2022-01-15,sábado,10:45:00,MG,40.0,"698,1",BARBACENA,Condutor deixou de manter distância do veículo da frente,Colisão traseira,Com Vítimas Feridas,Pleno dia,Decrescente,Sol,Simples,Aclive;Reta,Não,2.0,0.0,1.0,0.0,0.0,1.0,1.0,2.0,"-21,188691","-43,751819",SPRF-MG,DEL05-MG,UOP02-DEL05-MG
408827,2022-01-15,sábado,15:45:00,RS,392.0,"99,5",MORRO REDONDO,Velocidade Incompatível,Tombamento,Com Vítimas Feridas,Pleno dia,Decrescente,Chuva,Simples,Declive,Não,2.0,0.0,1.0,0.0,0.0,2.0,1.0,3.0,"-31,54130208","-52,56823006",SPRF-RS,DEL07-RS,UOP01-DEL07-RS
408840,2022-01-15,sábado,15:30:00,MG,153.0,46,MONTE ALEGRE DE MINAS,Manobra de mudança de faixa,Colisão lateral mesmo sentido,Com Vítimas Feridas,Pleno dia,Decrescente,Céu Claro,Dupla,Reta,Não,3.0,0.0,1.0,0.0,1.0,1.0,1.0,3.0,"-18,7877321","-49,08400664",SPRF-MG,DEL15-MG,UOP03-DEL15-MG