id,data_inversa,dia_semana,horario,uf,br,km,municipio,causa_acidente,tipo_acidente,classificacao_acidente,fase_dia,sentido_via,condicao_metereologica,tipo_pista,tracado_via,uso_solo,pessoas,mortos,feridos_leves,feridos_graves,ilesos,ignorados,feridos,veiculos,latitude,longitude,regional,delegacia,uop
409758,2022-01-18,terça-feira,19:45:00,MG,50.0,98,UBERLANDIA,Avarias e/ou desgaste excessivo no pneu,Saída de leito carroçável,Com Vítimas Fatais,Plena Noite,Crescente,Céu Claro,Dupla,Reta,Não,7.0,2.0,0.0,3.0,1.0,1.0,3.0,3.0,"-19,11861301","-48,17588405",SPRF-MG,DEL15-MG,UOP01-DEL15-MG
409764,2022-01-18,terça-feira,20:25:00,GO,20.0,104,FLORES DE GOIAS,Objeto estático sobre o leito carroçável,Colisão com objeto,Com Vítimas Feridas,Plena Noite,Decrescente,Céu Claro,Simples,Curva,Não,6.0,0.0,3.0,0.0,3.0,0.0,3.0,2.0,"-14,921622","-46,966019",SPRF-DF,DEL02-DF,UOP01-DEL02-DF
409765,2022-01-18,terça-feira,18:00:00,RJ,493.0,"17,9",GUAPIMIRIM,Transitar no acostamento,Colisão traseira,Com Vítimas Feridas,Anoitecer,Decrescente,Céu Claro,Simples,Reta,Não,4.0,0.0,2.0,0.0,2.0,0.0,2.0,2.0,"-22,66434888","-43,00014505",SPRF-RJ,DEL04-RJ,UOP02-DEL04-RJ
409769,2022-01-18,terça-feira,20:00:00,BA,242.0,787,BARREIRAS,Acesso irregular,Colisão transversal,Sem Vítimas,Plena Noite,Crescente,Céu Claro,Simples,Reta,Não,3.0,0.0,0.0,0.0,3.0,0.0,0.0,2.0,"-12,114938","-44,955553",SPRF-BA,DEL10-BA,UOP01-DEL10-BA
409771,2022-01-18,terça-feira,21:00:00,SP,116.0,114,TAUBATE,Ausência de reação do condutor,Colisão traseira,Com Vítimas Feridas,Plena Noite,Decrescente,Céu Claro,Dupla,Reta,Não,4.0,0.0,2.0,0.0,1.0,1.0,2.0,3.0,"-23,04654177","-45,59018006",SPRF-SP,DEL02-SP,UOP02-DEL02-SP
409773,2022-01-18,terça-feira,21:10:00,PR,369.0,"151,1",LONDRINA,Avarias e/ou desgaste excessivo no pneu,Colisão traseira,Com Vítimas Feridas,Plena Noite,Decrescente,Céu Claro,Dupla,Viaduto,Sim,2.0,0.0,1.0,0.0,1.0,0.0,1.0,2.0,"-23,29272407","-51,17330253",SPRF-PR,DEL07-PR,UOP01-DEL07-PR
409777,2022-01-18,terça-feira,21:30:00,SP,116.0,"339,5",JUQUITIBA,Demais falhas mecânicas ou elétricas,Tombamento,Com Vítimas Feridas,Plena Noite,Crescente,Chuva,Dupla,Curva;Declive,Não,2.0,0.0,0.0,1.0,0.0,1.0,1.0,2.0,"-24,00173352","-47,15186488",SPRF-SP,DEL04-SP,UOP01-DEL04-SP
409780,2022-01-18,terça-feira,23:00:00,CE,116.0,19,ITAITINGA,Reação tardia ou ineficiente do condutor,Colisão com objeto,Sem Vítimas,Plena Noite,Crescente,Céu Claro,Dupla,Retorno Regulamentado,Sim,2.0,0.0,0.0,0.0,2.0,0.0,0.0,2.0,"-3,91384397","-38,50667231",SPRF-CE,DEL01-CE,UOP02-DEL01-CE
409782,2022-01-18,terça-feira,10:15:00,SC,470.0,188,POUSO REDONDO,Demais falhas mecânicas ou elétricas,Saída de leito carroçável,Com Vítimas Feridas,Pleno dia,Decrescente,Sol,Simples,Declive;Reta,Não,2.0,0.0,1.0,0.0,1.0,0.0,1.0,1.0,"-27,26126287","-50,05441904",SPRF-SC,DEL04-SC,UOP02-DEL04-SC
409783,2022-01-18,terça-feira,16:05:00,MG,40.0,204,JOAO PINHEIRO,Demais falhas mecânicas ou elétricas,Saída de leito carroçável,Com Vítimas Feridas,Pleno dia,Crescente,Nublado,Simples,Reta;Aclive,Não,2.0,0.0,1.0,0.0,0.0,1.0,1.0,2.0,"-17,99104545","-45,78253011",SPRF-MG,DEL14-MG,UOP02-DEL14-MG
409787,2022-01-19,quarta-feira,00:10:00,MS,158.0,261,TRES LAGOAS,Ultrapassagem Indevida,Colisão lateral sentido oposto,Com Vítimas Feridas,Plena Noite,Crescente,Nublado,Simples,Aclive,Não,4.0,0.0,0.0,1.0,1.0,3.0,1.0,5.0,"-20,72864508","-51,74215513",SPRF-MS,DEL07-MS,UOP01-DEL07-MS
409790,2022-01-19,quarta-feira,02:08:00,GO,20.0,5,FORMOSA,Reação tardia ou ineficiente do condutor,Saída de leito carroçável,Sem Vítimas,Plena Noite,Decrescente,Céu Claro,Simples,Aclive,Não,3.0,0.0,0.0,0.0,2.0,1.0,0.0,3.0,"-15,561395","-47,313698",SPRF-DF,DEL02-DF,UOP01-DEL02-DF
409792,2022-01-19,quarta-feira,01:10:00,PB,101.0,42,MAMANGUAPE,Problema na suspensão,Saída de leito carroçável,Com Vítimas Feridas,Plena Noite,Crescente,Céu Claro,Dupla,Reta,Não,2.0,0.0,2.0,0.0,0.0,0.0,2.0,1.0,"-6,856615","-35,13444297",SPRF-PB,DEL01-PB,UOP04-DEL01-PB
409796,2022-01-19,quarta-feira,03:45:00,RJ,101.0,256,RIO BONITO,Animais na Pista,Atropelamento de Animal,Com Vítimas Feridas,Plena Noite,Decrescente,Céu Claro,Dupla,Reta,Não,6.0,0.0,3.0,0.0,3.0,0.0,3.0,3.0,"-22,69621133","-42,56854493",SPRF-RJ,DEL02-RJ,UOP03-DEL02-RJ
409805,2022-01-19,quarta-feira,04:30:00,MG,262.0,"20,3",REDUTO,Condutor Dormindo,Colisão frontal,Com Vítimas Feridas,Plena Noite,Decrescente,Nublado,Simples,Declive;Curva,Não,2.0,0.0,0.0,2.0,0.0,0.0,2.0,2.0,"-20,24962505","-41,91079899",SPRF-MG,DEL06-MG,UOP03-DEL06-MG
409807,2022-01-19,quarta-feira,07:10:00,BA,407.0,"3,2",JUAZEIRO,Falta de acostamento,Colisão lateral mesmo sentido,Com Vítimas Feridas,Pleno dia,Decrescente,Céu Claro,Simples,Interseção de Vias,Sim,2.0,0.0,1.0,0.0,0.0,1.0,1.0,2.0,"-9,43134011","-40,49823324",SPRF-PE,DEL06-PE,UOP01-DEL06-PE
409810,2022-01-19,quarta-feira,04:40:00,PR,277.0,"129,7",CAMPO LARGO,Problema com o freio,Saída de leito carroçável,Sem Vítimas,Amanhecer,Crescente,Céu Claro,Dupla,Aclive,Não,2.0,0.0,0.0,0.0,1.0,1.0,0.0,2.0,"-25,46218461","-49,64687347",SPRF-PR,DEL01-PR,UOP03-DEL03-PR
409811,2022-01-19,quarta-feira,07:05:00,RJ,40.0,"50,9",PETROPOLIS,Demais falhas mecânicas ou elétricas,Incêndio,Sem Vítimas,Pleno dia,Crescente,Céu Claro,Dupla,Reta,Não,1.0,0.0,0.0,0.0,1.0,0.0,0.0,1.0,"-22,31806204","-43,13158166",SPRF-RJ,DEL05-RJ,UOP02-DEL05-RJ
409825,2022-01-19,quarta-feira,10:10:00,PR,116.0,117,CURITIBA,Condutor deixou de manter distância do veículo da frente,Colisão lateral mesmo sentido,Com Vítimas Feridas,Pleno dia,Decrescente,Céu Claro,Dupla,Reta,Sim,3.0,0.0,0.0,1.0,2.0,0.0,1.0,3.0,"-25,54988723","-49,28248211",SPRF-PR,DEL01-PR,UOP03-DEL01-PR
409827,2022-01-19,quarta-feira,07:30:00,ES,101.0,"385,8",ICONHA,Demais falhas mecânicas ou elétricas,Saída de leito carroçável,Com Vítimas Feridas,Pleno dia,Decrescente,Sol,Simples,Curva,Não,1.0,0.0,1.0,0.0,0.0,0.0,1.0,1.0,"-20,83675912","-40,86790091",SPRF-ES,DEL03-ES,UOP01-DEL03-ES
409828,2022-01-19,quarta-feira,09:20:00,SC,101.0,209,SAO JOSE,Ausência de reação do condutor,Colisão traseira,Com Vítimas Feridas,Pleno dia,Decrescente,Céu Claro,Múltipla,Reta,Sim,3.0,0.0,1.0,0.0,1.0,1.0,1.0,3.0,"-27,61000542","-48,63895057",SPRF-SC,DEL01-SC,UOP01-DEL01-SC
409829,2022-01-19,quarta-feira,07:00:00,MT,364.0,520,ROSARIO OESTE,Condutor deixou de manter distância do veículo da frente,Colisão traseira,Com Vítimas Feridas,Pleno dia,Crescente,Céu Claro,Simples,Reta,Não,4.0,0.0,0.0,1.0,2.0,2.0,1.0,4.0,"-15,09401099","-56,51930619",SPRF-MT,DEL01-MT,UOP01-DEL01-MT
409834,2022-01-19,quarta-feira,08:20:00,SP,381.0,87,GUARULHOS,Manobra de mudança de faixa,Colisão lateral mesmo sentido,Com Vítimas Feridas,Pleno dia,Crescente,Céu Claro,Múltipla,Reta,Não,3.0,0.0,1.0,0.0,1.0,1.0,1.0,3.0,"-23,46885001","-46,56996601",SPRF-SP,DEL03-SP,UOP01-DEL03-SP
409841,2022-01-19,quarta-feira,10:30:00,RJ,116.0,122,MAGE,Velocidade Incompatível,Tombamento,Com Vítimas Feridas,Pleno dia,Crescente,Céu Claro,Simples,Curva,Não,2.0,0.0,0.0,1.0,0.0,1.0,1.0,2.0,"-22,63509742","-43,05577963",SPRF-RJ,DEL04-RJ,UOP02-DEL04-RJ
409844,2022-01-19,quarta-feira,11:50:00,ES,101.0,159,LINHARES,Acessar a via sem observar a presença dos outros veículos,Colisão lateral mesmo sentido,Com Vítimas Feridas,Pleno dia,Decrescente,Sol,Simples,Reta,Sim,3.0,0.0,1.0,0.0,1.0,1.0,1.0,3.0,"-19,4684012","-40,1102557",SPRF-ES,DEL04-ES,UOP01-DEL04-ES
409856,2022-01-19,quarta-feira,11:00:00,BA,101.0,490,BARRO PRETO,Acesso irregular,Colisão transversal,Com Vítimas Feridas,Pleno dia,Crescente,Céu Claro,Simples,Reta,Não,3.0,0.0,1.0,0.0,1.0,1.0,1.0,2.0,"-14,69585909","-39,36538696",SPRF-BA,DEL05-BA,UOP01-DEL05-BA
409859,2022-01-19,quarta-feira,13:30:00,GO,40.0,41,LUZIANIA,Ultrapassagem Indevida,Colisão frontal,Com Vítimas Fatais,Pleno dia,Crescente,Céu Claro,Simples,Curva,Não,2.0,1.0,0.0,0.0,0.0,1.0,0.0,2.0,"-16,367802","-47,826972",SPRF-DF,DEL01-DF,UOP02-DEL01-DF
409865,2022-01-19,quarta-feira,14:20:00,PR,376.0,"493,5",PONTA GROSSA,Condutor deixou de manter distância do veículo da frente,Colisão traseira,Com Vítimas Feridas,Pleno dia,Crescente,Céu Claro,Dupla,Reta,Sim,3.0,0.0,1.0,0.0,1.0,1.0,1.0,3.0,"-25,12606622","-50,17893971",SPRF-PR,DEL03-PR,UOP01-DEL03-PR
409872,2022-01-19,quarta-feira,14:15:00,SC,163.0,"72,2",SAO MIGUEL DO OESTE,Manobra de mudança de faixa,Colisão lateral mesmo sentido,Com Vítimas Feridas,Pleno dia,Crescente,Céu Claro,Dupla,Reta;Aclive,Sim,4.0,0.0,1.0,0.0,2.0,2.0,1.0,4.0,"-26,71724231","-53,51634622",SPRF-SC,DEL07-SC,UOP03-DEL07-SC
409873,2022-01-19,quarta-feira,14:00:00,MT,364.0,347,SANTO ANTONIO DO LEVERGER,Demais falhas mecânicas ou elétricas,Incêndio,Sem Vítimas,Pleno dia,Decrescente,Nublado,Dupla,Aclive;Reta,Não,2.0,0.0,0.0,0.0,1.0,2.0,0.0,3.0,"-15,807347","-55,54692",SPRF-MT,DEL05-MT,UOP02-DEL05-MT
409875,2022-01-19,quarta-feira,14:30:00,BA,101.0,864,TEIXEIRA DE FREITAS,Ausência de reação do condutor,Tombamento,Com Vítimas Feridas,Pleno dia,Crescente,Chuva,Simples,Reta,Não,2.0,0.0,1.0,0.0,0.0,1.0,1.0,2.0,"-17,4289688","-39,6866157",SPRF-BA,DEL09-BA,UOP02-DEL09-BA
409878,2022-01-19,quarta-feira,05:30:00,RO,364.0,70,VILHENA,Declive acentuado,Tombamento,Sem Vítimas,Amanhecer,Crescente,Nublado,Simples,Declive,Não,2.0,0.0,0.0,0.0,1.0,2.0,0.0,3.0,"-12,46733497","-60,49874289",SPRF-RO,DEL04-RO,UOP01-DEL04-RO
409880,2022-01-19,quarta-feira,16:25:00,RS,153.0,50,ERECHIM,Mal súbito do condutor,Saída de leito carroçável,Com Vítimas Feridas,Pleno dia,Decrescente,Céu Claro,Simples,Reta,Sim,1.0,0.0,1.0,0.0,0.0,0.0,1.0,1.0,"-27,65623359","-52,27554709",SPRF-RS,DEL08-RS,UOP04-DEL08-RS
409881,2022-01-19,quarta-feira,15:00:00,PR,376.0,"346,5",ORTIGUEIRA,Reação tardia ou ineficiente do condutor,Saída de leito carroçável,Sem Vítimas,Pleno dia,Crescente,Sol,Simples,Aclive;Reta,Não,2.0,0.0,0.0,0.0,1.0,3.0,0.0,4.0,"-24,17965922","-50,96204191",SPRF-PR,DEL07-PR,UOP02-DEL07-PR
409882,2022-01-19,quarta-feira,16:20:00,SC,101.0,"125,7",ITAJAI,Condutor deixou de manter distância do veículo da frente,Colisão traseira,Com Vítimas Feridas,Pleno dia,Crescente,Sol,Dupla,Retorno Regulamentado,Não,2.0,0.0,0.0,1.0,1.0,0.0,1.0,2.0,"-26,94802427","-48,68338515",SPRF-SC,DEL04-SC,UOP04-DEL04-SC
409884,2022-01-19,quarta-feira,15:57:00,TO,153.0,154,ARAGUAINA,Velocidade Incompatível,Colisão com objeto,Sem Vítimas,Pleno dia,Crescente,Garoa/Chuvisco,Simples,Reta,Sim,2.0,0.0,0.0,0.0,1.0,1.0,0.0,2.0,"-7,27973969","-48,27188825",SPRF-TO,DEL02-TO,UOP01-DEL02-TO
409886,2022-01-19,quarta-feira,17:00:00,BA,242.0,801,BARREIRAS,Acesso irregular,Colisão transversal,Com Vítimas Feridas,Pleno dia,Decrescente,Sol,Simples,Curva,Não,3.0,0.0,1.0,0.0,2.0,0.0,1.0,2.0,"-12,117845","-45,062867",SPRF-BA,DEL10-BA,UOP01-DEL10-BA
409887,2022-01-19,quarta-feira,16:40:00,ES,101.0,"268,5",SERRA,Reação tardia ou ineficiente do condutor,Colisão traseira,Com Vítimas Feridas,Pleno dia,Decrescente,Céu Claro,Múltipla,Reta,Sim,3.0,0.0,0.0,1.0,1.0,2.0,1.0,4.0,"-20,20842","-40,269405",SPRF-ES,DEL02-ES,UOP01-DEL02-ES
409888,2022-01-19,quarta-feira,17:00:00,SP,116.0,484,CAJATI,Ausência de reação do condutor,Colisão transversal,Com Vítimas Feridas,Pleno dia,Crescente,Céu Claro,Dupla,Reta,Não,4.0,0.0,0.0,1.0,1.0,3.0,1.0,5.0,"-24,72231195","-48,062511",SPRF-SP,DEL05-SP,UOP01-DEL05-SP
409895,2022-01-19,quarta-feira,15:25:00,PR,376.0,304,MAUA DA SERRA,Velocidade Incompatível,Tombamento,Sem Vítimas,Pleno dia,Crescente,Céu Claro,Dupla,Curva;Declive,Sim,2.0,0.0,0.0,0.0,1.0,3.0,0.0,4.0,"-23,952969","-51,114033",SPRF-PR,DEL07-PR,UOP02-DEL07-PR
409905,2022-01-19,quarta-feira,16:40:00,MS,262.0,"367,9",CAMPO GRANDE,Ausência de reação do condutor,Colisão traseira,Com Vítimas Feridas,Pleno dia,Crescente,Nublado,Simples,Reta,Sim,4.0,0.0,0.0,2.0,1.0,2.0,2.0,4.0,"-20,47734957","-54,75069718",SPRF-MS,DEL01-MS,UOP03-DEL01-MS
409907,2022-01-19,quarta-feira,16:10:00,MG,262.0,793,UBERABA,Ultrapassagem Indevida,Engavetamento,Com Vítimas Feridas,Pleno dia,Crescente,Chuva,Simples,Aclive,Não,4.0,0.0,1.0,0.0,2.0,2.0,1.0,5.0,"-19,76468068","-47,86822195",SPRF-MG,DEL13-MG,UOP01-DEL13-MG
409910,2022-01-19,quarta-feira,19:40:00,RJ,101.0,42,CAMPOS DOS GOYTACAZES,Acessar a via sem observar a presença dos outros veículos,Colisão transversal,Com Vítimas Feridas,Plena Noite,Crescente,Céu Claro,Simples,Declive,Não,2.0,0.0,1.0,1.0,0.0,0.0,2.0,2.0,"-21,56357908","-41,32424043",SPRF-RJ,DEL08-RJ,UOP01-DEL08-RJ
409916,2022-01-19,quarta-feira,20:25:00,PE,101.0,"122,7",ESCADA,Animais na Pista,Atropelamento de Animal,Com Vítimas Fatais,Plena Noite,Crescente,Céu Claro,Dupla,Reta,Não,2.0,1.0,1.0,0.0,0.0,0.0,1.0,2.0,"-8,35963442","-35,20419694",SPRF-PE,DEL01-PE,UOP01-DEL01-PE
409918,2022-01-19,quarta-feira,19:18:00,SP,116.0,228,SAO PAULO,Ingestão de álcool pelo condutor,Colisão traseira,Sem Vítimas,Plena Noite,Decrescente,Céu Claro,Múltipla,Aclive,Sim,3.0,0.0,0.0,0.0,2.0,1.0,0.0,3.0,"-23,50343484","-46,56638712",SPRF-SP,DEL01-SP,UOP01-DEL01-SP
409925,2022-01-19,quarta-feira,18:30:00,MA,316.0,"605,1",TIMON,Velocidade Incompatível,Colisão traseira,Com Vítimas Feridas,Plena Noite,Crescente,Céu Claro,Simples,Declive,Não,3.0,0.0,1.0,0.0,1.0,1.0,1.0,3.0,"-5,047525","-42,915745",SPRF-MA,DEL03-MA,UOP02-DEL03-MA
409927,2022-01-19,quarta-feira,15:35:00,BA,407.0,26,JUAZEIRO,Condutor Dormindo,Colisão lateral sentido oposto,Com Vítimas Feridas,Pleno dia,Decrescente,Céu Claro,Simples,Reta,Não,4.0,0.0,1.0,0.0,2.0,3.0,1.0,6.0,"-9,61767289","-40,40908777",SPRF-BA,DEL04-BA,UOP01-DEL04-BA
409932,2022-01-11,terça-feira,11:50:00,RS,287.0,248,SANTA MARIA,Acessar a via sem observar a presença dos outros veículos,Colisão transversal,Com Vítimas Feridas,Pleno dia,Decrescente,Céu Claro,Dupla,Reta;Em Obras,Sim,2.0,0.0,0.0,1.0,1.0,0.0,1.0,2.0,"-29,696018","-53,850956",SPRF-RS,DEL09-RS,UOP01-DEL09-RS
409934,2022-01-19,quarta-feira,16:00:00,SC,116.0,105,MONTE CASTELO,Ausência de reação do condutor,Colisão traseira,Com Vítimas Feridas,Pleno dia,Decrescente,Céu Claro,Simples,Declive,Não,3.0,0.0,1.0,0.0,1.0,3.0,1.0,5.0,"-26,75095005","-50,31749478",SPRF-SC,DEL06-SC,UOP02-DEL06-SC
409945,2022-01-19,quarta-feira,20:30:00,MS,262.0,"622,4",MIRANDA,Transitar na contramão,Colisão lateral sentido oposto,Com Vítimas Feridas,Pleno dia,Crescente,Céu Claro,Simples,Reta,Não,3.0,0.0,1.0,0.0,0.0,2.0,1.0,3.0,"-19,93405411","-56,85137526",SPRF-MS,DEL03-MS,UOP02-DEL03-MS
409946,2022-01-19,quarta-feira,17:00:00,TO,153.0,261,COLINAS DO TOCANTINS,Demais falhas mecânicas ou elétricas,Tombamento,Com Vítimas Feridas,Anoitecer,Crescente,Nublado,Simples,Curva,Não,2.0,0.0,1.0,0.0,0.0,1.0,1.0,2.0,"-8,18088398","-48,46225788",SPRF-TO,DEL02-TO,UOP02-DEL02-TO
409953,2022-01-19,quarta-feira,20:16:00,TO,153.0,573,SANTA RITA DO TOCANTINS,Demais falhas mecânicas ou elétricas,Incêndio,Sem Vítimas,Plena Noite,Decrescente,Chuva,Simples,Reta,Não,2.0,0.0,0.0,0.0,1.0,2.0,0.0,3.0,"-10,85537202","-48,90512061",SPRF-TO,DEL01-TO,UOP01-DEL01-TO
409955,2022-01-19,quarta-feira,20:20:00,RS,153.0,"429,8",CACHOEIRA DO SUL,Condutor deixou de manter distância do veículo da frente,Colisão lateral mesmo sentido,Com Vítimas Feridas,Plena Noite,Crescente,Céu Claro,Simples,Reta,Não,2.0,0.0,1.0,0.0,0.0,1.0,1.0,2.0,"-30,24787399","-52,85215821",SPRF-RS,DEL02-RS,UOP03-DEL02-RS
409959,2022-01-20,quinta-feira,02:10:00,SC,101.0,"56,7",ARAQUARI,Ausência de reação do condutor,Colisão traseira,Com Vítimas Feridas,Plena Noite,Decrescente,Céu Claro,Dupla,Reta,Sim,3.0,0.0,2.0,0.0,0.0,1.0,2.0,2.0,"-26,43207484","-48,82263984",SPRF-SC,DEL03-SC,UOP01-DEL03-SC
409966,2022-01-20,quinta-feira,01:00:00,BA,101.0,24,ESPLANADA,Reação tardia ou ineficiente do condutor,Tombamento,Com Vítimas Feridas,Anoitecer,Decrescente,Céu Claro,Dupla,Reta,Não,2.0,0.0,1.0,0.0,0.0,1.0,1.0,2.0,"-11,73553002","-37,93456395",SPRF-SE,DEL02-SE,UOP03-DEL02-SE
409969,2022-01-20,quinta-feira,04:50:00,MG,262.0,154,SAO DOMINGOS DO PRATA,Faixas de trânsito com largura insuficiente,Colisão lateral mesmo sentido,Com Vítimas Feridas,Amanhecer,Crescente,Céu Claro,Simples,Reta,Não,7.0,0.0,3.0,0.0,3.0,2.0,3.0,5.0,"-19,9846053","-42,79613211",SPRF-MG,DEL03-MG,UOP03-DEL03-MG
409970,2022-01-20,quinta-feira,06:30:00,PR,277.0,325,GUARAPUAVA,Velocidade Incompatível,Tombamento,Com Vítimas Feridas,Pleno dia,Crescente,Céu Claro,Simples,Curva,Não,3.0,0.0,0.0,2.0,0.0,1.0,2.0,2.0,"-25,372073","-51,320655",SPRF-PR,DEL08-PR,UOP01-DEL08-PR
409971,2022-01-20,quinta-feira,07:00:00,SC,116.0,"4,5",MAFRA,Velocidade Incompatível,Tombamento,Sem Vítimas,Pleno dia,Crescente,Céu Claro,Simples,Rotatória,Sim,2.0,0.0,0.0,0.0,1.0,1.0,0.0,2.0,"-26,13554917","-49,8072652",SPRF-SC,DEL06-SC,UOP01-DEL06-SC
409980,2022-01-20,quinta-feira,08:15:00,GO,50.0,282,CATALAO,Obras na pista,Colisão transversal,Com Vítimas Feridas,Pleno dia,Crescente,Céu Claro,Simples,Reta,Não,3.0,0.0,0.0,1.0,2.0,0.0,1.0,2.0,"-18,1896","-47,9511",SPRF-GO,DEL06-GO,UOP01-DEL06-GO
409988,2022-01-20,quinta-feira,05:55:00,MG,381.0,"669,3",PERDOES,Avarias e/ou desgaste excessivo no pneu,Tombamento,Com Vítimas Feridas,Amanhecer,Decrescente,Céu Claro,Dupla,Declive;Curva,Não,3.0,0.0,1.0,0.0,1.0,1.0,1.0,3.0,"-21,0549798","-45,0392147",SPRF-MG,DEL04-MG,UOP02-DEL04-MG
409993,2022-01-20,quinta-feira,09:30:00,SC,101.0,"214,9",PALHOCA,Manobra de mudança de faixa,Colisão lateral mesmo sentido,Com Vítimas Feridas,Pleno dia,Crescente,Céu Claro,Múltipla,Reta,Sim,4.0,0.0,1.0,0.0,2.0,1.0,1.0,4.0,"-27,64443","-48,67057",SPRF-SC,DEL01-SC,UOP02-DEL01-SC
409995,2022-01-20,quinta-feira,07:00:00,PE,101.0,60,RECIFE,Condutor deixou de manter distância do veículo da frente,Colisão traseira,Com Vítimas Feridas,Pleno dia,Crescente,Sol,Múltipla,Reta,Sim,5.0,0.0,1.0,0.0,3.0,1.0,1.0,4.0,"-7,98344307","-34,93176727",SPRF-PE,DEL01-PE,UOP02-DEL01-PE
409998,2022-01-20,quinta-feira,06:50:00,BA,242.0,352,LENCOIS,Demais falhas mecânicas ou elétricas,Incêndio,Sem Vítimas,Pleno dia,Decrescente,Céu Claro,Simples,Reta,Não,2.0,0.0,0.0,0.0,1.0,2.0,0.0,3.0,"-12,49857081","-41,33159186",SPRF-BA,DEL06-BA,UOP01-DEL06-BA
410000,2022-01-08,sábado,17:45:00,GO,153.0,"657,1",GOIATUBA,Velocidade Incompatível,Colisão traseira,Com Vítimas Fatais,Pleno dia,Crescente,Nublado,Dupla,Reta,Não,4.0,1.0,0.0,0.0,2.0,2.0,0.0,5.0,"-18,0277","-49,265",SPRF-GO,DEL03-GO,UOP01-DEL03-GO
410003,2022-01-20,quinta-feira,10:45:00,MG,365.0,343,VARJAO DE MINAS,Acessar a via sem observar a presença dos outros veículos,Colisão transversal,Com Vítimas Feridas,Pleno dia,Crescente,Sol,Simples,Reta,Não,2.0,0.0,0.0,1.0,1.0,0.0,1.0,2.0,"-18,373","-46,029",SPRF-MG,DEL10-MG,UOP01-DEL10-MG
410009,2022-01-20,quinta-feira,05:30:00,GO,364.0,273,MINEIROS,Ultrapassagem Indevida,Saída de leito carroçável,Sem Vítimas,Pleno dia,Crescente,Céu Claro,Simples,Curva,Não,2.0,0.0,0.0,0.0,1.0,1.0,0.0,2.0,"-17,666422","-52,338333",SPRF-GO,DEL05-GO,UOP01-DEL05-GO
410014,2022-01-20,quinta-feira,11:00:00,MS,163.0,635,SAO GABRIEL DO OESTE,Reação tardia ou ineficiente do condutor,Colisão com objeto,Com Vítimas Fatais,Pleno dia,Decrescente,Céu Claro,Dupla,Reta,Não,2.0,1.0,0.0,0.0,0.0,1.0,0.0,2.0,"-19,25026573","-54,67146065",SPRF-MS,DEL06-MS,UOP02-DEL06-MS
410015,2022-01-20,quinta-feira,10:55:00,TO,226.0,"44,7",DARCINOPOLIS,Reação tardia ou ineficiente do condutor,Tombamento,Com Vítimas Feridas,Pleno dia,Decrescente,Céu Claro,Simples,Reta,Não,2.0,0.0,1.0,0.0,0.0,1.0,1.0,2.0,"-6,741694","-47,779888",SPRF-TO,DEL02-TO,UOP03-DEL02-TO
410018,2022-01-20,quinta-feira,11:30:00,GO,70.0,17,AGUAS LINDAS DE GOIAS,Ultrapassagem Indevida,Colisão traseira,Com Vítimas Feridas,Pleno dia,Crescente,Céu Claro,Simples,Declive,Não,3.0,0.0,1.0,1.0,1.0,0.0,2.0,3.0,"-15,75060673","-48,34984959",SPRF-DF,DEL03-DF,UOP02-DEL03-DF
410031,2022-01-20,quinta-feira,13:45:00,PR,116.0,23,CAMPINA GRANDE DO SUL,Ausência de reação do condutor,Colisão traseira,Com Vítimas Feridas,Pleno dia,Decrescente,Céu Claro,Múltipla,Curva,Não,2.0,0.0,1.0,0.0,1.0,0.0,1.0,2.0,"-25,1104764","-48,75592011",SPRF-PR,DEL01-PR,UOP02-DEL01-PR
410032,2022-01-20,quinta-feira,12:13:00,PE,101.0,"49,3",ABREU E LIMA,Condutor deixou de manter distância do veículo da frente,Colisão lateral mesmo sentido,Com Vítimas Feridas,Pleno dia,Decrescente,Céu Claro,Múltipla,Reta,Sim,2.0,0.0,1.0,0.0,0.0,1.0,1.0,2.0,"-7,90318905","-34,90152782",SPRF-PE,DEL01-PE,UOP02-DEL01-PE
410037,2022-01-20,quinta-feira,14:50:00,PR,376.0,256,CALIFORNIA,Ultrapassagem Indevida,Colisão lateral sentido oposto,Com Vítimas Feridas,Pleno dia,Crescente,Céu Claro,Simples,Reta,Sim,3.0,0.0,2.0,0.0,1.0,0.0,2.0,2.0,"-23,67758682","-51,35312989",SPRF-PR,DEL07-PR,UOP02-DEL07-PR
410040,2022-01-20,quinta-feira,14:55:00,SC,101.0,153,PORTO BELO,Ausência de reação do condutor,Colisão traseira,Com Vítimas Feridas,Pleno dia,Decrescente,Céu Claro,Dupla,Reta,Sim,4.0,0.0,1.0,0.0,2.0,1.0,1.0,3.0,"-27,144717","-48,61063935",SPRF-SC,DEL04-SC,UOP03-DEL04-SC
410043,2022-01-20,quinta-feira,14:42:00,RJ,116.0,286,BARRA MANSA,Manobra de mudança de faixa,Colisão lateral mesmo sentido,Sem Vítimas,Pleno dia,Crescente,Céu Claro,Dupla,Reta,Não,3.0,0.0,0.0,0.0,2.0,2.0,0.0,4.0,"-22,49846046","-44,23342487",SPRF-RJ,DEL07-RJ,UOP02-DEL07-RJ
410053,2022-01-20,quinta-feira,16:15:00,SP,153.0,"38,9",ONDA VERDE,Condutor deixou de manter distância do veículo da frente,Colisão traseira,Com Vítimas Feridas,Pleno dia,Decrescente,Sol,Simples,Reta,Sim,4.0,0.0,0.0,1.0,2.0,1.0,1.0,3.0,"-20,605145","-49,323185",SPRF-SP,DEL09-SP,UOP01-DEL09-SP