id,data_inversa,dia_semana,horario,uf,br,km,municipio,causa_acidente,tipo_acidente,classificacao_acidente,fase_dia,sentido_via,condicao_metereologica,tipo_pista,tracado_via,uso_solo,pessoas,mortos,feridos_leves,feridos_graves,ilesos,ignorados,feridos,veiculos,latitude,longitude,regional,delegacia,uop
410339,2022-01-22,sábado,05:40:00,BA,242.0,856,BARREIRAS,Acesso irregular,Colisão frontal,Com Vítimas Fatais,Amanhecer,Crescente,Céu Claro,Simples,Reta,Não,3.0,1.0,0.0,0.0,1.0,1.0,0.0,3.0,"-12,071145","-45,544025",SPRF-BA,DEL10-BA,UOP01-DEL10-BA
410341,2022-01-22,sábado,03:40:00,MG,40.0,"383,7",CURVELO,Condutor Dormindo,Tombamento,Com Vítimas Feridas,Plena Noite,Crescente,Céu Claro,Simples,Curva,Não,3.0,0.0,2.0,0.0,0.0,1.0,2.0,2.0,"-18,89283981","-44,6994629",SPRF-MG,DEL02-MG,UOP01-DEL02-MG
410349,2022-01-22,sábado,07:05:00,PR,277.0,73,SAO JOSE DOS PINHAIS,Velocidade Incompatível,Colisão traseira,Com Vítimas Feridas,Pleno dia,Crescente,Sol,Dupla,Reta,Não,2.0,0.0,0.0,1.0,1.0,0.0,1.0,2.0,"-25,50216481","-49,15077209",SPRF-PR,DEL01-PR,UOP01-DEL01-PR
410350,2022-01-22,sábado,07:00:00,GO,364.0,228,JATAI,Transitar na contramão,Colisão lateral sentido oposto,Com Vítimas Fatais,Pleno dia,Decrescente,Céu Claro,Simples,Reta,Não,6.0,1.0,1.0,2.0,1.0,4.0,3.0,7.0,"-17,814425","-51,98473",SPRF-GO,DEL05-GO,UOP01-DEL05-GO
410356,2022-01-22,sábado,06:25:00,MG,40.0,"576,9",ITABIRITO,Acessar a via sem observar a presença dos outros veículos,Tombamento,Com Vítimas Feridas,Pleno dia,Crescente,Nublado,Simples,Reta,Não,3.0,0.0,1.0,0.0,1.0,1.0,1.0,2.0,"-20,27282531","-43,95114899",SPRF-MG,DEL01-MG,UOP02-DEL01-MG
410362,2022-01-22,sábado,06:30:00,MT,163.0,96,RONDONOPOLIS,Ausência de reação do condutor,Colisão traseira,Com Vítimas Feridas,Pleno dia,Decrescente,Céu Claro,Dupla,Reta,Não,3.0,0.0,0.0,1.0,1.0,3.0,1.0,5.0,"-16,69254292","-54,66450986",SPRF-MT,DEL02-MT,UOP01-DEL02-MT
410363,2022-01-22,sábado,09:10:00,PR,153.0,"33,9",SANTO ANTONIO DA PLATINA,Transitar na contramão,Colisão lateral mesmo sentido,Sem Vítimas,Pleno dia,Decrescente,Céu Claro,Simples,Aclive,Não,2.0,0.0,0.0,0.0,2.0,0.0,0.0,2.0,"-23,23229394","-50,0364961",SPRF-PR,DEL07-PR,UOP04-DEL07-PR
410366,2022-01-22,sábado,09:20:00,SE,101.0,"63,8",ROSARIO DO CATETE,Condutor deixou de manter distância do veículo da frente,Engavetamento,Sem Vítimas,Pleno dia,Decrescente,Céu Claro,Simples,Reta,Não,3.0,0.0,0.0,0.0,3.0,0.0,0.0,3.0,"-10,6919344","-37,04082067",SPRF-SE,DEL02-SE,UOP02-DEL02-SE
410374,2022-01-22,sábado,09:20:00,GO,60.0,129,GOIANIA,Reação tardia ou ineficiente do condutor,Colisão traseira,Com Vítimas Feridas,Pleno dia,Crescente,Sol,Dupla,Reta,Não,4.0,0.0,1.0,0.0,1.0,2.0,1.0,4.0,"-16,56697615","-49,15538549",SPRF-GO,DEL01-GO,UOP01-DEL01-GO
410376,2022-01-22,sábado,09:05:00,PR,277.0,591,CASCAVEL,Demais falhas mecânicas ou elétricas,Colisão com objeto,Com Vítimas Feridas,Pleno dia,Crescente,Céu Claro,Simples,Reta,Sim,2.0,0.0,1.0,0.0,1.0,0.0,1.0,2.0,"-24,98473242","-53,46501885",SPRF-PR,DEL04-PR,UOP01-DEL04-PR
410377,2022-01-22,sábado,08:45:00,SE,101.0,"58,3",ROSARIO DO CATETE,Acessar a via sem observar a presença dos outros veículos,Colisão transversal,Com Vítimas Feridas,Pleno dia,Crescente,Sol,Simples,Reta,Não,2.0,0.0,1.0,0.0,1.0,0.0,1.0,2.0,"-10,65178333","-37,02372954",SPRF-SE,DEL02-SE,UOP02-DEL02-SE
410383,2022-01-22,sábado,10:35:00,GO,364.0,89,CACHOEIRA ALTA,Reação tardia ou ineficiente do condutor,Colisão transversal,Com Vítimas Feridas,Pleno dia,Crescente,Sol,Simples,Rotatória,Não,3.0,0.0,1.0,0.0,1.0,3.0,1.0,5.0,"-18,50480204","-51,06923819",SPRF-GO,DEL05-GO,UOP02-DEL05-GO
410386,2022-01-22,sábado,10:30:00,CE,20.0,420,MARACANAU,Acesso irregular,Colisão traseira,Com Vítimas Feridas,Pleno dia,Crescente,Nublado,Dupla,Reta,Sim,3.0,0.0,1.0,0.0,1.0,2.0,1.0,4.0,"-3,76999035","-38,67006282",SPRF-CE,DEL01-CE,UOP02-DEL01-CE
410393,2022-01-22,sábado,09:40:00,MG,40.0,69,PARACATU,Demais falhas mecânicas ou elétricas,Incêndio,Sem Vítimas,Pleno dia,Crescente,Céu Claro,Simples,Reta,Não,1.0,0.0,0.0,0.0,1.0,0.0,0.0,1.0,"-17,39371065","-46,73333352",SPRF-MG,DEL14-MG,UOP01-DEL14-MG
410395,2022-01-22,sábado,12:15:00,SP,116.0,"62,5",GUARATINGUETA,Velocidade Incompatível,Colisão traseira,Com Vítimas Feridas,Pleno dia,Crescente,Sol,Dupla,Declive,Sim,5.0,0.0,2.0,0.0,2.0,1.0,2.0,4.0,"-22,80538606","-45,17236692",SPRF-SP,DEL08-SP,UOP01-DEL08-SP
410403,2022-01-22,sábado,11:45:00,SP,116.0,512,CAJATI,Velocidade Incompatível,Tombamento,Com Vítimas Feridas,Pleno dia,Decrescente,Céu Claro,Simples,Curva,Não,2.0,0.0,1.0,0.0,0.0,1.0,1.0,2.0,"-24,84304306","-48,22027915",SPRF-SP,DEL05-SP,UOP02-DEL05-SP
410404,2022-01-22,sábado,12:00:00,MS,262.0,"529,7",MIRANDA,Reação tardia ou ineficiente do condutor,Colisão frontal,Com Vítimas Fatais,Pleno dia,Crescente,Céu Claro,Simples,Reta,Não,4.0,2.0,0.0,0.0,1.0,1.0,0.0,3.0,"-20,35260339","-56,13288942",SPRF-MS,DEL03-MS,UOP02-DEL03-MS
410405,2022-01-22,sábado,07:00:00,MT,364.0,546,ROSARIO OESTE,Acesso irregular,Colisão transversal,Com Vítimas Fatais,Pleno dia,Crescente,Céu Claro,Dupla,Reta,Sim,2.0,1.0,0.0,0.0,1.0,0.0,0.0,2.0,"-14,87904388","-56,46132643",SPRF-MT,DEL01-MT,UOP01-DEL01-MT
410408,2022-01-19,quarta-feira,06:05:00,RO,319.0,57,PORTO VELHO,Ausência de reação do condutor,Tombamento,Com Vítimas Feridas,Amanhecer,Decrescente,Nublado,Simples,Ponte,Sim,2.0,0.0,0.0,1.0,0.0,2.0,1.0,3.0,"-8,739714","-63,93214024",SPRF-RO,DEL01-RO,UOP01-DEL01-RO
410410,2022-01-22,sábado,12:45:00,SC,282.0,"248,8",SAO JOSE DO CERRITO,Ausência de reação do condutor,Saída de leito carroçável,Com Vítimas Feridas,Pleno dia,Crescente,Sol,Simples,Curva,Não,3.0,0.0,0.0,1.0,2.0,0.0,1.0,3.0,"-27,711969","-50,5327",SPRF-SC,DEL05-SC,UOP02-DEL05-SC
410411,2022-01-22,sábado,13:40:00,RJ,40.0,109,DUQUE DE CAXIAS,Manobra de mudança de faixa,Colisão lateral mesmo sentido,Com Vítimas Feridas,Pleno dia,Decrescente,Céu Claro,Múltipla,Reta,Sim,5.0,0.0,2.0,0.0,3.0,0.0,2.0,2.0,"-22,67374628","-43,28638368",SPRF-RJ,DEL01-RJ,UOP01-DEL01-RJ
410417,2022-01-22,sábado,13:30:00,SC,101.0,"57,8",ARAQUARI,Afundamento ou ondulação no pavimento,Capotamento,Com Vítimas Feridas,Pleno dia,Decrescente,Sol,Múltipla,Declive;Curva,Não,1.0,0.0,1.0,0.0,0.0,0.0,1.0,1.0,"-26,43646093","-48,81113029",SPRF-SC,DEL03-SC,UOP01-DEL03-SC
410419,2022-01-22,sábado,14:40:00,BA,116.0,833,VITORIA DA CONQUISTA,Ultrapassagem Indevida,Colisão transversal,Com Vítimas Feridas,Pleno dia,Decrescente,Céu Claro,Simples,Reta,Não,4.0,0.0,1.0,0.0,2.0,2.0,1.0,4.0,"-14,86307989","-40,85019052",SPRF-BA,DEL08-BA,UOP01-DEL08-BA
410421,2022-01-22,sábado,14:50:00,MG,153.0,129,PRATA,Ausência de reação do condutor,Colisão traseira,Com Vítimas Feridas,Pleno dia,Crescente,Nublado,Dupla,Reta,Não,3.0,0.0,1.0,0.0,1.0,1.0,1.0,3.0,"-19,476013","-48,867981",SPRF-MG,DEL15-MG,UOP03-DEL15-MG
410426,2022-01-22,sábado,15:30:00,ES,101.0,246,SERRA,Manobra de mudança de faixa,Saída de leito carroçável,Com Vítimas Feridas,Pleno dia,Crescente,Sol,Simples,Curva,Não,2.0,0.0,1.0,0.0,0.0,1.0,1.0,2.0,"-20,06198397","-40,37678888",SPRF-ES,DEL02-ES,UOP01-DEL02-ES
410427,2022-01-22,sábado,10:30:00,MT,158.0,"437,5",RIBEIRAO CASCALHEIRA,Condutor Dormindo,Colisão lateral sentido oposto,Com Vítimas Feridas,Pleno dia,Decrescente,Céu Claro,Simples,Curva,Não,3.0,0.0,0.0,1.0,1.0,2.0,1.0,4.0,"-13,03413797","-51,89112486",SPRF-MT,DEL07-MT,UOP02-DEL07-MT
410431,2022-01-22,sábado,15:20:00,PR,476.0,148,CURITIBA,Mal súbito do condutor,Queda de ocupante de veículo,Com Vítimas Feridas,Pleno dia,Crescente,Céu Claro,Dupla,Reta,Sim,2.0,0.0,0.0,1.0,1.0,0.0,1.0,2.0,"-25,557121","-49,348732",SPRF-PR,DEL01-PR,UOP03-DEL01-PR
410433,2022-01-22,sábado,15:50:00,SC,101.0,"181,8",BIGUACU,Condutor deixou de manter distância do veículo da frente,Colisão traseira,Com Vítimas Feridas,Pleno dia,Decrescente,Céu Claro,Múltipla,Reta,Não,2.0,0.0,1.0,0.0,1.0,0.0,1.0,2.0,"-27,38958699","-48,63197593",SPRF-SC,DEL01-SC,UOP01-DEL01-SC
410434,2022-01-22,sábado,14:20:00,RS,285.0,"582,3",SAO LUIZ GONZAGA,Ausência de reação do condutor,Colisão traseira,Com Vítimas Feridas,Pleno dia,Crescente,Céu Claro,Simples,Curva,Não,3.0,0.0,2.0,0.0,1.0,0.0,2.0,2.0,"-28,443851","-55,112072",SPRF-RS,DEL12-RS,UOP01-DEL12-RS
410436,2022-01-22,sábado,15:05:00,RN,226.0,337,PATU,Acessar a via sem observar a presença dos outros veículos,Colisão transversal,Com Vítimas Feridas,Pleno dia,Crescente,Céu Claro,Simples,Reta,Sim,2.0,0.0,1.0,0.0,1.0,0.0,1.0,2.0,"-6,09287198","-37,63215899",SPRF-RN,DEL04-RN,UOP01-DEL04-RN
410441,2022-01-22,sábado,16:30:00,GO,50.0,"279,8",CATALAO,Obras na pista,Queda de ocupante de veículo,Com Vítimas Fatais,Pleno dia,Crescente,Céu Claro,Simples,Reta;Interseção de Vias;Em Obras,Sim,4.0,1.0,0.0,0.0,2.0,1.0,0.0,2.0,"-18,1739","-47,9289",SPRF-GO,DEL06-GO,UOP01-DEL06-GO
410443,2022-01-22,sábado,14:50:00,SP,116.0,358,MIRACATU,Problema com o freio,Incêndio,Sem Vítimas,Pleno dia,Crescente,Sol,Simples,Reta,Não,2.0,0.0,0.0,0.0,1.0,1.0,0.0,2.0,"-24,10289207","-47,25984898",SPRF-SP,DEL04-SP,UOP02-DEL04-SP
410444,2022-01-22,sábado,10:35:00,BA,242.0,463,IBITIARA,Curva acentuada,Colisão lateral sentido oposto,Com Vítimas Feridas,Pleno dia,Decrescente,Céu Claro,Simples,Curva,Não,3.0,0.0,1.0,0.0,1.0,4.0,1.0,6.0,"-12,4423791","-42,17379204",SPRF-BA,DEL06-BA,UOP01-DEL06-BA
410448,2022-01-22,sábado,16:25:00,MS,463.0,"102,7",PONTA PORA,Manobra de mudança de faixa,Colisão transversal,Com Vítimas Feridas,Pleno dia,Crescente,Céu Claro,Simples,Reta,Não,3.0,0.0,0.0,1.0,1.0,1.0,1.0,3.0,"-22,613722","-55,638612",SPRF-MS,DEL04-MS,UOP03-DEL04-MS
410450,2022-01-22,sábado,16:40:00,PR,376.0,"421,7",TIBAGI,Velocidade Incompatível,Tombamento,Com Vítimas Fatais,Pleno dia,Crescente,Nublado,Dupla,Curva,Não,3.0,1.0,1.0,0.0,0.0,1.0,1.0,2.0,"-24,69099604","-50,58131956",SPRF-PR,DEL03-PR,UOP02-DEL03-PR
410452,2022-01-22,sábado,17:10:00,PE,232.0,248,ARCOVERDE,Demais falhas na via,Colisão traseira,Com Vítimas Feridas,Pleno dia,Crescente,Céu Claro,Simples,Reta,Não,2.0,0.0,1.0,0.0,0.0,1.0,1.0,2.0,"-8,42451258","-37,03463008",SPRF-PE,DEL03-PE,UOP02-DEL03-PE
410453,2022-01-21,sexta-feira,23:30:00,PB,116.0,"7,1",CACHOEIRA DOS INDIOS,Ausência de reação do condutor,Tombamento,Sem Vítimas,Plena Noite,Decrescente,Céu Claro,Simples,Reta,Não,1.0,0.0,0.0,0.0,0.0,1.0,0.0,1.0,"-6,956637","-38,723457",SPRF-CE,DEL05-CE,UOP03-DEL05-CE
410454,2022-01-22,sábado,15:39:00,MG,50.0,17,ARAGUARI,Ausência de reação do condutor,Tombamento,Com Vítimas Feridas,Pleno dia,Decrescente,Sol,Dupla,Curva,Não,1.0,0.0,1.0,0.0,0.0,0.0,1.0,1.0,"-18,56358502","-48,05639606",SPRF-MG,DEL15-MG,UOP02-DEL15-MG
410460,2022-01-22,sábado,18:25:00,RS,470.0,"216,5",BENTO GONCALVES,Acessar a via sem observar a presença dos outros veículos,Colisão lateral mesmo sentido,Sem Vítimas,Pleno dia,Decrescente,Céu Claro,Dupla,Reta,Sim,3.0,0.0,0.0,0.0,2.0,1.0,0.0,2.0,"-29,17000522","-51,52527084",SPRF-RS,DEL06-RS,UOP01-DEL06-RS
410463,2022-01-22,sábado,13:10:00,PR,277.0,"412,9",CANDOI,Velocidade Incompatível,Colisão com objeto,Com Vítimas Feridas,Pleno dia,Decrescente,Céu Claro,Simples,Declive;Curva;Ponte,Não,2.0,0.0,0.0,1.0,0.0,1.0,1.0,2.0,"-25,42343405","-52,01816501",SPRF-PR,DEL04-PR,UOP02-DEL04-PR
410465,2022-01-22,sábado,13:20:00,AM,174.0,"946,8",MANAUS,Ausência de reação do condutor,Colisão lateral sentido oposto,Com Vítimas Feridas,Pleno dia,Crescente,Chuva,Simples,Reta,Não,5.0,0.0,2.0,0.0,3.0,0.0,2.0,2.0,"-2,427304","-60,029605",SPRF-AM,DEL01-AM,UOP01-DEL01-AM
410467,2022-01-22,sábado,14:55:00,SC,282.0,"411,9",CATANDUVAS,Acumulo de água sobre o pavimento,Colisão frontal,Com Vítimas Fatais,Pleno dia,Crescente,Chuva,Simples,Curva,Não,8.0,2.0,0.0,1.0,5.0,0.0,1.0,3.0,"-27,0600048","-51,6784721",SPRF-SC,DEL07-SC,UOP05-DEL07-SC
410475,2022-01-22,sábado,18:00:00,MG,365.0,394,PATOS DE MINAS,Pista Escorregadia,Queda de ocupante de veículo,Com Vítimas Feridas,Pleno dia,Decrescente,Chuva,Simples,Declive,Não,3.0,0.0,2.0,0.0,1.0,0.0,2.0,2.0,"-18,6348452","-46,35976886",SPRF-MG,DEL10-MG,UOP01-DEL10-MG
410477,2022-01-22,sábado,18:00:00,PR,116.0,100,SAO JOSE DOS PINHAIS,Ausência de reação do condutor,Colisão com objeto,Sem Vítimas,Anoitecer,Crescente,Céu Claro,Dupla,Reta,Não,2.0,0.0,0.0,0.0,0.0,2.0,0.0,2.0,"-25,53379421","-49,14663578",SPRF-PR,DEL01-PR,UOP01-DEL01-PR
410479,2022-01-22,sábado,18:50:00,BA,324.0,365,CAPIM GROSSO,Pista esburacada,Colisão lateral mesmo sentido,Com Vítimas Feridas,Plena Noite,Crescente,Céu Claro,Simples,Reta,Não,4.0,0.0,1.0,1.0,1.0,1.0,2.0,3.0,"-11,41148219","-39,92589707",SPRF-BA,DEL04-BA,UOP02-DEL04-BA
410489,2022-01-22,sábado,20:15:00,SP,153.0,"211,5",GUAIMBE,Manobra de mudança de faixa,Tombamento,Sem Vítimas,Plena Noite,Crescente,Céu Claro,Simples,Reta,Não,2.0,0.0,0.0,0.0,1.0,1.0,0.0,2.0,"-21,91749793","-49,9159413",SPRF-SP,DEL07-SP,UOP02-DEL07-SP
410493,2022-01-22,sábado,21:20:00,SP,116.0,216,GUARULHOS,Entrada inopinada do pedestre,Atropelamento de Pedestre,Com Vítimas Fatais,Plena Noite,Decrescente,Céu Claro,Múltipla,Reta,Sim,2.0,1.0,0.0,0.0,0.0,1.0,0.0,2.0,"-23,45056589","-46,46258105",SPRF-SP,DEL01-SP,UOP01-DEL01-SP
410500,2022-01-22,sábado,20:25:00,SP,116.0,511,CAJATI,Velocidade Incompatível,Capotamento,Com Vítimas Feridas,Plena Noite,Decrescente,Céu Claro,Dupla,Curva,Não,1.0,0.0,1.0,0.0,0.0,0.0,1.0,1.0,"-24,83558399","-48,2223738",SPRF-SP,DEL05-SP,UOP02-DEL05-SP
410514,2022-01-22,sábado,16:00:00,BA,135.0,46,FORMOSA DO RIO PRETO,Reação tardia ou ineficiente do condutor,Saída de leito carroçável,Com Vítimas Fatais,Pleno dia,Decrescente,Céu Claro,Simples,Reta,Não,1.0,1.0,0.0,0.0,0.0,0.0,0.0,1.0,"-11,158883","-45,067116",SPRF-BA,DEL10-BA,UOP01-DEL10-BA
410517,2022-01-22,sábado,22:05:00,PI,407.0,"434,9",GEMINIANO,Pedestre andava na pista,Atropelamento de Pedestre,Com Vítimas Fatais,Plena Noite,Crescente,Céu Claro,Simples,Reta;Declive,Não,2.0,1.0,0.0,0.0,1.0,0.0,0.0,2.0,"-7,15241013","-41,3673551",SPRF-PI,DEL04-PI,UOP01-DEL04-PI
410520,2022-01-22,sábado,19:40:00,BA,101.0,942,MUCURI,Acessar a via sem observar a presença dos outros veículos,Colisão lateral sentido oposto,Com Vítimas Feridas,Plena Noite,Crescente,Chuva,Simples,Reta,Não,6.0,0.0,2.0,2.0,1.0,3.0,4.0,5.0,"-18,16840196","-39,91873914",SPRF-BA,DEL09-BA,UOP02-DEL09-BA
410524,2022-01-22,sábado,22:45:00,MG,116.0,516,UBAPORANGA,Ausência de reação do condutor,Colisão lateral mesmo sentido,Com Vítimas Feridas,Plena Noite,Decrescente,Céu Claro,Simples,Reta,Não,3.0,0.0,1.0,0.0,2.0,0.0,1.0,2.0,"-19,69633994","-42,11689689",SPRF-MG,DEL06-MG,UOP02-DEL06-MG
410564,2022-01-23,domingo,02:30:00,GO,153.0,444,ANAPOLIS,Ingestão de álcool e/ou substâncias psicoativas pelo pedestre,Colisão traseira,Com Vítimas Feridas,Plena Noite,Crescente,Céu Claro,Dupla,Reta,Sim,3.0,0.0,1.0,0.0,1.0,1.0,1.0,3.0,"-16,343756","-48,9245",SPRF-GO,DEL02-GO,UOP01-DEL02-GO
410566,2022-01-23,domingo,03:20:00,SC,101.0,140,BALNEARIO CAMBORIU,Ausência de reação do condutor,Colisão traseira,Com Vítimas Feridas,Plena Noite,Crescente,Nublado,Dupla,Aclive,Não,3.0,0.0,1.0,0.0,2.0,0.0,1.0,2.0,"-27,03881189","-48,60025148",SPRF-SC,DEL04-SC,UOP03-DEL04-SC
410574,2022-01-22,sábado,20:55:00,SC,101.0,"279,1",IMBITUBA,Condutor deixou de manter distância do veículo da frente,Colisão traseira,Com Vítimas Feridas,Plena Noite,Decrescente,Céu Claro,Dupla,Reta,Não,4.0,0.0,1.0,0.0,2.0,2.0,1.0,5.0,"-28,17131302","-48,69463482",SPRF-SC,DEL02-SC,UOP03-DEL02-SC
410579,2022-01-23,domingo,05:00:00,RS,285.0,458,IJUI,Ingestão de álcool pelo condutor,Colisão frontal,Com Vítimas Feridas,Plena Noite,Crescente,Céu Claro,Simples,Curva,Não,2.0,0.0,1.0,0.0,1.0,0.0,1.0,2.0,"-28,400869","-53,898464",SPRF-RS,DEL10-RS,UOP01-DEL10-RS
410581,2022-01-23,domingo,05:15:00,GO,40.0,36,LUZIANIA,Falta de elemento de contenção que evite a saída do leito carroçável,Tombamento,Com Vítimas Fatais,Amanhecer,Crescente,Céu Claro,Dupla,Reta,Não,2.0,1.0,0.0,0.0,0.0,2.0,0.0,3.0,"-16,32527","-47,839347",SPRF-DF,DEL01-DF,UOP01-DEL01-DF
410592,2022-01-23,domingo,07:40:00,SP,116.0,137,SAO JOSE DOS CAMPOS,Ausência de reação do condutor,Colisão traseira,Com Vítimas Feridas,Pleno dia,Crescente,Céu Claro,Dupla,Reta,Não,3.0,0.0,0.0,1.0,1.0,2.0,1.0,4.0,"-23,15300766","-45,78709317",SPRF-SP,DEL02-SP,UOP01-DEL02-SP
410597,2022-01-23,domingo,04:15:00,SC,282.0,350,CAMPOS NOVOS,Ingestão de substâncias psicoativas pelo condutor,Colisão frontal,Com Vítimas Feridas,Plena Noite,Decrescente,Céu Claro,Simples,Reta,Não,5.0,0.0,0.0,1.0,3.0,1.0,1.0,3.0,"-27,358767","-51,29229",SPRF-SC,DEL07-SC,UOP06-DEL07-SC
410599,2022-01-23,domingo,05:40:00,MG,262.0,"467,9",BOM DESPACHO,Ingestão de álcool pelo condutor,Tombamento,Sem Vítimas,Amanhecer,Decrescente,Céu Claro,Simples,Curva,Não,2.0,0.0,0.0,0.0,1.0,3.0,0.0,4.0,"-19,78705713","-45,20359039",SPRF-MG,DEL08-MG,UOP03-DEL08-MG
410606,2022-01-23,domingo,08:50:00,ES,262.0,80,DOMINGOS MARTINS,Ausência de reação do condutor,Saída de leito carroçável,Com Vítimas Feridas,Pleno dia,Decrescente,Sol,Simples,Curva,Não,2.0,0.0,0.0,1.0,0.0,1.0,1.0,2.0,"-20,40924049","-40,94035394",SPRF-ES,DEL01-ES,UOP02-DEL01-ES
410610,2022-01-23,domingo,09:15:00,ES,101.0,260,SERRA,Acessar a via sem observar a presença dos outros veículos,Colisão lateral mesmo sentido,Com Vítimas Feridas,Pleno dia,Decrescente,Céu Claro,Simples,Curva,Não,2.0,0.0,1.0,0.0,1.0,0.0,1.0,2.0,"-20,14616415","-40,28836206",SPRF-ES,DEL02-ES,UOP01-DEL02-ES
410614,2022-01-23,domingo,09:40:00,MT,70.0,514,VARZEA GRANDE,Acessar a via sem observar a presença dos outros veículos,Colisão transversal,Com Vítimas Fatais,Pleno dia,Decrescente,Céu Claro,Simples,Reta,Sim,2.0,1.0,0.0,0.0,0.0,1.0,0.0,2.0,"-15,7061428","-56,13224566",SPRF-MT,DEL01-MT,UOP02-DEL01-MT
410636,2022-01-23,domingo,08:00:00,PR,277.0,"451,4",LARANJEIRAS DO SUL,Desrespeitar a preferência no cruzamento,Colisão transversal,Com Vítimas Feridas,Amanhecer,Crescente,Céu Claro,Simples,Interseção de Vias;Reta,Não,4.0,0.0,0.0,2.0,1.0,2.0,2.0,4.0,"-25,37452651","-52,38873482",SPRF-PR,DEL04-PR,UOP02-DEL04-PR
410637,2022-01-23,domingo,10:00:00,MG,381.0,557,ITAGUARA,Mal súbito do condutor,Incêndio,Sem Vítimas,Pleno dia,Decrescente,Céu Claro,Dupla,Reta,Não,2.0,0.0,0.0,0.0,1.0,1.0,0.0,2.0,"-20,36904195","-44,46938756",SPRF-MG,DEL04-MG,UOP03-DEL04-MG
410638,2022-01-23,domingo,11:25:00,MG,381.0,596,CARMOPOLIS DE MINAS,Mal súbito do condutor,Saída de leito carroçável,Com Vítimas Feridas,Pleno dia,Crescente,Céu Claro,Dupla,Reta,Não,2.0,0.0,1.0,0.0,0.0,1.0,1.0,2.0,"-20,60213157","-44,71579002",SPRF-MG,DEL04-MG,UOP01-DEL04-MG
410639,2022-01-23,domingo,14:16:00,CE,116.0,"318,9",JAGUARIBE,Acessar a via sem observar a presença dos outros veículos,Colisão lateral mesmo sentido,Sem Vítimas,Pleno dia,Crescente,Céu Claro,Simples,Interseção de Vias;Rotatória;Reta,Não,2.0,0.0,0.0,0.0,1.0,1.0,0.0,2.0,"-5,97295597","-38,62911178",SPRF-CE,DEL05-CE,UOP02-DEL05-CE
410641,2022-01-23,domingo,11:25:00,MG,116.0,295,TEOFILO OTONI,Reação tardia ou ineficiente do condutor,Colisão lateral sentido oposto,Com Vítimas Feridas,Pleno dia,Crescente,Céu Claro,Simples,Curva,Não,4.0,0.0,2.0,0.0,1.0,1.0,2.0,3.0,"-17,997948","-41,575637",SPRF-MG,DEL11-MG,UOP01-DEL11-MG
410650,2022-01-23,domingo,15:00:00,TO,153.0,267,BRASILANDIA DO TOCANTINS,Chuva,Colisão transversal,Com Vítimas Fatais,Pleno dia,Crescente,Chuva,Simples,Curva,Não,4.0,1.0,1.0,1.0,0.0,1.0,2.0,3.0,"-8,23628803","-48,46562767",SPRF-TO,DEL02-TO,UOP02-DEL02-TO
410671,2022-01-23,domingo,15:15:00,MS,163.0,613,SAO GABRIEL DO OESTE,Transitar na contramão,Colisão frontal,Com Vítimas Feridas,Pleno dia,Crescente,Céu Claro,Simples,Reta,Sim,3.0,0.0,0.0,1.0,1.0,1.0,1.0,3.0,"-19,41385532","-54,55587234",SPRF-MS,DEL06-MS,UOP02-DEL06-MS
410673,2022-01-23,domingo,13:35:00,BA,101.0,402,IBIRAPITANGA,Velocidade Incompatível,Tombamento,Com Vítimas Feridas,Pleno dia,Crescente,Ignorado,Simples,Curva,Não,2.0,0.0,1.0,0.0,0.0,1.0,1.0,2.0,"-14,10785002","-39,36505811",SPRF-BA,DEL05-BA,UOP03-DEL05-BA
410690,2022-01-23,domingo,11:40:00,MG,116.0,195,CARAI,Pista esburacada,Tombamento,Sem Vítimas,Pleno dia,Crescente,Nublado,Simples,Curva,Não,1.0,0.0,0.0,0.0,1.0,0.0,0.0,1.0,"-17,20177201","-41,49138598",SPRF-MG,DEL11-MG,UOP01-DEL11-MG
410699,2022-01-23,domingo,15:45:00,MG,365.0,432,PATOS DE MINAS,Condutor deixou de manter distância do veículo da frente,Colisão traseira,Com Vítimas Feridas,Pleno dia,Decrescente,Céu Claro,Simples,Curva,Não,6.0,0.0,1.0,2.0,2.0,1.0,3.0,3.0,"-18,7611","-46,6712",SPRF-MG,DEL10-MG,UOP01-DEL10-MG
410702,2022-01-23,domingo,18:20:00,MS,163.0,37,ELDORADO,Ausência de reação do condutor,Colisão frontal,Com Vítimas Fatais,Anoitecer,Crescente,Céu Claro,Simples,Reta,Não,13.0,2.0,8.0,2.0,0.0,3.0,10.0,8.0,"-23,80317571","-54,3038891",SPRF-MS,DEL09-MS,UOP02-DEL09-MS
410704,2022-01-23,domingo,13:50:00,CE,116.0,515,BREJO SANTO,Transitar na contramão,Colisão frontal,Com Vítimas Fatais,Pleno dia,Decrescente,Céu Claro,Simples,Reta,Não,3.0,1.0,0.0,0.0,1.0,3.0,0.0,5.0,"-7,564275","-39,020442",SPRF-CE,DEL05-CE,UOP03-DEL05-CE
410708,2022-01-23,domingo,15:00:00,MT,364.0,348,SANTO ANTONIO DO LEVERGER,Velocidade Incompatível,Tombamento,Com Vítimas Feridas,Pleno dia,Crescente,Nublado,Dupla,Curva,Não,3.0,0.0,1.0,0.0,1.0,4.0,1.0,6.0,"-15,80416834","-55,55429598",SPRF-MT,DEL05-MT,UOP02-DEL05-MT