id,data_inversa,dia_semana,horario,uf,br,km,municipio,causa_acidente,tipo_acidente,classificacao_acidente,fase_dia,sentido_via,condicao_metereologica,tipo_pista,tracado_via,uso_solo,pessoas,mortos,feridos_leves,feridos_graves,ilesos,ignorados,feridos,veiculos,latitude,longitude,regional,delegacia,uop
411362,2022-01-27,quinta-feira,11:40:00,RS,468.0,3,PALMEIRA DAS MISSOES,Desrespeitar a preferência no cruzamento,Colisão transversal,Com Vítimas Feridas,Pleno dia,Decrescente,Nublado,Simples,Interseção de Vias,Não,4.0,0.0,1.0,0.0,2.0,1.0,1.0,3.0,"-27,86713824","-53,34300903",SPRF-RS,DEL08-RS,UOP01-DEL08-RS
411375,2022-01-27,quinta-feira,12:05:00,SC,101.0,"339,6",TUBARAO,Desrespeitar a preferência no cruzamento,Saída de leito carroçável,Com Vítimas Feridas,Pleno dia,Decrescente,Chuva,Simples,Interseção de Vias,Sim,2.0,0.0,1.0,0.0,0.0,1.0,1.0,2.0,"-28,49351117","-49,04178985",SPRF-SC,DEL02-SC,UOP01-DEL02-SC
411377,2022-01-27,quinta-feira,10:50:00,BA,116.0,906,CANDIDO SALES,Reação tardia ou ineficiente do condutor,Colisão lateral mesmo sentido,Com Vítimas Feridas,Pleno dia,Decrescente,Céu Claro,Simples,Declive,Não,3.0,0.0,1.0,0.0,1.0,1.0,1.0,3.0,"-15,40449212","-41,20958671",SPRF-BA,DEL08-BA,UOP03-DEL08-BA
411379,2022-01-27,quinta-feira,13:00:00,RO,364.0,711,PORTO VELHO,Acessar a via sem observar a presença dos outros veículos,Tombamento,Com Vítimas Feridas,Pleno dia,Decrescente,Céu Claro,Múltipla,Reta,Sim,2.0,0.0,1.0,0.0,1.0,0.0,1.0,2.0,"-8,77961744","-63,86967301",SPRF-RO,DEL01-RO,UOP01-DEL01-RO
411412,2022-01-27,quinta-feira,06:50:00,MS,158.0,176,APARECIDA DO TABOADO,Demais falhas na via,Saída de leito carroçável,Com Vítimas Feridas,Pleno dia,Crescente,Sol,Simples,Curva,Não,2.0,0.0,1.0,0.0,0.0,1.0,1.0,2.0,"-20,23576038","-51,33193583",SPRF-MS,DEL08-MS,UOP01-DEL08-MS
411417,2022-01-27,quinta-feira,13:55:00,MT,70.0,234,POXOREO,Ingestão de álcool pelo condutor,Tombamento,Com Vítimas Feridas,Pleno dia,Crescente,Nublado,Simples,Reta,Não,2.0,0.0,1.0,0.0,0.0,2.0,1.0,3.0,"-15,63183384","-53,97570697",SPRF-MT,DEL05-MT,UOP01-DEL05-MT
411419,2022-01-27,quinta-feira,09:35:00,RS,470.0,207,BENTO GONCALVES,Acessar a via sem observar a presença dos outros veículos,Colisão transversal,Com Vítimas Feridas,Pleno dia,Crescente,Chuva,Simples,Reta,Sim,4.0,0.0,2.0,0.0,2.0,0.0,2.0,2.0,"-29,10466121","-51,543716",SPRF-RS,DEL06-RS,UOP01-DEL06-RS
411422,2022-01-27,quinta-feira,14:30:00,MS,163.0,555,BANDEIRANTES,Acumulo de água sobre o pavimento,Colisão frontal,Com Vítimas Feridas,Pleno dia,Crescente,Chuva,Simples,Curva;Declive,Não,3.0,0.0,1.0,1.0,1.0,0.0,2.0,2.0,"-19,86479399","-54,36871565",SPRF-MS,DEL01-MS,UOP02-DEL01-MS
411423,2022-01-20,quinta-feira,15:00:00,CE,222.0,"25,3",CAUCAIA,Transitar na contramão,Colisão lateral sentido oposto,Com Vítimas Fatais,Pleno dia,Decrescente,Nublado,Simples,Em Obras;Reta,Não,2.0,1.0,0.0,0.0,1.0,0.0,0.0,2.0,"-3,725224","-38,781226",SPRF-CE,DEL01-CE,UOP01-DEL01-CE
411425,2022-01-27,quinta-feira,16:15:00,PR,116.0,52,CAMPINA GRANDE DO SUL,Reação tardia ou ineficiente do condutor,Saída de leito carroçável,Sem Vítimas,Anoitecer,Crescente,Chuva,Dupla,Curva;Declive,Não,3.0,0.0,0.0,0.0,2.0,2.0,0.0,3.0,"-25,24905809","-48,90839593",SPRF-PR,DEL01-PR,UOP02-DEL01-PR
411426,2022-01-27,quinta-feira,15:20:00,MG,262.0,379,JUATUBA,Demais falhas mecânicas ou elétricas,Incêndio,Sem Vítimas,Pleno dia,Crescente,Céu Claro,Dupla,Aclive;Curva,Não,2.0,0.0,0.0,0.0,1.0,1.0,0.0,2.0,"-19,95241506","-44,37342001",SPRF-MG,DEL01-MG,UOP03-DEL01-MG
411434,2022-01-27,quinta-feira,11:45:00,GO,364.0,223,JATAI,Acesso irregular,Tombamento,Com Vítimas Feridas,Pleno dia,Decrescente,Céu Claro,Simples,Reta,Não,1.0,0.0,1.0,0.0,0.0,0.0,1.0,1.0,"-17,836323","-51,944599",SPRF-GO,DEL05-GO,UOP01-DEL05-GO
411439,2022-01-27,quinta-feira,16:00:00,SC,470.0,"111,3",IBIRAMA,Transitar na contramão,Colisão frontal,Com Vítimas Feridas,Pleno dia,Decrescente,Chuva,Simples,Curva,Não,6.0,0.0,2.0,0.0,3.0,3.0,2.0,5.0,"-27,095388","-49,457878",SPRF-SC,DEL04-SC,UOP02-DEL04-SC
411442,2022-01-27,quinta-feira,16:00:00,CE,116.0,"92,8",MORADA NOVA,Velocidade Incompatível,Saída de leito carroçável,Sem Vítimas,Pleno dia,Crescente,Nublado,Simples,Curva,Sim,1.0,0.0,0.0,0.0,1.0,0.0,0.0,1.0,"-4,48785409","-38,36075064",SPRF-CE,DEL03-CE,UOP02-DEL03-CE
411444,2022-01-27,quinta-feira,13:35:00,PR,476.0,"353,1",UNIAO DA VITORIA,Frear bruscamente,Colisão com objeto,Sem Vítimas,Pleno dia,Decrescente,Chuva,Simples,Declive,Não,2.0,0.0,0.0,0.0,1.0,2.0,0.0,3.0,"-26,198172","-51,002659",SPRF-PR,DEL02-PR,UOP03-DEL02-PR
411446,2022-01-27,quinta-feira,17:50:00,ES,101.0,"267,5",SERRA,Condutor desrespeitou a iluminação vermelha do semáforo,Atropelamento de Pedestre,Com Vítimas Feridas,Anoitecer,Crescente,Céu Claro,Múltipla,Reta;Interseção de Vias,Sim,4.0,0.0,0.0,1.0,0.0,3.0,1.0,2.0,"-20,19930999","-40,26884609",SPRF-ES,DEL02-ES,UOP01-DEL02-ES
411452,2022-01-27,quinta-feira,16:20:00,GO,60.0,383,RIO VERDE,Reação tardia ou ineficiente do condutor,Tombamento,Com Vítimas Feridas,Pleno dia,Crescente,Garoa/Chuvisco,Dupla,Reta,Sim,2.0,0.0,1.0,0.0,0.0,2.0,1.0,3.0,"-17,7845","-50,9002",SPRF-GO,DEL04-GO,UOP01-DEL04-GO
411456,2022-01-27,quinta-feira,18:50:00,BA,116.0,853,VITORIA DA CONQUISTA,Condutor deixou de manter distância do veículo da frente,Saída de leito carroçável,Com Vítimas Feridas,Plena Noite,Crescente,Nublado,Simples,Reta,Não,1.0,0.0,1.0,0.0,0.0,0.0,1.0,1.0,"-15,08267793","-41,00965284",SPRF-BA,DEL08-BA,UOP01-DEL08-BA
411464,2022-01-27,quinta-feira,08:00:00,MG,251.0,274,SALINAS,Reação tardia ou ineficiente do condutor,Engavetamento,Com Vítimas Feridas,Pleno dia,Decrescente,Ignorado,Simples,Curva,Não,5.0,0.0,0.0,1.0,2.0,3.0,1.0,5.0,"-16,0102061","-42,05592376",SPRF-MG,DEL11-MG,UOP02-DEL11-MG
411467,2022-01-27,quinta-feira,17:00:00,MT,163.0,853,SINOP,Condutor deixou de manter distância do veículo da frente,Colisão traseira,Com Vítimas Feridas,Pleno dia,Decrescente,Nublado,Simples,Reta,Não,2.0,0.0,1.0,0.0,0.0,1.0,1.0,2.0,"-11,69930886","-55,45337963",SPRF-MT,DEL06-MT,NPF/DEL06-MT
411480,2022-01-27,quinta-feira,20:30:00,PR,277.0,366,GUARAPUAVA,Reação tardia ou ineficiente do condutor,Colisão frontal,Com Vítimas Fatais,Plena Noite,Decrescente,Nublado,Simples,Reta,Não,5.0,1.0,0.0,0.0,2.0,3.0,0.0,6.0,"-25,422439","-51,666049",SPRF-PR,DEL08-PR,UOP01-DEL08-PR
411505,2022-01-28,sexta-feira,02:45:00,PI,343.0,"311,8",ALTOS,Ausência de reação do condutor,Saída de leito carroçável,Com Vítimas Feridas,Plena Noite,Crescente,Chuva,Simples,Reta,Não,3.0,0.0,2.0,0.0,1.0,0.0,2.0,1.0,"-5,039865","-42,49408",SPRF-PI,DEL01-PI,UOP01-DEL01-PI
411507,2022-01-28,sexta-feira,03:00:00,PR,476.0,135,CURITIBA,Condutor deixou de manter distância do veículo da frente,Colisão transversal,Com Vítimas Fatais,Plena Noite,Crescente,Nublado,Dupla,Interseção de Vias,Sim,3.0,1.0,0.0,0.0,1.0,1.0,0.0,3.0,"-25,483786","-49,265808",SPRF-PR,DEL01-PR,UOP03-DEL01-PR
411509,2022-01-28,sexta-feira,03:00:00,MG,262.0,"364,5",JUATUBA,Condutor Dormindo,Saída de leito carroçável,Com Vítimas Feridas,Plena Noite,Crescente,Nublado,Dupla,Aclive;Curva,Não,2.0,0.0,1.0,0.0,0.0,1.0,1.0,2.0,"-19,98290644","-44,24492623",SPRF-MG,DEL01-MG,UOP03-DEL01-MG
411512,2022-01-28,sexta-feira,03:40:00,ES,259.0,"39,8",COLATINA,Transitar na contramão,Colisão frontal,Com Vítimas Feridas,Plena Noite,Crescente,Céu Claro,Simples,Reta,Não,2.0,0.0,0.0,1.0,1.0,0.0,1.0,2.0,"-19,55773871","-40,52959898",SPRF-ES,DEL02-ES,UOP01-DEL02-ES
411518,2022-01-27,quinta-feira,22:10:00,SC,280.0,"224,4",TRES BARRAS,Condutor deixou de manter distância do veículo da frente,Colisão traseira,Com Vítimas Feridas,Plena Noite,Decrescente,Chuva,Simples,Reta,Não,2.0,0.0,0.0,1.0,1.0,0.0,1.0,2.0,"-26,17513189","-50,30394805",SPRF-SC,DEL06-SC,UOP04-DEL06-SC
411520,2022-01-28,sexta-feira,01:20:00,SC,280.0,"277,1",IRINEOPOLIS,Transitar na contramão,Colisão frontal,Com Vítimas Fatais,Plena Noite,Decrescente,Chuva,Simples,Reta;Aclive,Não,3.0,1.0,0.0,0.0,1.0,2.0,0.0,4.0,"-26,2921589","-50,7930042",SPRF-SC,DEL06-SC,UOP04-DEL06-SC
411526,2022-01-28,sexta-feira,06:30:00,ES,262.0,"128,3",CONCEICAO DO CASTELO,Condutor Dormindo,Saída de leito carroçável,Sem Vítimas,Pleno dia,Decrescente,Céu Claro,Simples,Reta,Não,2.0,0.0,0.0,0.0,1.0,1.0,0.0,2.0,"-20,26097915","-41,27933414",SPRF-ES,DEL01-ES,UOP02-DEL01-ES
411540,2022-01-28,sexta-feira,02:30:00,GO,452.0,121,BOM JESUS DE GOIAS,Ingestão de álcool pelo condutor,Colisão transversal,Com Vítimas Feridas,Plena Noite,Decrescente,Nublado,Simples,Reta,Não,3.0,0.0,1.0,0.0,1.0,4.0,1.0,6.0,"-18,195696","-49,819237",SPRF-GO,DEL03-GO,UOP02-DEL03-GO
411549,2022-01-28,sexta-feira,08:30:00,SP,116.0,"200,9",ARUJA,Velocidade Incompatível,Tombamento,Sem Vítimas,Pleno dia,Crescente,Nublado,Dupla,Curva,Não,2.0,0.0,0.0,0.0,1.0,1.0,0.0,2.0,"-23,40280429","-46,32434607",SPRF-SP,DEL01-SP,UOP01-DEL01-SP
411556,2022-01-28,sexta-feira,07:40:00,RO,435.0,35,VILHENA,Demais falhas mecânicas ou elétricas,Saída de leito carroçável,Com Vítimas Feridas,Pleno dia,Crescente,Sol,Simples,Curva,Não,1.0,0.0,1.0,0.0,0.0,0.0,1.0,1.0,"-12,84736708","-60,37897271",SPRF-RO,DEL04-RO,UOP02-DEL04-RO
411557,2022-01-28,sexta-feira,10:05:00,ES,101.0,199,JOAO NEIVA,Ausência de reação do condutor,Colisão traseira,Com Vítimas Fatais,Pleno dia,Decrescente,Sol,Simples,Reta,Não,2.0,1.0,0.0,0.0,1.0,0.0,0.0,2.0,"-19,7194628","-40,34959416",SPRF-ES,DEL04-ES,UOP01-DEL04-ES
411558,2022-01-28,sexta-feira,09:58:00,CE,304.0,46,ARACATI,Velocidade Incompatível,Saída de leito carroçável,Sem Vítimas,Pleno dia,Decrescente,Nublado,Dupla,Interseção de Vias,Sim,2.0,0.0,0.0,0.0,1.0,1.0,0.0,2.0,"-4,57510003","-37,79823699",SPRF-CE,DEL03-CE,UOP03-DEL03-CE
411559,2022-01-28,sexta-feira,06:00:00,PE,424.0,68,CAETES,Demais falhas mecânicas ou elétricas,Saída de leito carroçável,Com Vítimas Feridas,Pleno dia,Crescente,Nublado,Simples,Aclive,Sim,1.0,0.0,1.0,0.0,0.0,0.0,1.0,1.0,"-8,76884574","-36,63537082",SPRF-PE,DEL03-PE,UOP01-DEL03-PE
411566,2022-01-28,sexta-feira,09:00:00,SP,116.0,362,MIRACATU,Velocidade Incompatível,Tombamento,Com Vítimas Feridas,Pleno dia,Crescente,Nublado,Dupla,Curva,Não,2.0,0.0,1.0,0.0,0.0,1.0,1.0,2.0,"-24,12253067","-47,27140188",SPRF-SP,DEL04-SP,UOP02-DEL04-SP
411569,2022-01-28,sexta-feira,12:00:00,RS,101.0,"21,3",TRES CACHOEIRAS,Ausência de reação do condutor,Colisão traseira,Com Vítimas Feridas,Pleno dia,Crescente,Nublado,Dupla,Reta,Sim,2.0,0.0,1.0,0.0,1.0,0.0,1.0,2.0,"-29,43444872","-49,89334896",SPRF-RS,DEL03-RS,UOP02-DEL03-RS
411571,2022-01-28,sexta-feira,12:10:00,MG,40.0,"468,5",SETE LAGOAS,Reação tardia ou ineficiente do condutor,Colisão lateral mesmo sentido,Com Vítimas Feridas,Pleno dia,Decrescente,Céu Claro,Dupla,Reta;Aclive,Não,3.0,0.0,1.0,0.0,2.0,0.0,1.0,3.0,"-19,45630182","-44,30941888",SPRF-MG,DEL02-MG,UOP01-DEL02-MG
411576,2022-01-28,sexta-feira,05:30:00,MT,364.0,511,JANGADA,Acostamento em desnível,Saída de leito carroçável,Com Vítimas Feridas,Amanhecer,Decrescente,Chuva,Simples,Reta,Não,2.0,0.0,0.0,2.0,0.0,0.0,2.0,1.0,"-15,17443126","-56,52465724",SPRF-MT,DEL01-MT,UOP01-DEL01-MT
411577,2022-01-28,sexta-feira,10:00:00,SC,470.0,"289,7",CAMPOS NOVOS,Desrespeitar a preferência no cruzamento,Colisão frontal,Com Vítimas Feridas,Pleno dia,Crescente,Garoa/Chuvisco,Simples,Interseção de Vias,Não,2.0,0.0,1.0,1.0,0.0,0.0,2.0,2.0,"-27,333546","-50,95219",SPRF-SC,DEL07-SC,UOP06-DEL07-SC
411580,2022-01-28,sexta-feira,12:00:00,MG,381.0,"389,2",BARAO DE COCAIS,Transitar na contramão,Colisão frontal,Com Vítimas Feridas,Pleno dia,Decrescente,Nublado,Simples,Curva,Não,3.0,0.0,0.0,1.0,1.0,1.0,1.0,3.0,"-19,781548","-43,436355",SPRF-MG,DEL01-MG,UOP01-DEL01-MG
411581,2022-01-28,sexta-feira,12:00:00,PE,428.0,"71,8",SANTA MARIA DA BOA VISTA,Manobra de mudança de faixa,Colisão lateral mesmo sentido,Com Vítimas Feridas,Pleno dia,Crescente,Céu Claro,Simples,Reta,Não,6.0,0.0,1.0,0.0,5.0,0.0,1.0,3.0,"-8,70240405","-39,76912477",SPRF-PE,DEL06-PE,UOP03-DEL06-PE
411583,2022-01-28,sexta-feira,13:12:00,SP,153.0,"61,2",SAO JOSE DO RIO PRETO,Ausência de reação do condutor,Colisão traseira,Com Vítimas Feridas,Pleno dia,Decrescente,Nublado,Dupla,Reta,Sim,3.0,0.0,1.0,0.0,1.0,3.0,1.0,5.0,"-20,80502876","-49,35574909",SPRF-SP,DEL09-SP,UOP01-DEL09-SP
411586,2022-01-28,sexta-feira,12:30:00,MG,381.0,365,SAO GONCALO DO RIO ABAIXO,Chuva,Colisão frontal,Com Vítimas Fatais,Pleno dia,Decrescente,Chuva,Simples,Curva;Declive,Não,4.0,1.0,0.0,2.0,1.0,0.0,2.0,2.0,"-19,859257","-43,225422",SPRF-MG,DEL03-MG,UOP01-DEL03-MG
411589,2022-01-28,sexta-feira,10:35:00,RJ,116.0,315,ITATIAIA,Mal súbito do condutor,Queda de ocupante de veículo,Com Vítimas Fatais,Pleno dia,Decrescente,Nublado,Dupla,Reta,Não,3.0,1.0,0.0,0.0,1.0,1.0,0.0,3.0,"-22,47911937","-44,53063242",SPRF-RJ,DEL07-RJ,UOP02-DEL07-RJ
411597,2022-01-28,sexta-feira,13:15:00,MG,116.0,"594,7",MANHUACU,Velocidade Incompatível,Tombamento,Sem Vítimas,Pleno dia,Crescente,Céu Claro,Simples,Curva,Não,2.0,0.0,0.0,0.0,1.0,1.0,0.0,2.0,"-20,286913","-42,14642798",SPRF-MG,DEL06-MG,UOP03-DEL06-MG
411602,2022-01-28,sexta-feira,13:30:00,GO,153.0,512,APARECIDA DE GOIANIA,Reação tardia ou ineficiente do condutor,Colisão lateral mesmo sentido,Sem Vítimas,Pleno dia,Decrescente,Céu Claro,Dupla,Declive,Sim,2.0,0.0,0.0,0.0,2.0,0.0,0.0,2.0,"-16,8156","-49,2402",SPRF-GO,DEL01-GO,UOP03-DEL01-GO
411612,2022-01-28,sexta-feira,14:20:00,RJ,393.0,224,VASSOURAS,Transitar na contramão,Colisão frontal,Com Vítimas Fatais,Pleno dia,Crescente,Céu Claro,Simples,Reta,Não,3.0,1.0,0.0,0.0,1.0,1.0,0.0,3.0,"-22,33729499","-43,55220201",SPRF-RJ,DEL05-RJ,UOP03-DEL05-RJ
411614,2022-01-28,sexta-feira,14:30:00,BA,101.0,665,ITAPEBI,Curva acentuada,Tombamento,Com Vítimas Feridas,Pleno dia,Decrescente,Céu Claro,Simples,Curva,Não,8.0,0.0,1.0,0.0,6.0,1.0,1.0,3.0,"-15,98575402","-39,56932068",SPRF-BA,DEL09-BA,UOP01-DEL09-BA
411618,2022-01-28,sexta-feira,15:40:00,PR,476.0,142,CURITIBA,Demais falhas mecânicas ou elétricas,Tombamento,Com Vítimas Feridas,Pleno dia,Decrescente,Garoa/Chuvisco,Dupla,Reta;Declive,Sim,4.0,0.0,1.0,1.0,1.0,1.0,2.0,3.0,"-25,537161","-49,301632",SPRF-PR,DEL01-PR,UOP03-DEL01-PR
411621,2022-01-28,sexta-feira,07:00:00,GO,364.0,295,MINEIROS,Reação tardia ou ineficiente do condutor,Tombamento,Com Vítimas Feridas,Pleno dia,Decrescente,Nublado,Simples,Declive;Curva,Não,2.0,0.0,1.0,0.0,0.0,2.0,1.0,3.0,"-17,578367","-52,5093",SPRF-GO,DEL05-GO,UOP01-DEL05-GO
411629,2022-01-28,sexta-feira,16:55:00,PA,316.0,53,CASTANHAL,Condutor deixou de manter distância do veículo da frente,Colisão traseira,Sem Vítimas,Pleno dia,Crescente,Chuva,Dupla,Reta,Sim,2.0,0.0,0.0,0.0,2.0,0.0,0.0,2.0,"-1,30643485","-48,01696002",SPRF-PA,DEL01-PA,UOP01-DEL01-PA
411631,2022-01-28,sexta-feira,16:20:00,ES,101.0,271,SERRA,Trafegar com motocicleta (ou similar) entre as faixas,Colisão lateral mesmo sentido,Com Vítimas Feridas,Pleno dia,Decrescente,Sol,Dupla,Reta,Sim,3.0,0.0,1.0,0.0,1.0,1.0,1.0,3.0,"-20,23267","-40,27658",SPRF-ES,DEL02-ES,UOP01-DEL02-ES
411633,2022-01-28,sexta-feira,13:10:00,MG,251.0,314,SALINAS,Ingestão de álcool pelo condutor,Tombamento,Sem Vítimas,Pleno dia,Crescente,Céu Claro,Simples,Reta,Não,2.0,0.0,0.0,0.0,1.0,1.0,0.0,2.0,"-16,17461813","-42,33191425",SPRF-MG,DEL11-MG,UOP02-DEL11-MG
411635,2022-01-28,sexta-feira,17:50:00,GO,153.0,507,APARECIDA DE GOIANIA,Reação tardia ou ineficiente do condutor,Queda de ocupante de veículo,Com Vítimas Feridas,Anoitecer,Crescente,Céu Claro,Dupla,Reta,Não,2.0,0.0,1.0,0.0,1.0,0.0,1.0,2.0,"-16,7715","-49,2387",SPRF-GO,DEL01-GO,UOP03-DEL01-GO
411637,2022-01-28,sexta-feira,16:30:00,SC,280.0,162,MAFRA,Conversão proibida,Colisão traseira,Com Vítimas Feridas,Pleno dia,Decrescente,Garoa/Chuvisco,Simples,Reta,Sim,3.0,0.0,1.0,0.0,2.0,0.0,1.0,2.0,"-26,20386631","-49,79088509",SPRF-SC,DEL06-SC,UOP03-DEL06-SC
411641,2022-01-28,sexta-feira,11:00:00,PA,10.0,312,IRITUIA,Reação tardia ou ineficiente do condutor,Tombamento,Com Vítimas Feridas,Pleno dia,Crescente,Nublado,Simples,Reta,Não,2.0,0.0,0.0,1.0,0.0,2.0,1.0,3.0,"-1,70219802","-47,5023325",SPRF-PA,DEL01-PA,UOP02-DEL01-PA
411644,2022-01-28,sexta-feira,06:00:00,BA,324.0,524,FEIRA DE SANTANA,Pedestre andava na pista,Atropelamento de Pedestre,Com Vítimas Fatais,Amanhecer,Crescente,Céu Claro,Dupla,Reta,Não,2.0,1.0,0.0,0.0,0.0,1.0,0.0,2.0,"-12,2955119","-38,90487093",SPRF-BA,DEL01-BA,UOP03-DEL01-BA
411647,2022-01-28,sexta-feira,16:30:00,MS,163.0,"560,6",BANDEIRANTES,Condutor Dormindo,Saída de leito carroçável,Com Vítimas Feridas,Pleno dia,Crescente,Céu Claro,Simples,Reta,Não,2.0,0.0,0.0,1.0,0.0,1.0,1.0,2.0,"-19,81975901","-54,37075827",SPRF-MS,DEL01-MS,UOP02-DEL01-MS
411661,2022-01-28,sexta-feira,18:50:00,DF,20.0,9,BRASILIA,Condutor deixou de manter distância do veículo da frente,Engavetamento,Com Vítimas Feridas,Plena Noite,Crescente,Nublado,Dupla,Aclive,Sim,4.0,0.0,1.0,0.0,3.0,0.0,1.0,3.0,"-15,65685216","-47,788167",SPRF-DF,DEL02-DF,UOP01-DEL02-DF
411663,2022-01-28,sexta-feira,15:57:00,MA,135.0,"4,3",SAO LUIS,Trafegar com motocicleta (ou similar) entre as faixas,Tombamento,Com Vítimas Fatais,Pleno dia,Crescente,Nublado,Dupla,Reta,Sim,3.0,1.0,0.0,0.0,1.0,2.0,0.0,4.0,"-2,641928","-44,30928",SPRF-MA,DEL01-MA,UOP01-DEL01-MA
411664,2022-01-28,sexta-feira,19:20:00,SC,282.0,19,PALHOCA,Condutor deixou de manter distância do veículo da frente,Engavetamento,Com Vítimas Fatais,Plena Noite,Crescente,Garoa/Chuvisco,Múltipla,Reta,Não,6.0,1.0,0.0,3.0,2.0,0.0,3.0,3.0,"-27,678635","-48,70192",SPRF-SC,DEL01-SC,UOP02-DEL01-SC
411667,2022-01-28,sexta-feira,16:15:00,RO,364.0,423,JARU,Condutor deixou de manter distância do veículo da frente,Colisão traseira,Sem Vítimas,Pleno dia,Crescente,Chuva,Simples,Reta,Não,2.0,0.0,0.0,0.0,2.0,0.0,0.0,2.0,"-10,45220802","-62,46072003",SPRF-RO,DEL03-RO,UOP02-DEL03-RO
411674,2022-01-28,sexta-feira,20:20:00,SP,116.0,"307,5",SAO LOURENCO DA SERRA,Manobra de mudança de faixa,Colisão lateral mesmo sentido,Com Vítimas Feridas,Plena Noite,Crescente,Chuva,Dupla,Curva,Não,7.0,0.0,1.0,0.0,5.0,1.0,1.0,3.0,"-23,85630016","-46,94096988",SPRF-SP,DEL04-SP,UOP01-DEL04-SP
411675,2022-01-28,sexta-feira,14:30:00,SP,153.0,"199,5",GETULINA,Avarias e/ou desgaste excessivo no pneu,Tombamento,Sem Vítimas,Pleno dia,Crescente,Chuva,Simples,Reta,Não,1.0,0.0,0.0,0.0,1.0,0.0,0.0,1.0,"-21,810938","-49,90137599",SPRF-SP,DEL07-SP,UOP01-DEL07-SP
411679,2022-01-28,sexta-feira,20:00:00,SC,470.0,"114,7",IBIRAMA,Condutor deixou de manter distância do veículo da frente,Saída de leito carroçável,Com Vítimas Feridas,Plena Noite,Decrescente,Garoa/Chuvisco,Simples,Curva,Não,2.0,0.0,1.0,0.0,0.0,1.0,1.0,2.0,"-27,086386","-49,478001",SPRF-SC,DEL04-SC,UOP02-DEL04-SC
411683,2022-01-28,sexta-feira,20:55:00,PB,101.0,119,CAAPORA,Acumulo de água sobre o pavimento,Colisão com objeto,Sem Vítimas,Plena Noite,Crescente,Chuva,Dupla,Declive;Ponte,Não,6.0,0.0,0.0,0.0,5.0,1.0,0.0,5.0,"-7,42897814","-34,96672977",SPRF-PB,DEL01-PB,UOP02-DEL01-PB
411685,2022-01-28,sexta-feira,13:35:00,TO,153.0,"793,3",TALISMA,Reação tardia ou ineficiente do condutor,Tombamento,Com Vítimas Feridas,Pleno dia,Crescente,Sol,Simples,Em Obras,Sim,2.0,0.0,1.0,0.0,0.0,13.0,1.0,14.0,"-12,788952","-49,092148",SPRF-TO,DEL01-TO,UOP02-DEL01-TO
411708,2022-01-28,sexta-feira,14:28:00,MS,262.0,"9,5",TRES LAGOAS,Condutor deixou de manter distância do veículo da frente,Colisão traseira,Sem Vítimas,Pleno dia,Decrescente,Céu Claro,Simples,Curva,Não,3.0,0.0,0.0,0.0,3.0,0.0,0.0,2.0,"-20,80451613","-51,68678981",SPRF-MS,DEL07-MS,UOP01-DEL07-MS
411713,2022-01-28,sexta-feira,12:00:00,SP,116.0,347,MIRACATU,Reação tardia ou ineficiente do condutor,Tombamento,Com Vítimas Fatais,Pleno dia,Crescente,Garoa/Chuvisco,Dupla,Curva,Não,2.0,1.0,0.0,0.0,0.0,1.0,0.0,2.0,"-24,04699491","-47,19706111",SPRF-SP,DEL04-SP,UOP02-DEL04-SP
411715,2022-01-29,sábado,03:00:00,AL,101.0,"64,2",MESSIAS,Reação tardia ou ineficiente do condutor,Tombamento,Com Vítimas Feridas,Plena Noite,Crescente,Céu Claro,Dupla,Curva,Não,1.0,0.0,1.0,0.0,0.0,0.0,1.0,1.0,"-9,31533293","-35,83028732",SPRF-AL,DEL01-AL,UOP02-DEL01-AL
411725,2022-01-29,sábado,03:15:00,RJ,101.0,293,ITABORAI,Transitar na contramão,Colisão frontal,Sem Vítimas,Plena Noite,Crescente,Garoa/Chuvisco,Dupla,Reta,Não,2.0,0.0,0.0,0.0,2.0,0.0,0.0,2.0,"-22,756203","-42,88724",SPRF-RJ,DEL02-RJ,UOP02-DEL02-RJ
411731,2022-01-29,sábado,05:20:00,ES,101.0,"300,4",VIANA,Entrada inopinada do pedestre,Atropelamento de Pedestre,Com Vítimas Fatais,Pleno dia,Decrescente,Céu Claro,Dupla,Reta,Sim,5.0,1.0,0.0,0.0,1.0,3.0,0.0,3.0,"-20,36011788","-40,43388247",SPRF-ES,DEL01-ES,UOP01-DEL01-ES
411742,2022-01-29,sábado,06:10:00,AP,210.0,33,MACAPA,Reação tardia ou ineficiente do condutor,Colisão lateral sentido oposto,Com Vítimas Feridas,Amanhecer,Crescente,Garoa/Chuvisco,Simples,Curva,Não,5.0,0.0,4.0,0.0,1.0,0.0,4.0,2.0,"0,30376691","-51,08461846",SPRF-AP,DEL01-AP,UOP01-DEL01-AP
411744,2022-01-29,sábado,06:55:00,MG,251.0,"438,8",GRAO MOGOL,Demais falhas mecânicas ou elétricas,Incêndio,Sem Vítimas,Amanhecer,Decrescente,Nublado,Simples,Reta,Não,2.0,0.0,0.0,0.0,1.0,1.0,0.0,2.0,"-16,39866658","-43,21253532",SPRF-MG,DEL12-MG,UOP01-DEL12-MG