id,data_inversa,dia_semana,horario,uf,br,km,municipio,causa_acidente,tipo_acidente,classificacao_acidente,fase_dia,sentido_via,condicao_metereologica,tipo_pista,tracado_via,uso_solo,pessoas,mortos,feridos_leves,feridos_graves,ilesos,ignorados,feridos,veiculos,latitude,longitude,regional,delegacia,uop
412208,2022-01-31,segunda-feira,12:35:00,GO,153.0,121,ESTRELA DO NORTE,Reação tardia ou ineficiente do condutor,Colisão transversal,Com Vítimas Fatais,Pleno dia,Decrescente,Céu Claro,Simples,Reta,Não,6.0,1.0,0.0,3.0,1.0,1.0,3.0,3.0,"-13,831677","-49,043766",SPRF-GO,DEL07-GO,UOP01-DEL07-GO
412211,2022-01-31,segunda-feira,19:00:00,SP,116.0,282,EMBU DAS ARTES,Condutor deixou de manter distância do veículo da frente,Colisão traseira,Com Vítimas Feridas,Anoitecer,Crescente,Garoa/Chuvisco,Dupla,Reta,Não,2.0,0.0,1.0,0.0,1.0,0.0,1.0,2.0,"-23,68570216","-46,85970975",SPRF-SP,DEL04-SP,UOP01-DEL04-SP
412221,2022-01-31,segunda-feira,19:30:00,SC,470.0,132,LONTRAS,Ingestão de álcool pelo condutor,Colisão frontal,Com Vítimas Feridas,Plena Noite,Crescente,Nublado,Simples,Reta,Não,3.0,0.0,1.0,0.0,1.0,2.0,1.0,4.0,"-27,170237","-49,574718",SPRF-SC,DEL04-SC,UOP02-DEL04-SC
412222,2022-01-31,segunda-feira,18:40:00,SC,116.0,"117,8",SANTA CECILIA,Velocidade Incompatível,Tombamento,Sem Vítimas,Anoitecer,Crescente,Céu Claro,Simples,Curva;Declive,Não,2.0,0.0,0.0,0.0,1.0,2.0,0.0,3.0,"-26,81731599","-50,35097407",SPRF-SC,DEL06-SC,UOP02-DEL06-SC
412225,2022-01-31,segunda-feira,19:35:00,RS,158.0,"212,8",CRUZ ALTA,Velocidade Incompatível,Engavetamento,Com Vítimas Feridas,Pleno dia,Crescente,Céu Claro,Simples,Reta,Não,8.0,0.0,3.0,1.0,2.0,5.0,4.0,8.0,"-28,79148191","-53,60246024",SPRF-RS,DEL10-RS,UOP02-DEL10-RS
412231,2022-01-31,segunda-feira,17:00:00,MT,163.0,"507,5",DIAMANTINO,Chuva,Colisão traseira,Sem Vítimas,Pleno dia,Decrescente,Chuva,Simples,Reta,Não,3.0,0.0,0.0,0.0,2.0,5.0,0.0,7.0,"-14,52609475","-56,22356415",SPRF-MT,DEL01-MT,UOP01-DEL01-MT
412233,2022-01-31,segunda-feira,19:30:00,GO,50.0,"105,8",CRISTALINA,Reação tardia ou ineficiente do condutor,Saída de leito carroçável,Sem Vítimas,Plena Noite,Decrescente,Céu Claro,Simples,Retorno Regulamentado,Não,2.0,0.0,0.0,0.0,1.0,2.0,0.0,3.0,"-16,9309","-47,7117",SPRF-DF,DEL01-DF,UOP02-DEL01-DF
412236,2022-01-31,segunda-feira,21:25:00,PB,101.0,"117,4",CAAPORA,Ausência de reação do condutor,Colisão traseira,Com Vítimas Fatais,Plena Noite,Crescente,Céu Claro,Dupla,Aclive;Reta,Não,11.0,2.0,7.0,0.0,1.0,1.0,7.0,3.0,"-7,41357983","-34,95743528",SPRF-PB,DEL01-PB,UOP02-DEL01-PB
412237,2022-01-31,segunda-feira,19:10:00,MS,163.0,602,SAO GABRIEL DO OESTE,Ausência de reação do condutor,Colisão traseira,Com Vítimas Feridas,Plena Noite,Crescente,Nublado,Dupla,Reta,Não,2.0,0.0,0.0,1.0,1.0,0.0,1.0,2.0,"-19,48654486","-54,48498074",SPRF-MS,DEL06-MS,UOP02-DEL06-MS
412243,2022-01-31,segunda-feira,20:30:00,PR,376.0,"373,7",ORTIGUEIRA,Ultrapassagem Indevida,Colisão lateral sentido oposto,Com Vítimas Feridas,Plena Noite,Crescente,Céu Claro,Simples,Reta,Não,9.0,0.0,5.0,0.0,3.0,2.0,5.0,6.0,"-24,36307","-50,81291",SPRF-PR,DEL07-PR,UOP02-DEL07-PR
412246,2022-01-31,segunda-feira,21:50:00,SP,116.0,"430,3",REGISTRO,Demais falhas mecânicas ou elétricas,Incêndio,Sem Vítimas,Plena Noite,Decrescente,Nublado,Dupla,Reta,Sim,3.0,0.0,0.0,0.0,2.0,1.0,0.0,2.0,"-24,40730885","-47,7459871",SPRF-SP,DEL05-SP,UOP01-DEL05-SP
412247,2022-01-31,segunda-feira,19:15:00,PB,405.0,30,SAO JOAO DO RIO DO PEIXE,Demais falhas mecânicas ou elétricas,Incêndio,Sem Vítimas,Plena Noite,Decrescente,Céu Claro,Simples,Reta,Não,2.0,0.0,0.0,0.0,1.0,2.0,0.0,3.0,"-6,701545","-38,447842",SPRF-PB,DEL03-PB,UOP03-DEL03-PB
412252,2022-02-01,terça-feira,01:30:00,SC,101.0,"199,9",SAO JOSE,Velocidade Incompatível,Colisão traseira,Sem Vítimas,Plena Noite,Crescente,Nublado,Dupla,Aclive,Sim,3.0,0.0,0.0,0.0,1.0,2.0,0.0,3.0,"-27,53413705","-48,63003205",SPRF-SC,DEL01-SC,UOP01-DEL01-SC
412256,2022-02-01,terça-feira,02:00:00,PR,376.0,500,PONTA GROSSA,Condutor Dormindo,Colisão com objeto,Sem Vítimas,Plena Noite,Decrescente,Céu Claro,Dupla,Reta;Declive,Não,2.0,0.0,0.0,0.0,1.0,1.0,0.0,2.0,"-25,20185079","-50,07092178",SPRF-PR,DEL03-PR,UOP01-DEL03-PR
412258,2022-01-31,segunda-feira,19:20:00,SC,282.0,"530,4",CORDILHEIRA ALTA,Condutor usando celular,Saída de leito carroçável,Sem Vítimas,Pleno dia,Decrescente,Céu Claro,Simples,Reta,Sim,1.0,0.0,0.0,0.0,1.0,0.0,0.0,1.0,"-26,986555","-52,60524",SPRF-SC,DEL07-SC,UOP01-DEL07-SC
412260,2022-01-31,segunda-feira,22:40:00,SC,101.0,111,NAVEGANTES,Carga excessiva e/ou mal acondicionada,Saída de leito carroçável,Com Vítimas Feridas,Plena Noite,Crescente,Céu Claro,Simples,Curva,Sim,2.0,0.0,1.0,0.0,0.0,1.0,1.0,2.0,"-26,83955734","-48,71418074",SPRF-SC,DEL04-SC,UOP04-DEL04-SC
412263,2022-02-01,terça-feira,06:12:00,BA,101.0,234,CONCEICAO DO ALMEIDA,Condutor deixou de manter distância do veículo da frente,Colisão traseira,Com Vítimas Feridas,Pleno dia,Decrescente,Céu Claro,Simples,Interseção de Vias,Não,2.0,0.0,1.0,0.0,1.0,0.0,1.0,2.0,"-12,86536312","-39,21721266",SPRF-BA,DEL01-BA,UOP02-DEL01-BA
412267,2022-02-01,terça-feira,07:00:00,RJ,40.0,104,DUQUE DE CAXIAS,Acessar a via sem observar a presença dos outros veículos,Colisão lateral mesmo sentido,Com Vítimas Feridas,Pleno dia,Crescente,Sol,Dupla,Reta,Não,3.0,0.0,0.0,1.0,1.0,1.0,1.0,3.0,"-22,62897902","-43,28579508",SPRF-RJ,DEL01-RJ,UOP01-DEL01-RJ
412270,2022-02-01,terça-feira,07:00:00,ES,101.0,"304,6",VIANA,Condutor deixou de manter distância do veículo da frente,Colisão traseira,Com Vítimas Feridas,Pleno dia,Decrescente,Nublado,Dupla,Reta,Sim,2.0,0.0,1.0,0.0,1.0,0.0,1.0,2.0,"-20,38250658","-40,45874119",SPRF-ES,DEL01-ES,UOP01-DEL01-ES
412283,2022-02-01,terça-feira,08:40:00,RS,290.0,92,PORTO ALEGRE,Acessar a via sem observar a presença dos outros veículos,Colisão lateral mesmo sentido,Com Vítimas Feridas,Pleno dia,Decrescente,Nublado,Múltipla,Interseção de Vias,Sim,2.0,0.0,1.0,0.0,1.0,0.0,1.0,2.0,"-29,971916","-51,176838",SPRF-RS,DEL01-RS,UOP01-DEL01-RS
412285,2022-02-01,terça-feira,07:45:00,PB,230.0,281,SANTA LUZIA,Ausência de reação do condutor,Colisão com objeto,Com Vítimas Feridas,Pleno dia,Crescente,Céu Claro,Simples,Curva,Não,2.0,0.0,1.0,0.0,0.0,1.0,1.0,2.0,"-6,9305","-36,8516",SPRF-PB,DEL03-PB,UOP01-DEL03-PB
412286,2022-02-01,terça-feira,07:00:00,RJ,40.0,109,DUQUE DE CAXIAS,Ultrapassagem Indevida,Tombamento,Com Vítimas Feridas,Pleno dia,Decrescente,Sol,Simples,Reta,Não,2.0,0.0,1.0,0.0,0.0,1.0,1.0,2.0,"-22,67374628","-43,28638368",SPRF-RJ,DEL01-RJ,UOP01-DEL01-RJ
412292,2022-02-01,terça-feira,05:40:00,GO,364.0,230,JATAI,Ultrapassagem Indevida,Colisão lateral sentido oposto,Sem Vítimas,Amanhecer,Crescente,Garoa/Chuvisco,Simples,Curva;Declive,Não,4.0,0.0,0.0,0.0,3.0,1.0,0.0,4.0,"-17,813993","-52,002991",SPRF-GO,DEL05-GO,UOP01-DEL05-GO
412293,2022-02-01,terça-feira,10:30:00,DF,40.0,6,BRASILIA,Condutor deixou de manter distância do veículo da frente,Colisão traseira,Com Vítimas Feridas,Pleno dia,Crescente,Sol,Dupla,Reta,Sim,3.0,0.0,2.0,0.0,1.0,0.0,2.0,2.0,"-16,029741","-47,978867",SPRF-DF,DEL01-DF,UOP01-DEL01-DF
412296,2022-01-15,sábado,04:50:00,SP,116.0,462,PARIQUERA-ACU,Carga excessiva e/ou mal acondicionada,Colisão com objeto,Com Vítimas Feridas,Amanhecer,Crescente,Céu Claro,Dupla,Retorno Regulamentado,Não,11.0,0.0,4.0,1.0,5.0,2.0,5.0,6.0,"-24,6228914","-47,89579562",SPRF-SP,DEL05-SP,UOP01-DEL05-SP
412298,2022-01-20,quinta-feira,22:45:00,RS,470.0,174,VERANOPOLIS,Frear bruscamente,Saída de leito carroçável,Com Vítimas Feridas,Plena Noite,Crescente,Céu Claro,Dupla,Reta,Não,2.0,0.0,0.0,1.0,0.0,1.0,1.0,2.0,"-28,90964993","-51,54526793",SPRF-RS,DEL06-RS,UOP02-DEL06-RS
412301,2022-02-01,terça-feira,07:30:00,MG,116.0,"404,8",GOVERNADOR VALADARES,Velocidade Incompatível,Colisão lateral sentido oposto,Com Vítimas Feridas,Pleno dia,Decrescente,Nublado,Simples,Curva,Não,3.0,0.0,1.0,0.0,1.0,2.0,1.0,4.0,"-18,81054997","-41,98453386",SPRF-MG,DEL06-MG,UOP01-DEL06-MG
412307,2022-02-01,terça-feira,11:10:00,ES,262.0,"142,5",MUNIZ FREIRE,Transitar na contramão,Colisão frontal,Com Vítimas Fatais,Pleno dia,Crescente,Céu Claro,Simples,Curva;Declive,Não,5.0,3.0,0.0,0.0,1.0,1.0,0.0,4.0,"-20,22866414","-41,38595101",SPRF-ES,DEL01-ES,UOP02-DEL01-ES
412314,2022-02-01,terça-feira,11:55:00,RJ,493.0,111,ITAGUAI,Mal súbito do condutor,Saída de leito carroçável,Com Vítimas Fatais,Pleno dia,Decrescente,Céu Claro,Dupla,Reta,Não,3.0,1.0,0.0,0.0,0.0,2.0,0.0,3.0,"-22,8120402","-43,79974734",SPRF-RJ,DEL03-RJ,UOP01-DEL03-RJ
412316,2022-02-01,terça-feira,12:30:00,PR,376.0,"1,7",SAO JOSE DOS PINHAIS,Condutor deixou de manter distância do veículo da frente,Colisão traseira,Com Vítimas Feridas,Pleno dia,Crescente,Céu Claro,Dupla,Interseção de Vias,Sim,4.0,0.0,1.0,0.0,3.0,0.0,1.0,2.0,"-25,5307","-49,1958",SPRF-PR,DEL01-PR,UOP04-DEL01-PR
412318,2022-02-01,terça-feira,10:30:00,MG,50.0,185,UBERABA,Reação tardia ou ineficiente do condutor,Saída de leito carroçável,Com Vítimas Feridas,Pleno dia,Crescente,Chuva,Dupla,Declive;Reta,Não,5.0,0.0,1.0,0.0,3.0,1.0,1.0,3.0,"-19,8172798","-47,89559069",SPRF-MG,DEL13-MG,UOP01-DEL13-MG
412323,2022-02-01,terça-feira,12:50:00,MS,163.0,42,ELDORADO,Reação tardia ou ineficiente do condutor,Saída de leito carroçável,Com Vítimas Feridas,Pleno dia,Decrescente,Céu Claro,Simples,Declive,Não,1.0,0.0,1.0,0.0,0.0,0.0,1.0,1.0,"-23,77140302","-54,27611382",SPRF-MS,DEL09-MS,UOP02-DEL09-MS
412326,2022-02-01,terça-feira,13:10:00,MG,267.0,"21,5",ARGIRITA,Velocidade Incompatível,Colisão com objeto,Com Vítimas Feridas,Pleno dia,Crescente,Nublado,Simples,Curva,Não,2.0,0.0,1.0,0.0,0.0,1.0,1.0,2.0,"-21,59274447","-42,78538272",SPRF-MG,DEL07-MG,UOP01-DEL07-MG
412334,2022-02-01,terça-feira,14:20:00,RS,116.0,"269,8",CANOAS,Carga excessiva e/ou mal acondicionada,Derramamento de carga,Com Vítimas Feridas,Pleno dia,Crescente,Céu Claro,Dupla,Reta,Sim,2.0,0.0,1.0,0.0,1.0,0.0,1.0,2.0,"-29,95942501","-51,17608515",SPRF-RS,DEL01-RS,UOP01-DEL01-RS
412336,2022-01-31,segunda-feira,14:00:00,BA,101.0,"173,3",FEIRA DE SANTANA,Condutor deixou de manter distância do veículo da frente,Colisão traseira,Com Vítimas Feridas,Pleno dia,Decrescente,Céu Claro,Simples,Reta,Não,2.0,0.0,1.0,0.0,1.0,0.0,1.0,2.0,"-12,37730747","-38,8792064",SPRF-BA,DEL01-BA,UOP03-DEL01-BA
412337,2022-02-01,terça-feira,13:40:00,PR,369.0,"194,7",ARAPONGAS,Condutor deixou de manter distância do veículo da frente,Colisão lateral mesmo sentido,Com Vítimas Feridas,Pleno dia,Decrescente,Céu Claro,Dupla,Reta,Sim,3.0,0.0,2.0,0.0,1.0,0.0,2.0,2.0,"-23,49282725","-51,42309666",SPRF-PR,DEL07-PR,UOP02-DEL07-PR
412339,2022-02-01,terça-feira,14:50:00,PR,153.0,51,SANTO ANTONIO DA PLATINA,Manobra de mudança de faixa,Colisão frontal,Com Vítimas Feridas,Pleno dia,Crescente,Céu Claro,Simples,Reta,Não,4.0,0.0,0.0,1.0,2.0,2.0,1.0,5.0,"-23,37678799","-50,06257296",SPRF-PR,DEL07-PR,UOP04-DEL07-PR
412340,2022-02-01,terça-feira,13:30:00,MG,459.0,"104,4",POUSO ALEGRE,Velocidade Incompatível,Colisão lateral mesmo sentido,Com Vítimas Feridas,Pleno dia,Decrescente,Chuva,Dupla,Reta,Sim,3.0,0.0,1.0,0.0,1.0,1.0,1.0,3.0,"-22,224699","-45,91256",SPRF-MG,DEL16-MG,UOP01-DEL16-MG
412355,2022-02-01,terça-feira,18:10:00,PR,277.0,518,GUARANIACU,Desrespeitar a preferência no cruzamento,Colisão lateral mesmo sentido,Sem Vítimas,Pleno dia,Crescente,Céu Claro,Simples,Interseção de Vias,Sim,2.0,0.0,0.0,0.0,2.0,0.0,0.0,2.0,"-25,11240772","-52,83208297",SPRF-PR,DEL04-PR,UOP01-DEL04-PR
412358,2022-01-01,sábado,12:15:00,BA,116.0,352,SERRINHA,Condutor Dormindo,Colisão lateral sentido oposto,Com Vítimas Feridas,Pleno dia,Crescente,Céu Claro,Simples,Reta,Não,3.0,0.0,0.0,1.0,1.0,1.0,1.0,3.0,"-11,60901206","-38,98384646",SPRF-BA,DEL02-BA,UOP01-DEL02-BA
412370,2022-02-01,terça-feira,18:35:00,PR,277.0,"593,4",CASCAVEL,Pedestre andava na pista,Atropelamento de Pedestre,Com Vítimas Fatais,Anoitecer,Decrescente,Céu Claro,Dupla,Interseção de Vias,Sim,4.0,1.0,0.0,0.0,1.0,3.0,0.0,4.0,"-24,98082053","-53,48254989",SPRF-PR,DEL04-PR,UOP01-DEL04-PR
412372,2022-02-01,terça-feira,19:30:00,MS,163.0,196,CAARAPO,Ausência de reação do condutor,Colisão traseira,Com Vítimas Feridas,Plena Noite,Decrescente,Céu Claro,Dupla,Reta,Não,2.0,0.0,1.0,0.0,0.0,1.0,1.0,2.0,"-22,73933508","-54,78989146",SPRF-MS,DEL04-MS,UOP02-DEL04-MS
412375,2022-02-01,terça-feira,19:20:00,MS,262.0,"370,9",TERENOS,Ultrapassagem Indevida,Colisão lateral sentido oposto,Com Vítimas Feridas,Plena Noite,Crescente,Céu Claro,Simples,Reta,Não,6.0,0.0,0.0,1.0,4.0,2.0,1.0,5.0,"-20,48235616","-54,77856699",SPRF-MS,DEL01-MS,UOP03-DEL01-MS
412385,2022-01-05,quarta-feira,05:25:00,MG,153.0,212,FRUTAL,Ausência de reação do condutor,Colisão frontal,Com Vítimas Feridas,Amanhecer,Crescente,Céu Claro,Simples,Reta,Não,6.0,0.0,4.0,0.0,1.0,2.0,4.0,4.0,"-20,08853093","-49,08270811",SPRF-MG,DEL13-MG,UOP02-DEL13-MG
412387,2022-02-01,terça-feira,21:50:00,ES,101.0,260,SERRA,Chuva,Colisão frontal,Com Vítimas Feridas,Plena Noite,Crescente,Chuva,Simples,Curva,Não,3.0,0.0,0.0,1.0,1.0,1.0,1.0,3.0,"-20,14616415","-40,28836206",SPRF-ES,DEL02-ES,UOP01-DEL02-ES
412388,2022-02-01,terça-feira,20:50:00,RO,319.0,63,PORTO VELHO,Ausência de sinalização,Colisão lateral mesmo sentido,Sem Vítimas,Plena Noite,Crescente,Nublado,Múltipla,Reta,Sim,2.0,0.0,0.0,0.0,2.0,0.0,0.0,2.0,"-8,766685","-63,884052",SPRF-RO,DEL01-RO,UOP01-DEL01-RO
412390,2022-02-01,terça-feira,22:15:00,PR,376.0,66,GUAIRACA,Ultrapassagem Indevida,Colisão frontal,Com Vítimas Fatais,Plena Noite,Crescente,Céu Claro,Simples,Reta,Não,3.0,1.0,0.0,0.0,1.0,1.0,0.0,3.0,"-22,93107785","-52,77601999",SPRF-PR,DEL09-PR,UOP02-DEL09-PR
412391,2022-02-01,terça-feira,21:25:00,RS,287.0,253,SANTA MARIA,Transitar na contramão,Colisão frontal,Com Vítimas Fatais,Plena Noite,Decrescente,Céu Claro,Dupla,Aclive,Sim,3.0,1.0,0.0,0.0,1.0,2.0,0.0,4.0,"-29,68829","-53,886901",SPRF-RS,DEL09-RS,UOP01-DEL09-RS
412394,2022-02-01,terça-feira,22:40:00,MG,50.0,55,UBERLANDIA,Velocidade Incompatível,Tombamento,Com Vítimas Feridas,Plena Noite,Decrescente,Nublado,Dupla,Declive;Curva,Não,2.0,0.0,0.0,1.0,0.0,1.0,1.0,2.0,"-18,77290538","-48,24124319",SPRF-MG,DEL15-MG,UOP02-DEL15-MG
412397,2022-02-01,terça-feira,22:30:00,SC,101.0,233,PALHOCA,Carga excessiva e/ou mal acondicionada,Tombamento,Com Vítimas Feridas,Plena Noite,Crescente,Céu Claro,Dupla,Declive,Não,3.0,0.0,1.0,0.0,1.0,1.0,1.0,2.0,"-27,80376397","-48,63826211",SPRF-SC,DEL01-SC,UOP02-DEL01-SC
412398,2022-02-01,terça-feira,20:50:00,SC,282.0,"412,8",CATANDUVAS,Transitar na contramão,Colisão frontal,Com Vítimas Feridas,Plena Noite,Decrescente,Céu Claro,Simples,Curva,Não,3.0,0.0,1.0,0.0,1.0,1.0,1.0,3.0,"-27,055775","-51,688843",SPRF-SC,DEL07-SC,UOP05-DEL07-SC
412400,2022-02-01,terça-feira,18:26:00,GO,153.0,201,URUACU,Ingestão de álcool pelo condutor,Colisão transversal,Com Vítimas Feridas,Pleno dia,Crescente,Céu Claro,Simples,Reta;Interseção de Vias,Sim,3.0,0.0,1.0,0.0,1.0,1.0,1.0,3.0,"-14,519629","-49,154972",SPRF-GO,DEL07-GO,UOP02-DEL07-GO
412403,2022-02-01,terça-feira,18:20:00,RJ,116.0,"263,6",VOLTA REDONDA,Chuva,Colisão com objeto,Sem Vítimas,Pleno dia,Decrescente,Chuva,Dupla,Curva,Não,2.0,0.0,0.0,0.0,1.0,1.0,0.0,2.0,"-22,59220328","-44,06782285",SPRF-RJ,DEL07-RJ,UOP02-DEL07-RJ
412405,2022-02-01,terça-feira,23:30:00,MG,262.0,"22,1",MARTINS SOARES,Reação tardia ou ineficiente do condutor,Capotamento,Com Vítimas Fatais,Plena Noite,Crescente,Chuva,Simples,Curva,Não,1.0,1.0,0.0,0.0,0.0,0.0,0.0,1.0,"-20,24575292","-41,92502101",SPRF-MG,DEL06-MG,UOP03-DEL06-MG
412406,2022-02-01,terça-feira,23:00:00,MS,262.0,"193,1",RIBAS DO RIO PARDO,Velocidade Incompatível,Colisão traseira,Com Vítimas Feridas,Plena Noite,Crescente,Garoa/Chuvisco,Simples,Reta,Não,2.0,0.0,1.0,0.0,1.0,0.0,1.0,2.0,"-20,44957631","-53,31991694",SPRF-MS,DEL07-MS,UOP02-DEL07-MS
412407,2022-02-01,terça-feira,21:30:00,MG,153.0,20,CENTRALINA,Reação tardia ou ineficiente do condutor,Saída de leito carroçável,Com Vítimas Feridas,Plena Noite,Crescente,Chuva,Dupla,Reta,Não,2.0,0.0,1.0,0.0,0.0,1.0,1.0,2.0,"-18,608794","-49,191966",SPRF-MG,DEL15-MG,UOP03-DEL15-MG
412410,2022-02-01,terça-feira,10:40:00,SP,116.0,511,CAJATI,Reação tardia ou ineficiente do condutor,Tombamento,Com Vítimas Feridas,Pleno dia,Crescente,Céu Claro,Simples,Curva,Não,2.0,0.0,1.0,0.0,0.0,1.0,1.0,2.0,"-24,83558399","-48,2223738",SPRF-SP,DEL05-SP,UOP02-DEL05-SP
412414,2022-02-02,quarta-feira,01:10:00,MG,381.0,412,NOVA UNIAO,Demais falhas mecânicas ou elétricas,Incêndio,Sem Vítimas,Plena Noite,Decrescente,Céu Claro,Dupla,Curva,Não,2.0,0.0,0.0,0.0,1.0,1.0,0.0,2.0,"-19,72671574","-43,56637001",SPRF-MG,DEL01-MG,UOP01-DEL01-MG
412416,2022-02-02,quarta-feira,02:00:00,MG,365.0,"504,9",PATROCINIO,Pista Escorregadia,Colisão frontal,Com Vítimas Fatais,Plena Noite,Crescente,Chuva,Simples,Reta,Não,3.0,1.0,0.0,0.0,1.0,1.0,0.0,3.0,"-18,95419274","-47,26436391",SPRF-MG,DEL10-MG,UOP01-DEL10-MG
412421,2022-02-02,quarta-feira,02:30:00,BA,324.0,461,CANDEAL,Pista esburacada,Tombamento,Com Vítimas Feridas,Plena Noite,Crescente,Nevoeiro/Neblina,Simples,Declive,Sim,3.0,0.0,2.0,1.0,0.0,0.0,3.0,1.0,"-11,93622318","-39,22323209",SPRF-BA,DEL02-BA,UOP01-DEL02-BA
412422,2022-02-02,quarta-feira,05:10:00,SC,101.0,"282,5",IMBITUBA,Manobra de mudança de faixa,Colisão traseira,Com Vítimas Feridas,Amanhecer,Decrescente,Céu Claro,Múltipla,Reta,Não,2.0,0.0,1.0,0.0,0.0,1.0,1.0,2.0,"-28,19626005","-48,69739859",SPRF-SC,DEL02-SC,UOP03-DEL02-SC
412427,2022-02-02,quarta-feira,01:00:00,RJ,356.0,17,ITAPERUNA,Obstrução na via,Colisão com objeto,Com Vítimas Feridas,Plena Noite,Decrescente,Chuva,Simples,Reta,Não,2.0,0.0,1.0,0.0,0.0,1.0,1.0,2.0,"-21,17885949","-42,03885202",SPRF-RJ,DEL08-RJ,UOP03-DEL08-RJ
412429,2022-02-02,quarta-feira,05:00:00,RO,364.0,467,ARIQUEMES,Manobra de mudança de faixa,Colisão frontal,Com Vítimas Feridas,Amanhecer,Crescente,Nublado,Simples,Curva,Não,4.0,0.0,1.0,0.0,2.0,1.0,1.0,3.0,"-10,21068481","-62,77379378",SPRF-RO,DEL03-RO,UOP01-DEL03-RO
412431,2022-01-17,segunda-feira,15:55:00,PR,116.0,57,CAMPINA GRANDE DO SUL,Ausência de reação do condutor,Colisão com objeto,Com Vítimas Feridas,Pleno dia,Decrescente,Chuva,Dupla,Curva,Não,2.0,0.0,1.0,0.0,0.0,1.0,1.0,2.0,"-25,28847066","-48,9329365",SPRF-PR,DEL01-PR,UOP02-DEL01-PR
412432,2022-02-02,quarta-feira,07:10:00,GO,452.0,"184,3",ITUMBIARA,Transitar na contramão,Colisão frontal,Com Vítimas Feridas,Pleno dia,Crescente,Nublado,Simples,Reta,Não,4.0,0.0,1.0,1.0,1.0,2.0,2.0,4.0,"-18,39653195","-49,32733898",SPRF-GO,DEL03-GO,UOP02-DEL03-GO
412438,2022-02-02,quarta-feira,08:30:00,SC,101.0,210,SAO JOSE,Manobra de mudança de faixa,Colisão lateral mesmo sentido,Sem Vítimas,Pleno dia,Decrescente,Sol,Múltipla,Reta,Sim,2.0,0.0,0.0,0.0,1.0,1.0,0.0,2.0,"-27,6167305","-48,6457265",SPRF-SC,DEL01-SC,UOP01-DEL01-SC
412439,2022-02-02,quarta-feira,04:40:00,MG,262.0,462,ARAUJOS,Manobra de mudança de faixa,Colisão frontal,Com Vítimas Fatais,Amanhecer,Crescente,Nublado,Simples,Reta,Não,6.0,1.0,0.0,4.0,1.0,0.0,4.0,2.0,"-19,81682578","-45,08869985",SPRF-MG,DEL08-MG,UOP03-DEL08-MG
412441,2022-02-02,quarta-feira,08:40:00,MG,40.0,574,ITABIRITO,Neblina,Colisão transversal,Com Vítimas Feridas,Pleno dia,Decrescente,Nevoeiro/Neblina,Simples,Reta,Não,4.0,0.0,2.0,0.0,1.0,2.0,2.0,4.0,"-20,24791897","-43,96366791",SPRF-MG,DEL01-MG,UOP02-DEL01-MG
412443,2022-02-01,terça-feira,17:30:00,PA,230.0,1130,ITAITUBA,Velocidade Incompatível,Saída de leito carroçável,Sem Vítimas,Anoitecer,Decrescente,Céu Claro,Simples,Curva,Não,2.0,0.0,0.0,0.0,0.0,3.0,0.0,3.0,"-4,39918791","-55,91853797",SPRF-PA,DEL05-PA,UOP01-DEL05-PA
412450,2022-02-02,quarta-feira,05:50:00,SC,282.0,"107,8",ALFREDO WAGNER,Transitar na contramão,Colisão frontal,Com Vítimas Fatais,Amanhecer,Crescente,Céu Claro,Simples,Reta,Não,3.0,1.0,0.0,1.0,1.0,0.0,1.0,3.0,"-27,710195","-49,355078",SPRF-SC,DEL01-SC,UOP03-DEL01-SC
412459,2022-02-02,quarta-feira,10:30:00,PA,10.0,218,IPIXUNA DO PARA,Manobra de mudança de faixa,Capotamento,Sem Vítimas,Pleno dia,Decrescente,Céu Claro,Simples,Curva,Não,2.0,0.0,0.0,0.0,1.0,3.0,0.0,4.0,"-2,52242202","-47,50527705",SPRF-PA,DEL02-PA,UOP01-DEL02-PA
412462,2022-02-02,quarta-feira,11:20:00,SC,101.0,"144,8",ITAPEMA,Transitar no acostamento,Colisão lateral mesmo sentido,Sem Vítimas,Pleno dia,Decrescente,Sol,Dupla,Reta,Sim,3.0,0.0,0.0,0.0,2.0,1.0,0.0,3.0,"-27,0732659","-48,59672716",SPRF-SC,DEL04-SC,UOP03-DEL04-SC
412464,2022-02-02,quarta-feira,11:30:00,MG,365.0,751,ITUIUTABA,Pista Escorregadia,Colisão traseira,Com Vítimas Feridas,Pleno dia,Crescente,Céu Claro,Simples,Retorno Regulamentado,Sim,3.0,0.0,2.0,0.0,1.0,0.0,2.0,3.0,"-18,93793339","-49,43876589",SPRF-MG,DEL15-MG,UOP03-DEL15-MG
412465,2022-02-02,quarta-feira,10:00:00,RJ,101.0,277,TANGUA,Ausência de reação do condutor,Colisão lateral mesmo sentido,Com Vítimas Feridas,Pleno dia,Decrescente,Nublado,Dupla,Reta,Sim,3.0,0.0,1.0,0.0,2.0,0.0,1.0,2.0,"-22,73943906","-42,748279",SPRF-RJ,DEL02-RJ,UOP03-DEL02-RJ
412469,2022-02-02,quarta-feira,11:44:00,MT,163.0,750,SORRISO,Pedestre cruzava a pista fora da faixa,Atropelamento de Pedestre,Com Vítimas Fatais,Pleno dia,Decrescente,Céu Claro,Dupla,Reta,Sim,3.0,1.0,0.0,0.0,1.0,3.0,0.0,5.0,"-12,57196791","-55,7270658",SPRF-MT,DEL06-MT,UOP01-DEL06-MT