id,data_inversa,dia_semana,horario,uf,br,km,municipio,causa_acidente,tipo_acidente,classificacao_acidente,fase_dia,sentido_via,condicao_metereologica,tipo_pista,tracado_via,uso_solo,pessoas,mortos,feridos_leves,feridos_graves,ilesos,ignorados,feridos,veiculos,latitude,longitude,regional,delegacia,uop
412475,2022-02-02,quarta-feira,13:45:00,MG,40.0,463,SETE LAGOAS,Pista Escorregadia,Tombamento,Com Vítimas Feridas,Pleno dia,Crescente,Chuva,Dupla,Declive,Não,1.0,0.0,1.0,0.0,0.0,0.0,1.0,1.0,"-19,42224803","-44,33870213",SPRF-MG,DEL02-MG,UOP01-DEL02-MG
412479,2022-02-02,quarta-feira,12:45:00,RS,101.0,"51,9",TERRA DE AREIA,Mal súbito do condutor,Saída de leito carroçável,Com Vítimas Feridas,Pleno dia,Crescente,Céu Claro,Dupla,Reta,Não,2.0,0.0,1.0,0.0,0.0,2.0,1.0,3.0,"-29,61499714","-50,0915338",SPRF-RS,DEL03-RS,UOP02-DEL03-RS
412480,2022-02-02,quarta-feira,13:55:00,MG,40.0,"462,7",SETE LAGOAS,Chuva,Colisão traseira,Com Vítimas Feridas,Pleno dia,Crescente,Chuva,Dupla,Declive,Não,3.0,0.0,0.0,1.0,0.0,2.0,1.0,3.0,"-19,4136917","-44,33879427",SPRF-MG,DEL02-MG,UOP01-DEL02-MG
412482,2022-02-02,quarta-feira,13:04:00,SP,116.0,"144,3",SAO JOSE DOS CAMPOS,Reação tardia ou ineficiente do condutor,Engavetamento,Com Vítimas Feridas,Pleno dia,Decrescente,Chuva,Múltipla,Declive,Sim,7.0,0.0,3.0,0.0,3.0,2.0,3.0,6.0,"-23,18274416","-45,84633592",SPRF-SP,DEL02-SP,UOP01-DEL02-SP
412483,2022-02-02,quarta-feira,14:10:00,MG,40.0,"705,6",BARBACENA,Velocidade Incompatível,Colisão com objeto,Com Vítimas Feridas,Pleno dia,Decrescente,Chuva,Dupla,Curva,Não,5.0,0.0,3.0,0.0,1.0,1.0,3.0,2.0,"-21,2165929","-43,7462589",SPRF-MG,DEL05-MG,UOP02-DEL05-MG
412490,2022-02-02,quarta-feira,13:20:00,MT,158.0,630,AGUA BOA,Ultrapassagem Indevida,Saída de leito carroçável,Com Vítimas Feridas,Pleno dia,Crescente,Céu Claro,Simples,Curva,Não,2.0,0.0,2.0,0.0,0.0,0.0,2.0,1.0,"-14,53304688","-52,30721422",SPRF-MT,DEL07-MT,UOP02-DEL07-MT
412493,2022-02-02,quarta-feira,14:00:00,MG,40.0,"686,7",RESSAQUINHA,Conversão proibida,Colisão traseira,Com Vítimas Feridas,Pleno dia,Decrescente,Chuva,Simples,Aclive;Reta;Interseção de Vias,Não,3.0,0.0,1.0,0.0,1.0,1.0,1.0,3.0,"-21,09707984","-43,76777356",SPRF-MG,DEL05-MG,UOP02-DEL05-MG
412497,2022-02-02,quarta-feira,15:15:00,MS,262.0,"384,9",TERENOS,Velocidade Incompatível,Saída de leito carroçável,Sem Vítimas,Pleno dia,Crescente,Céu Claro,Simples,Reta,Sim,3.0,0.0,0.0,0.0,1.0,2.0,0.0,3.0,"-20,434864","-54,87231",SPRF-MS,DEL01-MS,UOP03-DEL01-MS
412501,2022-02-02,quarta-feira,16:45:00,MG,50.0,"85,1",UBERLANDIA,Condutor usando celular,Saída de leito carroçável,Com Vítimas Feridas,Pleno dia,Crescente,Nublado,Dupla,Reta,Não,4.0,0.0,1.0,1.0,1.0,2.0,2.0,4.0,"-19,00488399","-48,20910294",SPRF-MG,DEL15-MG,UOP01-DEL15-MG
412510,2022-02-02,quarta-feira,14:40:00,MT,163.0,543,DIAMANTINO,Acostamento em desnível,Saída de leito carroçável,Com Vítimas Feridas,Pleno dia,Decrescente,Céu Claro,Simples,Reta,Não,2.0,0.0,1.0,0.0,0.0,1.0,1.0,2.0,"-14,36459123","-56,14081519",SPRF-MT,DEL01-MT,UOP01-DEL01-MT
412512,2022-01-07,sexta-feira,23:00:00,PE,101.0,90,CABO DE SANTO AGOSTINHO,Ingestão de álcool pelo condutor,Atropelamento de Pedestre,Com Vítimas Feridas,Plena Noite,Crescente,Céu Claro,Dupla,Reta,Sim,5.0,0.0,0.0,3.0,1.0,1.0,3.0,3.0,"-8,23386226","-34,97858502",SPRF-PE,DEL01-PE,UOP01-DEL01-PE
412513,2022-01-17,segunda-feira,09:30:00,MT,158.0,427,RIBEIRAO CASCALHEIRA,Problema com o freio,Tombamento,Com Vítimas Feridas,Pleno dia,Decrescente,Céu Claro,Simples,Reta,Não,2.0,0.0,1.0,0.0,0.0,2.0,1.0,3.0,"-12,96474268","-51,87016222",SPRF-MT,DEL07-MT,UOP02-DEL07-MT
412515,2022-01-13,quinta-feira,23:30:00,PA,230.0,236,NOVO REPARTIMENTO,Reação tardia ou ineficiente do condutor,Colisão com objeto,Com Vítimas Feridas,Plena Noite,Crescente,Nublado,Simples,Curva,Não,2.0,0.0,1.0,0.0,0.0,1.0,1.0,2.0,"-4,681215","-49,694581",SPRF-PA,DEL03-PA,UOP01-DEL03-PA
412522,2022-02-02,quarta-feira,18:45:00,MG,153.0,"86,5",PRATA,Reação tardia ou ineficiente do condutor,Colisão lateral sentido oposto,Com Vítimas Feridas,Anoitecer,Decrescente,Céu Claro,Simples,Aclive,Não,8.0,0.0,0.0,1.0,6.0,5.0,1.0,9.0,"-19,10959519","-48,97442725",SPRF-MG,DEL15-MG,UOP03-DEL15-MG
412528,2022-02-02,quarta-feira,09:00:00,MT,70.0,"115,6",GENERAL CARNEIRO,Carga excessiva e/ou mal acondicionada,Derramamento de carga,Sem Vítimas,Amanhecer,Crescente,Nublado,Simples,Reta,Não,2.0,0.0,0.0,0.0,1.0,2.0,0.0,3.0,"-15,60647382","-53,0811441",SPRF-MT,DEL07-MT,UOP01-DEL07-MT
412534,2022-02-02,quarta-feira,15:05:00,SC,163.0,"112,5",GUARUJA DO SUL,Acesso irregular,Colisão transversal,Com Vítimas Feridas,Pleno dia,Crescente,Céu Claro,Simples,Interseção de Vias;Reta,Sim,3.0,0.0,2.0,0.0,0.0,1.0,2.0,2.0,"-26,40317121","-53,52406025",SPRF-SC,DEL07-SC,UOP03-DEL07-SC
412535,2022-02-02,quarta-feira,13:30:00,BA,101.0,320,PRESIDENTE TANCREDO NEVES,Velocidade Incompatível,Saída de leito carroçável,Com Vítimas Fatais,Pleno dia,Decrescente,Céu Claro,Simples,Reta,Sim,3.0,1.0,1.0,0.0,1.0,0.0,1.0,2.0,"-13,391973","-39,400168",SPRF-BA,DEL05-BA,UOP03-DEL05-BA
412542,2022-02-02,quarta-feira,19:15:00,SC,101.0,"326,4",CAPIVARI DE BAIXO,Avarias e/ou desgaste excessivo no pneu,Colisão com objeto,Com Vítimas Feridas,Plena Noite,Crescente,Céu Claro,Dupla,Declive;Reta,Sim,6.0,0.0,2.0,0.0,3.0,1.0,2.0,3.0,"-28,43590239","-48,95940185",SPRF-SC,DEL02-SC,UOP01-DEL02-SC
412545,2022-02-02,quarta-feira,11:00:00,SC,282.0,68,RANCHO QUEIMADO,Ausência de reação do condutor,Tombamento,Com Vítimas Feridas,Pleno dia,Crescente,Céu Claro,Simples,Curva,Não,3.0,0.0,2.0,0.0,0.0,1.0,2.0,3.0,"-27,692406","-49,075939",SPRF-SC,DEL01-SC,UOP03-DEL01-SC
412549,2022-02-02,quarta-feira,11:00:00,GO,60.0,385,RIO VERDE,Ausência de reação do condutor,Tombamento,Sem Vítimas,Pleno dia,Decrescente,Céu Claro,Dupla,Curva,Sim,2.0,0.0,0.0,0.0,1.0,2.0,0.0,3.0,"-17,7964","-50,914",SPRF-GO,DEL04-GO,UOP01-DEL04-GO
412553,2022-02-02,quarta-feira,20:30:00,GO,414.0,"404,8",ABADIANIA,Demais falhas mecânicas ou elétricas,Incêndio,Sem Vítimas,Plena Noite,Crescente,Céu Claro,Simples,Aclive,Não,2.0,0.0,0.0,0.0,1.0,1.0,0.0,2.0,"-16,00900392","-48,84163082",SPRF-GO,DEL02-GO,UOP01-DEL02-GO
412555,2022-02-02,quarta-feira,07:40:00,BA,116.0,140,CANUDOS,Velocidade Incompatível,Colisão traseira,Com Vítimas Feridas,Pleno dia,Crescente,Céu Claro,Simples,Reta,Não,4.0,0.0,1.0,1.0,1.0,1.0,2.0,4.0,"-9,83150206","-39,16169274",SPRF-BA,DEL07-BA,UOP01-DEL07-BA
412556,2022-02-02,quarta-feira,16:40:00,RS,472.0,"471,5",ITAQUI,Ingestão de álcool pelo condutor,Saída de leito carroçável,Sem Vítimas,Pleno dia,Crescente,Céu Claro,Simples,Reta,Não,2.0,0.0,0.0,0.0,1.0,1.0,0.0,2.0,"-29,14842198","-56,34113402",SPRF-RS,DEL12-RS,UOP01-DEL12-RS
412558,2022-02-02,quarta-feira,21:00:00,MT,364.0,"235,5",RONDONOPOLIS,Reação tardia ou ineficiente do condutor,Colisão traseira,Com Vítimas Feridas,Plena Noite,Crescente,Céu Claro,Dupla,Retorno Regulamentado,Não,4.0,0.0,2.0,0.0,1.0,2.0,2.0,4.0,"-16,22248696","-54,77953416",SPRF-MT,DEL02-MT,UOP01-DEL02-MT
412561,2022-02-01,terça-feira,06:00:00,RO,364.0,641,ITAPUA DO OESTE,Ausência de reação do condutor,Saída de leito carroçável,Sem Vítimas,Amanhecer,Decrescente,Nublado,Simples,Curva,Não,2.0,0.0,0.0,0.0,1.0,2.0,0.0,3.0,"-9,00199999","-63,42107516",SPRF-RO,DEL01-RO,UOP04-DEL01-RO
412567,2022-02-02,quarta-feira,05:50:00,MG,262.0,597,CAMPOS ALTOS,Transitar no acostamento,Saída de leito carroçável,Sem Vítimas,Amanhecer,Decrescente,Nublado,Simples,Curva,Não,1.0,0.0,0.0,0.0,1.0,0.0,0.0,1.0,"-19,65987541","-46,20151162",SPRF-MG,DEL08-MG,UOP02-DEL08-MG
412571,2022-02-02,quarta-feira,19:50:00,MT,70.0,239,PRIMAVERA DO LESTE,Acessar a via sem observar a presença dos outros veículos,Colisão transversal,Com Vítimas Feridas,Pleno dia,Decrescente,Céu Claro,Simples,Reta,Não,4.0,0.0,1.0,0.0,2.0,2.0,1.0,4.0,"-15,62405333","-54,01993607",SPRF-MT,DEL05-MT,UOP01-DEL05-MT
412572,2022-02-02,quarta-feira,19:45:00,MT,163.0,1011,TERRA NOVA DO NORTE,Falta de acostamento,Colisão com objeto,Com Vítimas Feridas,Plena Noite,Decrescente,Ignorado,Simples,Declive,Não,4.0,0.0,1.0,0.0,2.0,1.0,1.0,2.0,"-10,52740687","-55,07956639",SPRF-MT,DEL06-MT,NPF/DEL06-MT
412573,2022-02-02,quarta-feira,23:00:00,RS,392.0,325,SAO SEPE,Reação tardia ou ineficiente do condutor,Colisão traseira,Com Vítimas Feridas,Plena Noite,Crescente,Céu Claro,Simples,Reta,Não,2.0,0.0,0.0,1.0,1.0,0.0,1.0,2.0,"-29,94308976","-53,70572874",SPRF-RS,DEL09-RS,UOP01-DEL09-RS
412575,2022-02-03,quinta-feira,02:15:00,SP,381.0,"0,8",VARGEM,Ausência de reação do condutor,Colisão traseira,Com Vítimas Feridas,Plena Noite,Crescente,Garoa/Chuvisco,Dupla,Aclive,Não,2.0,0.0,1.0,0.0,1.0,0.0,1.0,2.0,"-22,88147344","-46,38097286",SPRF-SP,DEL03-SP,UOP01-DEL03-SP
412576,2022-02-03,quinta-feira,02:00:00,SP,116.0,339,JUQUITIBA,Velocidade Incompatível,Tombamento,Sem Vítimas,Plena Noite,Decrescente,Céu Claro,Múltipla,Curva,Não,2.0,0.0,0.0,0.0,1.0,1.0,0.0,2.0,"-23,9983939","-47,14927316",SPRF-SP,DEL04-SP,UOP01-DEL04-SP
412580,2022-02-03,quinta-feira,03:55:00,GO,60.0,"133,7",GOIANAPOLIS,Demais falhas mecânicas ou elétricas,Incêndio,Sem Vítimas,Plena Noite,Decrescente,Céu Claro,Dupla,Aclive,Não,2.0,0.0,0.0,0.0,1.0,2.0,0.0,3.0,"-16,5815","-49,1772",SPRF-GO,DEL01-GO,UOP01-DEL01-GO
412586,2022-02-03,quinta-feira,04:28:00,MG,40.0,"322,9",FELIXLANDIA,Ausência de reação do condutor,Colisão traseira,Com Vítimas Feridas,Amanhecer,Crescente,Céu Claro,Simples,Reta,Não,2.0,0.0,1.0,0.0,1.0,0.0,1.0,2.0,"-18,52242644","-45,06605702",SPRF-MG,DEL14-MG,UOP02-DEL14-MG
412591,2022-02-03,quinta-feira,06:50:00,RS,480.0,"68,1",ERECHIM,Acessar a via sem observar a presença dos outros veículos,Colisão transversal,Com Vítimas Feridas,Pleno dia,Crescente,Sol,Simples,Reta,Não,3.0,0.0,1.0,0.0,2.0,0.0,1.0,2.0,"-27,63347625","-52,34270887",SPRF-RS,DEL08-RS,UOP04-DEL08-RS
412594,2022-02-03,quinta-feira,08:10:00,CE,20.0,418,MARACANAU,Velocidade Incompatível,Colisão lateral mesmo sentido,Com Vítimas Feridas,Pleno dia,Decrescente,Nublado,Dupla,Reta,Sim,3.0,0.0,2.0,0.0,1.0,0.0,2.0,2.0,"-3,76999035","-38,67006282",SPRF-CE,DEL01-CE,UOP02-DEL01-CE
412595,2022-02-03,quinta-feira,05:45:00,CE,222.0,"301,5",TIANGUA,Problema com o freio,Saída de leito carroçável,Com Vítimas Feridas,Amanhecer,Decrescente,Céu Claro,Simples,Declive;Curva,Não,2.0,0.0,2.0,0.0,0.0,0.0,2.0,1.0,"-3,66159701","-40,940041",SPRF-CE,DEL04-CE,UOP02-DEL04-CE
412596,2022-02-03,quinta-feira,07:40:00,RS,285.0,"272,9",MATO CASTELHANO,Ultrapassagem Indevida,Colisão frontal,Com Vítimas Fatais,Pleno dia,Crescente,Céu Claro,Simples,Curva,Sim,3.0,1.0,1.0,1.0,0.0,0.0,2.0,3.0,"-28,277298","-52,194843",SPRF-RS,DEL08-RS,UOP03-DEL08-RS
412599,2022-02-03,quinta-feira,08:25:00,SE,101.0,152,ESTANCIA,Acessar a via sem observar a presença dos outros veículos,Colisão transversal,Com Vítimas Feridas,Pleno dia,Crescente,Sol,Simples,Reta,Sim,4.0,0.0,1.0,0.0,2.0,1.0,1.0,3.0,"-11,27378738","-37,44773626",SPRF-SE,DEL02-SE,UOP01-DEL02-SE
412604,2022-02-03,quinta-feira,08:15:00,SP,116.0,225,GUARULHOS,Ausência de reação do condutor,Colisão traseira,Com Vítimas Feridas,Pleno dia,Decrescente,Nublado,Múltipla,Reta,Não,7.0,0.0,5.0,0.0,1.0,1.0,5.0,3.0,"-23,48586772","-46,54075317",SPRF-SP,DEL01-SP,UOP01-DEL01-SP
412605,2022-02-03,quinta-feira,09:00:00,SP,116.0,441,REGISTRO,Manobra de mudança de faixa,Colisão lateral mesmo sentido,Sem Vítimas,Pleno dia,Crescente,Céu Claro,Dupla,Reta,Não,4.0,0.0,0.0,0.0,3.0,1.0,0.0,3.0,"-24,47609886","-47,8273532",SPRF-SP,DEL05-SP,UOP01-DEL05-SP
412615,2022-02-03,quinta-feira,08:30:00,GO,60.0,47,ALEXANIA,Velocidade Incompatível,Saída de leito carroçável,Com Vítimas Feridas,Pleno dia,Crescente,Chuva,Dupla,Declive;Curva,Não,2.0,0.0,1.0,0.0,0.0,1.0,1.0,2.0,"-16,1464","-48,6047",SPRF-GO,DEL02-GO,UOP01-DEL02-GO
412616,2022-02-03,quinta-feira,04:58:00,MG,116.0,"223,4",CATUJI,Condutor Dormindo,Derramamento de carga,Com Vítimas Feridas,Amanhecer,Decrescente,Céu Claro,Simples,Curva,Não,3.0,0.0,2.0,0.0,0.0,1.0,2.0,2.0,"-17,42343294","-41,51418802",SPRF-MG,DEL11-MG,UOP01-DEL11-MG
412617,2022-02-03,quinta-feira,08:00:00,SP,116.0,177,GUARAREMA,Demais falhas mecânicas ou elétricas,Incêndio,Sem Vítimas,Amanhecer,Crescente,Nublado,Dupla,Reta,Não,1.0,0.0,0.0,0.0,1.0,0.0,0.0,1.0,"-23,32333315","-46,11958293",SPRF-SP,DEL01-SP,UOP01-DEL01-SP
412625,2022-02-03,quinta-feira,11:00:00,RO,319.0,60,PORTO VELHO,Ausência de reação do condutor,Colisão lateral mesmo sentido,Sem Vítimas,Pleno dia,Decrescente,Céu Claro,Simples,Rotatória,Sim,2.0,0.0,0.0,0.0,2.0,0.0,0.0,2.0,"-8,74007","-63,88979327",SPRF-RO,DEL01-RO,UOP01-DEL01-RO
412626,2022-02-03,quinta-feira,10:40:00,PR,277.0,"7,8",PARANAGUA,Acessar a via sem observar a presença dos outros veículos,Colisão lateral mesmo sentido,Com Vítimas Feridas,Pleno dia,Decrescente,Nublado,Dupla,Reta,Sim,5.0,0.0,0.0,1.0,1.0,4.0,1.0,5.0,"-25,56325904","-48,59249175",SPRF-PR,DEL01-PR,UOP05-DEL01-PR
412634,2022-02-03,quinta-feira,09:30:00,RJ,393.0,155,TRES RIOS,Velocidade Incompatível,Tombamento,Com Vítimas Feridas,Pleno dia,Decrescente,Céu Claro,Simples,Rotatória,Não,2.0,0.0,1.0,0.0,0.0,1.0,1.0,2.0,"-22,10628411","-43,0772013",SPRF-RJ,DEL05-RJ,UOP01-DEL05-RJ
412639,2022-02-03,quinta-feira,12:15:00,PR,376.0,"242,6",APUCARANA,Velocidade Incompatível,Tombamento,Sem Vítimas,Pleno dia,Crescente,Nublado,Dupla,Curva;Declive,Não,2.0,0.0,0.0,0.0,1.0,3.0,0.0,4.0,"-23,58168461","-51,42681594",SPRF-PR,DEL07-PR,UOP02-DEL07-PR
412640,2022-02-03,quinta-feira,12:00:00,MG,381.0,"489,1",BETIM,Estacionar ou parar em local proibido,Colisão traseira,Com Vítimas Feridas,Pleno dia,Crescente,Nublado,Dupla,Reta,Sim,2.0,0.0,0.0,1.0,1.0,0.0,1.0,2.0,"-19,95592351","-44,13276672",SPRF-MG,DEL01-MG,UOP03-DEL01-MG
412641,2022-01-07,sexta-feira,06:45:00,PE,101.0,"60,9",RECIFE,Ausência de reação do condutor,Colisão traseira,Com Vítimas Feridas,Pleno dia,Crescente,Céu Claro,Dupla,Reta,Sim,5.0,0.0,1.0,1.0,2.0,1.0,2.0,4.0,"-7,98344307","-34,93176727",SPRF-PE,DEL01-PE,UOP02-DEL01-PE
412644,2022-02-03,quinta-feira,10:38:00,SC,282.0,"655,8",SAO MIGUEL DO OESTE,Reação tardia ou ineficiente do condutor,Colisão transversal,Com Vítimas Feridas,Pleno dia,Decrescente,Céu Claro,Simples,Curva,Não,3.0,0.0,0.0,2.0,1.0,0.0,2.0,2.0,"-26,70121","-53,528481",SPRF-SC,DEL07-SC,UOP03-DEL07-SC
412647,2022-02-03,quinta-feira,12:45:00,MG,50.0,79,UBERLANDIA,Mal súbito do condutor,Saída de leito carroçável,Com Vítimas Fatais,Pleno dia,Crescente,Nublado,Dupla,Reta;Declive,Sim,2.0,1.0,0.0,0.0,0.0,1.0,0.0,2.0,"-18,986906","-48,211853",SPRF-MG,DEL15-MG,UOP01-DEL15-MG
412657,2022-02-03,quinta-feira,09:15:00,SC,153.0,"14,2",AGUA DOCE,Condutor deixou de manter distância do veículo da frente,Colisão traseira,Com Vítimas Feridas,Pleno dia,Crescente,Céu Claro,Simples,Reta,Não,3.0,0.0,1.0,0.0,1.0,1.0,1.0,3.0,"-26,697666","-51,57309",SPRF-SC,DEL07-SC,UOP05-DEL07-SC
412658,2022-01-17,segunda-feira,06:50:00,PR,277.0,579,CASCAVEL,Acessar a via sem observar a presença dos outros veículos,Colisão transversal,Com Vítimas Feridas,Pleno dia,Crescente,Céu Claro,Simples,Interseção de Vias,Não,3.0,0.0,0.0,1.0,1.0,2.0,1.0,4.0,"-24,98298977","-53,359282",SPRF-PR,DEL04-PR,UOP01-DEL04-PR
412659,2022-02-03,quinta-feira,14:40:00,TO,153.0,708,CARIRI DO TOCANTINS,Chuva,Colisão lateral sentido oposto,Com Vítimas Feridas,Pleno dia,Crescente,Chuva,Simples,Declive,Não,3.0,0.0,2.0,0.0,0.0,1.0,2.0,3.0,"-12,02248399","-49,19987885",SPRF-TO,DEL01-TO,UOP02-DEL01-TO
412670,2022-01-14,sexta-feira,16:00:00,MS,163.0,"398,7",NOVA ALVORADA DO SUL,Reação tardia ou ineficiente do condutor,Colisão traseira,Com Vítimas Feridas,Pleno dia,Crescente,Sol,Simples,Reta,Não,3.0,0.0,0.0,1.0,1.0,3.0,1.0,5.0,"-21,18509418","-54,46934137",SPRF-MS,DEL02-MS,UOP01-DEL02-MS
412671,2022-02-03,quinta-feira,15:50:00,GO,364.0,203,JATAI,Reação tardia ou ineficiente do condutor,Colisão traseira,Com Vítimas Feridas,Pleno dia,Decrescente,Sol,Simples,Aclive,Não,5.0,0.0,1.0,0.0,1.0,3.0,1.0,5.0,"-17,870329","-51,878986",SPRF-GO,DEL05-GO,UOP01-DEL05-GO
412673,2022-02-03,quinta-feira,16:00:00,RJ,116.0,277,BARRA MANSA,Velocidade Incompatível,Saída de leito carroçável,Com Vítimas Feridas,Pleno dia,Decrescente,Chuva,Dupla,Declive;Curva,Não,1.0,0.0,1.0,0.0,0.0,0.0,1.0,1.0,"-22,55905501","-44,17284006",SPRF-RJ,DEL07-RJ,UOP02-DEL07-RJ
412674,2022-02-03,quinta-feira,15:30:00,PR,116.0,"119,5",CURITIBA,Manobra de mudança de faixa,Colisão lateral mesmo sentido,Com Vítimas Feridas,Pleno dia,Crescente,Céu Claro,Dupla,Reta,Sim,2.0,0.0,1.0,0.0,1.0,0.0,1.0,2.0,"-25,57943011","-49,31283519",SPRF-PR,DEL01-PR,UOP03-DEL01-PR
412675,2022-02-03,quinta-feira,15:30:00,DF,20.0,21,BRASILIA,Ausência de reação do condutor,Tombamento,Sem Vítimas,Pleno dia,Crescente,Céu Claro,Dupla,Aclive,Não,2.0,0.0,0.0,0.0,0.0,2.0,0.0,2.0,"-15,603384","-47,684692",SPRF-DF,DEL02-DF,UOP01-DEL02-DF
412677,2022-02-03,quinta-feira,08:50:00,MT,158.0,594,AGUA BOA,Manobra de mudança de faixa,Tombamento,Sem Vítimas,Pleno dia,Crescente,Céu Claro,Simples,Reta,Não,2.0,0.0,0.0,0.0,1.0,3.0,0.0,4.0,"-14,267634","-52,168964",SPRF-MT,DEL07-MT,UOP02-DEL07-MT
412678,2022-02-03,quinta-feira,17:20:00,SC,101.0,375,GAROPABA,Demais falhas mecânicas ou elétricas,Incêndio,Sem Vítimas,Pleno dia,Crescente,Céu Claro,Dupla,Reta,Sim,1.0,0.0,0.0,0.0,1.0,0.0,0.0,1.0,"-28,1497688","-48,6924764",SPRF-SC,DEL02-SC,UOP01-DEL02-SC
412680,2022-02-03,quinta-feira,16:00:00,MG,116.0,58,MEDINA,Carga excessiva e/ou mal acondicionada,Derramamento de carga,Com Vítimas Feridas,Pleno dia,Crescente,Nublado,Simples,Reta,Não,3.0,0.0,2.0,0.0,0.0,1.0,2.0,2.0,"-16,122625","-41,4293",SPRF-MG,DEL11-MG,UOP02-DEL11-MG
412687,2022-02-03,quinta-feira,19:10:00,GO,50.0,"275,5",CATALAO,Ultrapassagem Indevida,Tombamento,Com Vítimas Feridas,Anoitecer,Decrescente,Garoa/Chuvisco,Simples,Declive;Reta,Sim,3.0,0.0,0.0,1.0,1.0,1.0,1.0,3.0,"-18,1483","-47,907",SPRF-GO,DEL06-GO,UOP01-DEL06-GO
412689,2022-02-03,quinta-feira,13:05:00,MG,262.0,"458,4",NOVA SERRANA,Ultrapassagem Indevida,Colisão lateral mesmo sentido,Com Vítimas Feridas,Pleno dia,Decrescente,Nublado,Simples,Reta,Não,4.0,0.0,2.0,0.0,1.0,1.0,2.0,3.0,"-19,83697491","-45,05802994",SPRF-MG,DEL08-MG,UOP03-DEL08-MG
412697,2022-02-03,quinta-feira,19:10:00,GO,60.0,"21,4",ALEXANIA,Ausência de reação do condutor,Colisão traseira,Com Vítimas Fatais,Plena Noite,Crescente,Céu Claro,Dupla,Reta,Sim,3.0,1.0,0.0,0.0,2.0,0.0,0.0,3.0,"-16,121884","-48,414986",SPRF-DF,DEL03-DF,UOP01-DEL03-DF
412698,2022-02-03,quinta-feira,15:55:00,RJ,393.0,"156,9",TRES RIOS,Acumulo de água sobre o pavimento,Colisão frontal,Com Vítimas Feridas,Pleno dia,Crescente,Chuva,Simples,Reta,Não,3.0,0.0,0.0,1.0,1.0,2.0,1.0,4.0,"-22,09021176","-43,06349116",SPRF-RJ,DEL05-RJ,UOP01-DEL05-RJ
412700,2022-02-03,quinta-feira,19:45:00,GO,158.0,228,JATAI,Transitar na contramão,Colisão frontal,Sem Vítimas,Plena Noite,Decrescente,Céu Claro,Simples,Reta,Não,5.0,0.0,0.0,0.0,1.0,4.0,0.0,4.0,"-17,548211","-51,88434",SPRF-GO,DEL05-GO,UOP01-DEL05-GO
412702,2022-02-03,quinta-feira,20:45:00,ES,101.0,"65,9",SAO MATEUS,Acessar a via sem observar a presença dos outros veículos,Colisão transversal,Com Vítimas Feridas,Plena Noite,Crescente,Céu Claro,Simples,Reta,Não,3.0,0.0,0.0,1.0,1.0,2.0,1.0,4.0,"-18,70935945","-39,87762087",SPRF-ES,DEL04-ES,UOP02-DEL04-ES
412706,2022-02-03,quinta-feira,06:00:00,BA,101.0,616,MASCOTE,Velocidade Incompatível,Saída de leito carroçável,Sem Vítimas,Pleno dia,Crescente,Sol,Simples,Curva,Não,2.0,0.0,0.0,0.0,1.0,1.0,0.0,2.0,"-15,75042705","-39,4801369",SPRF-BA,DEL05-BA,UOP02-DEL05-BA
412708,2022-02-03,quinta-feira,21:00:00,AL,101.0,41,FLEXEIRAS,Condutor Dormindo,Tombamento,Sem Vítimas,Plena Noite,Decrescente,Céu Claro,Dupla,Curva;Declive,Não,2.0,0.0,0.0,0.0,1.0,1.0,0.0,2.0,"-9,17104293","-35,77460326",SPRF-AL,DEL01-AL,UOP02-DEL01-AL
412712,2022-02-03,quinta-feira,12:55:00,SC,470.0,53,BLUMENAU,Condutor Dormindo,Colisão frontal,Sem Vítimas,Pleno dia,Crescente,Céu Claro,Simples,Reta,Não,3.0,0.0,0.0,0.0,2.0,1.0,0.0,3.0,"-26,867121","-49,102066",SPRF-SC,DEL04-SC,UOP01-DEL04-SC
412715,2022-02-03,quinta-feira,19:30:00,BA,116.0,594,IRAJUBA,Demais falhas na via,Tombamento,Sem Vítimas,Plena Noite,Decrescente,Céu Claro,Simples,Reta,Não,2.0,0.0,0.0,0.0,1.0,1.0,0.0,2.0,"-13,16531644","-39,99880271",SPRF-BA,DEL03-BA,UOP02-DEL03-BA
412719,2022-02-03,quinta-feira,21:20:00,PB,101.0,"103,8",ALHANDRA,Ausência de reação do condutor,Colisão traseira,Com Vítimas Feridas,Plena Noite,Crescente,Ignorado,Dupla,Reta,Não,3.0,0.0,1.0,0.0,1.0,2.0,1.0,4.0,"-7,29910332","-34,93823513",SPRF-PB,DEL01-PB,UOP02-DEL01-PB
412723,2022-02-03,quinta-feira,18:05:00,RS,285.0,256,GENTIL,Ultrapassagem Indevida,Engavetamento,Sem Vítimas,Pleno dia,Decrescente,Céu Claro,Simples,Reta,Não,7.0,0.0,0.0,0.0,6.0,2.0,0.0,8.0,"-28,30320936","-52,02030659",SPRF-RS,DEL08-RS,UOP03-DEL08-RS
412730,2022-02-03,quinta-feira,23:10:00,SC,470.0,"78,7",RODEIO,Carga excessiva e/ou mal acondicionada,Derramamento de carga,Sem Vítimas,Plena Noite,Decrescente,Nublado,Simples,Reta,Não,2.0,0.0,0.0,0.0,1.0,2.0,0.0,3.0,"-26,951647","-49,304474",SPRF-SC,DEL04-SC,UOP01-DEL04-SC