id,data_inversa,dia_semana,horario,uf,br,km,municipio,causa_acidente,tipo_acidente,classificacao_acidente,fase_dia,sentido_via,condicao_metereologica,tipo_pista,tracado_via,uso_solo,pessoas,mortos,feridos_leves,feridos_graves,ilesos,ignorados,feridos,veiculos,latitude,longitude,regional,delegacia,uop
412731,2022-02-04,sexta-feira,00:50:00,SC,101.0,213,PALHOCA,Objeto estático sobre o leito carroçável,Queda de ocupante de veículo,Com Vítimas Feridas,Plena Noite,Decrescente,Garoa/Chuvisco,Dupla,Reta,Sim,2.0,0.0,1.0,0.0,1.0,0.0,1.0,2.0,"-27,63697369","-48,66514142",SPRF-SC,DEL01-SC,UOP02-DEL01-SC
412745,2022-02-04,sexta-feira,02:45:00,PR,376.0,"135,8",NOVA ESPERANCA,Acesso irregular,Colisão lateral mesmo sentido,Com Vítimas Fatais,Plena Noite,Crescente,Nublado,Dupla,Reta,Sim,2.0,1.0,0.0,0.0,0.0,1.0,0.0,2.0,"-23,19922523","-52,19885588",SPRF-PR,DEL09-PR,UOP02-DEL09-PR
412750,2022-02-04,sexta-feira,05:30:00,MG,40.0,"443,9",PARAOPEBA,Ausência de reação do condutor,Saída de leito carroçável,Com Vítimas Fatais,Amanhecer,Crescente,Céu Claro,Dupla,Reta,Não,1.0,1.0,0.0,0.0,0.0,0.0,0.0,1.0,"-19,28815","-44,392",SPRF-MG,DEL02-MG,UOP01-DEL02-MG
412754,2022-02-04,sexta-feira,06:33:00,MG,381.0,"452,4",SABARA,Ausência de reação do condutor,Engavetamento,Com Vítimas Fatais,Pleno dia,Crescente,Nublado,Simples,Reta;Aclive,Sim,4.0,1.0,1.0,0.0,1.0,1.0,1.0,4.0,"-19,83832024","-43,8806931",SPRF-MG,DEL01-MG,UOP01-DEL01-MG
412755,2022-02-03,quinta-feira,22:15:00,BA,116.0,684,JEQUIE,Velocidade Incompatível,Saída de leito carroçável,Sem Vítimas,Plena Noite,Decrescente,Céu Claro,Simples,Curva,Não,1.0,0.0,0.0,0.0,1.0,0.0,0.0,1.0,"-13,88614801","-40,13937497",SPRF-BA,DEL03-BA,UOP01-DEL03-BA
412758,2022-02-04,sexta-feira,05:30:00,RJ,40.0,49,PETROPOLIS,Ingestão de álcool pelo condutor,Tombamento,Sem Vítimas,Amanhecer,Crescente,Céu Claro,Dupla,Reta,Não,1.0,0.0,0.0,0.0,1.0,0.0,0.0,1.0,"-22,30911378","-43,13077556",SPRF-RJ,DEL05-RJ,UOP02-DEL05-RJ
412764,2022-02-04,sexta-feira,07:13:00,BA,101.0,"717,5",EUNAPOLIS,Entrada inopinada do pedestre,Atropelamento de Pedestre,Com Vítimas Fatais,Pleno dia,Crescente,Sol,Simples,Curva;Declive,Sim,3.0,1.0,0.0,0.0,0.0,2.0,0.0,3.0,"-16,369245","-39,583184",SPRF-BA,DEL09-BA,UOP01-DEL09-BA
412785,2022-02-04,sexta-feira,10:00:00,RS,471.0,"175,9",RIO PARDO,Acessar a via sem observar a presença dos outros veículos,Colisão lateral mesmo sentido,Sem Vítimas,Pleno dia,Crescente,Nublado,Simples,Interseção de Vias,Sim,2.0,0.0,0.0,0.0,2.0,0.0,0.0,2.0,"-30,031555","-52,371674",SPRF-RS,DEL02-RS,UOP03-DEL02-RS
412788,2022-02-04,sexta-feira,10:20:00,PR,277.0,586,CASCAVEL,Acessar a via sem observar a presença dos outros veículos,Colisão transversal,Com Vítimas Feridas,Pleno dia,Crescente,Chuva,Simples,Interseção de Vias;Reta,Sim,5.0,0.0,2.0,0.0,2.0,2.0,2.0,5.0,"-24,9649472","-53,4210459",SPRF-PR,DEL04-PR,UOP01-DEL04-PR
412789,2022-02-04,sexta-feira,09:40:00,RS,285.0,"404,2",PANAMBI,Ultrapassagem Indevida,Colisão frontal,Com Vítimas Feridas,Pleno dia,Crescente,Garoa/Chuvisco,Simples,Aclive,Não,3.0,0.0,1.0,1.0,0.0,1.0,2.0,3.0,"-28,37983494","-53,3710295",SPRF-RS,DEL10-RS,UOP02-DEL10-RS
412790,2022-02-04,sexta-feira,10:10:00,DF,80.0,"18,6",BRASILIA,Reação tardia ou ineficiente do condutor,Colisão traseira,Com Vítimas Feridas,Pleno dia,Decrescente,Céu Claro,Dupla,Retorno Regulamentado;Reta,Sim,2.0,0.0,1.0,0.0,1.0,0.0,1.0,2.0,"-15,67886579","-48,20519686",SPRF-DF,DEL03-DF,UOP02-DEL03-DF
412797,2022-02-04,sexta-feira,08:30:00,PR,376.0,666,GUARATUBA,Velocidade Incompatível,Tombamento,Com Vítimas Feridas,Pleno dia,Crescente,Nublado,Dupla,Curva;Declive,Não,2.0,0.0,0.0,1.0,0.0,1.0,1.0,2.0,"-25,86037408","-48,95087256",SPRF-PR,DEL01-PR,UOP04-DEL01-PR
412816,2022-02-04,sexta-feira,11:40:00,RO,364.0,430,JARU,Desrespeitar a preferência no cruzamento,Colisão transversal,Com Vítimas Feridas,Pleno dia,Decrescente,Chuva,Simples,Reta,Não,4.0,0.0,1.0,0.0,1.0,2.0,1.0,4.0,"-10,41098263","-62,51010043",SPRF-RO,DEL03-RO,UOP02-DEL03-RO
412827,2022-01-17,segunda-feira,15:38:00,MT,364.0,"347,4",SANTO ANTONIO DO LEVERGER,Condutor deixou de manter distância do veículo da frente,Colisão lateral mesmo sentido,Com Vítimas Feridas,Pleno dia,Crescente,Céu Claro,Dupla,Reta,Não,6.0,0.0,3.0,0.0,2.0,1.0,3.0,3.0,"-15,79366708","-55,57184681",SPRF-MT,DEL05-MT,UOP02-DEL05-MT
412828,2022-02-04,sexta-feira,14:50:00,ES,262.0,48,MARECHAL FLORIANO,Velocidade Incompatível,Engavetamento,Com Vítimas Feridas,Pleno dia,Decrescente,Chuva,Simples,Curva,Não,6.0,0.0,1.0,0.0,4.0,1.0,1.0,5.0,"-20,41192401","-40,68856",SPRF-ES,DEL01-ES,UOP01-DEL01-ES
412829,2022-02-04,sexta-feira,15:00:00,SC,101.0,"203,2",SAO JOSE,Manobra de mudança de faixa,Colisão lateral mesmo sentido,Com Vítimas Feridas,Pleno dia,Decrescente,Garoa/Chuvisco,Múltipla,Reta,Sim,2.0,0.0,0.0,1.0,1.0,0.0,1.0,2.0,"-27,5650044","-48,61460082",SPRF-SC,DEL01-SC,UOP01-DEL01-SC
412830,2022-02-04,sexta-feira,14:25:00,CE,20.0,432,EUSEBIO,Manobra de mudança de faixa,Colisão lateral mesmo sentido,Com Vítimas Feridas,Pleno dia,Crescente,Céu Claro,Dupla,Reta,Sim,4.0,0.0,1.0,0.0,2.0,1.0,1.0,4.0,"-3,8709966","-38,48302782",SPRF-CE,DEL01-CE,UOP02-DEL01-CE
412831,2022-02-04,sexta-feira,10:20:00,MG,116.0,"170,7",PADRE PARAISO,Pista esburacada,Saída de leito carroçável,Com Vítimas Feridas,Pleno dia,Decrescente,Nublado,Simples,Curva,Não,3.0,0.0,1.0,0.0,1.0,1.0,1.0,2.0,"-17,01766884","-41,4435732",SPRF-MG,DEL11-MG,UOP02-DEL11-MG
412834,2022-02-04,sexta-feira,13:20:00,GO,153.0,184,URUACU,Ultrapassagem Indevida,Colisão lateral sentido oposto,Com Vítimas Fatais,Pleno dia,Crescente,Céu Claro,Simples,Aclive,Não,4.0,1.0,0.0,0.0,3.0,0.0,0.0,2.0,"-14,377925","-49,15807",SPRF-GO,DEL07-GO,UOP02-DEL07-GO
412852,2022-02-04,sexta-feira,17:00:00,MG,116.0,"512,2",UBAPORANGA,Velocidade Incompatível,Colisão traseira,Com Vítimas Feridas,Anoitecer,Crescente,Chuva,Simples,Curva,Não,3.0,0.0,1.0,0.0,1.0,1.0,1.0,3.0,"-19,66095102","-42,11695495",SPRF-MG,DEL06-MG,UOP02-DEL06-MG
412854,2022-02-04,sexta-feira,17:15:00,RS,392.0,18,RIO GRANDE,Manobra de mudança de faixa,Colisão lateral mesmo sentido,Sem Vítimas,Pleno dia,Crescente,Nublado,Dupla,Reta,Sim,3.0,0.0,0.0,0.0,2.0,1.0,0.0,3.0,"-32,1024397","-52,16347437",SPRF-RS,DEL07-RS,UOP02-DEL07-RS
412857,2022-02-04,sexta-feira,05:00:00,RR,174.0,712,PACARAIMA,Demais falhas mecânicas ou elétricas,Eventos atípicos,Sem Vítimas,Pleno dia,Crescente,Céu Claro,Dupla,Aclive,Não,2.0,0.0,0.0,0.0,1.0,2.0,0.0,3.0,"4,455691","-61,133301",SPRF-RR,DEL01-RR,UOP01-DEL01-RR
412859,2022-02-04,sexta-feira,15:40:00,PR,163.0,"344,3",GUAIRA,Demais falhas mecânicas ou elétricas,Derramamento de carga,Sem Vítimas,Pleno dia,Decrescente,Chuva,Simples,Aclive,Não,3.0,0.0,0.0,0.0,1.0,4.0,0.0,5.0,"-24,21375699","-54,19958751",SPRF-PR,DEL06-PR,UOP01-DEL06-PR
412861,2022-02-04,sexta-feira,17:10:00,RS,293.0,"29,1",MORRO REDONDO,Ausência de reação do condutor,Colisão lateral sentido oposto,Com Vítimas Fatais,Pleno dia,Crescente,Céu Claro,Simples,Curva;Aclive,Não,3.0,1.0,1.0,0.0,1.0,0.0,1.0,2.0,"-31,72888597","-52,613132",SPRF-RS,DEL07-RS,UOP01-DEL07-RS
412864,2022-02-04,sexta-feira,09:10:00,RS,153.0,"586,5",BAGE,Chuva,Saída de leito carroçável,Com Vítimas Fatais,Pleno dia,Decrescente,Chuva,Simples,Reta,Não,2.0,1.0,0.0,0.0,0.0,1.0,0.0,2.0,"-31,09880692","-53,74105905",SPRF-RS,DEL11-RS,UOP03-DEL11-RS
412867,2022-02-04,sexta-feira,18:15:00,CE,20.0,428,FORTALEZA,Ingestão de álcool pelo condutor,Colisão traseira,Sem Vítimas,Plena Noite,Crescente,Céu Claro,Simples,Reta,Sim,2.0,0.0,0.0,0.0,1.0,1.0,0.0,2.0,"-3,86896456","-38,50819588",SPRF-CE,DEL01-CE,UOP02-DEL01-CE
412872,2022-02-04,sexta-feira,16:20:00,SC,282.0,"406,8",CATANDUVAS,Velocidade Incompatível,Colisão lateral sentido oposto,Com Vítimas Feridas,Pleno dia,Crescente,Chuva,Simples,Aclive,Não,4.0,0.0,1.0,1.0,1.0,1.0,2.0,3.0,"-27,092703","-51,659904",SPRF-SC,DEL07-SC,UOP05-DEL07-SC
412873,2022-02-04,sexta-feira,18:00:00,SP,116.0,567,BARRA DO TURVO,Reação tardia ou ineficiente do condutor,Colisão com objeto,Sem Vítimas,Anoitecer,Decrescente,Chuva,Simples,Curva,Não,1.0,0.0,0.0,0.0,1.0,0.0,0.0,1.0,"-25,05538368","-48,55422735",SPRF-SP,DEL05-SP,UOP02-DEL05-SP
412881,2022-02-04,sexta-feira,16:45:00,PR,116.0,9,CAMPINA GRANDE DO SUL,Reação tardia ou ineficiente do condutor,Saída de leito carroçável,Sem Vítimas,Pleno dia,Crescente,Chuva,Dupla,Curva;Declive,Não,2.0,0.0,0.0,0.0,1.0,2.0,0.0,3.0,"-25,08279464","-48,63845944",SPRF-PR,DEL01-PR,UOP02-DEL01-PR
412882,2022-02-04,sexta-feira,18:25:00,MA,135.0,60,BACABEIRA,Transitar na contramão,Colisão lateral sentido oposto,Com Vítimas Feridas,Plena Noite,Decrescente,Nublado,Simples,Reta,Não,2.0,0.0,0.0,1.0,1.0,0.0,1.0,2.0,"-3,05225689","-44,31876443",SPRF-MA,DEL01-MA,UOP02-DEL01-MA
412885,2022-02-04,sexta-feira,20:30:00,SP,116.0,373,MIRACATU,Demais falhas mecânicas ou elétricas,Colisão lateral mesmo sentido,Sem Vítimas,Plena Noite,Crescente,Chuva,Dupla,Reta,Sim,3.0,0.0,0.0,0.0,2.0,2.0,0.0,4.0,"-24,17118519","-47,33990085",SPRF-SP,DEL04-SP,UOP02-DEL04-SP
412886,2022-02-04,sexta-feira,19:20:00,RJ,101.0,144,MACAE,Demais falhas mecânicas ou elétricas,Incêndio,Sem Vítimas,Plena Noite,Crescente,Céu Claro,Dupla,Reta,Não,2.0,0.0,0.0,0.0,1.0,2.0,0.0,3.0,"-22,21668267","-41,75734878",SPRF-RJ,DEL08-RJ,UOP04-DEL08-RJ
412887,2022-02-04,sexta-feira,20:00:00,MS,262.0,61,TRES LAGOAS,Ausência de reação do condutor,Colisão traseira,Com Vítimas Fatais,Plena Noite,Decrescente,Céu Claro,Simples,Reta,Não,3.0,1.0,0.0,0.0,1.0,3.0,0.0,5.0,"-20,710878","-52,156641",SPRF-MS,DEL07-MS,UOP01-DEL07-MS
412896,2022-02-04,sexta-feira,09:30:00,RS,470.0,214,BENTO GONCALVES,Reação tardia ou ineficiente do condutor,Colisão lateral mesmo sentido,Com Vítimas Feridas,Pleno dia,Crescente,Nublado,Simples,Curva;Aclive,Sim,3.0,0.0,2.0,0.0,1.0,0.0,2.0,2.0,"-29,14408811","-51,53555411",SPRF-RS,DEL06-RS,UOP01-DEL06-RS
412899,2022-02-04,sexta-feira,18:50:00,RS,471.0,171,RIO PARDO,Desrespeitar a preferência no cruzamento,Colisão transversal,Com Vítimas Feridas,Plena Noite,Decrescente,Céu Claro,Simples,Reta,Não,2.0,0.0,1.0,0.0,1.0,0.0,1.0,2.0,"-29,9967","-52,368134",SPRF-RS,DEL02-RS,UOP03-DEL02-RS
412906,2022-02-04,sexta-feira,21:00:00,PR,376.0,87,PARANAVAI,Acessar a via sem observar a presença dos outros veículos,Colisão transversal,Com Vítimas Feridas,Plena Noite,Crescente,Chuva,Simples,Reta,Não,5.0,0.0,3.0,0.0,1.0,1.0,3.0,3.0,"-22,983856","-52,60177",SPRF-PR,DEL09-PR,UOP02-DEL09-PR
412909,2022-02-04,sexta-feira,19:20:00,GO,60.0,"227,5",CEZARINA,Pista esburacada,Tombamento,Sem Vítimas,Plena Noite,Decrescente,Ignorado,Simples,Aclive,Não,2.0,0.0,0.0,0.0,1.0,1.0,0.0,2.0,"-17,0331","-49,7777",SPRF-GO,DEL01-GO,UOP02-DEL01-GO
412918,2022-02-04,sexta-feira,20:30:00,SC,282.0,"49,5",AGUAS MORNAS,Velocidade Incompatível,Colisão frontal,Sem Vítimas,Plena Noite,Crescente,Chuva,Simples,Curva,Não,2.0,0.0,0.0,0.0,2.0,0.0,0.0,2.0,"-27,712931","-48,943741",SPRF-SC,DEL01-SC,UOP03-DEL01-SC
412932,2022-02-05,sábado,00:15:00,RS,285.0,"451,2",IJUI,Ingestão de álcool pelo condutor,Colisão lateral sentido oposto,Com Vítimas Feridas,Pleno dia,Decrescente,Céu Claro,Simples,Reta,Não,3.0,0.0,1.0,0.0,1.0,1.0,1.0,3.0,"-28,37462","-53,840855",SPRF-RS,DEL10-RS,UOP01-DEL10-RS
412933,2022-02-05,sábado,00:00:00,RS,386.0,"366,4",FAZENDA VILANOVA,Manobra de mudança de faixa,Colisão traseira,Sem Vítimas,Plena Noite,Decrescente,Céu Claro,Dupla,Retorno Regulamentado;Reta,Não,3.0,0.0,0.0,0.0,2.0,1.0,0.0,3.0,"-29,572111","-51,855782",SPRF-RS,DEL04-RS,UOP02-DEL04-RS
412935,2022-02-05,sábado,00:00:00,SC,470.0,141,RIO DO SUL,Ingestão de álcool pelo condutor,Colisão frontal,Sem Vítimas,Plena Noite,Decrescente,Chuva,Simples,Curva,Não,4.0,0.0,0.0,0.0,2.0,2.0,0.0,2.0,"-27,226065","-49,666161",SPRF-SC,DEL04-SC,UOP02-DEL04-SC
412936,2022-02-05,sábado,00:20:00,SP,116.0,"217,5",GUARULHOS,Entrada inopinada do pedestre,Atropelamento de Pedestre,Com Vítimas Feridas,Plena Noite,Decrescente,Chuva,Múltipla,Reta;Aclive,Sim,2.0,0.0,0.0,1.0,1.0,0.0,1.0,2.0,"-23,45423824","-46,47119028",SPRF-SP,DEL01-SP,UOP01-DEL01-SP
412937,2022-02-04,sexta-feira,21:50:00,RO,364.0,12,VILHENA,Ausência de reação do condutor,Colisão traseira,Sem Vítimas,Plena Noite,Crescente,Céu Claro,Simples,Reta,Sim,3.0,0.0,0.0,0.0,1.0,3.0,0.0,4.0,"-12,74370233","-60,12147609",SPRF-RO,DEL04-RO,UOP01-DEL04-RO
412938,2022-02-05,sábado,00:50:00,PE,101.0,"195,4",PALMARES,Condutor Dormindo,Colisão traseira,Com Vítimas Fatais,Plena Noite,Decrescente,Céu Claro,Dupla,Reta,Não,3.0,1.0,0.0,1.0,0.0,1.0,1.0,2.0,"-8,73847","-35,608995",SPRF-PE,DEL01-PE,UOP01-DEL01-PE
412939,2022-02-04,sexta-feira,21:50:00,PR,467.0,95,CASCAVEL,Problema com o freio,Incêndio,Sem Vítimas,Plena Noite,Crescente,Garoa/Chuvisco,Dupla,Reta,Não,2.0,0.0,0.0,0.0,1.0,1.0,0.0,2.0,"-24,8675","-53,5694",SPRF-PR,DEL04-PR,UOP01-DEL04-PR
412944,2022-02-05,sábado,01:30:00,RS,392.0,114,CANGUCU,Ingestão de álcool pelo condutor,Colisão lateral sentido oposto,Com Vítimas Feridas,Plena Noite,Crescente,Céu Claro,Simples,Reta,Não,6.0,0.0,5.0,0.0,0.0,2.0,5.0,5.0,"-31,43234525","-52,65622636",SPRF-RS,DEL07-RS,UOP01-DEL07-RS
412948,2022-02-05,sábado,00:00:00,BA,101.0,807,ITAMARAJU,Ausência de reação do condutor,Colisão traseira,Com Vítimas Feridas,Plena Noite,Decrescente,Céu Claro,Simples,Reta,Sim,3.0,0.0,1.0,0.0,2.0,0.0,1.0,2.0,"-17,18820805","-39,58798393",SPRF-BA,DEL09-BA,UOP02-DEL09-BA
412949,2022-02-05,sábado,01:25:00,SC,101.0,"216,5",PALHOCA,Pedestre andava na pista,Atropelamento de Pedestre,Com Vítimas Feridas,Plena Noite,Decrescente,Nublado,Dupla,Viaduto;Reta;Declive,Sim,2.0,0.0,1.0,0.0,1.0,0.0,1.0,2.0,"-27,663551","-48,675636",SPRF-SC,DEL01-SC,UOP02-DEL01-SC
412961,2022-02-05,sábado,02:50:00,RJ,116.0,"269,7",VOLTA REDONDA,Avarias e/ou desgaste excessivo no pneu,Colisão com objeto,Com Vítimas Feridas,Plena Noite,Decrescente,Chuva,Dupla,Reta,Sim,6.0,0.0,4.0,0.0,1.0,1.0,4.0,3.0,"-22,57510092","-44,11542461",SPRF-RJ,DEL07-RJ,UOP02-DEL07-RJ
412978,2022-02-05,sábado,06:30:00,PE,232.0,116,CARUARU,Demais falhas mecânicas ou elétricas,Capotamento,Com Vítimas Feridas,Pleno dia,Decrescente,Céu Claro,Dupla,Reta,Não,3.0,0.0,1.0,0.0,1.0,2.0,1.0,4.0,"-8,2970005","-35,86666391",SPRF-PE,DEL02-PE,UOP03-DEL02-PE
412979,2022-02-05,sábado,06:10:00,BA,116.0,"850,2",VITORIA DA CONQUISTA,Demais falhas mecânicas ou elétricas,Incêndio,Sem Vítimas,Amanhecer,Crescente,Garoa/Chuvisco,Simples,Reta,Não,2.0,0.0,0.0,0.0,1.0,1.0,0.0,2.0,"-14,99050229","-40,92828066",SPRF-BA,DEL08-BA,UOP01-DEL08-BA
412982,2022-02-05,sábado,05:00:00,CE,116.0,428,IPAUMIRIM,Problema na suspensão,Tombamento,Com Vítimas Feridas,Amanhecer,Decrescente,Garoa/Chuvisco,Simples,Rotatória,Não,2.0,0.0,1.0,0.0,0.0,12.0,1.0,13.0,"-6,84207442","-38,73729448",SPRF-CE,DEL05-CE,UOP01-DEL05-CE
412988,2022-02-05,sábado,06:25:00,MG,40.0,"452,8",CAETANOPOLIS,Acessar a via sem observar a presença dos outros veículos,Colisão lateral mesmo sentido,Com Vítimas Feridas,Pleno dia,Decrescente,Nublado,Dupla,Reta;Retorno Regulamentado,Sim,3.0,0.0,1.0,0.0,2.0,0.0,1.0,2.0,"-19,33841","-44,35824",SPRF-MG,DEL02-MG,UOP01-DEL02-MG
412989,2022-02-04,sexta-feira,23:30:00,MG,365.0,327,SAO GONCALO DO ABAETE,Manobra de mudança de faixa,Colisão frontal,Com Vítimas Fatais,Plena Noite,Decrescente,Chuva,Simples,Declive,Não,6.0,2.0,3.0,0.0,1.0,0.0,3.0,2.0,"-18,28603802","-45,91859899",SPRF-MG,DEL10-MG,UOP01-DEL10-MG
412992,2022-02-05,sábado,08:00:00,MG,153.0,"80,6",PRATA,Condutor Dormindo,Saída de leito carroçável,Com Vítimas Fatais,Pleno dia,Decrescente,Céu Claro,Simples,Reta;Declive,Não,3.0,1.0,2.0,0.0,0.0,0.0,2.0,1.0,"-19,0652129","-49,00663485",SPRF-MG,DEL15-MG,UOP03-DEL15-MG
413003,2022-02-05,sábado,06:00:00,TO,153.0,"579,5",SANTA RITA DO TOCANTINS,Transitar na contramão,Colisão frontal,Com Vítimas Feridas,Amanhecer,Crescente,Chuva,Simples,Reta,Não,5.0,0.0,2.0,1.0,1.0,2.0,3.0,4.0,"-10,90901","-48,90765208",SPRF-TO,DEL01-TO,UOP01-DEL01-TO
413006,2022-02-05,sábado,08:40:00,SC,101.0,"146,7",ITAPEMA,Demais falhas mecânicas ou elétricas,Colisão com objeto,Com Vítimas Feridas,Pleno dia,Decrescente,Céu Claro,Simples,Reta,Sim,3.0,0.0,3.0,0.0,0.0,0.0,3.0,1.0,"-27,08666525","-48,60955587",SPRF-SC,DEL04-SC,UOP03-DEL04-SC
413010,2022-02-05,sábado,05:15:00,BA,116.0,"739,9",BOA NOVA,Condutor Dormindo,Colisão lateral sentido oposto,Com Vítimas Feridas,Amanhecer,Decrescente,Nublado,Simples,Reta;Declive,Não,5.0,0.0,1.0,0.0,3.0,1.0,1.0,4.0,"-14,39078","-40,35178",SPRF-BA,DEL08-BA,UOP01-DEL08-BA
413013,2022-01-09,domingo,14:15:00,GO,153.0,"147,9",CAMPINORTE,Carga excessiva e/ou mal acondicionada,Derramamento de carga,Sem Vítimas,Pleno dia,Decrescente,Chuva,Simples,Reta;Ponte,Não,2.0,0.0,0.0,0.0,1.0,1.0,0.0,2.0,"-14,056182","-49,090618",SPRF-GO,DEL07-GO,UOP02-DEL07-GO
413015,2022-02-05,sábado,10:20:00,SC,101.0,"270,1",IMBITUBA,Reação tardia ou ineficiente do condutor,Colisão traseira,Com Vítimas Feridas,Pleno dia,Crescente,Céu Claro,Dupla,Reta,Não,3.0,0.0,2.0,0.0,1.0,0.0,2.0,3.0,"-28,1015411","-48,70410641",SPRF-SC,DEL02-SC,UOP03-DEL02-SC
413017,2022-02-05,sábado,10:10:00,PR,116.0,"27,5",CAMPINA GRANDE DO SUL,Reação tardia ou ineficiente do condutor,Tombamento,Sem Vítimas,Pleno dia,Decrescente,Céu Claro,Dupla,Reta,Não,2.0,0.0,0.0,0.0,1.0,2.0,0.0,3.0,"-25,10840189","-48,79505902",SPRF-PR,DEL01-PR,UOP02-DEL01-PR
413018,2022-02-05,sábado,10:40:00,RS,386.0,"436,5",NOVA SANTA RITA,Transitar na contramão,Colisão frontal,Sem Vítimas,Pleno dia,Crescente,Céu Claro,Dupla,Retorno Regulamentado,Sim,6.0,0.0,0.0,0.0,4.0,2.0,0.0,5.0,"-29,85342998","-51,26468539",SPRF-RS,DEL04-RS,UOP02-DEL04-RS
413025,2022-02-05,sábado,09:10:00,RS,285.0,"101,2",MONTE ALEGRE DOS CAMPOS,Ingestão de álcool pelo condutor,Colisão lateral sentido oposto,Sem Vítimas,Pleno dia,Decrescente,Céu Claro,Simples,Reta,Não,2.0,0.0,0.0,0.0,2.0,0.0,0.0,2.0,"-28,570061","-50,779354",SPRF-RS,DEL05-RS,UOP03-DEL05-RS
413026,2022-02-05,sábado,11:10:00,ES,101.0,67,SAO MATEUS,Desrespeitar a preferência no cruzamento,Colisão transversal,Com Vítimas Feridas,Pleno dia,Decrescente,Chuva,Simples,Interseção de Vias,Sim,3.0,0.0,2.0,0.0,1.0,0.0,2.0,2.0,"-18,72054021","-39,8658931",SPRF-ES,DEL04-ES,UOP02-DEL04-ES
413035,2022-02-05,sábado,09:00:00,SC,470.0,"116,7",IBIRAMA,Velocidade Incompatível,Saída de leito carroçável,Com Vítimas Feridas,Pleno dia,Decrescente,Céu Claro,Simples,Curva,Não,2.0,0.0,0.0,1.0,0.0,1.0,1.0,2.0,"-27,08197407","-49,50096868",SPRF-SC,DEL04-SC,UOP02-DEL04-SC
413037,2022-02-05,sábado,12:50:00,SC,101.0,27,JOINVILLE,Manobra de mudança de faixa,Colisão lateral mesmo sentido,Com Vítimas Feridas,Pleno dia,Decrescente,Céu Claro,Dupla,Reta,Sim,5.0,0.0,2.0,0.0,2.0,1.0,2.0,3.0,"-26,20130351","-48,91331794",SPRF-SC,DEL03-SC,UOP01-DEL03-SC
413047,2022-02-05,sábado,14:05:00,BA,101.0,108,ALAGOINHAS,Desrespeitar a preferência no cruzamento,Colisão lateral sentido oposto,Com Vítimas Feridas,Pleno dia,Crescente,Céu Claro,Simples,Interseção de Vias,Sim,3.0,0.0,0.0,1.0,1.0,1.0,1.0,3.0,"-12,14836958","-38,39537881",SPRF-BA,DEL01-BA,UOP04-DEL01-BA
413052,2022-02-05,sábado,14:15:00,MG,262.0,"368,5",JUATUBA,Velocidade Incompatível,Colisão transversal,Com Vítimas Feridas,Pleno dia,Decrescente,Nublado,Dupla,Reta;Interseção de Vias,Não,3.0,0.0,1.0,0.0,1.0,3.0,1.0,5.0,"-19,96154559","-44,33623159",SPRF-MG,DEL01-MG,UOP03-DEL01-MG
413063,2022-02-05,sábado,15:35:00,SC,280.0,"51,5",GUARAMIRIM,Velocidade Incompatível,Tombamento,Com Vítimas Feridas,Pleno dia,Crescente,Chuva,Dupla,Interseção de Vias,Não,1.0,0.0,1.0,0.0,0.0,0.0,1.0,1.0,"-26,46673133","-48,9600563",SPRF-SC,DEL03-SC,UOP03-DEL03-SC
413064,2022-02-05,sábado,14:50:00,RJ,101.0,264,RIO BONITO,Acessar a via sem observar a presença dos outros veículos,Colisão lateral mesmo sentido,Sem Vítimas,Pleno dia,Decrescente,Nublado,Dupla,Reta,Não,2.0,0.0,0.0,0.0,1.0,1.0,0.0,2.0,"-22,71818337","-42,63600702",SPRF-RJ,DEL02-RJ,UOP03-DEL02-RJ
413074,2022-02-05,sábado,16:17:00,SP,116.0,"66,5",GUARATINGUETA,Mal súbito do condutor,Saída de leito carroçável,Com Vítimas Feridas,Pleno dia,Decrescente,Nublado,Dupla,Curva,Sim,2.0,0.0,1.0,0.0,0.0,1.0,1.0,2.0,"-22,82270215","-45,20193286",SPRF-SP,DEL08-SP,UOP01-DEL08-SP
413078,2022-02-05,sábado,15:40:00,SC,470.0,"10,6",ILHOTA,Velocidade Incompatível,Colisão traseira,Com Vítimas Feridas,Pleno dia,Decrescente,Nublado,Simples,Reta,Não,3.0,0.0,0.0,1.0,2.0,0.0,1.0,3.0,"-26,833693","-48,73724",SPRF-SC,DEL04-SC,UOP04-DEL04-SC
413080,2022-02-05,sábado,17:05:00,PR,376.0,614,SAO JOSE DOS PINHAIS,Transitar na contramão,Colisão traseira,Com Vítimas Feridas,Pleno dia,Decrescente,Céu Claro,Dupla,Reta;Viaduto,Sim,2.0,0.0,0.0,1.0,1.0,0.0,1.0,2.0,"-25,57084314","-49,19356398",SPRF-PR,DEL01-PR,UOP01-DEL01-PR
413081,2022-02-05,sábado,17:45:00,SC,101.0,"128,5",ITAJAI,Ingestão de álcool pelo condutor,Colisão com objeto,Com Vítimas Feridas,Pleno dia,Crescente,Chuva,Dupla,Reta,Sim,2.0,0.0,1.0,0.0,0.0,1.0,1.0,2.0,"-26,97284292","-48,68299451",SPRF-SC,DEL04-SC,UOP03-DEL04-SC
413087,2022-02-05,sábado,17:20:00,PE,116.0,31,SALGUEIRO,Velocidade Incompatível,Tombamento,Com Vítimas Feridas,Pleno dia,Crescente,Céu Claro,Simples,Curva;Aclive,Não,2.0,0.0,1.0,0.0,0.0,1.0,1.0,2.0,"-8,11305","-39,123844",SPRF-PE,DEL05-PE,UOP01-DEL05-PE
413091,2022-02-05,sábado,17:30:00,SP,153.0,"157,6",PROMISSAO,Transitar na contramão,Colisão frontal,Com Vítimas Fatais,Pleno dia,Decrescente,Nublado,Simples,Reta,Não,3.0,1.0,0.0,0.0,1.0,1.0,0.0,3.0,"-21,48031197","-49,78090972",SPRF-SP,DEL07-SP,UOP01-DEL07-SP