id,data_inversa,dia_semana,horario,uf,br,km,municipio,causa_acidente,tipo_acidente,classificacao_acidente,fase_dia,sentido_via,condicao_metereologica,tipo_pista,tracado_via,uso_solo,pessoas,mortos,feridos_leves,feridos_graves,ilesos,ignorados,feridos,veiculos,latitude,longitude,regional,delegacia,uop
414518,2022-02-12,sábado,14:30:00,PR,376.0,16,MARINGA,Manobra de mudança de faixa,Colisão lateral mesmo sentido,Com Vítimas Feridas,Pleno dia,Crescente,Céu Claro,Dupla,Aclive,Sim,3.0,0.0,1.0,0.0,1.0,1.0,1.0,2.0,"-23,41995531","-51,8830204",SPRF-PR,DEL09-PR,UOP01-DEL09-PR
414527,2022-02-12,sábado,17:15:00,RS,287.0,"329,8",SANTA MARIA,Acessar a via sem observar a presença dos outros veículos,Colisão transversal,Com Vítimas Feridas,Pleno dia,Crescente,Céu Claro,Simples,Rotatória;Interseção de Vias;Viaduto,Sim,4.0,0.0,2.0,0.0,2.0,0.0,2.0,2.0,"-29,70030848","-53,84087205",SPRF-RS,DEL12-RS,UOP02-DEL12-RS
414528,2022-02-12,sábado,07:40:00,SC,280.0,10,SAO FRANCISCO DO SUL,Ingestão de álcool pelo condutor,Colisão traseira,Com Vítimas Feridas,Amanhecer,Decrescente,Céu Claro,Simples,Reta,Não,2.0,0.0,0.0,1.0,1.0,0.0,1.0,2.0,"-26,29625399","-48,64238799",SPRF-SC,DEL03-SC,UOP03-DEL03-SC
414543,2022-02-12,sábado,17:00:00,MG,262.0,"487,5",BOM DESPACHO,Ingestão de álcool pelo condutor,Colisão lateral sentido oposto,Sem Vítimas,Pleno dia,Decrescente,Nublado,Simples,Reta,Não,3.0,0.0,0.0,0.0,2.0,1.0,0.0,3.0,"-19,78526432","-45,31343803",SPRF-MG,DEL08-MG,UOP03-DEL08-MG
414547,2022-02-12,sábado,18:40:00,BA,116.0,"814,5",VITORIA DA CONQUISTA,Mal súbito do condutor,Colisão transversal,Com Vítimas Feridas,Plena Noite,Decrescente,Nublado,Simples,Reta,Sim,2.0,0.0,1.0,0.0,1.0,0.0,1.0,2.0,"-14,76880012","-40,71367294",SPRF-BA,DEL08-BA,UOP01-DEL08-BA
414549,2022-02-12,sábado,17:30:00,RO,319.0,63,PORTO VELHO,Reação tardia ou ineficiente do condutor,Colisão lateral mesmo sentido,Com Vítimas Feridas,Pleno dia,Crescente,Céu Claro,Dupla,Interseção de Vias,Sim,5.0,0.0,2.0,1.0,2.0,0.0,3.0,3.0,"-8,766685","-63,884052",SPRF-RO,DEL01-RO,UOP01-DEL01-RO
414554,2022-02-12,sábado,19:25:00,GO,153.0,244,SAO LUIZ DO NORTE,Transitar na contramão,Colisão frontal,Com Vítimas Feridas,Plena Noite,Crescente,Chuva,Simples,Reta,Sim,2.0,0.0,0.0,1.0,1.0,0.0,1.0,2.0,"-14,869303","-49,330322",SPRF-GO,DEL07-GO,UOP02-DEL07-GO
414560,2022-02-04,sexta-feira,09:30:00,MG,40.0,"492,9",ESMERALDAS,Ausência de reação do condutor,Colisão traseira,Com Vítimas Feridas,Pleno dia,Crescente,Céu Claro,Dupla,Curva,Não,4.0,0.0,1.0,0.0,2.0,1.0,1.0,3.0,"-19,63737896","-44,20372986",SPRF-MG,DEL02-MG,UOP01-DEL02-MG
414579,2022-02-12,sábado,21:15:00,TO,230.0,2,AGUIARNOPOLIS,Transitar na contramão,Colisão frontal,Sem Vítimas,Plena Noite,Crescente,Céu Claro,Simples,Reta,Sim,2.0,0.0,0.0,0.0,2.0,0.0,0.0,2.0,"-6,56184592","-47,46741502",SPRF-TO,DEL02-TO,UOP03-DEL02-TO
414581,2022-02-12,sábado,20:35:00,GO,153.0,"269,5",NOVA GLORIA,Acessar a via sem observar a presença dos outros veículos,Colisão traseira,Com Vítimas Fatais,Plena Noite,Crescente,Ignorado,Simples,Interseção de Vias;Reta,Não,5.0,3.0,0.0,1.0,1.0,0.0,1.0,2.0,"-15,066137","-49,454399",SPRF-GO,DEL07-GO,UOP02-DEL07-GO
414588,2022-02-12,sábado,20:40:00,MT,163.0,748,SORRISO,Ingestão de álcool pelo condutor,Colisão lateral mesmo sentido,Com Vítimas Feridas,Plena Noite,Decrescente,Céu Claro,Dupla,Reta;Aclive,Não,6.0,0.0,2.0,1.0,2.0,2.0,3.0,5.0,"-12,68767697","-55,80144603",SPRF-MT,DEL06-MT,UOP01-DEL06-MT
414599,2022-02-12,sábado,20:19:00,AC,364.0,132,RIO BRANCO,Ausência de reação do condutor,Colisão transversal,Com Vítimas Feridas,Plena Noite,Crescente,Chuva,Dupla,Aclive,Não,3.0,0.0,0.0,1.0,1.0,1.0,1.0,3.0,"-10,01005063","-67,84552927",SPRF-AC,DEL01-AC,UOP01-DEL01-AC
414602,2022-02-12,sábado,20:45:00,MS,262.0,"322,8",CAMPO GRANDE,Reação tardia ou ineficiente do condutor,Colisão traseira,Com Vítimas Feridas,Plena Noite,Crescente,Céu Claro,Simples,Aclive,Não,3.0,0.0,1.0,0.0,1.0,2.0,1.0,4.0,"-20,47012216","-54,47732401",SPRF-MS,DEL01-MS,UOP01-DEL01-MS
414613,2022-02-12,sábado,17:30:00,MT,364.0,463,VARZEA GRANDE,Pista esburacada,Tombamento,Sem Vítimas,Plena Noite,Decrescente,Céu Claro,Simples,Reta,Não,2.0,0.0,0.0,0.0,1.0,3.0,0.0,4.0,"-15,500857","-56,27185103",SPRF-MT,DEL01-MT,UOP02-DEL01-MT
414648,2022-02-13,domingo,04:15:00,SP,116.0,"227,6",SAO PAULO,Velocidade Incompatível,Colisão traseira,Com Vítimas Feridas,Plena Noite,Decrescente,Ignorado,Múltipla,Reta,Sim,4.0,0.0,1.0,0.0,2.0,1.0,1.0,2.0,"-23,49659264","-46,55648754",SPRF-SP,DEL01-SP,UOP01-DEL01-SP
414650,2022-02-13,domingo,03:15:00,BA,101.0,284,LAJE,Condutor Dormindo,Colisão frontal,Com Vítimas Fatais,Plena Noite,Decrescente,Nublado,Simples,Reta,Não,4.0,2.0,0.0,0.0,1.0,1.0,0.0,3.0,"-13,26062292","-39,32435125",SPRF-BA,DEL01-BA,UOP02-DEL01-BA
414685,2022-02-13,domingo,00:24:00,RO,364.0,295,PRESIDENTE MEDICI,Acostamento em desnível,Saída de leito carroçável,Com Vítimas Feridas,Plena Noite,Crescente,Chuva,Simples,Reta,Não,3.0,0.0,1.0,0.0,1.0,1.0,1.0,2.0,"-11,28649745","-61,90014839",SPRF-RO,DEL02-RO,UOP01-DEL02-RO
414686,2022-02-13,domingo,07:10:00,ES,101.0,255,SERRA,Acessar a via sem observar a presença dos outros veículos,Colisão transversal,Com Vítimas Feridas,Pleno dia,Crescente,Céu Claro,Simples,Retorno Regulamentado,Sim,3.0,0.0,1.0,0.0,1.0,2.0,1.0,4.0,"-20,11487935","-40,31943619",SPRF-ES,DEL02-ES,UOP01-DEL02-ES
414690,2022-02-13,domingo,07:05:00,RS,116.0,"50,8",VACARIA,Ingestão de álcool pelo condutor,Saída de leito carroçável,Sem Vítimas,Pleno dia,Decrescente,Céu Claro,Simples,Declive;Reta,Não,1.0,0.0,0.0,0.0,1.0,0.0,0.0,1.0,"-28,57077524","-51,01318481",SPRF-RS,DEL05-RS,UOP03-DEL05-RS
414691,2022-02-13,domingo,06:55:00,MT,163.0,105,RONDONOPOLIS,Ultrapassagem Indevida,Saída de leito carroçável,Com Vítimas Fatais,Pleno dia,Decrescente,Céu Claro,Dupla,Reta,Não,4.0,1.0,0.0,0.0,1.0,3.0,0.0,5.0,"-16,62007898","-54,69936693",SPRF-MT,DEL02-MT,UOP01-DEL02-MT
414696,2022-02-13,domingo,05:30:00,MT,163.0,"560,3",NOVA MUTUM,Transitar na contramão,Colisão frontal,Com Vítimas Fatais,Amanhecer,Crescente,Chuva,Dupla,Reta;Aclive,Não,3.0,1.0,0.0,1.0,0.0,3.0,1.0,5.0,"-14,144724","-56,100525",SPRF-MT,DEL01-MT,UOP01-DEL01-MT
414697,2022-02-13,domingo,07:40:00,RO,364.0,"244,7",CACOAL,Acostamento em desnível,Tombamento,Com Vítimas Feridas,Pleno dia,Decrescente,Chuva,Simples,Aclive;Reta,Não,3.0,0.0,1.0,1.0,0.0,2.0,2.0,3.0,"-11,43985","-61,512351",SPRF-RO,DEL02-RO,UOP02-DEL02-RO
414709,2022-02-13,domingo,11:00:00,MG,153.0,"94,1",PRATA,Reação tardia ou ineficiente do condutor,Saída de leito carroçável,Com Vítimas Feridas,Pleno dia,Decrescente,Sol,Simples,Reta;Declive;Ponte,Não,1.0,0.0,0.0,1.0,0.0,0.0,1.0,1.0,"-19,17964364","-48,94959033",SPRF-MG,DEL15-MG,UOP03-DEL15-MG
414715,2022-02-13,domingo,11:40:00,MG,354.0,"773,6",ITAMONTE,Velocidade Incompatível,Colisão lateral sentido oposto,Com Vítimas Feridas,Pleno dia,Crescente,Nublado,Simples,Curva,Não,3.0,0.0,0.0,1.0,1.0,1.0,1.0,3.0,"-22,37576213","-44,761809",SPRF-MG,DEL17-MG,UOP01-DEL17-MG
414718,2022-02-13,domingo,06:00:00,MG,50.0,189,UBERABA,Ingestão de álcool pelo condutor,Colisão lateral mesmo sentido,Com Vítimas Feridas,Pleno dia,Crescente,Nublado,Dupla,Reta,Não,2.0,0.0,1.0,0.0,1.0,0.0,1.0,2.0,"-19,84851283","-47,87469974",SPRF-MG,DEL13-MG,UOP01-DEL13-MG
414728,2022-02-13,domingo,12:25:00,BA,101.0,885,TEIXEIRA DE FREITAS,Reação tardia ou ineficiente do condutor,Colisão frontal,Com Vítimas Feridas,Pleno dia,Crescente,Céu Claro,Simples,Reta,Não,4.0,0.0,1.0,0.0,2.0,1.0,1.0,3.0,"-17,58512142","-39,73892212",SPRF-BA,DEL09-BA,UOP02-DEL09-BA
414760,2022-02-13,domingo,12:20:00,MG,116.0,"694,9",MURIAE,Manobra de mudança de faixa,Colisão lateral mesmo sentido,Com Vítimas Feridas,Pleno dia,Crescente,Nublado,Simples,Curva,Não,3.0,0.0,2.0,0.0,0.0,1.0,2.0,2.0,"-21,053206","-42,36836908",SPRF-MG,DEL07-MG,UOP02-DEL07-MG
414763,2022-02-13,domingo,15:30:00,RJ,116.0,220,PARACAMBI,Carga excessiva e/ou mal acondicionada,Tombamento,Sem Vítimas,Pleno dia,Crescente,Céu Claro,Dupla,Curva,Não,2.0,0.0,0.0,0.0,1.0,1.0,0.0,2.0,"-22,69305776","-43,77362606",SPRF-RJ,DEL07-RJ,UOP01-DEL07-RJ
414766,2022-02-13,domingo,14:20:00,MG,251.0,354,FRUTA DE LEITE,Velocidade Incompatível,Derramamento de carga,Com Vítimas Feridas,Pleno dia,Decrescente,Nublado,Simples,Aclive;Curva,Não,2.0,0.0,0.0,1.0,0.0,1.0,1.0,2.0,"-16,27089937","-42,56040226",SPRF-MG,DEL12-MG,UOP01-DEL12-MG
414767,2022-02-13,domingo,14:30:00,MG,381.0,"637,4",SANTO ANTONIO DO AMPARO,Ausência de reação do condutor,Saída de leito carroçável,Sem Vítimas,Pleno dia,Crescente,Sol,Dupla,Curva,Não,1.0,0.0,0.0,0.0,0.0,1.0,0.0,1.0,"-20,89963404","-44,85537595",SPRF-MG,DEL04-MG,UOP01-DEL04-MG
414772,2022-02-13,domingo,16:30:00,MT,163.0,535,DIAMANTINO,Chuva,Queda de ocupante de veículo,Com Vítimas Feridas,Anoitecer,Decrescente,Chuva,Simples,Reta,Não,3.0,0.0,2.0,0.0,1.0,0.0,2.0,2.0,"-14,42375691","-56,11354441",SPRF-MT,DEL01-MT,UOP01-DEL01-MT
414773,2022-02-13,domingo,16:15:00,MT,364.0,350,SANTO ANTONIO DO LEVERGER,Condutor deixou de manter distância do veículo da frente,Colisão traseira,Com Vítimas Feridas,Pleno dia,Crescente,Nublado,Dupla,Reta,Não,10.0,0.0,6.0,0.0,3.0,3.0,6.0,8.0,"-15,80518241","-55,55686807",SPRF-MT,DEL05-MT,UOP02-DEL05-MT
414776,2022-02-13,domingo,16:25:00,PR,116.0,"59,5",CAMPINA GRANDE DO SUL,Condutor deixou de manter distância do veículo da frente,Colisão traseira,Com Vítimas Feridas,Pleno dia,Crescente,Céu Claro,Dupla,Reta,Não,3.0,0.0,1.0,0.0,0.0,2.0,1.0,3.0,"-25,30335724","-48,94378885",SPRF-PR,DEL01-PR,UOP02-DEL01-PR
414789,2022-02-12,sábado,23:05:00,MA,316.0,"1,4",BOA VISTA DO GURUPI,Ultrapassagem Indevida,Colisão lateral sentido oposto,Com Vítimas Fatais,Plena Noite,Crescente,Ignorado,Simples,Reta,Sim,3.0,1.0,0.0,0.0,0.0,2.0,0.0,3.0,"-1,796192","-46,309158",SPRF-MA,DEL02-MA,UOP02-DEL02-MA
414793,2022-02-13,domingo,17:10:00,PR,277.0,199,PALMEIRA,Condutor deixou de manter distância do veículo da frente,Colisão traseira,Com Vítimas Feridas,Pleno dia,Decrescente,Nublado,Simples,Reta,Não,4.0,0.0,2.0,0.0,1.0,2.0,2.0,4.0,"-25,4498143","-50,19419485",SPRF-PR,DEL03-PR,UOP03-DEL03-PR
414812,2022-02-13,domingo,13:30:00,SC,116.0,"108,2",SANTA CECILIA,Velocidade Incompatível,Tombamento,Com Vítimas Feridas,Pleno dia,Decrescente,Chuva,Simples,Curva,Não,2.0,0.0,1.0,0.0,0.0,1.0,1.0,2.0,"-26,7520839","-50,33425198",SPRF-SC,DEL06-SC,UOP02-DEL06-SC
414815,2022-02-13,domingo,19:45:00,MG,381.0,532,ITATIAIUCU,Ingestão de álcool pelo condutor,Colisão traseira,Com Vítimas Feridas,Plena Noite,Decrescente,Nublado,Dupla,Curva,Não,4.0,0.0,3.0,0.0,1.0,0.0,3.0,3.0,"-20,1904316","-44,38268793",SPRF-MG,DEL04-MG,UOP03-DEL04-MG
414822,2022-02-13,domingo,20:45:00,MG,40.0,"422,9",CURVELO,Ingestão de álcool pelo condutor,Colisão frontal,Com Vítimas Feridas,Plena Noite,Crescente,Nublado,Simples,Reta,Sim,4.0,0.0,0.0,2.0,1.0,2.0,2.0,4.0,"-19,15372286","-44,54767401",SPRF-MG,DEL02-MG,UOP01-DEL02-MG
414834,2022-02-13,domingo,18:35:00,RS,153.0,"47,5",ERECHIM,Ingestão de álcool pelo condutor,Colisão frontal,Com Vítimas Feridas,Pleno dia,Crescente,Nublado,Simples,Reta,Sim,10.0,0.0,2.0,1.0,6.0,1.0,3.0,4.0,"-27,64530366","-52,24998023",SPRF-RS,DEL08-RS,UOP04-DEL08-RS
414835,2022-02-13,domingo,20:40:00,RJ,356.0,90,CARDOSO MOREIRA,Acumulo de areia ou detritos sobre o pavimento,Colisão frontal,Com Vítimas Fatais,Plena Noite,Crescente,Garoa/Chuvisco,Simples,Reta,Não,6.0,2.0,2.0,0.0,1.0,2.0,2.0,4.0,"-21,506953","-41,608817",SPRF-RJ,DEL08-RJ,UOP03-DEL08-RJ
414839,2022-02-13,domingo,21:30:00,RO,364.0,"273,7",CACOAL,Acessar a via sem observar a presença dos outros veículos,Colisão transversal,Com Vítimas Fatais,Plena Noite,Decrescente,Nublado,Simples,Reta;Interseção de Vias,Não,5.0,1.0,0.0,3.0,1.0,0.0,3.0,2.0,"-11,38505906","-61,74110399",SPRF-RO,DEL02-RO,UOP02-DEL02-RO
414841,2022-02-13,domingo,07:00:00,GO,153.0,22,PORANGATU,Ultrapassagem Indevida,Colisão lateral mesmo sentido,Com Vítimas Feridas,Pleno dia,Crescente,Chuva,Simples,Declive,Não,3.0,0.0,1.0,0.0,1.0,1.0,1.0,3.0,"-13,020571","-49,164959",SPRF-GO,DEL07-GO,UOP01-DEL07-GO
414853,2022-02-13,domingo,23:15:00,MG,40.0,"697,1",BARBACENA,Pedestre andava na pista,Atropelamento de Pedestre,Com Vítimas Fatais,Plena Noite,Crescente,Chuva,Dupla,Aclive;Reta,Sim,2.0,1.0,0.0,0.0,1.0,0.0,0.0,2.0,"-21,18117049","-43,75563741",SPRF-MG,DEL05-MG,UOP02-DEL05-MG
414857,2022-02-13,domingo,22:25:00,PE,232.0,87,GRAVATA,Demais falhas mecânicas ou elétricas,Eventos atípicos,Sem Vítimas,Plena Noite,Crescente,Céu Claro,Dupla,Reta,Não,5.0,0.0,0.0,0.0,5.0,0.0,0.0,1.0,"-8,21379064","-35,62898606",SPRF-PE,DEL02-PE,UOP02-DEL02PE
414868,2022-02-14,segunda-feira,01:00:00,SP,116.0,"130,5",CACAPAVA,Ingestão de álcool pelo condutor,Colisão traseira,Com Vítimas Feridas,Plena Noite,Crescente,Céu Claro,Dupla,Reta,Sim,5.0,0.0,2.0,0.0,3.0,0.0,2.0,4.0,"-23,12313858","-45,72792271",SPRF-SP,DEL02-SP,UOP02-DEL02-SP
414887,2022-02-14,segunda-feira,04:40:00,MG,381.0,"671,5",PERDOES,Reação tardia ou ineficiente do condutor,Colisão traseira,Com Vítimas Feridas,Plena Noite,Decrescente,Céu Claro,Dupla,Reta,Não,2.0,0.0,1.0,0.0,1.0,0.0,1.0,2.0,"-21,08945416","-45,06864195",SPRF-MG,DEL04-MG,UOP02-DEL04-MG
414890,2022-02-14,segunda-feira,06:15:00,GO,153.0,"630,2",MORRINHOS,Reação tardia ou ineficiente do condutor,Saída de leito carroçável,Com Vítimas Feridas,Amanhecer,Decrescente,Garoa/Chuvisco,Dupla,Curva,Não,2.0,0.0,0.0,1.0,0.0,1.0,1.0,2.0,"-17,7942","-49,2016",SPRF-GO,DEL03-GO,UOP01-DEL03-GO
414892,2022-02-14,segunda-feira,05:45:00,PR,369.0,48,BANDEIRANTES,Ausência de reação do condutor,Colisão lateral sentido oposto,Com Vítimas Feridas,Amanhecer,Crescente,Céu Claro,Simples,Reta,Não,4.0,0.0,2.0,0.0,2.0,0.0,2.0,2.0,"-23,10710155","-50,31549159",SPRF-PR,DEL07-PR,UOP01-DEL07-PR
414913,2022-02-14,segunda-feira,07:40:00,MT,163.0,942,ITAUBA,Ultrapassagem Indevida,Colisão transversal,Com Vítimas Fatais,Pleno dia,Crescente,Chuva,Simples,Reta,Não,4.0,1.0,0.0,0.0,2.0,6.0,0.0,9.0,"-10,939","-55,211",SPRF-MT,DEL06-MT,NPF/DEL06-MT
414924,2022-02-14,segunda-feira,06:55:00,SC,282.0,"537,3",CHAPECO,Ultrapassagem Indevida,Colisão frontal,Com Vítimas Feridas,Amanhecer,Crescente,Céu Claro,Simples,Reta,Não,4.0,0.0,2.0,0.0,2.0,0.0,2.0,4.0,"-26,999933","-52,663895",SPRF-SC,DEL07-SC,UOP01-DEL07-SC
414925,2022-02-14,segunda-feira,07:00:00,MS,376.0,149,IVINHEMA,Reação tardia ou ineficiente do condutor,Saída de leito carroçável,Com Vítimas Feridas,Pleno dia,Crescente,Sol,Simples,Reta,Não,1.0,0.0,1.0,0.0,0.0,0.0,1.0,1.0,"-22,38293675","-53,56049003",SPRF-MS,DEL04-MS,UOP04-DEL04-MS
414936,2022-02-14,segunda-feira,08:57:00,RO,364.0,15,VILHENA,Acessar a via sem observar a presença dos outros veículos,Colisão lateral mesmo sentido,Sem Vítimas,Pleno dia,Crescente,Céu Claro,Simples,Interseção de Vias,Sim,2.0,0.0,0.0,0.0,2.0,0.0,0.0,2.0,"-12,73672751","-60,14804088",SPRF-RO,DEL04-RO,UOP01-DEL04-RO
414944,2022-02-14,segunda-feira,11:25:00,PE,101.0,"67,3",RECIFE,Demais falhas mecânicas ou elétricas,Colisão traseira,Com Vítimas Feridas,Pleno dia,Crescente,Nublado,Dupla,Reta,Sim,7.0,0.0,2.0,0.0,4.0,1.0,2.0,6.0,"-8,042334","-34,943096",SPRF-PE,DEL01-PE,UOP01-DEL01-PE
414946,2022-02-14,segunda-feira,11:40:00,SP,116.0,226,GUARULHOS,Acessar a via sem observar a presença dos outros veículos,Colisão lateral mesmo sentido,Com Vítimas Feridas,Pleno dia,Crescente,Céu Claro,Múltipla,Reta,Não,6.0,0.0,1.0,0.0,4.0,1.0,1.0,4.0,"-23,49102507","-46,54878195",SPRF-SP,DEL01-SP,UOP01-DEL01-SP
414950,2022-02-14,segunda-feira,11:15:00,RS,285.0,"208,5",LAGOA VERMELHA,Conversão proibida,Colisão traseira,Com Vítimas Feridas,Pleno dia,Decrescente,Céu Claro,Simples,Interseção de Vias,Não,4.0,0.0,1.0,0.0,3.0,0.0,1.0,2.0,"-28,22011","-51,588711",SPRF-RS,DEL08-RS,UOP05-DEL08-RS
414957,2022-02-14,segunda-feira,16:03:00,TO,153.0,732,ALVORADA,Manobra de mudança de faixa,Colisão frontal,Com Vítimas Feridas,Pleno dia,Decrescente,Sol,Simples,Reta,Não,4.0,0.0,0.0,2.0,2.0,0.0,2.0,2.0,"-12,23864","-49,158318",SPRF-TO,DEL01-TO,UOP02-DEL01-TO
414958,2022-02-14,segunda-feira,15:50:00,SP,116.0,2,QUELUZ,Manobra de mudança de faixa,Colisão lateral mesmo sentido,Com Vítimas Feridas,Pleno dia,Crescente,Céu Claro,Dupla,Reta,Não,3.0,0.0,2.0,0.0,1.0,0.0,2.0,2.0,"-22,52224482","-44,7168661",SPRF-SP,DEL08-SP,UOP02-DEL08-SP
414967,2022-01-23,domingo,06:58:00,TO,153.0,"338,9",GUARAI,Transitar na contramão,Colisão frontal,Com Vítimas Fatais,Amanhecer,Crescente,Céu Claro,Simples,Reta,Não,4.0,1.0,0.0,0.0,1.0,3.0,0.0,5.0,"-8,872144","-48,50853205",SPRF-TO,DEL02-TO,UOP02-DEL02-TO
414975,2022-02-14,segunda-feira,16:20:00,SC,470.0,"9,9",NAVEGANTES,Desrespeitar a preferência no cruzamento,Colisão transversal,Com Vítimas Feridas,Pleno dia,Decrescente,Céu Claro,Simples,Em Obras;Reta;Interseção de Vias,Sim,3.0,0.0,1.0,0.0,1.0,1.0,1.0,3.0,"-26,833143","-48,727432",SPRF-SC,DEL04-SC,UOP04-DEL04-SC
414980,2022-02-14,segunda-feira,18:59:00,ES,262.0,89,DOMINGOS MARTINS,Reação tardia ou ineficiente do condutor,Colisão traseira,Com Vítimas Feridas,Plena Noite,Crescente,Céu Claro,Simples,Reta;Declive,Não,5.0,0.0,0.0,3.0,1.0,1.0,3.0,3.0,"-20,38725617","-41,01746327",SPRF-ES,DEL01-ES,UOP02-DEL01-ES
414985,2022-02-14,segunda-feira,18:00:00,MG,381.0,480,CONTAGEM,Manobra de mudança de faixa,Colisão lateral mesmo sentido,Com Vítimas Feridas,Anoitecer,Decrescente,Céu Claro,Dupla,Reta;Aclive,Sim,4.0,0.0,1.0,0.0,2.0,2.0,1.0,4.0,"-19,96195022","-44,05115649",SPRF-MG,DEL01-MG,UOP03-DEL01-MG
414990,2022-02-14,segunda-feira,13:00:00,PE,232.0,5,RECIFE,Condutor Dormindo,Colisão traseira,Sem Vítimas,Pleno dia,Decrescente,Céu Claro,Dupla,Reta,Não,2.0,0.0,0.0,0.0,2.0,0.0,0.0,2.0,"-8,06795766","-34,94535414",SPRF-PE,DEL01-PE,UOP01-DEL01-PE
414994,2022-02-14,segunda-feira,15:40:00,PR,369.0,177,ROLANDIA,Condutor deixou de manter distância do veículo da frente,Colisão traseira,Com Vítimas Feridas,Pleno dia,Decrescente,Nublado,Dupla,Reta,Sim,4.0,0.0,0.0,1.0,2.0,1.0,1.0,4.0,"-23,35239469","-51,38921266",SPRF-PR,DEL07-PR,UOP01-DEL07-PR
414998,2022-02-14,segunda-feira,14:15:00,ES,101.0,"100,2",JAGUARE,Acessar a via sem observar a presença dos outros veículos,Colisão transversal,Com Vítimas Feridas,Pleno dia,Crescente,Nublado,Simples,Interseção de Vias,Sim,3.0,0.0,1.0,0.0,2.0,0.0,1.0,2.0,"-18,98011199","-39,99543202",SPRF-ES,DEL04-ES,UOP02-DEL04-ES
415007,2022-02-14,segunda-feira,20:00:00,MG,381.0,455,SABARA,Conversão proibida,Colisão transversal,Com Vítimas Feridas,Plena Noite,Decrescente,Nublado,Simples,Reta,Não,2.0,0.0,1.0,0.0,1.0,0.0,1.0,2.0,"-19,85777408","-43,90468298",SPRF-MG,DEL01-MG,UOP01-DEL01-MG
415012,2022-02-14,segunda-feira,17:00:00,MG,381.0,496,BETIM,Velocidade Incompatível,Colisão traseira,Com Vítimas Feridas,Pleno dia,Decrescente,Céu Claro,Dupla,Reta,Sim,4.0,0.0,1.0,1.0,1.0,1.0,2.0,3.0,"-19,99676497","-44,20958506",SPRF-MG,DEL01-MG,UOP03-DEL01-MG
415022,2022-02-14,segunda-feira,22:30:00,PR,376.0,"248,7",APUCARANA,Condutor Dormindo,Colisão traseira,Com Vítimas Feridas,Plena Noite,Decrescente,Céu Claro,Dupla,Reta,Não,3.0,0.0,0.0,1.0,1.0,2.0,1.0,4.0,"-23,607702","-51,406065",SPRF-PR,DEL07-PR,UOP02-DEL07-PR
415028,2022-02-15,terça-feira,00:05:00,SP,381.0,58,MAIRIPORA,Ausência de reação do condutor,Colisão traseira,Com Vítimas Feridas,Plena Noite,Crescente,Céu Claro,Dupla,Reta,Não,2.0,0.0,1.0,0.0,1.0,0.0,1.0,2.0,"-23,27438497","-46,58530615",SPRF-SP,DEL03-SP,UOP01-DEL03-SP
415031,2022-02-15,terça-feira,00:25:00,PR,277.0,234,FERNANDES PINHEIRO,Acessar a via sem observar a presença dos outros veículos,Colisão transversal,Com Vítimas Feridas,Plena Noite,Crescente,Nublado,Simples,Interseção de Vias;Reta;Declive;Em Obras,Não,8.0,0.0,1.0,5.0,1.0,1.0,6.0,3.0,"-25,46475076","-50,57497233",SPRF-PR,DEL03-PR,UOP03-DEL03-PR
415033,2022-02-15,terça-feira,00:05:00,SP,116.0,"188,7",SANTA ISABEL,Ausência de reação do condutor,Colisão traseira,Com Vítimas Feridas,Plena Noite,Crescente,Céu Claro,Dupla,Aclive,Não,3.0,0.0,0.0,1.0,1.0,1.0,1.0,3.0,"-23,3594352","-46,21675791",SPRF-SP,DEL01-SP,UOP01-DEL01-SP
415036,2022-02-14,segunda-feira,16:29:00,GO,40.0,20,LUZIANIA,Manobra de mudança de faixa,Colisão lateral mesmo sentido,Com Vítimas Feridas,Pleno dia,Decrescente,Chuva,Dupla,Reta,Não,4.0,0.0,1.0,0.0,2.0,1.0,1.0,3.0,"-16,22176228","-47,91486382",SPRF-DF,DEL01-DF,UOP01-DEL01-DF
415044,2022-02-15,terça-feira,06:30:00,GO,153.0,526,HIDROLANDIA,Condutor Dormindo,Colisão traseira,Com Vítimas Feridas,Pleno dia,Decrescente,Céu Claro,Dupla,Aclive,Não,4.0,0.0,1.0,0.0,2.0,1.0,1.0,3.0,"-16,9376","-49,2532",SPRF-GO,DEL01-GO,UOP03-DEL01-GO
415047,2022-02-15,terça-feira,05:00:00,SC,101.0,276,IMBITUBA,Ausência de reação do condutor,Colisão traseira,Com Vítimas Feridas,Plena Noite,Decrescente,Céu Claro,Múltipla,Reta,Sim,2.0,0.0,1.0,0.0,1.0,0.0,1.0,2.0,"-28,14644701","-48,69204746",SPRF-SC,DEL02-SC,UOP03-DEL02-SC
415055,2022-02-15,terça-feira,05:30:00,GO,50.0,279,CATALAO,Acessar a via sem observar a presença dos outros veículos,Colisão transversal,Com Vítimas Feridas,Plena Noite,Crescente,Céu Claro,Simples,Reta,Sim,2.0,0.0,1.0,0.0,1.0,0.0,1.0,2.0,"-18,1739","-47,9289",SPRF-GO,DEL06-GO,UOP01-DEL06-GO