id,data_inversa,dia_semana,horario,uf,br,km,municipio,causa_acidente,tipo_acidente,classificacao_acidente,fase_dia,sentido_via,condicao_metereologica,tipo_pista,tracado_via,uso_solo,pessoas,mortos,feridos_leves,feridos_graves,ilesos,ignorados,feridos,veiculos,latitude,longitude,regional,delegacia,uop
415056,2022-02-15,terça-feira,07:00:00,PR,476.0,133,CURITIBA,Condutor deixou de manter distância do veículo da frente,Colisão traseira,Com Vítimas Feridas,Pleno dia,Decrescente,Nublado,Múltipla,Reta,Sim,2.0,0.0,1.0,0.0,1.0,0.0,1.0,2.0,"-25,46983188","-49,25393442",SPRF-PR,DEL01-PR,UOP03-DEL01-PR
415059,2022-02-15,terça-feira,07:50:00,MG,381.0,"528,9",BRUMADINHO,Velocidade Incompatível,Saída de leito carroçável,Com Vítimas Feridas,Pleno dia,Decrescente,Chuva,Dupla,Curva;Aclive,Não,1.0,0.0,1.0,0.0,0.0,0.0,1.0,1.0,"-20,16396686","-44,33912884",SPRF-MG,DEL04-MG,UOP03-DEL04-MG
415074,2022-02-15,terça-feira,07:50:00,SC,101.0,278,IMBITUBA,Ausência de reação do condutor,Colisão traseira,Com Vítimas Feridas,Pleno dia,Decrescente,Céu Claro,Dupla,Reta,Não,3.0,0.0,0.0,1.0,2.0,0.0,1.0,2.0,"-28,16300604","-48,6939345",SPRF-SC,DEL02-SC,UOP03-DEL02-SC
415075,2022-02-15,terça-feira,05:45:00,RO,364.0,631,CANDEIAS DO JAMARI,Ausência de reação do condutor,Saída de leito carroçável,Com Vítimas Feridas,Amanhecer,Decrescente,Nublado,Simples,Curva,Não,3.0,0.0,1.0,0.0,1.0,2.0,1.0,3.0,"-9,08013911","-63,3808981",SPRF-RO,DEL01-RO,UOP04-DEL01-RO
415076,2022-02-15,terça-feira,07:30:00,PB,230.0,408,POMBAL,Ausência de reação do condutor,Colisão traseira,Com Vítimas Feridas,Pleno dia,Crescente,Céu Claro,Simples,Reta,Sim,4.0,0.0,1.0,1.0,0.0,2.0,2.0,3.0,"-6,7641","-37,794",SPRF-PB,DEL03-PB,UOP02-DEL03-PB
415079,2022-02-15,terça-feira,10:20:00,MG,251.0,474,FRANCISCO SA,Velocidade Incompatível,Colisão com objeto,Com Vítimas Feridas,Pleno dia,Decrescente,Céu Claro,Simples,Curva,Não,2.0,0.0,1.0,0.0,0.0,1.0,1.0,2.0,"-16,47130466","-43,45673904",SPRF-MG,DEL12-MG,UOP01-DEL12-MG
415083,2022-02-15,terça-feira,10:00:00,GO,50.0,"133,7",IPAMERI,Manobra de mudança de faixa,Colisão lateral mesmo sentido,Com Vítimas Feridas,Pleno dia,Crescente,Nublado,Dupla,Retorno Regulamentado,Não,3.0,0.0,1.0,0.0,1.0,2.0,1.0,4.0,"-17,0332","-47,7635",SPRF-GO,DEL06-GO,UOP01-DEL06-GO
415084,2022-02-15,terça-feira,10:30:00,SC,101.0,"147,2",ITAPEMA,Condutor deixou de manter distância do veículo da frente,Engavetamento,Com Vítimas Feridas,Pleno dia,Decrescente,Céu Claro,Dupla,Reta,Sim,3.0,0.0,1.0,0.0,2.0,0.0,1.0,3.0,"-27,09237407","-48,61730888",SPRF-SC,DEL04-SC,UOP03-DEL04-SC
415085,2022-02-15,terça-feira,10:20:00,MS,60.0,"515,5",NIOAQUE,Demais falhas mecânicas ou elétricas,Saída de leito carroçável,Com Vítimas Feridas,Pleno dia,Crescente,Sol,Simples,Curva,Não,3.0,0.0,0.0,2.0,0.0,1.0,2.0,2.0,"-21,17732695","-55,628235",SPRF-MS,DEL05-MS,UOP01-DEL05-MS
415089,2022-02-15,terça-feira,03:40:00,SC,153.0,"4,1",AGUA DOCE,Velocidade Incompatível,Colisão com objeto,Com Vítimas Feridas,Plena Noite,Crescente,Céu Claro,Simples,Curva,Não,1.0,0.0,1.0,0.0,0.0,0.0,1.0,1.0,"-26,635151","-51,508949",SPRF-SC,DEL07-SC,UOP05-DEL07-SC
415096,2022-02-15,terça-feira,12:00:00,RS,285.0,"294,1",PASSO FUNDO,Reação tardia ou ineficiente do condutor,Colisão frontal,Com Vítimas Feridas,Pleno dia,Crescente,Céu Claro,Simples,Interseção de Vias,Sim,3.0,0.0,0.0,2.0,0.0,1.0,2.0,3.0,"-28,234547","-52,384975",SPRF-RS,DEL08-RS,UOP03-DEL08-RS
415100,2022-02-15,terça-feira,12:45:00,SP,381.0,68,MAIRIPORA,Condutor Dormindo,Colisão traseira,Com Vítimas Feridas,Pleno dia,Decrescente,Céu Claro,Dupla,Reta,Sim,4.0,0.0,1.0,1.0,2.0,0.0,2.0,2.0,"-23,34043796","-46,57433588",SPRF-SP,DEL03-SP,UOP01-DEL03-SP
415107,2022-02-15,terça-feira,07:30:00,PR,369.0,"88,5",CORNELIO PROCOPIO,Acumulo de óleo sobre o pavimento,Tombamento,Sem Vítimas,Pleno dia,Crescente,Céu Claro,Dupla,Aclive,Não,1.0,0.0,0.0,0.0,1.0,0.0,0.0,1.0,"-23,18937","-50,64277",SPRF-PR,DEL07-PR,UOP01-DEL07-PR
415108,2022-02-15,terça-feira,06:30:00,MS,158.0,75,PARANAIBA,Acostamento em desnível,Tombamento,Sem Vítimas,Pleno dia,Crescente,Céu Claro,Simples,Declive;Reta,Não,2.0,0.0,0.0,0.0,1.0,3.0,0.0,4.0,"-19,52779693","-51,2708249",SPRF-MS,DEL08-MS,UOP01-DEL08-MS
415110,2022-01-27,quinta-feira,13:50:00,MT,174.0,586,COMODORO,Condutor deixou de manter distância do veículo da frente,Colisão traseira,Com Vítimas Feridas,Pleno dia,Crescente,Nublado,Simples,Reta,Não,3.0,0.0,1.0,0.0,2.0,0.0,1.0,2.0,"-12,84507893","-60,0707027326",SPRF-RO,DEL04-RO,UOP01-DEL04-RO
415113,2022-02-15,terça-feira,14:20:00,SC,116.0,8,MAFRA,Transitar na contramão,Colisão lateral sentido oposto,Com Vítimas Feridas,Pleno dia,Crescente,Céu Claro,Simples,Reta,Sim,2.0,0.0,1.0,0.0,0.0,1.0,1.0,2.0,"-26,16013742","-49,84293222",SPRF-SC,DEL06-SC,UOP01-DEL06-SC
415116,2022-01-05,quarta-feira,09:00:00,SP,116.0,"357,4",MIRACATU,Reação tardia ou ineficiente do condutor,Tombamento,Com Vítimas Feridas,Pleno dia,Decrescente,Céu Claro,Múltipla,Curva,Não,3.0,0.0,1.0,0.0,1.0,2.0,1.0,4.0,"-24,09799899","-47,2538542",SPRF-SP,DEL04-SP,UOP02-DEL04-SP
415122,2022-01-17,segunda-feira,14:14:00,MG,262.0,"438,7",NOVA SERRANA,Acessar a via sem observar a presença dos outros veículos,Colisão lateral mesmo sentido,Com Vítimas Feridas,Pleno dia,Crescente,Céu Claro,Dupla,Reta,Não,2.0,0.0,1.0,0.0,1.0,0.0,1.0,2.0,"-19,8928096214","-44,8784529973",SPRF-MG,DEL08-MG,UOP03-DEL08-MG
415128,2022-02-15,terça-feira,17:00:00,MG,251.0,505,FRANCISCO SA,Entrada inopinada do pedestre,Atropelamento de Pedestre,Com Vítimas Feridas,Pleno dia,Crescente,Chuva,Simples,Reta,Não,3.0,0.0,0.0,1.0,1.0,1.0,1.0,2.0,"-16,61623136","-43,68084596",SPRF-MG,DEL12-MG,UOP01-DEL12-MG
415131,2022-02-15,terça-feira,14:20:00,RO,364.0,528,ARIQUEMES,Reação tardia ou ineficiente do condutor,Saída de leito carroçável,Com Vítimas Feridas,Pleno dia,Crescente,Céu Claro,Simples,Curva,Não,3.0,0.0,0.0,1.0,0.0,4.0,1.0,5.0,"-9,81112783","-63,07481273",SPRF-RO,DEL03-RO,UOP01-DEL03-RO
415135,2022-02-15,terça-feira,17:15:00,CE,20.0,432,EUSEBIO,Condutor deixou de manter distância do veículo da frente,Colisão traseira,Com Vítimas Feridas,Anoitecer,Decrescente,Céu Claro,Dupla,Reta,Sim,2.0,0.0,1.0,0.0,1.0,0.0,1.0,2.0,"-3,86929439","-38,47993612",SPRF-CE,DEL01-CE,UOP02-DEL01-CE
415136,2022-02-15,terça-feira,17:30:00,CE,116.0,23,AQUIRAZ,Condutor deixou de manter distância do veículo da frente,Colisão lateral mesmo sentido,Com Vítimas Feridas,Pleno dia,Decrescente,Céu Claro,Dupla,Reta,Sim,2.0,0.0,1.0,0.0,1.0,0.0,1.0,2.0,"-3,951268","-38,512222",SPRF-CE,DEL01-CE,UOP02-DEL01-CE
415139,2022-02-15,terça-feira,15:40:00,MT,70.0,281,PRIMAVERA DO LESTE,Chuva,Colisão traseira,Com Vítimas Feridas,Pleno dia,Decrescente,Chuva,Simples,Reta,Sim,3.0,0.0,0.0,1.0,1.0,2.0,1.0,4.0,"-15,57380712","-54,32276845",SPRF-MT,DEL05-MT,UOP01-DEL05-MT
415142,2022-02-15,terça-feira,15:40:00,BA,101.0,666,ITAPEBI,Velocidade Incompatível,Tombamento,Com Vítimas Feridas,Pleno dia,Decrescente,Sol,Simples,Curva,Não,4.0,0.0,1.0,0.0,2.0,1.0,1.0,3.0,"-15,983291","-39,568536",SPRF-BA,DEL09-BA,UOP01-DEL09-BA
415144,2022-02-15,terça-feira,15:25:00,GO,364.0,179,JATAI,Ausência de reação do condutor,Colisão traseira,Com Vítimas Feridas,Pleno dia,Crescente,Nublado,Simples,Declive,Não,3.0,0.0,1.0,0.0,1.0,3.0,1.0,5.0,"-17,971079","-51,601059",SPRF-GO,DEL05-GO,UOP01-DEL05-GO
415151,2022-02-15,terça-feira,18:00:00,PR,376.0,491,PONTA GROSSA,Velocidade Incompatível,Saída de leito carroçável,Sem Vítimas,Pleno dia,Decrescente,Céu Claro,Dupla,Curva;Declive,Não,2.0,0.0,0.0,0.0,1.0,1.0,0.0,2.0,"-25,15130703","-50,1421625",SPRF-PR,DEL03-PR,UOP01-DEL03-PR
415157,2022-02-15,terça-feira,17:30:00,CE,116.0,14,FORTALEZA,Manobra de mudança de faixa,Colisão lateral mesmo sentido,Sem Vítimas,Pleno dia,Crescente,Céu Claro,Múltipla,Reta,Sim,2.0,0.0,0.0,0.0,2.0,0.0,0.0,2.0,"-3,86867554","-38,49789619",SPRF-CE,DEL01-CE,UOP02-DEL01-CE
415159,2022-02-15,terça-feira,18:15:00,DF,20.0,"10,3",BRASILIA,Ausência de reação do condutor,Colisão lateral mesmo sentido,Com Vítimas Feridas,Anoitecer,Decrescente,Garoa/Chuvisco,Simples,Declive,Sim,5.0,0.0,2.0,0.0,3.0,0.0,2.0,3.0,"-15,650243","-47,773872",SPRF-DF,DEL02-DF,UOP01-DEL02-DF
415160,2022-02-15,terça-feira,16:30:00,MG,40.0,"691,5",ALFREDO VASCONCELOS,Ingestão de álcool pelo condutor,Colisão lateral mesmo sentido,Sem Vítimas,Pleno dia,Crescente,Céu Claro,Simples,Curva,Não,3.0,0.0,0.0,0.0,2.0,1.0,0.0,3.0,"-21,108706","-43,76088",SPRF-MG,DEL05-MG,UOP02-DEL05-MG
415173,2022-02-15,terça-feira,09:35:00,MG,262.0,"15,2",MARTINS SOARES,Área urbana sem a presença de local apropriado para a travessia de pedestres,Atropelamento de Pedestre,Com Vítimas Feridas,Pleno dia,Crescente,Nublado,Simples,Curva;Declive,Não,3.0,0.0,0.0,1.0,1.0,1.0,1.0,3.0,"-20,26054008","-41,87631604",SPRF-MG,DEL06-MG,UOP03-DEL06-MG
415178,2022-02-15,terça-feira,18:45:00,MG,381.0,866,POUSO ALEGRE,Acessar a via sem observar a presença dos outros veículos,Colisão frontal,Com Vítimas Feridas,Plena Noite,Decrescente,Céu Claro,Simples,Declive,Sim,3.0,0.0,2.0,0.0,1.0,0.0,2.0,2.0,"-22,402894","-45,96207",SPRF-MG,DEL16-MG,UOP01-DEL16-MG
415179,2022-02-15,terça-feira,19:25:00,SC,101.0,129,BALNEARIO CAMBORIU,Reação tardia ou ineficiente do condutor,Colisão traseira,Com Vítimas Feridas,Plena Noite,Crescente,Céu Claro,Dupla,Reta,Sim,2.0,0.0,1.0,0.0,0.0,1.0,1.0,2.0,"-26,98064277","-48,6790679",SPRF-SC,DEL04-SC,UOP03-DEL04-SC
415182,2022-02-15,terça-feira,16:30:00,RS,470.0,"73,6",LAGOA VERMELHA,Condutor deixou de manter distância do veículo da frente,Colisão traseira,Com Vítimas Feridas,Pleno dia,Crescente,Sol,Simples,Reta,Sim,4.0,0.0,2.0,0.0,1.0,1.0,2.0,3.0,"-28,1944079","-51,52532",SPRF-RS,DEL08-RS,UOP05-DEL08-RS
415187,2022-02-15,terça-feira,21:25:00,GO,70.0,25,COCALZINHO DE GOIAS,Condutor Dormindo,Colisão com objeto,Com Vítimas Feridas,Plena Noite,Decrescente,Céu Claro,Simples,Reta,Não,2.0,0.0,1.0,0.0,1.0,0.0,1.0,2.0,"-15,753969","-48,417094",SPRF-DF,DEL03-DF,UOP02-DEL03-DF
415194,2022-02-15,terça-feira,22:30:00,PR,116.0,"26,5",CAMPINA GRANDE DO SUL,Velocidade Incompatível,Tombamento,Com Vítimas Feridas,Plena Noite,Decrescente,Nublado,Dupla,Curva,Não,2.0,0.0,1.0,0.0,0.0,1.0,1.0,2.0,"-25,1089171","-48,78676414",SPRF-PR,DEL01-PR,UOP02-DEL01-PR
415196,2022-02-15,terça-feira,22:50:00,TO,153.0,210,NOVA OLINDA,Manobra de mudança de faixa,Colisão lateral sentido oposto,Com Vítimas Feridas,Plena Noite,Crescente,Chuva,Simples,Reta,Não,2.0,0.0,0.0,1.0,1.0,0.0,1.0,2.0,"-7,73494004","-48,44802389",SPRF-TO,DEL02-TO,UOP01-DEL02-TO
415203,2022-02-15,terça-feira,21:00:00,PA,316.0,72,CASTANHAL,Ultrapassagem Indevida,Colisão lateral mesmo sentido,Sem Vítimas,Plena Noite,Decrescente,Céu Claro,Simples,Curva,Não,3.0,0.0,0.0,0.0,2.0,1.0,0.0,3.0,"-1,28948138","-47,84845495",SPRF-PA,DEL01-PA,UOP01-DEL01-PA
415204,2022-02-16,quarta-feira,01:20:00,RS,392.0,"87,7",PELOTAS,Condutor Dormindo,Saída de leito carroçável,Com Vítimas Feridas,Plena Noite,Crescente,Céu Claro,Simples,Reta,Sim,2.0,0.0,1.0,0.0,0.0,1.0,1.0,2.0,"-31,62766","-52,499901",SPRF-RS,DEL07-RS,UOP01-DEL07-RS
415207,2022-02-16,quarta-feira,03:58:00,SP,116.0,"117,7",TAUBATE,Pedestre andava na pista,Atropelamento de Pedestre,Com Vítimas Fatais,Plena Noite,Crescente,Nublado,Dupla,Reta,Não,3.0,1.0,0.0,0.0,1.0,1.0,0.0,3.0,"-23,0582298","-45,6176951",SPRF-SP,DEL02-SP,UOP02-DEL02-SP
415208,2022-02-16,quarta-feira,03:45:00,PR,376.0,"298,4",MAUA DA SERRA,Reação tardia ou ineficiente do condutor,Colisão com objeto,Sem Vítimas,Plena Noite,Crescente,Vento,Dupla,Reta;Interseção de Vias,Não,2.0,0.0,0.0,0.0,1.0,2.0,0.0,3.0,"-23,92916101","-51,17114067",SPRF-PR,DEL07-PR,UOP02-DEL07-PR
415212,2022-02-16,quarta-feira,05:39:00,MS,163.0,817,SONORA,Ausência de reação do condutor,Colisão lateral sentido oposto,Sem Vítimas,Amanhecer,Crescente,Céu Claro,Simples,Reta,Não,3.0,0.0,0.0,0.0,1.0,3.0,0.0,4.0,"-17,77867997","-54,74842786",SPRF-MS,DEL06-MS,UOP01-DEL06-MS
415214,2022-02-16,quarta-feira,06:30:00,RN,101.0,174,CANGUARETAMA,Condutor Dormindo,Saída de leito carroçável,Com Vítimas Feridas,Pleno dia,Decrescente,Céu Claro,Dupla,Aclive,Não,3.0,0.0,2.0,0.0,0.0,1.0,2.0,2.0,"-6,48420601","-35,11241083",SPRF-RN,DEL01-RN,UOP01-DEL01-RN
415215,2022-02-16,quarta-feira,05:00:00,MG,153.0,85,PRATA,Animais na Pista,Tombamento,Com Vítimas Feridas,Amanhecer,Crescente,Céu Claro,Simples,Aclive,Não,3.0,0.0,3.0,0.0,0.0,0.0,3.0,1.0,"-19,10224974","-48,97993765",SPRF-MG,DEL15-MG,UOP03-DEL15-MG
415237,2022-02-16,quarta-feira,08:40:00,PR,376.0,"391,1",IMBAU,Velocidade Incompatível,Saída de leito carroçável,Com Vítimas Feridas,Pleno dia,Decrescente,Sol,Dupla,Curva,Não,2.0,0.0,1.0,0.0,0.0,2.0,1.0,3.0,"-24,55402879","-50,68691653",SPRF-PR,DEL03-PR,UOP02-DEL03-PR
415241,2022-02-16,quarta-feira,07:20:00,PR,153.0,"492,5",GENERAL CARNEIRO,Reação tardia ou ineficiente do condutor,Colisão lateral sentido oposto,Com Vítimas Feridas,Pleno dia,Crescente,Sol,Simples,Curva,Sim,3.0,0.0,1.0,0.0,1.0,2.0,1.0,4.0,"-26,4315355","-51,31816864",SPRF-PR,DEL02-PR,UOP03-DEL02-PR
415243,2022-02-16,quarta-feira,08:50:00,RS,392.0,"649,3",GUARANI DAS MISSOES,Condutor deixou de manter distância do veículo da frente,Colisão traseira,Com Vítimas Feridas,Pleno dia,Decrescente,Sol,Simples,Declive;Curva,Não,10.0,0.0,7.0,2.0,1.0,0.0,9.0,3.0,"-28,13057404","-54,615438",SPRF-RS,DEL10-RS,UOP01-DEL10-RS
415244,2022-02-16,quarta-feira,08:30:00,MT,163.0,832,SINOP,Reação tardia ou ineficiente do condutor,Colisão traseira,Com Vítimas Feridas,Pleno dia,Crescente,Sol,Simples,Reta,Sim,2.0,0.0,1.0,0.0,0.0,1.0,1.0,2.0,"-11,888905","-55,502399",SPRF-MT,DEL06-MT,UOP01-DEL06-MT
415248,2022-02-16,quarta-feira,09:45:00,SC,101.0,"312,9",LAGUNA,Manobra de mudança de faixa,Colisão lateral mesmo sentido,Com Vítimas Feridas,Pleno dia,Crescente,Céu Claro,Dupla,Reta;Ponte,Não,3.0,0.0,1.0,0.0,2.0,0.0,1.0,2.0,"-28,43795","-48,83375",SPRF-SC,DEL02-SC,UOP01-DEL02-SC
415260,2022-02-16,quarta-feira,08:52:00,TO,153.0,160,ARAGUAINA,Condutor deixou de manter distância do veículo da frente,Colisão traseira,Sem Vítimas,Pleno dia,Decrescente,Chuva,Simples,Reta,Não,4.0,0.0,0.0,0.0,4.0,0.0,0.0,2.0,"-7,32115694","-48,3055211",SPRF-TO,DEL02-TO,UOP01-DEL02-TO
415263,2022-02-16,quarta-feira,11:15:00,RS,285.0,438,BOZANO,Carga excessiva e/ou mal acondicionada,Tombamento,Com Vítimas Fatais,Pleno dia,Crescente,Sol,Simples,Curva,Não,2.0,1.0,0.0,0.0,0.0,1.0,0.0,2.0,"-28,347002","-53,710854",SPRF-RS,DEL10-RS,UOP01-DEL10-RS
415269,2022-02-16,quarta-feira,10:00:00,RO,364.0,702,PORTO VELHO,Condutor deixou de manter distância do veículo da frente,Colisão traseira,Com Vítimas Feridas,Pleno dia,Decrescente,Nublado,Dupla,Reta,Não,5.0,0.0,1.0,0.0,3.0,6.0,1.0,8.0,"-8,800747","-63,787663",SPRF-RO,DEL01-RO,UOP01-DEL01-RO
415294,2022-02-16,quarta-feira,12:00:00,PI,343.0,15,PARNAIBA,Transitar no acostamento,Colisão traseira,Com Vítimas Fatais,Pleno dia,Crescente,Nublado,Dupla,Reta,Sim,2.0,1.0,0.0,0.0,1.0,0.0,0.0,2.0,"-2,93659","-41,754936",SPRF-PI,DEL05-PI,UOP01-DEL05-PI
415315,2022-02-16,quarta-feira,12:51:00,SP,153.0,259,MARILIA,Problema com o freio,Colisão com objeto,Sem Vítimas,Pleno dia,Decrescente,Céu Claro,Simples,Reta,Sim,1.0,0.0,0.0,0.0,1.0,0.0,0.0,1.0,"-22,25744897","-49,92225816",SPRF-SP,DEL07-SP,UOP02-DEL07-SP
415318,2022-02-16,quarta-feira,14:37:00,PR,116.0,61,CAMPINA GRANDE DO SUL,Reação tardia ou ineficiente do condutor,Colisão com objeto,Com Vítimas Feridas,Pleno dia,Crescente,Céu Claro,Dupla,Reta,Não,2.0,0.0,2.0,0.0,0.0,0.0,2.0,1.0,"-25,30264645","-48,96353197",SPRF-PR,DEL01-PR,UOP02-DEL01-PR
415319,2022-02-16,quarta-feira,05:30:00,PA,10.0,176,PARAGOMINAS,Demais falhas na via,Tombamento,Com Vítimas Feridas,Amanhecer,Crescente,Nublado,Simples,Rotatória,Não,3.0,0.0,2.0,0.0,0.0,2.0,2.0,3.0,"-2,89433295","-47,4335408",SPRF-PA,DEL02-PA,UOP01-DEL02-PA
415321,2022-02-16,quarta-feira,08:00:00,PI,407.0,505,PATOS DO PIAUI,Velocidade Incompatível,Saída de leito carroçável,Sem Vítimas,Pleno dia,Crescente,Céu Claro,Simples,Curva,Não,3.0,0.0,0.0,0.0,1.0,2.0,0.0,3.0,"-7,62491764","-41,28826072",SPRF-PI,DEL04-PI,UOP01-DEL04-PI
415332,2022-02-16,quarta-feira,15:50:00,SP,116.0,229,SAO PAULO,Manobra de mudança de faixa,Colisão traseira,Sem Vítimas,Pleno dia,Crescente,Céu Claro,Múltipla,Reta,Sim,2.0,0.0,0.0,0.0,2.0,0.0,0.0,2.0,"-23,51291902","-46,57604698",SPRF-SP,DEL01-SP,UOP01-DEL01-SP
415338,2022-02-06,domingo,14:30:00,SC,470.0,"199,4",PONTE ALTA,Acessar a via sem observar a presença dos outros veículos,Colisão transversal,Com Vítimas Feridas,Pleno dia,Decrescente,Céu Claro,Simples,Interseção de Vias,Não,5.0,0.0,1.0,0.0,0.0,4.0,1.0,4.0,"-27,309647","-50,128212",SPRF-SC,DEL05-SC,UOP03-DEL05-SC
415342,2022-02-16,quarta-feira,14:00:00,MS,60.0,124,PARAISO DAS AGUAS,Ausência de reação do condutor,Colisão traseira,Com Vítimas Feridas,Pleno dia,Crescente,Céu Claro,Simples,Aclive,Não,3.0,0.0,1.0,0.0,1.0,1.0,1.0,3.0,"-19,33354045","-53,43222793",SPRF-MS,DEL06-MS,UOP02-DEL06-MS
415345,2022-02-16,quarta-feira,14:20:00,PR,277.0,"3,1",PARANAGUA,Reação tardia ou ineficiente do condutor,Colisão traseira,Sem Vítimas,Pleno dia,Crescente,Sol,Dupla,Reta,Sim,3.0,0.0,0.0,0.0,2.0,1.0,0.0,3.0,"-25,54306101","-48,54000092",SPRF-PR,DEL01-PR,UOP05-DEL01-PR
415346,2022-02-16,quarta-feira,11:07:00,PR,476.0,242,LAPA,Reação tardia ou ineficiente do condutor,Saída de leito carroçável,Com Vítimas Feridas,Pleno dia,Decrescente,Sol,Simples,Curva,Não,5.0,0.0,4.0,0.0,0.0,1.0,4.0,2.0,"-25,858768","-50,08609",SPRF-PR,DEL02-PR,UOP04-DEL02-PR
415350,2022-02-16,quarta-feira,13:20:00,SC,470.0,"192,2",POUSO REDONDO,Velocidade Incompatível,Tombamento,Sem Vítimas,Pleno dia,Decrescente,Céu Claro,Simples,Declive;Reta,Não,1.0,0.0,0.0,0.0,1.0,0.0,0.0,1.0,"-27,293324","-50,078678",SPRF-SC,DEL04-SC,UOP02-DEL04-SC
415356,2022-02-16,quarta-feira,17:00:00,PR,369.0,150,LONDRINA,Manobra de mudança de faixa,Colisão lateral mesmo sentido,Com Vítimas Feridas,Pleno dia,Decrescente,Nublado,Dupla,Reta,Sim,5.0,0.0,2.0,0.0,1.0,3.0,2.0,5.0,"-23,292876","-51,165074",SPRF-PR,DEL07-PR,UOP01-DEL07-PR
415369,2022-02-16,quarta-feira,14:50:00,RS,285.0,569,SAO LUIZ GONZAGA,Acessar a via sem observar a presença dos outros veículos,Colisão transversal,Com Vítimas Feridas,Pleno dia,Decrescente,Céu Claro,Simples,Interseção de Vias,Não,5.0,0.0,3.0,0.0,1.0,1.0,3.0,3.0,"-28,413052","-54,985699",SPRF-RS,DEL12-RS,UOP01-DEL12-RS
415370,2022-02-16,quarta-feira,10:15:00,SC,101.0,"170,1",TIJUCAS,Acessar a via sem observar a presença dos outros veículos,Colisão lateral mesmo sentido,Com Vítimas Fatais,Pleno dia,Decrescente,Céu Claro,Dupla,Reta,Não,5.0,1.0,0.0,0.0,0.0,4.0,0.0,3.0,"-27,29669601","-48,63147594",SPRF-SC,DEL04-SC,UOP03-DEL04-SC
415373,2022-02-16,quarta-feira,19:25:00,SE,235.0,51,ITABAIANA,Conversão proibida,Colisão transversal,Com Vítimas Feridas,Plena Noite,Decrescente,Céu Claro,Simples,Reta,Sim,3.0,0.0,2.0,0.0,1.0,0.0,2.0,2.0,"-10,700226","-37,431423",SPRF-SE,DEL01-SE,UOP02-DEL01-SE
415374,2022-02-16,quarta-feira,19:15:00,SC,101.0,"47,2",JOINVILLE,Ausência de reação do condutor,Colisão lateral mesmo sentido,Com Vítimas Feridas,Plena Noite,Decrescente,Céu Claro,Dupla,Reta;Declive,Sim,2.0,0.0,1.0,0.0,1.0,0.0,1.0,2.0,"-26,34234997","-48,85840089",SPRF-SC,DEL03-SC,UOP01-DEL03-SC
415381,2022-02-16,quarta-feira,17:30:00,RO,364.0,600,ITAPUA DO OESTE,Condutor deixou de manter distância do veículo da frente,Colisão lateral mesmo sentido,Sem Vítimas,Pleno dia,Crescente,Céu Claro,Simples,Reta,Não,3.0,0.0,0.0,0.0,2.0,2.0,0.0,4.0,"-9,22239207","-63,1713643",SPRF-RO,DEL01-RO,UOP04-DEL01-RO
415384,2022-02-16,quarta-feira,19:15:00,MG,381.0,"341,4",BELA VISTA DE MINAS,Carga excessiva e/ou mal acondicionada,Tombamento,Com Vítimas Feridas,Plena Noite,Crescente,Nublado,Simples,Curva,Não,2.0,0.0,1.0,0.0,0.0,1.0,1.0,2.0,"-19,84403064","-43,10352396",SPRF-MG,DEL03-MG,UOP01-DEL03-MG
415385,2022-02-16,quarta-feira,10:45:00,PR,376.0,"303,8",MAUA DA SERRA,Velocidade Incompatível,Capotamento,Com Vítimas Feridas,Pleno dia,Crescente,Nublado,Dupla,Curva,Não,1.0,0.0,0.0,1.0,0.0,0.0,1.0,1.0,"-23,93280904","-51,13725901",SPRF-PR,DEL07-PR,UOP02-DEL07-PR
415386,2022-02-16,quarta-feira,14:20:00,SC,282.0,408,CATANDUVAS,Ultrapassagem Indevida,Colisão lateral sentido oposto,Com Vítimas Feridas,Pleno dia,Crescente,Nublado,Simples,Curva,Não,2.0,0.0,1.0,0.0,0.0,1.0,1.0,2.0,"-27,074812","-51,663269",SPRF-SC,DEL07-SC,UOP05-DEL07-SC
415391,2022-02-16,quarta-feira,21:50:00,GO,153.0,699,ITUMBIARA,Acessar a via sem observar a presença dos outros veículos,Colisão transversal,Com Vítimas Fatais,Plena Noite,Decrescente,Garoa/Chuvisco,Dupla,Reta,Sim,2.0,1.0,0.0,0.0,0.0,1.0,0.0,2.0,"-18,3862","-49,2076",SPRF-GO,DEL03-GO,UOP02-DEL03-GO
415397,2022-02-16,quarta-feira,23:15:00,RS,116.0,380,CAMAQUA,Ausência de reação do condutor,Saída de leito carroçável,Com Vítimas Feridas,Plena Noite,Decrescente,Nublado,Dupla,Reta,Não,1.0,0.0,1.0,0.0,0.0,0.0,1.0,1.0,"-30,76779402","-51,64999798",SPRF-RS,DEL02-RS,UOP02-DEL02-RS
415401,2022-02-17,quinta-feira,01:00:00,MG,381.0,"889,9",CAMBUI,Ausência de reação do condutor,Colisão com objeto,Com Vítimas Feridas,Plena Noite,Crescente,Nevoeiro/Neblina,Dupla,Ponte,Não,1.0,0.0,0.0,1.0,0.0,0.0,1.0,1.0,"-22,57874206","-46,04473491",SPRF-MG,DEL16-MG,UOP03-DEL16-MG