id,data_inversa,dia_semana,horario,uf,br,km,municipio,causa_acidente,tipo_acidente,classificacao_acidente,fase_dia,sentido_via,condicao_metereologica,tipo_pista,tracado_via,uso_solo,pessoas,mortos,feridos_leves,feridos_graves,ilesos,ignorados,feridos,veiculos,latitude,longitude,regional,delegacia,uop
415424,2022-02-17,quinta-feira,07:00:00,RJ,493.0,"18,7",GUAPIMIRIM,Ultrapassagem Indevida,Colisão lateral mesmo sentido,Com Vítimas Feridas,Pleno dia,Decrescente,Céu Claro,Simples,Reta,Sim,6.0,0.0,3.0,1.0,1.0,1.0,4.0,4.0,"-22,6663848","-43,02770248",SPRF-RJ,DEL04-RJ,UOP02-DEL04-RJ
415425,2022-02-17,quinta-feira,08:15:00,RS,116.0,239,NOVO HAMBURGO,Demais falhas mecânicas ou elétricas,Colisão lateral mesmo sentido,Sem Vítimas,Pleno dia,Crescente,Céu Claro,Dupla,Reta,Sim,3.0,0.0,0.0,0.0,3.0,0.0,0.0,3.0,"-29,6961491","-51,14455767",SPRF-RS,DEL01-RS,UOP02-DEL01-RS
415430,2022-01-16,domingo,10:30:00,PA,10.0,"102,2",ULIANOPOLIS,Mal súbito do condutor,Colisão lateral sentido oposto,Com Vítimas Feridas,Pleno dia,Crescente,Céu Claro,Simples,Curva;Declive,Não,4.0,0.0,0.0,2.0,1.0,4.0,2.0,6.0,"-3,5488099926","-47,4923178322",SPRF-PA,DEL02-PA,UOP02-DEL02-PA
415433,2022-02-17,quinta-feira,08:00:00,PB,230.0,277,SANTA LUZIA,Reação tardia ou ineficiente do condutor,Colisão frontal,Com Vítimas Fatais,Pleno dia,Decrescente,Céu Claro,Simples,Reta;Aclive,Não,2.0,1.0,0.0,0.0,1.0,0.0,0.0,2.0,"-6,9579","-36,8398",SPRF-PB,DEL03-PB,UOP01-DEL03-PB
415436,2022-02-17,quinta-feira,07:55:00,PR,376.0,"12,9",MARINGA,Condutor deixou de manter distância do veículo da frente,Colisão traseira,Com Vítimas Feridas,Pleno dia,Crescente,Sol,Dupla,Aclive;Em Obras;Reta,Sim,3.0,0.0,1.0,0.0,2.0,0.0,1.0,3.0,"-23,39578082","-51,88619077",SPRF-PR,DEL09-PR,UOP01-DEL09-PR
415445,2022-02-17,quinta-feira,10:00:00,MG,354.0,"761,7",ITAMONTE,Declive acentuado,Tombamento,Com Vítimas Feridas,Pleno dia,Decrescente,Nublado,Simples,Curva,Não,2.0,0.0,1.0,0.0,0.0,1.0,1.0,2.0,"-22,33634273","-44,82845824",SPRF-MG,DEL17-MG,UOP01-DEL17-MG
415447,2022-01-20,quinta-feira,14:40:00,PR,277.0,"59,5",SAO JOSE DOS PINHAIS,Ausência de reação do condutor,Colisão traseira,Com Vítimas Feridas,Pleno dia,Crescente,Céu Claro,Dupla,Reta,Sim,4.0,0.0,0.0,2.0,1.0,2.0,2.0,4.0,"-25,5748809132","-48,9808860038",SPRF-PR,DEL01-PR,UOP01-DEL01-PR
415451,2022-02-17,quinta-feira,10:44:00,GO,364.0,198,JATAI,Condutor deixou de manter distância do veículo da frente,Saída de leito carroçável,Sem Vítimas,Pleno dia,Decrescente,Sol,Dupla,Reta,Não,2.0,0.0,0.0,0.0,1.0,1.0,0.0,2.0,"-17,920603","-51,739265",SPRF-GO,DEL05-GO,UOP01-DEL05-GO
415456,2022-02-17,quinta-feira,09:30:00,RJ,393.0,155,TRES RIOS,Velocidade Incompatível,Tombamento,Com Vítimas Feridas,Pleno dia,Crescente,Céu Claro,Simples,Curva,Não,2.0,0.0,1.0,0.0,0.0,1.0,1.0,2.0,"-22,1058497","-43,07711363",SPRF-RJ,DEL05-RJ,UOP02-DEL05-RJ
415467,2022-02-17,quinta-feira,11:15:00,PE,101.0,"3,9",GOIANA,Velocidade Incompatível,Saída de leito carroçável,Sem Vítimas,Pleno dia,Crescente,Céu Claro,Dupla,Declive;Curva,Não,2.0,0.0,0.0,0.0,1.0,1.0,0.0,2.0,"-7,53264499","-34,99145786",SPRF-PE,DEL01-PE,UOP02-DEL01-PE
415469,2022-02-17,quinta-feira,14:00:00,BA,242.0,658,MUQUEM DE SAO FRANCISCO,Ultrapassagem Indevida,Colisão lateral mesmo sentido,Com Vítimas Feridas,Pleno dia,Crescente,Céu Claro,Simples,Declive,Não,6.0,0.0,2.0,1.0,2.0,9.0,3.0,14.0,"-12,224108","-43,82961",SPRF-BA,DEL10-BA,UOP02-DEL10-BA
415470,2022-01-08,sábado,15:20:00,RJ,101.0,525,ANGRA DOS REIS,Chuva,Saída de leito carroçável,Com Vítimas Feridas,Pleno dia,Crescente,Chuva,Simples,Curva,Não,1.0,0.0,1.0,0.0,0.0,0.0,1.0,1.0,"-23,0053988861","-44,4844850356",SPRF-RJ,DEL03-RJ,UOP02-DEL03-RJ
415473,2022-02-17,quinta-feira,14:40:00,PR,277.0,649,CEU AZUL,Reação tardia ou ineficiente do condutor,Colisão lateral sentido oposto,Com Vítimas Feridas,Pleno dia,Decrescente,Céu Claro,Simples,Reta,Não,6.0,0.0,1.0,0.0,5.0,0.0,1.0,5.0,"-25,18405201","-53,93053899",SPRF-PR,DEL05-PR,UOP02-DEL05-PR
415475,2022-02-17,quinta-feira,11:00:00,MG,381.0,"246,9",SANTANA DO PARAISO,Ultrapassagem Indevida,Colisão frontal,Com Vítimas Feridas,Pleno dia,Decrescente,Sol,Simples,Reta,Não,7.0,0.0,3.0,1.0,2.0,2.0,4.0,7.0,"-19,43106259","-42,50524521",SPRF-MG,DEL06-MG,UOP01-DEL06-MG
415476,2022-02-17,quinta-feira,11:20:00,MG,381.0,"702,3",LAVRAS,Obras na pista,Atropelamento de Pedestre,Com Vítimas Feridas,Pleno dia,Crescente,Ignorado,Dupla,Reta,Não,2.0,0.0,1.0,0.0,0.0,1.0,1.0,2.0,"-21,32686224","-45,16839467",SPRF-MG,DEL04-MG,UOP02-DEL04-MG
415478,2022-02-17,quinta-feira,11:50:00,PR,376.0,"493,4",PONTA GROSSA,Frear bruscamente,Colisão lateral mesmo sentido,Sem Vítimas,Pleno dia,Crescente,Céu Claro,Dupla,Curva,Sim,3.0,0.0,0.0,0.0,2.0,1.0,0.0,3.0,"-25,16001091","-50,12436895",SPRF-PR,DEL03-PR,UOP01-DEL03-PR
415485,2022-02-15,terça-feira,11:00:00,BA,101.0,413,IBIRAPITANGA,Reação tardia ou ineficiente do condutor,Saída de leito carroçável,Com Vítimas Feridas,Pleno dia,Crescente,Céu Claro,Simples,Curva,Não,2.0,0.0,1.0,0.0,0.0,2.0,1.0,3.0,"-14,17806288","-39,32132585",SPRF-BA,DEL05-BA,UOP03-DEL05-BA
415495,2022-02-17,quinta-feira,12:50:00,MG,381.0,506,BETIM,Demais falhas mecânicas ou elétricas,Incêndio,Sem Vítimas,Pleno dia,Decrescente,Céu Claro,Dupla,Ponte;Reta,Sim,2.0,0.0,0.0,0.0,1.0,1.0,0.0,2.0,"-20,03906761","-44,25552607",SPRF-MG,DEL01-MG,UOP03-DEL01-MG
415497,2022-02-17,quinta-feira,16:10:00,SE,101.0,69,MARUIM,Velocidade Incompatível,Tombamento,Com Vítimas Feridas,Pleno dia,Decrescente,Céu Claro,Dupla,Desvio Temporário,Não,2.0,0.0,1.0,0.0,0.0,1.0,1.0,2.0,"-10,72937357","-37,0810103",SPRF-SE,DEL01-SE,UOP01-DEL01-SE
415499,2022-02-17,quinta-feira,16:10:00,RJ,101.0,402,ITAGUAI,Reação tardia ou ineficiente do condutor,Colisão com objeto,Sem Vítimas,Pleno dia,Decrescente,Chuva,Dupla,Reta,Sim,4.0,0.0,0.0,0.0,4.0,0.0,0.0,2.0,"-22,850112","-43,780868",SPRF-RJ,DEL03-RJ,UOP01-DEL03-RJ
415501,2022-02-07,segunda-feira,09:50:00,PE,232.0,410,SERRA TALHADA,Acessar a via sem observar a presença dos outros veículos,Colisão transversal,Com Vítimas Feridas,Pleno dia,Decrescente,Sol,Simples,Reta,Sim,3.0,0.0,2.0,0.0,1.0,0.0,2.0,2.0,"-7,9826184059","-38,3003960594",SPRF-PE,DEL04-PE,UOP01-DEL04-PE
415506,2022-02-17,quinta-feira,16:10:00,MT,163.0,514,DIAMANTINO,Ultrapassagem Indevida,Colisão lateral mesmo sentido,Com Vítimas Feridas,Pleno dia,Crescente,Céu Claro,Simples,Reta,Não,7.0,0.0,1.0,0.0,3.0,4.0,1.0,7.0,"-14,486912","-56,177205",SPRF-MT,DEL01-MT,UOP01-DEL01-MT
415507,2022-02-17,quinta-feira,16:28:00,DF,20.0,6,BRASILIA,Ausência de reação do condutor,Engavetamento,Com Vítimas Feridas,Pleno dia,Decrescente,Chuva,Dupla,Declive,Sim,5.0,0.0,3.0,0.0,2.0,0.0,3.0,3.0,"-15,665888","-47,808308",SPRF-DF,DEL02-DF,UOP01-DEL02-DF
415508,2022-02-17,quinta-feira,17:00:00,PR,116.0,125,FAZENDA RIO GRANDE,Ingestão de álcool pelo condutor,Colisão com objeto,Com Vítimas Feridas,Pleno dia,Decrescente,Nublado,Dupla,Reta,Sim,5.0,0.0,1.0,0.0,3.0,1.0,1.0,5.0,"-25,59505309","-49,31630659",SPRF-PR,DEL01-PR,UOP03-DEL01-PR
415512,2022-02-17,quinta-feira,14:30:00,SC,280.0,269,IRINEOPOLIS,Velocidade Incompatível,Tombamento,Com Vítimas Feridas,Pleno dia,Decrescente,Sol,Simples,Reta,Não,5.0,0.0,1.0,0.0,0.0,4.0,1.0,3.0,"-26,26266763","-50,72135031",SPRF-SC,DEL06-SC,UOP04-DEL06-SC
415514,2022-02-17,quinta-feira,16:30:00,PR,376.0,666,GUARATUBA,Problema com o freio,Saída de leito carroçável,Sem Vítimas,Pleno dia,Crescente,Chuva,Dupla,Curva,Não,1.0,0.0,0.0,0.0,1.0,0.0,0.0,1.0,"-25,86037408","-48,95087256",SPRF-PR,DEL01-PR,UOP04-DEL01-PR
415519,2022-02-17,quinta-feira,16:40:00,PE,101.0,"58,7",PAULISTA,Condutor deixou de manter distância do veículo da frente,Engavetamento,Com Vítimas Feridas,Pleno dia,Decrescente,Nublado,Dupla,Reta,Não,4.0,0.0,1.0,0.0,2.0,1.0,1.0,4.0,"-7,96346213","-34,91513486",SPRF-PE,DEL01-PE,UOP02-DEL01-PE
415520,2022-02-17,quinta-feira,17:00:00,BA,101.0,507,ITABUNA,Falta de acostamento,Colisão lateral mesmo sentido,Com Vítimas Fatais,Pleno dia,Decrescente,Nublado,Simples,Ponte,Sim,4.0,1.0,0.0,2.0,1.0,0.0,2.0,2.0,"-14,96379924","-39,31343385",SPRF-BA,DEL05-BA,UOP01-DEL05-BA
415522,2022-02-17,quinta-feira,15:00:00,TO,153.0,334,GUARAI,Manobra de mudança de faixa,Colisão transversal,Com Vítimas Feridas,Pleno dia,Decrescente,Céu Claro,Dupla,Reta,Sim,3.0,0.0,1.0,0.0,2.0,0.0,1.0,3.0,"-8,835718","-48,512123",SPRF-TO,DEL02-TO,UOP02-DEL02-TO
415526,2022-02-17,quinta-feira,18:30:00,MG,116.0,"276,2",TEOFILO OTONI,Pedestre cruzava a pista fora da faixa,Atropelamento de Pedestre,Com Vítimas Feridas,Anoitecer,Decrescente,Céu Claro,Simples,Reta,Sim,3.0,0.0,0.0,1.0,1.0,1.0,1.0,3.0,"-17,85105696","-41,51454492",SPRF-MG,DEL11-MG,UOP01-DEL11-MG
415530,2022-02-17,quinta-feira,17:35:00,RS,293.0,"98,3",PINHEIRO MACHADO,Reação tardia ou ineficiente do condutor,Tombamento,Com Vítimas Feridas,Anoitecer,Decrescente,Céu Claro,Simples,Aclive,Não,2.0,0.0,1.0,0.0,0.0,2.0,1.0,3.0,"-31,61181334","-53,29145414",SPRF-RS,DEL11-RS,UOP03-DEL11-RS
415533,2022-02-17,quinta-feira,20:04:00,TO,153.0,357,FORTALEZA DO TABOCAO,Ultrapassagem Indevida,Saída de leito carroçável,Sem Vítimas,Plena Noite,Crescente,Céu Claro,Simples,Reta,Não,5.0,0.0,0.0,0.0,1.0,4.0,0.0,4.0,"-9,03937809","-48,51007985",SPRF-TO,DEL02-TO,UOP02-DEL02-TO
415536,2022-02-17,quinta-feira,14:30:00,PR,277.0,513,GUARANIACU,Velocidade Incompatível,Colisão lateral sentido oposto,Sem Vítimas,Pleno dia,Crescente,Céu Claro,Simples,Reta,Não,3.0,0.0,0.0,0.0,2.0,1.0,0.0,3.0,"-25,12147286","-52,785734",SPRF-PR,DEL04-PR,UOP01-DEL04-PR
415541,2022-02-17,quinta-feira,17:30:00,GO,20.0,109,FLORES DE GOIAS,Demais falhas mecânicas ou elétricas,Tombamento,Sem Vítimas,Anoitecer,Decrescente,Nublado,Simples,Reta,Não,2.0,0.0,0.0,0.0,1.0,2.0,0.0,3.0,"-14,905642","-46,922997",SPRF-DF,DEL02-DF,UOP03-DEL02-DF
415543,2022-02-17,quinta-feira,21:08:00,GO,20.0,2,FORMOSA,Ausência de reação do condutor,Colisão lateral sentido oposto,Com Vítimas Feridas,Plena Noite,Crescente,Nublado,Simples,Reta,Sim,3.0,0.0,1.0,0.0,1.0,1.0,1.0,3.0,"-15,567487","-47,320309",SPRF-DF,DEL02-DF,UOP01-DEL02-DF
415547,2022-02-17,quinta-feira,21:50:00,SC,101.0,"226,7",PALHOCA,Manobra de mudança de faixa,Colisão traseira,Com Vítimas Feridas,Plena Noite,Crescente,Céu Claro,Dupla,Reta,Não,3.0,0.0,1.0,0.0,2.0,0.0,1.0,2.0,"-27,74200001","-48,63806504",SPRF-SC,DEL01-SC,UOP02-DEL01-SC
415551,2022-02-17,quinta-feira,22:15:00,RS,101.0,11,DOM PEDRO DE ALCANTARA,Ausência de reação do condutor,Atropelamento de Pedestre,Com Vítimas Feridas,Plena Noite,Crescente,Céu Claro,Dupla,Reta,Sim,2.0,0.0,0.0,1.0,0.0,1.0,1.0,2.0,"-29,37984733","-49,82952362",SPRF-RS,DEL03-RS,UOP02-DEL03-RS
415554,2022-02-17,quinta-feira,19:00:00,TO,153.0,"692,5",CARIRI DO TOCANTINS,Manobra de mudança de faixa,Colisão lateral mesmo sentido,Com Vítimas Feridas,Plena Noite,Crescente,Céu Claro,Simples,Reta,Sim,4.0,0.0,2.0,0.0,2.0,0.0,2.0,2.0,"-11,88743313","-49,16441973",SPRF-TO,DEL01-TO,UOP02-DEL01-TO
415555,2022-02-17,quinta-feira,21:10:00,PE,232.0,"552,3",PARNAMIRIM,Transitar na contramão,Colisão frontal,Com Vítimas Fatais,Plena Noite,Decrescente,Céu Claro,Simples,Reta,Não,2.0,1.0,0.0,0.0,1.0,0.0,0.0,2.0,"-8,08677211","-39,52424697",SPRF-PE,DEL05-PE,UOP01-DEL05-PE
415563,2022-02-18,sexta-feira,01:20:00,MG,251.0,"462,7",GRAO MOGOL,Obstrução na via,Colisão traseira,Com Vítimas Fatais,Plena Noite,Crescente,Céu Claro,Simples,Reta,Não,8.0,2.0,0.0,3.0,1.0,2.0,3.0,5.0,"-16,43416418","-43,39185866",SPRF-MG,DEL12-MG,UOP01-DEL12-MG
415564,2022-02-17,quinta-feira,17:55:00,SC,101.0,447,SANTA ROSA DO SUL,Manobra de mudança de faixa,Colisão lateral mesmo sentido,Com Vítimas Feridas,Anoitecer,Decrescente,Céu Claro,Dupla,Reta,Não,3.0,0.0,1.0,0.0,1.0,1.0,1.0,3.0,"-29,15289482","-49,72792624",SPRF-SC,DEL02-SC,UOP02-DEL02-SC
415568,2022-02-18,sexta-feira,02:00:00,RS,101.0,82,OSORIO,Ingestão de álcool pelo condutor,Colisão frontal,Sem Vítimas,Plena Noite,Decrescente,Céu Claro,Dupla,Reta,Sim,2.0,0.0,0.0,0.0,2.0,0.0,0.0,2.0,"-29,84322488","-50,24558869",SPRF-RS,DEL03-RS,UOP01-DEL03-RS
415574,2022-02-17,quinta-feira,21:50:00,MA,135.0,167,SAO MATEUS DO MARANHAO,Animais na Pista,Atropelamento de Animal,Sem Vítimas,Plena Noite,Crescente,Céu Claro,Simples,Curva,Não,3.0,0.0,0.0,0.0,1.0,3.0,0.0,4.0,"-3,90481293","-44,48041583",SPRF-MA,DEL01-MA,UOP02-DEL01-MA
415577,2022-02-18,sexta-feira,04:00:00,BA,242.0,367,PALMEIRAS,Condutor Dormindo,Saída de leito carroçável,Com Vítimas Feridas,Amanhecer,Crescente,Garoa/Chuvisco,Simples,Curva,Não,2.0,0.0,1.0,0.0,0.0,1.0,1.0,2.0,"-12,47071004","-41,44733298",SPRF-BA,DEL06-BA,UOP01-DEL06-BA
415581,2022-02-18,sexta-feira,00:30:00,PR,153.0,513,GENERAL CARNEIRO,Sinalização mal posicionada,Atropelamento de Pedestre,Com Vítimas Feridas,Plena Noite,Crescente,Nevoeiro/Neblina,Simples,Curva,Não,3.0,0.0,0.0,1.0,1.0,2.0,1.0,4.0,"-26,552516","-51,439444",SPRF-PR,DEL02-PR,UOP03-DEL02-PR
415584,2022-02-18,sexta-feira,07:50:00,CE,222.0,"4,5",CAUCAIA,Demais falhas na via,Colisão transversal,Com Vítimas Feridas,Pleno dia,Decrescente,Céu Claro,Múltipla,Retorno Regulamentado,Sim,2.0,0.0,1.0,0.0,1.0,0.0,1.0,2.0,"-3,74164754","-38,60449792",SPRF-CE,DEL01-CE,UOP01-DEL01-CE
415593,2022-02-18,sexta-feira,08:25:00,MG,381.0,"865,7",POUSO ALEGRE,Velocidade Incompatível,Colisão traseira,Com Vítimas Fatais,Pleno dia,Decrescente,Céu Claro,Dupla,Reta,Não,3.0,1.0,0.0,0.0,2.0,0.0,0.0,2.0,"-22,36104859","-45,92970821",SPRF-MG,DEL16-MG,UOP01-DEL16-MG
415597,2022-02-18,sexta-feira,08:04:00,GO,50.0,293,CATALAO,Reação tardia ou ineficiente do condutor,Colisão traseira,Com Vítimas Feridas,Pleno dia,Crescente,Céu Claro,Dupla,Reta,Não,4.0,0.0,1.0,1.0,1.0,1.0,2.0,4.0,"-18,2734","-48,0003",SPRF-GO,DEL06-GO,UOP01-DEL06-GO
415605,2022-02-18,sexta-feira,06:30:00,MG,116.0,"657,4",SAO FRANCISCO DO GLORIA,Demais falhas mecânicas ou elétricas,Incêndio,Sem Vítimas,Pleno dia,Decrescente,Nublado,Simples,Reta,Não,1.0,0.0,0.0,0.0,1.0,0.0,0.0,1.0,"-20,75834923","-42,30243467",SPRF-MG,DEL07-MG,UOP03-DEL07-MG
415609,2022-02-18,sexta-feira,08:50:00,BA,116.0,554,MILAGRES,Ultrapassagem Indevida,Colisão lateral mesmo sentido,Com Vítimas Feridas,Pleno dia,Crescente,Sol,Simples,Aclive,Não,4.0,0.0,1.0,0.0,1.0,4.0,1.0,6.0,"-12,8948229","-39,8605153",SPRF-BA,DEL03-BA,UOP02-DEL03-BA
415612,2022-02-17,quinta-feira,21:30:00,RS,290.0,495,ROSARIO DO SUL,Condutor Dormindo,Tombamento,Sem Vítimas,Plena Noite,Decrescente,Céu Claro,Simples,Curva,Não,2.0,0.0,0.0,0.0,1.0,1.0,0.0,2.0,"-30,209293","-55,063148",SPRF-RS,DEL11-RS,UOP02-DEL11-RS
415613,2022-02-18,sexta-feira,09:30:00,BA,324.0,536,CONCEICAO DO JACUIPE,Avarias e/ou desgaste excessivo no pneu,Colisão lateral mesmo sentido,Com Vítimas Feridas,Pleno dia,Decrescente,Nublado,Dupla,Reta,Não,3.0,0.0,1.0,0.0,2.0,0.0,1.0,3.0,"-12,363585","-38,820976",SPRF-BA,DEL01-BA,UOP03-DEL01-BA
415620,2022-02-18,sexta-feira,10:05:00,PR,277.0,"597,9",CASCAVEL,Manobra de mudança de faixa,Saída de leito carroçável,Com Vítimas Feridas,Pleno dia,Crescente,Céu Claro,Dupla,Aclive;Reta,Sim,3.0,0.0,1.0,1.0,0.0,1.0,2.0,2.0,"-24,99513602","-53,51418998",SPRF-PR,DEL04-PR,UOP01-DEL04-PR
415627,2022-01-25,terça-feira,05:15:00,GO,153.0,"93,7",SANTA TEREZA DE GOIAS,Pista esburacada,Saída de leito carroçável,Com Vítimas Feridas,Plena Noite,Decrescente,Céu Claro,Simples,Reta,Não,2.0,0.0,0.0,1.0,0.0,3.0,1.0,4.0,"-13,596112","-49,041809",SPRF-GO,DEL07-GO,UOP01-DEL07-GO
415634,2022-02-18,sexta-feira,11:30:00,MA,222.0,666,ACAILANDIA,Carga excessiva e/ou mal acondicionada,Colisão com objeto,Sem Vítimas,Pleno dia,Decrescente,Céu Claro,Simples,Aclive;Reta,Não,3.0,0.0,0.0,0.0,2.0,1.0,0.0,3.0,"-4,921155","-47,431408",SPRF-MA,DEL04-MA,UOP03-DEL04-MA
415636,2022-02-18,sexta-feira,10:45:00,RO,364.0,718,PORTO VELHO,Manobra de mudança de faixa,Colisão com objeto,Sem Vítimas,Pleno dia,Decrescente,Nublado,Dupla,Reta,Não,2.0,0.0,0.0,0.0,2.0,0.0,0.0,2.0,"-8,798451","-63,911437",SPRF-RO,DEL01-RO,UOP01-DEL01-RO
415637,2022-02-18,sexta-feira,11:50:00,MG,50.0,"118,1",UBERABA,Reação tardia ou ineficiente do condutor,Colisão lateral mesmo sentido,Com Vítimas Feridas,Pleno dia,Decrescente,Céu Claro,Dupla,Reta,Não,3.0,0.0,1.0,0.0,1.0,2.0,1.0,4.0,"-19,29129791","-48,11741979",SPRF-MG,DEL13-MG,UOP01-DEL13-MG
415639,2022-02-18,sexta-feira,11:45:00,RJ,493.0,21,MAGE,Acessar a via sem observar a presença dos outros veículos,Colisão transversal,Com Vítimas Feridas,Pleno dia,Decrescente,Chuva,Simples,Rotatória,Sim,2.0,0.0,1.0,0.0,1.0,0.0,1.0,2.0,"-22,66151289","-43,04480692",SPRF-RJ,DEL04-RJ,UOP02-DEL04-RJ
415642,2022-02-18,sexta-feira,05:00:00,MG,381.0,335,NOVA ERA,Curva acentuada,Saída de leito carroçável,Sem Vítimas,Amanhecer,Decrescente,Chuva,Simples,Curva,Não,1.0,0.0,0.0,0.0,1.0,0.0,0.0,1.0,"-19,81700707","-43,06661887",SPRF-MG,DEL03-MG,UOP01-DEL03-MG
415646,2022-02-15,terça-feira,00:30:00,MG,381.0,373,SAO GONCALO DO RIO ABAIXO,Ausência de reação do condutor,Saída de leito carroçável,Com Vítimas Feridas,Plena Noite,Crescente,Chuva,Simples,Reta,Não,1.0,0.0,1.0,0.0,0.0,0.0,1.0,1.0,"-19,83992808","-43,3214812",SPRF-MG,DEL01-MG,UOP01-DEL01-MG
415652,2022-02-18,sexta-feira,05:00:00,BA,349.0,1053,CORRENTINA,Manobra de mudança de faixa,Colisão frontal,Com Vítimas Feridas,Amanhecer,Crescente,Sol,Simples,Reta,Não,3.0,0.0,1.0,1.0,0.0,2.0,2.0,4.0,"-13,798735","-46,164127",SPRF-BA,DEL10-BA,UOP01-DEL10-BA
415653,2022-02-18,sexta-feira,00:15:00,PR,476.0,78,BOCAIUVA DO SUL,Velocidade Incompatível,Tombamento,Com Vítimas Feridas,Plena Noite,Crescente,Céu Claro,Simples,Curva,Não,2.0,0.0,1.0,0.0,0.0,1.0,1.0,2.0,"-25,114452","-49,100002",SPRF-PR,DEL01-PR,UOP02-DEL01-PR
415657,2022-02-18,sexta-feira,12:30:00,PA,316.0,31,SANTA IZABEL DO PARA,Demais falhas mecânicas ou elétricas,Tombamento,Com Vítimas Feridas,Pleno dia,Decrescente,Céu Claro,Dupla,Reta,Sim,3.0,0.0,3.0,0.0,0.0,0.0,3.0,1.0,"-1,3025866","-48,1965672",SPRF-PA,DEL01-PA,UOP01-DEL01-PA
415662,2022-01-25,terça-feira,14:00:00,PR,116.0,"102,5",SAO JOSE DOS PINHAIS,Falta de elemento de contenção que evite a saída do leito carroçável,Saída de leito carroçável,Com Vítimas Feridas,Pleno dia,Decrescente,Céu Claro,Dupla,Reta,Não,3.0,0.0,1.0,0.0,1.0,2.0,1.0,4.0,"-25,550639","-49,15025",SPRF-PR,DEL01-PR,UOP01-DEL01-PR
415666,2022-02-18,sexta-feira,14:50:00,SE,235.0,55,ITABAIANA,Transitar na contramão,Colisão frontal,Com Vítimas Fatais,Pleno dia,Crescente,Céu Claro,Simples,Reta,Não,2.0,1.0,0.0,0.0,1.0,0.0,0.0,2.0,"-10,667386","-37,446014",SPRF-SE,DEL01-SE,UOP02-DEL01-SE
415668,2022-02-18,sexta-feira,13:40:00,CE,222.0,104,ITAPAJE,Reação tardia ou ineficiente do condutor,Colisão transversal,Com Vítimas Feridas,Pleno dia,Crescente,Chuva,Simples,Reta;Declive,Sim,5.0,0.0,3.0,0.0,1.0,2.0,3.0,4.0,"-3,74846932","-39,44785976",SPRF-CE,DEL04-CE,UOP03-DEL04-CE
415672,2022-02-18,sexta-feira,15:20:00,PI,343.0,317,ALTOS,Condutor deixou de manter distância do veículo da frente,Colisão traseira,Com Vítimas Feridas,Pleno dia,Decrescente,Céu Claro,Simples,Aclive;Reta,Não,2.0,0.0,1.0,0.0,1.0,0.0,1.0,2.0,"-5,044959","-42,544502",SPRF-PI,DEL01-PI,UOP01-DEL01-PI
415684,2022-02-18,sexta-feira,15:30:00,MT,163.0,971,TERRA NOVA DO NORTE,Velocidade Incompatível,Colisão frontal,Com Vítimas Fatais,Pleno dia,Crescente,Chuva,Simples,Aclive;Reta,Não,5.0,1.0,0.0,2.0,1.0,5.0,2.0,7.0,"-10,72764768","-55,1302892",SPRF-MT,DEL06-MT,NPF/DEL06-MT
415691,2022-02-18,sexta-feira,17:20:00,CE,20.0,"404,8",CAUCAIA,Reação tardia ou ineficiente do condutor,Colisão transversal,Com Vítimas Feridas,Anoitecer,Decrescente,Sol,Simples,Reta,Sim,6.0,0.0,2.0,1.0,1.0,2.0,3.0,4.0,"-3,773221","-38,676406",SPRF-CE,DEL01-CE,UOP01-DEL01-CE
415699,2022-02-18,sexta-feira,18:40:00,SC,101.0,"197,6",BIGUACU,Ausência de reação do condutor,Colisão lateral mesmo sentido,Com Vítimas Feridas,Anoitecer,Crescente,Nublado,Múltipla,Aclive,Sim,2.0,0.0,1.0,0.0,1.0,0.0,1.0,2.0,"-27,51844497","-48,63848496",SPRF-SC,DEL01-SC,UOP01-DEL01-SC
415702,2022-02-18,sexta-feira,16:26:00,ES,101.0,288,CARIACICA,Manobra de mudança de faixa,Capotamento,Com Vítimas Feridas,Pleno dia,Crescente,Céu Claro,Dupla,Reta,Sim,3.0,0.0,2.0,0.0,0.0,1.0,2.0,2.0,"-20,27160351","-40,39091743",SPRF-ES,DEL01-ES,UOP01-DEL01-ES
415710,2022-02-18,sexta-feira,20:00:00,CE,20.0,411,MARACANAU,Condutor deixou de manter distância do veículo da frente,Colisão traseira,Com Vítimas Feridas,Plena Noite,Crescente,Chuva,Dupla,Reta,Sim,2.0,0.0,1.0,0.0,1.0,0.0,1.0,2.0,"-3,76999035","-38,67006282",SPRF-CE,DEL01-CE,UOP01-DEL01-CE
415714,2022-02-18,sexta-feira,18:00:00,SP,116.0,550,BARRA DO TURVO,Velocidade Incompatível,Tombamento,Com Vítimas Feridas,Anoitecer,Crescente,Nublado,Simples,Curva,Não,2.0,0.0,2.0,0.0,0.0,0.0,2.0,1.0,"-24,96707388","-48,46764565",SPRF-SP,DEL05-SP,UOP02-DEL05-SP
415741,2022-02-18,sexta-feira,19:15:00,MS,163.0,542,BANDEIRANTES,Ultrapassagem Indevida,Colisão lateral sentido oposto,Com Vítimas Feridas,Plena Noite,Crescente,Céu Claro,Simples,Reta,Não,4.0,0.0,1.0,0.0,2.0,1.0,1.0,3.0,"-19,97193507","-54,38262184",SPRF-MS,DEL01-MS,UOP02-DEL01-MS
415742,2022-02-18,sexta-feira,22:50:00,GO,40.0,69,CRISTALINA,Condutor deixou de manter distância do veículo da frente,Colisão traseira,Sem Vítimas,Plena Noite,Crescente,Chuva,Dupla,Aclive,Não,2.0,0.0,0.0,0.0,2.0,0.0,0.0,2.0,"-16,596563","-47,775077",SPRF-DF,DEL01-DF,UOP02-DEL01-DF