id,data_inversa,dia_semana,horario,uf,br,km,municipio,causa_acidente,tipo_acidente,classificacao_acidente,fase_dia,sentido_via,condicao_metereologica,tipo_pista,tracado_via,uso_solo,pessoas,mortos,feridos_leves,feridos_graves,ilesos,ignorados,feridos,veiculos,latitude,longitude,regional,delegacia,uop
415743,2022-02-18,sexta-feira,22:00:00,MG,116.0,"758,6",LEOPOLDINA,Reação tardia ou ineficiente do condutor,Colisão traseira,Sem Vítimas,Plena Noite,Decrescente,Garoa/Chuvisco,Simples,Reta,Não,2.0,0.0,0.0,0.0,2.0,0.0,0.0,2.0,"-21,5425307","-42,6556489",SPRF-MG,DEL07-MG,UOP01-DEL07-MG
415748,2022-02-18,sexta-feira,20:00:00,PE,101.0,90,CABO DE SANTO AGOSTINHO,Condutor usando celular,Colisão traseira,Com Vítimas Feridas,Plena Noite,Decrescente,Chuva,Simples,Ponte,Sim,2.0,0.0,0.0,1.0,1.0,0.0,1.0,2.0,"-8,21612792","-34,98772817",SPRF-PE,DEL01-PE,UOP01-DEL01-PE
415757,2022-02-18,sexta-feira,23:45:00,SC,101.0,"92,7",BARRA VELHA,Ausência de reação do condutor,Colisão traseira,Com Vítimas Feridas,Plena Noite,Crescente,Nublado,Dupla,Reta,Não,3.0,0.0,1.0,0.0,1.0,1.0,1.0,3.0,"-26,6806041","-48,6931497",SPRF-SC,DEL03-SC,UOP02-DEL03-SC
415761,2022-02-19,sábado,00:20:00,MA,316.0,517,CAXIAS,Velocidade Incompatível,Capotamento,Com Vítimas Feridas,Plena Noite,Decrescente,Céu Claro,Simples,Curva,Não,1.0,0.0,1.0,0.0,0.0,0.0,1.0,1.0,"-4,767323","-43,61478",SPRF-MA,DEL03-MA,UOP02-DEL03-MA
415763,2022-02-18,sexta-feira,22:25:00,MG,381.0,441,SABARA,Curva acentuada,Colisão lateral mesmo sentido,Com Vítimas Feridas,Plena Noite,Crescente,Céu Claro,Simples,Aclive;Curva,Sim,5.0,0.0,1.0,0.0,3.0,2.0,1.0,5.0,"-19,80958842","-43,76712799",SPRF-MG,DEL01-MG,UOP01-DEL01-MG
415776,2022-02-19,sábado,04:30:00,RN,304.0,"6,6",MOSSORO,Transitar na contramão,Colisão transversal,Sem Vítimas,Amanhecer,Crescente,Garoa/Chuvisco,Simples,Reta,Não,2.0,0.0,0.0,0.0,1.0,1.0,0.0,2.0,"-4,93573","-37,411695",SPRF-RN,DEL04-RN,UOP02-DEL04-RN
415780,2022-02-19,sábado,05:10:00,PR,373.0,"182,8",PONTA GROSSA,Condutor Dormindo,Colisão com objeto,Com Vítimas Feridas,Plena Noite,Crescente,Nublado,Dupla,Reta,Sim,3.0,0.0,0.0,1.0,1.0,1.0,1.0,3.0,"-25,03935712","-50,2767641",SPRF-PR,DEL03-PR,UOP01-DEL03-PR
415795,2022-02-19,sábado,00:25:00,MG,381.0,"648,9",SANTO ANTONIO DO AMPARO,Ausência de reação do condutor,Colisão traseira,Com Vítimas Feridas,Plena Noite,Crescente,Céu Claro,Dupla,Reta,Não,3.0,0.0,1.0,0.0,1.0,1.0,1.0,3.0,"-20,95729865","-44,90257721",SPRF-MG,DEL04-MG,UOP02-DEL04-MG
415796,2022-02-19,sábado,07:00:00,SE,235.0,"10,6",NOSSA SENHORA DO SOCORRO,Ultrapassagem Indevida,Colisão lateral mesmo sentido,Com Vítimas Feridas,Pleno dia,Crescente,Céu Claro,Simples,Aclive,Não,4.0,0.0,1.0,1.0,2.0,0.0,2.0,3.0,"-10,879177","-37,147064",SPRF-SE,DEL01-SE,UOP01-DEL01-SE
415798,2022-02-18,sexta-feira,11:00:00,RO,364.0,396,OURO PRETO DO OESTE,Condutor deixou de manter distância do veículo da frente,Colisão traseira,Com Vítimas Feridas,Pleno dia,Decrescente,Chuva,Simples,Reta,Não,4.0,0.0,1.0,0.0,2.0,4.0,1.0,7.0,"-10,63143201","-62,32007001",SPRF-RO,DEL03-RO,UOP02-DEL03-RO
415799,2022-02-18,sexta-feira,21:00:00,MG,365.0,"68,9",JEQUITAI,Velocidade Incompatível,Saída de leito carroçável,Com Vítimas Feridas,Plena Noite,Decrescente,Chuva,Simples,Reta,Não,2.0,0.0,1.0,0.0,1.0,0.0,1.0,1.0,"-17,06346094","-44,3372752",SPRF-MG,DEL12-MG,UOP01-DEL12-MG
415801,2022-02-19,sábado,06:30:00,RJ,116.0,313,ITATIAIA,Ingestão de álcool pelo condutor,Colisão traseira,Com Vítimas Feridas,Amanhecer,Decrescente,Nublado,Dupla,Reta,Não,3.0,0.0,1.0,0.0,1.0,2.0,1.0,4.0,"-22,47298558","-44,52209473",SPRF-RJ,DEL07-RJ,UOP02-DEL07-RJ
415803,2022-02-19,sábado,06:25:00,PR,277.0,"493,5",GUARANIACU,Condutor Dormindo,Colisão traseira,Com Vítimas Feridas,Pleno dia,Crescente,Céu Claro,Simples,Reta,Não,3.0,0.0,1.0,0.0,1.0,3.0,1.0,5.0,"-25,22520586","-52,65027094",SPRF-PR,DEL04-PR,UOP01-DEL04-PR
415807,2022-02-19,sábado,06:30:00,PR,116.0,"18,8",ANTONINA,Condutor Dormindo,Colisão traseira,Com Vítimas Feridas,Amanhecer,Crescente,Céu Claro,Dupla,Aclive,Não,3.0,0.0,1.0,0.0,0.0,4.0,1.0,5.0,"-25,103973","-48,710786",SPRF-PR,DEL01-PR,UOP02-DEL01-PR
415809,2022-02-19,sábado,07:10:00,RS,285.0,"538,4",CAIBATE,Condutor Dormindo,Colisão frontal,Com Vítimas Fatais,Pleno dia,Crescente,Sol,Simples,Reta,Não,4.0,1.0,1.0,0.0,1.0,1.0,1.0,4.0,"-28,4008","-54,6531",SPRF-RS,DEL10-RS,UOP01-DEL10-RS
415812,2022-02-19,sábado,06:45:00,SP,153.0,"177,4",LINS,Ultrapassagem Indevida,Colisão frontal,Com Vítimas Fatais,Pleno dia,Crescente,Céu Claro,Simples,Reta,Não,4.0,1.0,0.0,0.0,2.0,3.0,0.0,6.0,"-21,65677102","-49,78915671",SPRF-SP,DEL07-SP,UOP01-DEL07-SP
415813,2022-01-10,segunda-feira,15:00:00,GO,50.0,"259,8",CATALAO,Demais falhas mecânicas ou elétricas,Incêndio,Sem Vítimas,Pleno dia,Decrescente,Chuva,Dupla,Reta,Não,2.0,0.0,0.0,0.0,1.0,1.0,0.0,2.0,"-18,0348","-47,8347",SPRF-GO,DEL06-GO,UOP01-DEL06-GO
415819,2022-02-19,sábado,08:30:00,MG,251.0,475,FRANCISCO SA,Pista esburacada,Colisão frontal,Com Vítimas Fatais,Pleno dia,Decrescente,Nublado,Simples,Reta,Não,4.0,1.0,0.0,1.0,0.0,3.0,1.0,5.0,"-16,47174429","-43,46596604",SPRF-MG,DEL12-MG,UOP01-DEL12-MG
415825,2022-02-19,sábado,09:00:00,PR,376.0,172,MARINGA,Ausência de reação do condutor,Colisão transversal,Com Vítimas Feridas,Pleno dia,Crescente,Céu Claro,Dupla,Curva,Sim,3.0,0.0,0.0,1.0,1.0,1.0,1.0,3.0,"-23,4191001","-51,96816601",SPRF-PR,DEL09-PR,UOP01-DEL09-PR
415830,2022-02-19,sábado,10:50:00,MG,153.0,"183,6",FRUTAL,Pista esburacada,Tombamento,Com Vítimas Feridas,Pleno dia,Crescente,Céu Claro,Simples,Reta,Não,4.0,0.0,0.0,1.0,1.0,5.0,1.0,7.0,"-19,88094003","-48,97505084",SPRF-MG,DEL13-MG,UOP02-DEL13-MG
415832,2022-02-19,sábado,09:33:00,MG,381.0,"880,5",ESTIVA,Ausência de reação do condutor,Colisão traseira,Com Vítimas Feridas,Pleno dia,Decrescente,Céu Claro,Dupla,Reta,Não,4.0,0.0,1.0,0.0,1.0,2.0,1.0,4.0,"-22,50771497","-46,01674307",SPRF-MG,DEL16-MG,UOP03-DEL16-MG
415834,2022-02-19,sábado,10:40:00,BA,116.0,"931,4",ENCRUZILHADA,Reação tardia ou ineficiente do condutor,Colisão traseira,Sem Vítimas,Pleno dia,Crescente,Céu Claro,Simples,Reta,Não,3.0,0.0,0.0,0.0,2.0,2.0,0.0,4.0,"-15,59285302","-41,28018911",SPRF-BA,DEL08-BA,UOP03-DEL08-BA
415839,2022-02-19,sábado,10:24:00,GO,153.0,509,APARECIDA DE GOIANIA,Chuva,Tombamento,Sem Vítimas,Pleno dia,Crescente,Chuva,Múltipla,Declive,Sim,1.0,0.0,0.0,0.0,1.0,0.0,0.0,1.0,"-16,7888","-49,2379",SPRF-GO,DEL01-GO,UOP03-DEL01-GO
415845,2022-02-18,sexta-feira,20:10:00,RO,364.0,420,JARU,Ultrapassagem Indevida,Colisão traseira,Com Vítimas Fatais,Plena Noite,Decrescente,Garoa/Chuvisco,Simples,Declive,Não,3.0,1.0,0.0,0.0,1.0,3.0,0.0,5.0,"-10,471277","-62,448206",SPRF-RO,DEL03-RO,UOP02-DEL03-RO
415847,2022-02-17,quinta-feira,22:00:00,MG,251.0,230,SANTA CRUZ DE SALINAS,Demais falhas mecânicas ou elétricas,Incêndio,Sem Vítimas,Plena Noite,Crescente,Céu Claro,Simples,Curva,Não,2.0,0.0,0.0,0.0,1.0,1.0,0.0,2.0,"-15,96744613","-41,70259484",SPRF-MG,DEL11-MG,UOP02-DEL11-MG
415849,2022-02-19,sábado,10:59:00,MG,381.0,"685,8",LAVRAS,Velocidade Incompatível,Colisão lateral mesmo sentido,Com Vítimas Feridas,Pleno dia,Decrescente,Nublado,Dupla,Curva,Não,2.0,0.0,1.0,0.0,1.0,0.0,1.0,2.0,"-21,19177791","-45,11670723",SPRF-MG,DEL04-MG,UOP02-DEL04-MG
415855,2022-02-19,sábado,12:00:00,SC,282.0,"424,9",VARGEM BONITA,Curva acentuada,Colisão lateral sentido oposto,Com Vítimas Feridas,Pleno dia,Decrescente,Céu Claro,Simples,Curva,Não,4.0,0.0,1.0,0.0,2.0,1.0,1.0,3.0,"-26,988014","-51,753124",SPRF-SC,DEL07-SC,UOP05-DEL07-SC
415859,2022-02-19,sábado,13:31:00,ES,262.0,"152,8",IBATIBA,Curva acentuada,Tombamento,Com Vítimas Feridas,Pleno dia,Crescente,Chuva,Simples,Curva;Declive,Não,1.0,0.0,1.0,0.0,0.0,0.0,1.0,1.0,"-20,21979331","-41,45006235",SPRF-ES,DEL01-ES,UOP02-DEL01-ES
415862,2022-02-19,sábado,15:00:00,MG,262.0,447,NOVA SERRANA,Retorno proibido,Colisão transversal,Com Vítimas Feridas,Pleno dia,Decrescente,Nublado,Simples,Reta,Sim,4.0,0.0,0.0,1.0,2.0,1.0,1.0,3.0,"-19,87341662","-44,96007194",SPRF-MG,DEL08-MG,UOP03-DEL08-MG
415863,2022-02-18,sexta-feira,17:02:00,MT,163.0,1073,TERRA NOVA DO NORTE,Ausência de reação do condutor,Colisão traseira,Com Vítimas Feridas,Pleno dia,Decrescente,Nublado,Simples,Reta,Não,4.0,0.0,2.0,0.0,1.0,2.0,2.0,4.0,"-10,70615315","-55,12081146",SPRF-MT,DEL06-MT,NPF/DEL06-MT
415867,2022-02-19,sábado,15:00:00,SC,101.0,39,JOINVILLE,Reação tardia ou ineficiente do condutor,Colisão traseira,Sem Vítimas,Pleno dia,Decrescente,Nublado,Dupla,Curva,Sim,2.0,0.0,0.0,0.0,2.0,0.0,0.0,2.0,"-26,2628107","-48,90192257",SPRF-SC,DEL03-SC,UOP01-DEL03-SC
415878,2022-02-19,sábado,08:00:00,MG,365.0,"614,4",UBERLANDIA,Ausência de reação do condutor,Colisão com objeto,Sem Vítimas,Pleno dia,Decrescente,Nublado,Simples,Reta,Sim,2.0,0.0,0.0,0.0,1.0,1.0,0.0,2.0,"-18,884602","-48,26594",SPRF-MG,DEL15-MG,UOP01-DEL15-MG
415884,2022-02-19,sábado,14:00:00,MT,70.0,"2,2",BARRA DO GARCAS,Ausência de reação do condutor,Colisão transversal,Com Vítimas Feridas,Pleno dia,Crescente,Nublado,Simples,Reta;Aclive,Sim,3.0,0.0,2.0,0.0,1.0,0.0,2.0,2.0,"-15,88749699","-52,26810568",SPRF-MT,DEL07-MT,UOP01-DEL07-MT
415886,2022-02-19,sábado,15:40:00,BA,330.0,860,BARRA DO ROCHA,Transitar na contramão,Colisão frontal,Com Vítimas Feridas,Pleno dia,Crescente,Céu Claro,Simples,Reta,Não,3.0,0.0,2.0,0.0,1.0,0.0,2.0,2.0,"-14,21016824","-39,5784928",SPRF-BA,DEL03-BA,UOP01-DEL03-BA
415893,2022-02-19,sábado,17:25:00,SC,101.0,"111,8",ITAJAI,Reação tardia ou ineficiente do condutor,Colisão traseira,Com Vítimas Feridas,Anoitecer,Decrescente,Nublado,Dupla,Ponte,Sim,2.0,0.0,0.0,1.0,1.0,0.0,1.0,2.0,"-26,83955734","-48,71418074",SPRF-SC,DEL04-SC,UOP04-DEL04-SC
415916,2022-02-19,sábado,19:50:00,RS,285.0,"257,9",GENTIL,Transitar na contramão,Colisão lateral sentido oposto,Sem Vítimas,Pleno dia,Decrescente,Céu Claro,Simples,Curva,Não,3.0,0.0,0.0,0.0,3.0,0.0,0.0,2.0,"-28,30317157","-52,04807281",SPRF-RS,DEL08-RS,UOP03-DEL08-RS
415922,2022-02-19,sábado,14:55:00,BA,116.0,776,PLANALTO,Condutor deixou de manter distância do veículo da frente,Colisão traseira,Com Vítimas Feridas,Pleno dia,Decrescente,Nublado,Simples,Reta,Sim,3.0,0.0,1.0,0.0,1.0,1.0,1.0,3.0,"-14,59897899","-40,43763203",SPRF-BA,DEL08-BA,UOP02-DEL08-BA
415926,2022-02-07,segunda-feira,06:00:00,GO,20.0,30,FORMOSA,Velocidade Incompatível,Saída de leito carroçável,Com Vítimas Feridas,Amanhecer,Crescente,Nublado,Dupla,Reta,Sim,3.0,0.0,2.0,0.0,0.0,2.0,2.0,3.0,"-15,498156","-47,109814",SPRF-DF,DEL02-DF,UOP01-DEL02-DF
415929,2022-02-19,sábado,19:30:00,MT,364.0,273,JACIARA,Trafegar com motocicleta (ou similar) entre as faixas,Queda de ocupante de veículo,Com Vítimas Fatais,Plena Noite,Decrescente,Nublado,Dupla,Reta,Sim,4.0,1.0,0.0,0.0,1.0,3.0,0.0,5.0,"-15,96077957","-54,96772983",SPRF-MT,DEL02-MT,UOP01-DEL02-MT
415934,2022-02-19,sábado,21:42:00,SP,153.0,"41,9",ONDA VERDE,Ingestão de álcool pelo condutor,Colisão lateral mesmo sentido,Com Vítimas Feridas,Plena Noite,Crescente,Céu Claro,Simples,Aclive;Reta;Interseção de Vias,Não,8.0,0.0,3.0,1.0,1.0,3.0,4.0,4.0,"-20,62848304","-49,33623886",SPRF-SP,DEL09-SP,UOP01-DEL09-SP
415935,2022-02-19,sábado,15:45:00,BA,407.0,169,FILADELFIA,Ingestão de álcool pelo condutor,Colisão frontal,Com Vítimas Fatais,Pleno dia,Crescente,Céu Claro,Simples,Reta,Não,3.0,1.0,0.0,0.0,1.0,1.0,0.0,3.0,"-10,83017998","-40,11418081",SPRF-BA,DEL04-BA,UOP01-DEL04-BA
415947,2022-02-19,sábado,21:00:00,SP,116.0,"362,3",MIRACATU,Manobra de mudança de faixa,Colisão lateral mesmo sentido,Com Vítimas Feridas,Plena Noite,Crescente,Céu Claro,Dupla,Curva,Não,6.0,0.0,1.0,0.0,4.0,1.0,1.0,3.0,"-24,1220177","-47,27047772",SPRF-SP,DEL04-SP,UOP02-DEL04-SP
415951,2022-02-19,sábado,22:15:00,MG,40.0,"789,3",JUIZ DE FORA,Chuva,Saída de leito carroçável,Sem Vítimas,Plena Noite,Decrescente,Chuva,Dupla,Reta,Não,2.0,0.0,0.0,0.0,1.0,1.0,0.0,2.0,"-21,75969297","-43,44077628",SPRF-MG,DEL05-MG,UOP01-DEL05-MG
415955,2022-02-19,sábado,18:30:00,BA,116.0,869,VITORIA DA CONQUISTA,Demais falhas mecânicas ou elétricas,Incêndio,Sem Vítimas,Plena Noite,Decrescente,Nublado,Simples,Aclive;Reta,Não,2.0,0.0,0.0,0.0,1.0,1.0,0.0,2.0,"-15,1235422","-41,03458466",SPRF-BA,DEL08-BA,UOP01-DEL08-BA
415973,2022-02-19,sábado,19:00:00,MT,163.0,603,NOVA MUTUM,Ultrapassagem Indevida,Colisão frontal,Com Vítimas Fatais,Plena Noite,Crescente,Garoa/Chuvisco,Simples,Reta,Não,2.0,1.0,0.0,0.0,1.0,0.0,0.0,2.0,"-13,88122005","-56,08852761",SPRF-MT,DEL01-MT,UOP01-DEL01-MT
415981,2022-02-20,domingo,01:51:00,PE,423.0,"116,4",PARANATAMA,Pedestre andava na pista,Atropelamento de Pedestre,Com Vítimas Fatais,Plena Noite,Decrescente,Nevoeiro/Neblina,Simples,Reta,Não,2.0,1.0,0.0,0.0,0.0,1.0,0.0,2.0,"-8,905391","-36,664301",SPRF-PE,DEL03-PE,UOP01-DEL03-PE
415982,2022-02-20,domingo,00:30:00,RJ,101.0,"69,4",CAMPOS DOS GOYTACAZES,Iluminação deficiente,Colisão lateral sentido oposto,Com Vítimas Feridas,Plena Noite,Crescente,Chuva,Simples,Reta,Não,2.0,0.0,1.0,0.0,0.0,1.0,1.0,2.0,"-21,77624383","-41,3653321",SPRF-RJ,DEL08-RJ,UOP02-DEL08-RJ
415984,2022-02-19,sábado,23:15:00,RS,290.0,"40,6",SANTO ANTONIO DA PATRULHA,Condutor Dormindo,Tombamento,Com Vítimas Feridas,Plena Noite,Crescente,Céu Claro,Dupla,Reta,Não,2.0,0.0,1.0,0.0,0.0,1.0,1.0,2.0,"-29,886173","-50,658577",SPRF-RS,DEL03-RS,UOP01-DEL03-RS
415986,2022-02-20,domingo,00:15:00,RJ,116.0,"267,8",BARRA MANSA,Condutor Dormindo,Colisão traseira,Com Vítimas Feridas,Plena Noite,Crescente,Chuva,Dupla,Curva,Não,8.0,0.0,3.0,2.0,1.0,2.0,5.0,3.0,"-22,58964229","-44,10482516",SPRF-RJ,DEL07-RJ,UOP02-DEL07-RJ
415988,2022-02-20,domingo,02:45:00,SC,101.0,186,BIGUACU,Ingestão de álcool pelo condutor,Colisão lateral mesmo sentido,Sem Vítimas,Plena Noite,Decrescente,Céu Claro,Dupla,Reta,Não,2.0,0.0,0.0,0.0,2.0,0.0,0.0,2.0,"-27,4341098","-48,62567129",SPRF-SC,DEL01-SC,UOP01-DEL01-SC
415993,2022-02-20,domingo,00:40:00,MT,163.0,716,SORRISO,Ingestão de álcool pelo condutor,Saída de leito carroçável,Sem Vítimas,Plena Noite,Decrescente,Garoa/Chuvisco,Simples,Reta,Não,2.0,0.0,0.0,0.0,1.0,1.0,0.0,2.0,"-12,95429994","-55,86883615",SPRF-MT,DEL06-MT,UOP01-DEL06-MT
416012,2022-02-20,domingo,06:27:00,PR,376.0,550,PALMEIRA,Reação tardia ou ineficiente do condutor,Colisão traseira,Com Vítimas Feridas,Pleno dia,Decrescente,Nublado,Dupla,Reta,Não,3.0,0.0,1.0,0.0,1.0,3.0,1.0,5.0,"-25,42785673","-49,75843728",SPRF-PR,DEL01-PR,UOP03-DEL03-PR
416016,2022-02-09,quarta-feira,14:13:00,SC,163.0,"103,6",SAO JOSE DO CEDRO,Carga excessiva e/ou mal acondicionada,Colisão transversal,Com Vítimas Feridas,Pleno dia,Crescente,Céu Claro,Simples,Reta,Sim,3.0,0.0,0.0,1.0,1.0,1.0,1.0,3.0,"-26,4620908796","-53,5077058958",SPRF-SC,DEL07-SC,UOP03-DEL07-SC
416022,2022-02-20,domingo,04:10:00,SC,282.0,587,PINHALZINHO,Ingestão de álcool pelo condutor,Colisão lateral sentido oposto,Sem Vítimas,Plena Noite,Decrescente,Céu Claro,Simples,Curva,Não,2.0,0.0,0.0,0.0,2.0,0.0,0.0,2.0,"-26,830677","-53,04443",SPRF-SC,DEL07-SC,UOP02-DEL07-SC
416023,2022-02-17,quinta-feira,06:00:00,MG,153.0,"27,5",CANAPOLIS,Pista esburacada,Tombamento,Com Vítimas Feridas,Pleno dia,Decrescente,Céu Claro,Dupla,Reta,Não,2.0,0.0,1.0,0.0,0.0,1.0,1.0,2.0,"-18,658187","-49,168217",SPRF-MG,DEL15-MG,UOP03-DEL15-MG
416028,2022-02-20,domingo,05:20:00,SC,101.0,"119,2",ITAJAI,Condutor Dormindo,Colisão com objeto,Com Vítimas Fatais,Amanhecer,Crescente,Céu Claro,Dupla,Reta,Não,2.0,1.0,0.0,0.0,0.0,1.0,0.0,2.0,"-26,90611","-48,714701",SPRF-SC,DEL04-SC,UOP04-DEL04-SC
416035,2022-02-20,domingo,09:09:00,GO,50.0,95,CRISTALINA,Carga excessiva e/ou mal acondicionada,Tombamento,Sem Vítimas,Pleno dia,Decrescente,Céu Claro,Simples,Curva,Sim,2.0,0.0,0.0,0.0,1.0,1.0,0.0,2.0,"-16,9309","-47,7117",SPRF-DF,DEL01-DF,UOP02-DEL01-DF
416050,2022-02-20,domingo,10:30:00,PR,277.0,"343,6",GUARAPUAVA,Pedestre andava na pista,Atropelamento de Pedestre,Com Vítimas Feridas,Pleno dia,Crescente,Céu Claro,Dupla,Reta,Não,2.0,0.0,1.0,0.0,1.0,0.0,1.0,2.0,"-25,33989301","-51,419254",SPRF-PR,DEL08-PR,UOP01-DEL08-PR
416051,2022-02-20,domingo,11:00:00,MG,267.0,"251,6",CARVALHOS,Velocidade Incompatível,Saída de leito carroçável,Com Vítimas Feridas,Pleno dia,Decrescente,Céu Claro,Simples,Curva,Não,2.0,0.0,0.0,1.0,0.0,1.0,1.0,2.0,"-21,93968682","-44,49100577",SPRF-MG,DEL17-MG,UOP01-DEL17-MG
416058,2022-02-20,domingo,11:50:00,RS,116.0,656,JAGUARAO,Demais falhas mecânicas ou elétricas,Colisão transversal,Sem Vítimas,Pleno dia,Crescente,Céu Claro,Simples,Interseção de Vias,Sim,3.0,0.0,0.0,0.0,2.0,1.0,0.0,3.0,"-32,56067023","-53,38439839",SPRF-RS,DEL07-RS,UOP03-DEL07-RS
416072,2022-02-20,domingo,13:30:00,RS,116.0,"153,8",CAXIAS DO SUL,Velocidade Incompatível,Tombamento,Com Vítimas Feridas,Pleno dia,Decrescente,Céu Claro,Múltipla,Rotatória,Sim,2.0,0.0,1.0,0.0,0.0,1.0,1.0,2.0,"-29,18832236","-51,18264198",SPRF-RS,DEL05-RS,UOP01-DEL05-RS
416075,2022-02-08,terça-feira,06:20:00,SE,235.0,"6,2",NOSSA SENHORA DO SOCORRO,Objeto estático sobre o leito carroçável,Colisão com objeto,Com Vítimas Feridas,Pleno dia,Decrescente,Sol,Dupla,Declive;Viaduto,Sim,3.0,0.0,1.0,0.0,2.0,0.0,1.0,3.0,"-10,903851","-37,128677",SPRF-SE,DEL01-SE,UOP01-DEL01-SE
416076,2022-01-27,quinta-feira,06:30:00,MA,135.0,"86,9",ITAPECURU MIRIM,Velocidade Incompatível,Colisão traseira,Sem Vítimas,Pleno dia,Decrescente,Chuva,Simples,Reta,Sim,5.0,0.0,0.0,0.0,4.0,1.0,0.0,5.0,"-3,2636826238","-44,3940464212",SPRF-MA,DEL01-MA,UOP02-DEL01-MA
416081,2022-02-20,domingo,11:30:00,MG,381.0,565,ITAGUARA,Avarias e/ou desgaste excessivo no pneu,Tombamento,Com Vítimas Feridas,Pleno dia,Decrescente,Céu Claro,Dupla,Reta,Não,2.0,0.0,1.0,0.0,0.0,1.0,1.0,2.0,"-20,40868701","-44,52561498",SPRF-MG,DEL04-MG,UOP03-DEL04-MG
416086,2022-02-20,domingo,15:25:00,DF,80.0,"21,6",BRASILIA,Manobra de mudança de faixa,Colisão lateral mesmo sentido,Com Vítimas Feridas,Pleno dia,Decrescente,Nublado,Dupla,Reta,Sim,3.0,0.0,1.0,0.0,1.0,3.0,1.0,5.0,"-15,66035425","-48,2033515",SPRF-DF,DEL03-DF,UOP02-DEL03-DF
416101,2022-02-20,domingo,17:15:00,TO,153.0,139,ARAGUAINA,Desrespeitar a preferência no cruzamento,Colisão transversal,Com Vítimas Feridas,Pleno dia,Decrescente,Nublado,Dupla,Rotatória,Sim,2.0,0.0,0.0,1.0,1.0,0.0,1.0,2.0,"-7,16325275","-48,20698926",SPRF-TO,DEL02-TO,UOP01-DEL02-TO
416105,2022-02-20,domingo,17:10:00,PR,116.0,157,MANDIRITUBA,Condutor Dormindo,Colisão transversal,Com Vítimas Feridas,Pleno dia,Decrescente,Céu Claro,Simples,Reta,Não,3.0,0.0,1.0,0.0,2.0,0.0,1.0,3.0,"-25,86771116","-49,36469855",SPRF-PR,DEL01-PR,UOP03-DEL01-PR
416107,2022-02-20,domingo,17:10:00,PR,277.0,115,CAMPO LARGO,Ingestão de álcool pelo condutor,Colisão lateral mesmo sentido,Sem Vítimas,Pleno dia,Crescente,Céu Claro,Dupla,Reta,Sim,3.0,0.0,0.0,0.0,2.0,2.0,0.0,4.0,"-25,43041215","-49,39663893",SPRF-PR,DEL01-PR,UOP03-DEL03-PR
416110,2022-02-20,domingo,17:05:00,MS,163.0,703,RIO VERDE DE MATO GROSSO,Demais falhas mecânicas ou elétricas,Incêndio,Sem Vítimas,Pleno dia,Decrescente,Céu Claro,Dupla,Reta,Não,3.0,0.0,0.0,0.0,2.0,1.0,0.0,2.0,"-18,73077206","-54,81705577",SPRF-MS,DEL06-MS,UOP01-DEL06-MS
416149,2022-02-20,domingo,20:45:00,MG,40.0,"143,5",JOAO PINHEIRO,Manobra de mudança de faixa,Colisão transversal,Sem Vítimas,Plena Noite,Crescente,Garoa/Chuvisco,Simples,Reta,Sim,3.0,0.0,0.0,0.0,2.0,2.0,0.0,4.0,"-17,7457975","-46,17842682",SPRF-MG,DEL14-MG,UOP01-DEL14-MG
416151,2022-02-20,domingo,21:00:00,GO,364.0,306,MINEIROS,Transitar na contramão,Colisão lateral sentido oposto,Com Vítimas Feridas,Plena Noite,Crescente,Nublado,Simples,Reta,Não,4.0,0.0,3.0,0.0,1.0,0.0,3.0,2.0,"-17,511412","-52,536316",SPRF-GO,DEL05-GO,UOP01-DEL05-GO
416152,2022-02-20,domingo,21:15:00,MG,381.0,"882,1",CAMBUI,Objeto estático sobre o leito carroçável,Colisão com objeto,Com Vítimas Feridas,Plena Noite,Decrescente,Nublado,Dupla,Reta;Ponte,Não,2.0,0.0,1.0,0.0,0.0,1.0,1.0,2.0,"-22,52371907","-46,0241579",SPRF-MG,DEL16-MG,UOP03-DEL16-MG
416161,2022-02-20,domingo,19:30:00,MG,50.0,"77,9",UBERLANDIA,Ingestão de álcool pelo condutor,Colisão traseira,Com Vítimas Fatais,Plena Noite,Crescente,Céu Claro,Dupla,Reta,Não,6.0,1.0,0.0,0.0,1.0,4.0,0.0,4.0,"-18,94231516","-48,21899414",SPRF-MG,DEL15-MG,UOP01-DEL15-MG
416162,2022-02-20,domingo,21:30:00,ES,101.0,"182,9",ARACRUZ,Reação tardia ou ineficiente do condutor,Saída de leito carroçável,Com Vítimas Feridas,Plena Noite,Crescente,Céu Claro,Simples,Curva,Não,1.0,0.0,1.0,0.0,0.0,0.0,1.0,1.0,"-19,6386808","-40,23155029",SPRF-ES,DEL04-ES,UOP01-DEL04-ES
416182,2022-02-20,domingo,22:50:00,BA,101.0,503,ITABUNA,Transitar na contramão,Atropelamento de Pedestre,Com Vítimas Feridas,Plena Noite,Decrescente,Céu Claro,Simples,Reta,Sim,3.0,0.0,0.0,1.0,0.0,2.0,1.0,2.0,"-14,93204115","-39,30057969",SPRF-BA,DEL05-BA,UOP01-DEL05-BA
416183,2022-02-20,domingo,23:35:00,MG,40.0,"464,8",SETE LAGOAS,Ausência de reação do condutor,Colisão traseira,Com Vítimas Fatais,Plena Noite,Crescente,Céu Claro,Dupla,Aclive,Não,2.0,1.0,0.0,0.0,1.0,0.0,0.0,2.0,"-19,4375","-44,3322",SPRF-MG,DEL02-MG,UOP01-DEL02-MG
416184,2022-02-20,domingo,23:00:00,PR,467.0,"90,4",CASCAVEL,Condutor deixou de manter distância do veículo da frente,Colisão traseira,Com Vítimas Feridas,Plena Noite,Crescente,Céu Claro,Dupla,Curva,Não,2.0,0.0,1.0,0.0,0.0,1.0,1.0,2.0,"-24,8439","-53,6077",SPRF-PR,DEL04-PR,UOP01-DEL04-PR