id,data_inversa,dia_semana,horario,uf,br,km,municipio,causa_acidente,tipo_acidente,classificacao_acidente,fase_dia,sentido_via,condicao_metereologica,tipo_pista,tracado_via,uso_solo,pessoas,mortos,feridos_leves,feridos_graves,ilesos,ignorados,feridos,veiculos,latitude,longitude,regional,delegacia,uop
416189,2022-02-20,domingo,21:40:00,MG,116.0,"595,2",MANHUACU,Velocidade Incompatível,Saída de leito carroçável,Com Vítimas Feridas,Plena Noite,Crescente,Nublado,Simples,Curva,Não,3.0,0.0,1.0,0.0,1.0,2.0,1.0,3.0,"-20,29516807","-42,14747044",SPRF-MG,DEL06-MG,UOP03-DEL06-MG
416196,2022-02-21,segunda-feira,00:01:00,BA,101.0,"748,1",ITABELA,Ingestão de álcool pelo condutor,Colisão lateral sentido oposto,Com Vítimas Feridas,Plena Noite,Crescente,Céu Claro,Simples,Curva,Não,2.0,0.0,0.0,1.0,1.0,0.0,1.0,2.0,"-16,75062719","-39,45294486",SPRF-BA,DEL09-BA,UOP01-DEL09-BA
416200,2022-02-20,domingo,22:30:00,MG,40.0,"320,6",TRES MARIAS,Velocidade Incompatível,Tombamento,Com Vítimas Feridas,Plena Noite,Crescente,Nublado,Simples,Curva,Não,2.0,0.0,1.0,0.0,0.0,1.0,1.0,2.0,"-18,51247005","-45,07802246",SPRF-MG,DEL14-MG,UOP02-DEL14-MG
416210,2022-02-21,segunda-feira,03:00:00,PR,277.0,"34,3",MORRETES,Demais falhas mecânicas ou elétricas,Colisão traseira,Com Vítimas Feridas,Plena Noite,Decrescente,Nublado,Dupla,Reta,Não,3.0,0.0,0.0,1.0,1.0,2.0,1.0,4.0,"-25,57217556","-48,82221222",SPRF-PR,DEL01-PR,UOP05-DEL01-PR
416223,2022-02-21,segunda-feira,02:40:00,RO,364.0,423,JARU,Ingestão de álcool pelo condutor,Colisão frontal,Sem Vítimas,Plena Noite,Decrescente,Chuva,Simples,Reta;Ponte,Sim,3.0,0.0,0.0,0.0,2.0,1.0,0.0,2.0,"-10,438025","-62,471093",SPRF-RO,DEL03-RO,UOP02-DEL03-RO
416226,2022-02-20,domingo,22:00:00,MT,364.0,619,DIAMANTINO,Ingestão de álcool pelo condutor,Colisão frontal,Com Vítimas Fatais,Plena Noite,Crescente,Nublado,Simples,Reta,Não,9.0,3.0,2.0,2.0,1.0,2.0,4.0,4.0,"-14,39992891","-56,34115994",SPRF-MT,DEL01-MT,UOP01-DEL01-MT
416234,2022-02-21,segunda-feira,07:43:00,SP,153.0,"60,2",SAO JOSE DO RIO PRETO,Demais falhas mecânicas ou elétricas,Colisão traseira,Com Vítimas Feridas,Pleno dia,Crescente,Sol,Dupla,Reta,Sim,6.0,0.0,1.0,0.0,5.0,0.0,1.0,6.0,"-20,79627979","-49,35480206",SPRF-SP,DEL09-SP,UOP01-DEL09-SP
416237,2022-02-20,domingo,12:15:00,BA,30.0,"685,8",JEQUIE,Ultrapassagem Indevida,Tombamento,Sem Vítimas,Pleno dia,Crescente,Céu Claro,Simples,Aclive,Não,1.0,0.0,0.0,0.0,1.0,0.0,0.0,1.0,"-13,950655","-40,165551",SPRF-BA,DEL08-BA,UOP01-DEL08-BA
416238,2022-02-21,segunda-feira,00:35:00,BA,116.0,636,JAGUAQUARA,Condutor Dormindo,Tombamento,Com Vítimas Feridas,Plena Noite,Crescente,Céu Claro,Simples,Reta,Não,1.0,0.0,1.0,0.0,0.0,0.0,1.0,1.0,"-13,49889298","-40,05022605",SPRF-BA,DEL03-BA,UOP01-DEL03-BA
416239,2022-02-21,segunda-feira,06:50:00,RS,285.0,"336,9",CARAZINHO,Manobra de mudança de faixa,Saída de leito carroçável,Com Vítimas Feridas,Amanhecer,Decrescente,Chuva,Simples,Declive,Não,2.0,0.0,0.0,2.0,0.0,0.0,2.0,1.0,"-28,31778","-52,759102",SPRF-RS,DEL08-RS,UOP03-DEL08-RS
416245,2022-02-21,segunda-feira,06:55:00,PE,101.0,"78,1",JABOATAO DOS GUARARAPES,Ultrapassagem Indevida,Tombamento,Com Vítimas Fatais,Pleno dia,Decrescente,Céu Claro,Dupla,Reta,Sim,3.0,1.0,0.0,0.0,1.0,1.0,0.0,3.0,"-8,13496499","-34,94738614",SPRF-PE,DEL01-PE,UOP01-DEL01-PE
416247,2022-02-21,segunda-feira,08:00:00,ES,101.0,"399,7",ITAPEMIRIM,Condutor Dormindo,Colisão lateral sentido oposto,Com Vítimas Fatais,Pleno dia,Crescente,Céu Claro,Simples,Reta,Não,2.0,1.0,0.0,0.0,1.0,0.0,0.0,2.0,"-20,89106645","-40,99876886",SPRF-ES,DEL03-ES,UOP02-DEL03-ES
416248,2022-02-07,segunda-feira,16:00:00,BA,116.0,"147,7",CANUDOS,Demais falhas mecânicas ou elétricas,Incêndio,Sem Vítimas,Anoitecer,Crescente,Céu Claro,Simples,Reta,Não,2.0,0.0,0.0,0.0,1.0,1.0,0.0,2.0,"-9,893108","-39,169516",SPRF-BA,DEL07-BA,UOP01-DEL07-BA
416250,2022-02-21,segunda-feira,05:50:00,MT,163.0,1060,MATUPA,Ultrapassagem Indevida,Colisão frontal,Com Vítimas Feridas,Pleno dia,Crescente,Nublado,Simples,Reta,Não,2.0,0.0,0.0,1.0,1.0,0.0,1.0,2.0,"-10,12527002","-54,93236013",SPRF-MT,DEL06-MT,NPF/DEL06-MT
416260,2022-02-21,segunda-feira,08:35:00,ES,101.0,144,LINHARES,Acesso irregular,Tombamento,Com Vítimas Feridas,Pleno dia,Crescente,Céu Claro,Dupla,Reta,Sim,4.0,0.0,2.0,0.0,2.0,0.0,2.0,2.0,"-19,35188295","-40,0636685",SPRF-ES,DEL04-ES,UOP01-DEL04-ES
416270,2022-02-21,segunda-feira,06:30:00,SC,282.0,"612,6",MARAVILHA,Sinalização mal posicionada,Colisão lateral mesmo sentido,Com Vítimas Feridas,Pleno dia,Crescente,Chuva,Simples,Reta,Não,3.0,0.0,1.0,1.0,1.0,0.0,2.0,2.0,"-26,76932","-53,264568",SPRF-SC,DEL07-SC,UOP02-DEL07-SC
416277,2022-02-14,segunda-feira,06:40:00,MG,40.0,513,RIBEIRAO DAS NEVES,Condutor deixou de manter distância do veículo da frente,Colisão traseira,Com Vítimas Feridas,Pleno dia,Crescente,Céu Claro,Dupla,Reta,Sim,2.0,0.0,1.0,0.0,1.0,0.0,1.0,2.0,"-19,7970544","-44,1080512",SPRF-MG,DEL01-MG,UOP02-DEL01-MG
416281,2022-02-21,segunda-feira,11:00:00,PE,232.0,"4,6",RECIFE,Velocidade Incompatível,Colisão lateral mesmo sentido,Com Vítimas Feridas,Pleno dia,Crescente,Céu Claro,Dupla,Viaduto,Não,3.0,0.0,0.0,1.0,1.0,1.0,1.0,3.0,"-8,064473","-34,936928",SPRF-PE,DEL01-PE,UOP01-DEL01-PE
416289,2022-02-21,segunda-feira,11:30:00,SP,116.0,225,GUARULHOS,Manobra de mudança de faixa,Colisão traseira,Com Vítimas Feridas,Pleno dia,Decrescente,Céu Claro,Múltipla,Reta,Sim,4.0,0.0,0.0,1.0,3.0,0.0,1.0,4.0,"-23,48586772","-46,54075317",SPRF-SP,DEL01-SP,UOP01-DEL01-SP
416296,2022-02-21,segunda-feira,11:45:00,GO,20.0,"104,5",FLORES DE GOIAS,Velocidade Incompatível,Tombamento,Com Vítimas Feridas,Pleno dia,Crescente,Céu Claro,Simples,Retorno Regulamentado,Não,2.0,0.0,1.0,0.0,1.0,0.0,1.0,1.0,"-14,921622","-46,966019",SPRF-DF,DEL02-DF,UOP01-DEL02-DF
416298,2022-02-21,segunda-feira,13:25:00,SC,101.0,"116,9",ITAJAI,Velocidade Incompatível,Colisão traseira,Com Vítimas Feridas,Pleno dia,Decrescente,Céu Claro,Dupla,Reta,Não,3.0,0.0,1.0,0.0,1.0,2.0,1.0,4.0,"-26,87905605","-48,72603512",SPRF-SC,DEL04-SC,UOP04-DEL04-SC
416299,2022-02-21,segunda-feira,08:00:00,SP,153.0,311,SAO PEDRO DO TURVO,Reação tardia ou ineficiente do condutor,Tombamento,Com Vítimas Feridas,Pleno dia,Decrescente,Céu Claro,Simples,Reta,Não,3.0,0.0,1.0,0.0,0.0,2.0,1.0,3.0,"-22,677443","-49,88958268",SPRF-SP,DEL07-SP,UOP03-DEL07-SP
416300,2022-02-21,segunda-feira,13:20:00,RS,116.0,363,TAPES,Velocidade Incompatível,Colisão com objeto,Com Vítimas Feridas,Pleno dia,Crescente,Nublado,Simples,Rotatória,Não,2.0,0.0,1.0,0.0,0.0,1.0,1.0,2.0,"-30,64814964","-51,56101323",SPRF-RS,DEL02-RS,UOP02-DEL02-RS
416302,2022-02-21,segunda-feira,13:20:00,PR,153.0,"481,5",GENERAL CARNEIRO,Transitar na contramão,Colisão frontal,Com Vítimas Fatais,Pleno dia,Crescente,Sol,Simples,Curva,Sim,3.0,1.0,1.0,1.0,0.0,0.0,2.0,2.0,"-26,41062808","-51,28761292",SPRF-PR,DEL02-PR,UOP03-DEL02-PR
416307,2022-02-21,segunda-feira,12:30:00,SC,470.0,48,BLUMENAU,Ausência de reação do condutor,Colisão lateral sentido oposto,Com Vítimas Feridas,Pleno dia,Decrescente,Sol,Simples,Reta,Não,2.0,0.0,1.0,0.0,1.0,0.0,1.0,2.0,"-26,859823","-49,055393",SPRF-SC,DEL04-SC,UOP01-DEL04-SC
416308,2022-02-21,segunda-feira,12:30:00,BA,116.0,"785,9",PLANALTO,Entrada inopinada do pedestre,Atropelamento de Pedestre,Com Vítimas Fatais,Pleno dia,Crescente,Céu Claro,Simples,Reta,Não,3.0,1.0,0.0,0.0,1.0,3.0,0.0,5.0,"-14,67336137","-40,48962592",SPRF-BA,DEL08-BA,UOP02-DEL08-BA
416313,2022-02-21,segunda-feira,12:46:00,MG,381.0,"648,2",SANTO ANTONIO DO AMPARO,Velocidade Incompatível,Colisão com objeto,Com Vítimas Feridas,Pleno dia,Decrescente,Céu Claro,Dupla,Curva,Não,1.0,0.0,1.0,0.0,0.0,0.0,1.0,1.0,"-20,95761493","-44,92120513",SPRF-MG,DEL04-MG,UOP02-DEL04-MG
416316,2022-02-21,segunda-feira,14:40:00,RS,290.0,557,ALEGRETE,Reação tardia ou ineficiente do condutor,Colisão traseira,Com Vítimas Fatais,Pleno dia,Crescente,Céu Claro,Simples,Aclive;Reta,Não,8.0,2.0,1.0,1.0,3.0,1.0,2.0,4.0,"-29,900185","-55,569252",SPRF-RS,DEL13-RS,UOP02-DEL13-RS
416329,2022-02-21,segunda-feira,16:15:00,PE,101.0,"114,9",IPOJUCA,Condutor Dormindo,Saída de leito carroçável,Com Vítimas Feridas,Pleno dia,Crescente,Nublado,Dupla,Curva,Não,2.0,0.0,1.0,0.0,0.0,1.0,1.0,2.0,"-8,33627384","-35,140028",SPRF-PE,DEL01-PE,UOP01-DEL01-PE
416331,2022-02-21,segunda-feira,15:00:00,GO,60.0,137,GOIANIA,Chuva,Eventos atípicos,Sem Vítimas,Pleno dia,Crescente,Chuva,Dupla,Declive,Não,2.0,0.0,0.0,0.0,1.0,1.0,0.0,2.0,"-16,603","-49,2023",SPRF-GO,DEL01-GO,UOP01-DEL01-GO
416332,2022-01-21,sexta-feira,15:15:00,RJ,40.0,9,TRES RIOS,Reação tardia ou ineficiente do condutor,Colisão traseira,Com Vítimas Feridas,Pleno dia,Decrescente,Céu Claro,Dupla,Reta,Não,4.0,0.0,2.0,0.0,1.0,1.0,2.0,3.0,"-22,0456371161","-43,2151359929",SPRF-RJ,DEL05-RJ,UOP02-DEL05-RJ
416335,2022-02-21,segunda-feira,08:15:00,MT,70.0,548,NOSSA SENHORA DO LIVRAMENTO,Demais falhas mecânicas ou elétricas,Incêndio,Sem Vítimas,Pleno dia,Decrescente,Nublado,Simples,Reta,Não,2.0,0.0,0.0,0.0,1.0,1.0,0.0,2.0,"-15,67930032","-56,289738",SPRF-MT,DEL03-MT,UOP02-DEL03-MT
416337,2022-02-21,segunda-feira,17:10:00,SC,470.0,"64,9",INDAIAL,Ultrapassagem Indevida,Colisão lateral mesmo sentido,Com Vítimas Feridas,Pleno dia,Crescente,Nublado,Simples,Reta,Sim,2.0,0.0,1.0,0.0,1.0,0.0,1.0,2.0,"-26,870411","-49,211864",SPRF-SC,DEL04-SC,UOP01-DEL04-SC
416345,2022-02-21,segunda-feira,14:40:00,BA,407.0,78,JAGUARARI,Pedestre andava na pista,Atropelamento de Pedestre,Com Vítimas Feridas,Pleno dia,Crescente,Céu Claro,Simples,Reta,Não,3.0,0.0,0.0,1.0,1.0,2.0,1.0,4.0,"-10,04294896","-40,22637818",SPRF-BA,DEL04-BA,UOP01-DEL04-BA
416362,2022-02-21,segunda-feira,19:30:00,MG,365.0,735,ITUIUTABA,Condutor deixou de manter distância do veículo da frente,Colisão traseira,Com Vítimas Feridas,Plena Noite,Decrescente,Nublado,Simples,Reta;Aclive,Não,2.0,0.0,1.0,0.0,1.0,0.0,1.0,2.0,"-18,90585964","-49,32623604",SPRF-MG,DEL15-MG,UOP03-DEL15-MG
416368,2022-02-21,segunda-feira,20:10:00,RN,304.0,84,MOSSORO,Manobra de mudança de faixa,Colisão lateral sentido oposto,Com Vítimas Feridas,Plena Noite,Crescente,Céu Claro,Simples,Reta,Não,2.0,0.0,0.0,1.0,1.0,0.0,1.0,2.0,"-5,49932609","-37,14569806",SPRF-RN,DEL04-RN,UOP01-DEL04-RN
416372,2022-02-21,segunda-feira,20:10:00,MG,381.0,343,BELA VISTA DE MINAS,Acumulo de água sobre o pavimento,Colisão frontal,Com Vítimas Feridas,Plena Noite,Crescente,Chuva,Simples,Curva,Não,3.0,0.0,2.0,0.0,1.0,0.0,2.0,2.0,"-19,85663904","-43,10916603",SPRF-MG,DEL03-MG,UOP01-DEL03-MG
416376,2022-02-21,segunda-feira,15:00:00,SC,282.0,438,IRANI,Manobra de mudança de faixa,Colisão lateral sentido oposto,Sem Vítimas,Pleno dia,Decrescente,Chuva,Simples,Reta,Não,3.0,0.0,0.0,0.0,2.0,1.0,0.0,3.0,"-26,962492","-51,854947",SPRF-SC,DEL07-SC,UOP04-DEL07-SC
416379,2022-02-21,segunda-feira,20:20:00,RS,116.0,"73,9",CAMPESTRE DA SERRA,Transitar na contramão,Colisão frontal,Com Vítimas Fatais,Plena Noite,Crescente,Nublado,Simples,Reta,Não,2.0,1.0,0.0,0.0,1.0,0.0,0.0,2.0,"-28,74990158","-51,09526634",SPRF-RS,DEL05-RS,UOP03-DEL05-RS
416385,2022-02-21,segunda-feira,20:50:00,ES,101.0,"457,8",MIMOSO DO SUL,Conversão proibida,Colisão transversal,Com Vítimas Feridas,Plena Noite,Crescente,Céu Claro,Simples,Interseção de Vias,Não,2.0,0.0,1.0,0.0,0.0,1.0,1.0,2.0,"-21,20215642","-41,30074807",SPRF-ES,DEL03-ES,UOP02-DEL03-ES
416388,2022-02-21,segunda-feira,21:35:00,MS,60.0,385,CAMPO GRANDE,Ausência de reação do condutor,Saída de leito carroçável,Com Vítimas Feridas,Plena Noite,Decrescente,Nublado,Simples,Reta,Não,2.0,0.0,1.0,0.0,0.0,1.0,1.0,2.0,"-20,66977888","-54,75724625",SPRF-MS,DEL01-MS,UOP04-DEL01-MS
416392,2022-02-21,segunda-feira,21:55:00,CE,116.0,"90,1",CASCAVEL,Velocidade Incompatível,Colisão com objeto,Com Vítimas Feridas,Plena Noite,Decrescente,Céu Claro,Simples,Curva,Não,2.0,0.0,1.0,0.0,0.0,2.0,1.0,3.0,"-4,46831551","-38,36275578",SPRF-CE,DEL03-CE,UOP02-DEL03-CE
416393,2022-02-21,segunda-feira,21:20:00,MT,163.0,854,SINOP,Acessar a via sem observar a presença dos outros veículos,Colisão transversal,Com Vítimas Feridas,Plena Noite,Crescente,Céu Claro,Simples,Reta,Sim,2.0,0.0,1.0,0.0,1.0,0.0,1.0,2.0,"-11,820672","-55,48465698",SPRF-MT,DEL06-MT,NPF/DEL06-MT
416395,2022-02-21,segunda-feira,23:50:00,ES,101.0,"406,8",ITAPEMIRIM,Velocidade Incompatível,Tombamento,Com Vítimas Feridas,Plena Noite,Crescente,Céu Claro,Simples,Curva,Não,2.0,0.0,0.0,1.0,0.0,1.0,1.0,2.0,"-20,89278975","-41,03049296",SPRF-ES,DEL03-ES,UOP02-DEL03-ES
416406,2022-02-22,terça-feira,03:00:00,PR,476.0,"107,7",COLOMBO,Transitar na contramão,Colisão lateral sentido oposto,Com Vítimas Feridas,Plena Noite,Crescente,Ignorado,Simples,Curva,Não,3.0,0.0,1.0,0.0,1.0,1.0,1.0,3.0,"-25,292171","-49,15197",SPRF-PR,DEL01-PR,UOP02-DEL01-PR
416408,2022-02-21,segunda-feira,20:35:00,PI,343.0,474,ANGICAL DO PIAUI,Pista esburacada,Colisão com objeto,Com Vítimas Feridas,Plena Noite,Decrescente,Céu Claro,Simples,Reta,Não,2.0,0.0,0.0,1.0,0.0,2.0,1.0,3.0,"-6,12501","-42,725243",SPRF-PI,DEL01-PI,UOP02-DEL01-PI
416412,2022-02-21,segunda-feira,13:00:00,PR,277.0,307,GUARAPUAVA,Demais falhas mecânicas ou elétricas,Incêndio,Sem Vítimas,Pleno dia,Crescente,Céu Claro,Simples,Reta;Aclive,Não,2.0,0.0,0.0,0.0,1.0,2.0,0.0,3.0,"-25,30334725","-51,15427693",SPRF-PR,DEL08-PR,UOP01-DEL08-PR
416414,2022-02-22,terça-feira,05:06:00,MS,163.0,345,RIO BRILHANTE,Pedestre andava na pista,Atropelamento de Pedestre,Com Vítimas Feridas,Amanhecer,Decrescente,Céu Claro,Simples,Reta,Não,3.0,0.0,0.0,1.0,1.0,2.0,1.0,4.0,"-21,63425303","-54,42686207",SPRF-MS,DEL02-MS,UOP01-DEL02-MS
416415,2022-02-22,terça-feira,06:30:00,RS,392.0,"139,1",CANGUCU,Demais falhas mecânicas ou elétricas,Incêndio,Sem Vítimas,Pleno dia,Decrescente,Céu Claro,Simples,Reta,Não,2.0,0.0,0.0,0.0,1.0,2.0,0.0,3.0,"-31,25669603","-52,79508721",SPRF-RS,DEL07-RS,UOP01-DEL07-RS
416416,2022-02-22,terça-feira,06:55:00,MG,365.0,625,UBERLANDIA,Acumulo de óleo sobre o pavimento,Colisão lateral mesmo sentido,Com Vítimas Feridas,Pleno dia,Decrescente,Céu Claro,Dupla,Interseção de Vias,Sim,3.0,0.0,0.0,1.0,1.0,2.0,1.0,4.0,"-18,90585472","-48,32526001",SPRF-MG,DEL15-MG,UOP01-DEL15-MG
416419,2022-02-22,terça-feira,07:00:00,GO,60.0,97,ANAPOLIS,Reação tardia ou ineficiente do condutor,Colisão transversal,Com Vítimas Feridas,Pleno dia,Crescente,Céu Claro,Dupla,Interseção de Vias,Sim,3.0,0.0,1.0,0.0,1.0,1.0,1.0,3.0,"-16,3774","-48,9483",SPRF-GO,DEL02-GO,UOP01-DEL02-GO
416420,2022-02-22,terça-feira,01:10:00,RS,470.0,162,NOVA PRATA,Velocidade Incompatível,Colisão traseira,Com Vítimas Feridas,Plena Noite,Decrescente,Céu Claro,Simples,Reta,Sim,3.0,0.0,1.0,0.0,1.0,1.0,1.0,3.0,"-28,82572058","-51,58308875",SPRF-RS,DEL06-RS,UOP02-DEL06-RS
416434,2022-02-22,terça-feira,08:53:00,PR,158.0,"523,5",PATO BRANCO,Manobra de mudança de faixa,Colisão lateral mesmo sentido,Com Vítimas Feridas,Pleno dia,Decrescente,Céu Claro,Simples,Reta,Não,5.0,0.0,2.0,0.0,3.0,0.0,2.0,4.0,"-26,13259128","-52,65551563",SPRF-PR,DEL02-PR,UOP01-DEL02-PR
416440,2022-02-22,terça-feira,06:45:00,PR,277.0,"393,9",CANDOI,Velocidade Incompatível,Tombamento,Com Vítimas Feridas,Pleno dia,Decrescente,Céu Claro,Simples,Curva,Não,4.0,0.0,0.0,1.0,2.0,1.0,1.0,2.0,"-25,45009495","-51,91675186",SPRF-PR,DEL08-PR,UOP01-DEL08-PR
416454,2022-02-22,terça-feira,10:25:00,PR,116.0,"40,2",CAMPINA GRANDE DO SUL,Velocidade Incompatível,Tombamento,Com Vítimas Feridas,Pleno dia,Decrescente,Sol,Dupla,Curva,Não,2.0,0.0,1.0,0.0,0.0,1.0,1.0,2.0,"-25,16723198","-48,86485934",SPRF-PR,DEL01-PR,UOP02-DEL01-PR
416464,2022-01-28,sexta-feira,16:00:00,PA,10.0,"230,4",IPIXUNA DO PARA,Condutor deixou de manter distância do veículo da frente,Colisão traseira,Sem Vítimas,Pleno dia,Decrescente,Céu Claro,Simples,Reta,Não,2.0,0.0,0.0,0.0,2.0,0.0,0.0,2.0,"-2,41844282","-47,52147771",SPRF-PA,DEL02-PA,UOP01-DEL02-PA
416467,2022-02-22,terça-feira,12:10:00,ES,101.0,"145,3",LINHARES,Reação tardia ou ineficiente do condutor,Colisão traseira,Com Vítimas Feridas,Pleno dia,Crescente,Céu Claro,Múltipla,Reta,Não,3.0,0.0,1.0,0.0,2.0,0.0,1.0,2.0,"-19,36089598","-40,06464018",SPRF-ES,DEL04-ES,UOP01-DEL04-ES
416469,2022-02-22,terça-feira,11:10:00,PB,101.0,"54,2",SANTA RITA,Mal súbito do condutor,Colisão traseira,Com Vítimas Feridas,Pleno dia,Crescente,Sol,Dupla,Aclive,Não,3.0,0.0,0.0,1.0,1.0,1.0,1.0,3.0,"-6,95396379","-35,09058058",SPRF-PB,DEL01-PB,UOP04-DEL01-PB
416471,2022-02-22,terça-feira,10:00:00,RJ,393.0,184,PARAIBA DO SUL,Reação tardia ou ineficiente do condutor,Colisão lateral sentido oposto,Com Vítimas Feridas,Pleno dia,Crescente,Sol,Simples,Reta,Não,3.0,0.0,1.0,0.0,1.0,1.0,1.0,3.0,"-22,14296968","-43,27570421",SPRF-RJ,DEL05-RJ,UOP03-DEL05-RJ
416472,2022-02-10,quinta-feira,10:30:00,GO,452.0,78,MAURILANDIA,Pista esburacada,Tombamento,Sem Vítimas,Pleno dia,Crescente,Céu Claro,Simples,Curva,Não,2.0,0.0,0.0,0.0,1.0,3.0,0.0,4.0,"-18,0532807","-50,23024694",SPRF-GO,DEL04-GO,UOP01-DEL04-GO
416483,2022-02-10,quinta-feira,12:53:00,SC,153.0,"95,8",CONCORDIA,Desrespeitar a preferência no cruzamento,Colisão transversal,Com Vítimas Feridas,Pleno dia,Crescente,Céu Claro,Simples,Reta,Sim,2.0,0.0,0.0,1.0,1.0,0.0,1.0,2.0,"-27,204384","-51,949116",SPRF-SC,DEL07-SC,UOP04-DEL07-SC
416486,2022-02-22,terça-feira,13:05:00,SC,163.0,"85,5",GUARACIABA,Pista em desnível,Tombamento,Com Vítimas Feridas,Pleno dia,Crescente,Nublado,Simples,Reta,Sim,3.0,0.0,1.0,0.0,1.0,1.0,1.0,3.0,"-26,60730301","-53,51704391",SPRF-SC,DEL07-SC,UOP03-DEL07-SC
416487,2022-02-22,terça-feira,13:20:00,PE,101.0,"65,8",RECIFE,Condutor deixou de manter distância do veículo da frente,Colisão traseira,Com Vítimas Feridas,Pleno dia,Decrescente,Sol,Dupla,Reta,Sim,3.0,0.0,1.0,0.0,2.0,0.0,1.0,3.0,"-8,02478597","-34,94276635",SPRF-PE,DEL01-PE,UOP01-DEL01-PE
416490,2022-02-22,terça-feira,13:40:00,SP,153.0,"57,8",SAO JOSE DO RIO PRETO,Ausência de reação do condutor,Colisão traseira,Sem Vítimas,Pleno dia,Crescente,Céu Claro,Dupla,Curva,Sim,2.0,0.0,0.0,0.0,2.0,0.0,0.0,2.0,"-20,76991095","-49,34982212",SPRF-SP,DEL09-SP,UOP01-DEL09-SP
416496,2022-01-17,segunda-feira,10:30:00,BA,101.0,308,PRESIDENTE TANCREDO NEVES,Ultrapassagem Indevida,Colisão frontal,Com Vítimas Feridas,Pleno dia,Decrescente,Céu Claro,Simples,Reta,Não,2.0,0.0,0.0,1.0,1.0,0.0,1.0,2.0,"-13,4211559","-39,41464621",SPRF-BA,DEL05-BA,UOP03-DEL05-BA
416502,2022-02-22,terça-feira,13:30:00,RJ,116.0,273,BARRA MANSA,Condutor deixou de manter distância do veículo da frente,Colisão traseira,Com Vítimas Feridas,Pleno dia,Crescente,Céu Claro,Dupla,Desvio Temporário;Viaduto;Reta;Em Obras;Interseção de Vias,Sim,4.0,0.0,3.0,0.0,1.0,0.0,3.0,3.0,"-22,56100142","-44,13833993",SPRF-RJ,DEL07-RJ,UOP02-DEL07-RJ
416505,2022-02-22,terça-feira,16:10:00,SC,101.0,"197,8",BIGUACU,Velocidade Incompatível,Tombamento,Com Vítimas Feridas,Pleno dia,Decrescente,Céu Claro,Dupla,Curva,Sim,4.0,0.0,0.0,1.0,2.0,1.0,1.0,3.0,"-27,52658712","-48,63506019",SPRF-SC,DEL01-SC,UOP01-DEL01-SC
416506,2022-02-18,sexta-feira,13:30:00,ES,101.0,276,SERRA,Acumulo de água sobre o pavimento,Colisão traseira,Com Vítimas Feridas,Pleno dia,Crescente,Chuva,Dupla,Reta,Sim,2.0,0.0,0.0,1.0,1.0,0.0,1.0,2.0,"-20,20788726","-40,3133509",SPRF-ES,DEL02-ES,UOP01-DEL02-ES
416510,2022-02-22,terça-feira,15:45:00,SP,116.0,"147,4",SAO JOSE DOS CAMPOS,Condutor deixou de manter distância do veículo da frente,Colisão traseira,Com Vítimas Feridas,Pleno dia,Crescente,Céu Claro,Múltipla,Reta,Sim,3.0,0.0,1.0,1.0,1.0,0.0,2.0,2.0,"-23,19928933","-45,87839127",SPRF-SP,DEL02-SP,UOP01-DEL02-SP
416519,2022-02-22,terça-feira,13:30:00,MG,40.0,44,PARACATU,Acesso irregular,Colisão lateral mesmo sentido,Sem Vítimas,Pleno dia,Decrescente,Nublado,Simples,Interseção de Vias,Não,3.0,0.0,0.0,0.0,2.0,2.0,0.0,4.0,"-17,23101648","-46,85390396",SPRF-MG,DEL14-MG,UOP01-DEL14-MG
416521,2022-02-22,terça-feira,11:50:00,SC,101.0,291,IMBITUBA,Mal súbito do condutor,Colisão traseira,Com Vítimas Feridas,Pleno dia,Crescente,Céu Claro,Dupla,Reta,Não,3.0,0.0,1.0,0.0,1.0,1.0,1.0,3.0,"-28,26980586","-48,70081551",SPRF-SC,DEL02-SC,UOP03-DEL02-SC
416522,2022-02-22,terça-feira,15:30:00,GO,60.0,111,GOIANAPOLIS,Acumulo de água sobre o pavimento,Colisão transversal,Com Vítimas Feridas,Pleno dia,Crescente,Chuva,Dupla,Reta,Não,2.0,0.0,1.0,0.0,1.0,0.0,1.0,2.0,"-16,451","-49,0409",SPRF-GO,DEL01-GO,UOP01-DEL01-GO
416533,2022-02-22,terça-feira,13:30:00,GO,153.0,139,MARA ROSA,Ausência de reação do condutor,Saída de leito carroçável,Sem Vítimas,Pleno dia,Decrescente,Céu Claro,Simples,Declive,Não,2.0,0.0,0.0,0.0,1.0,1.0,0.0,2.0,"-13,985113","-49,090572",SPRF-GO,DEL07-GO,UOP01-DEL07-GO
416534,2022-02-22,terça-feira,18:00:00,RJ,40.0,82,PETROPOLIS,Reação tardia ou ineficiente do condutor,Colisão com objeto,Sem Vítimas,Anoitecer,Decrescente,Nublado,Simples,Reta,Sim,3.0,0.0,0.0,0.0,2.0,1.0,0.0,2.0,"-22,51183137","-43,23076171",SPRF-RJ,DEL06-RJ,UOP01-DEL06-RJ
416536,2022-02-22,terça-feira,18:40:00,PE,101.0,"7,3",GOIANA,Acessar a via sem observar a presença dos outros veículos,Colisão transversal,Com Vítimas Feridas,Plena Noite,Crescente,Céu Claro,Dupla,Reta,Sim,2.0,0.0,1.0,0.0,1.0,0.0,1.0,2.0,"-7,55997111","-34,99072674",SPRF-PE,DEL01-PE,UOP02-DEL01-PE