id,data_inversa,dia_semana,horario,uf,br,km,municipio,causa_acidente,tipo_acidente,classificacao_acidente,fase_dia,sentido_via,condicao_metereologica,tipo_pista,tracado_via,uso_solo,pessoas,mortos,feridos_leves,feridos_graves,ilesos,ignorados,feridos,veiculos,latitude,longitude,regional,delegacia,uop
416541,2022-02-22,terça-feira,12:25:00,MA,135.0,67,SANTA RITA,Ausência de reação do condutor,Colisão traseira,Sem Vítimas,Pleno dia,Crescente,Céu Claro,Simples,Reta,Não,3.0,0.0,0.0,0.0,3.0,0.0,0.0,3.0,"-3,11481199","-44,32344911",SPRF-MA,DEL01-MA,UOP02-DEL01-MA
416554,2022-02-22,terça-feira,19:00:00,SP,116.0,110,TAUBATE,Velocidade Incompatível,Colisão lateral mesmo sentido,Com Vítimas Feridas,Anoitecer,Decrescente,Céu Claro,Dupla,Interseção de Vias,Sim,4.0,0.0,2.0,0.0,1.0,1.0,2.0,3.0,"-23,03412614","-45,5526999",SPRF-SP,DEL08-SP,UOP01-DEL08-SP
416562,2022-02-22,terça-feira,20:00:00,MG,262.0,649,IBIA,Pista esburacada,Colisão frontal,Com Vítimas Feridas,Plena Noite,Crescente,Nublado,Simples,Reta,Não,3.0,0.0,1.0,0.0,2.0,0.0,1.0,2.0,"-19,57219679","-46,64248556",SPRF-MG,DEL08-MG,UOP01-DEL08-MG
416566,2022-02-22,terça-feira,21:20:00,AL,316.0,190,TANQUE DARCA,Condutor Dormindo,Colisão frontal,Sem Vítimas,Plena Noite,Crescente,Céu Claro,Simples,Curva,Não,2.0,0.0,0.0,0.0,2.0,0.0,0.0,2.0,"-9,57757726","-36,41040786",SPRF-AL,DEL03-AL,UOP01-DEL03-AL
416567,2022-02-22,terça-feira,19:45:00,PE,101.0,197,AGUA PRETA,Curva acentuada,Tombamento,Com Vítimas Feridas,Plena Noite,Decrescente,Nublado,Dupla,Reta,Sim,2.0,0.0,1.0,0.0,0.0,1.0,1.0,2.0,"-8,75523097","-35,60154384",SPRF-PE,DEL01-PE,UOP01-DEL01-PE
416569,2022-02-22,terça-feira,17:10:00,RS,470.0,201,BENTO GONCALVES,Reação tardia ou ineficiente do condutor,Saída de leito carroçável,Com Vítimas Feridas,Pleno dia,Decrescente,Nublado,Simples,Declive;Curva,Não,1.0,0.0,1.0,0.0,0.0,0.0,1.0,1.0,"-29,07627535","-51,58905029",SPRF-RS,DEL06-RS,UOP02-DEL06-RS
416572,2022-02-23,quarta-feira,01:00:00,SP,116.0,"548,8",BARRA DO TURVO,Condutor Dormindo,Colisão com objeto,Com Vítimas Feridas,Plena Noite,Crescente,Céu Claro,Dupla,Curva,Não,3.0,0.0,2.0,0.0,0.0,1.0,2.0,2.0,"-24,95393","-48,447268",SPRF-SP,DEL05-SP,UOP02-DEL05-SP
416574,2022-02-23,quarta-feira,03:30:00,RS,290.0,"30,8",SANTO ANTONIO DA PATRULHA,Condutor Dormindo,Saída de leito carroçável,Com Vítimas Feridas,Plena Noite,Decrescente,Nevoeiro/Neblina,Dupla,Reta,Não,1.0,0.0,1.0,0.0,0.0,0.0,1.0,1.0,"-29,883583","-50,555428",SPRF-RS,DEL03-RS,UOP01-DEL03-RS
416578,2022-02-22,terça-feira,20:15:00,RO,364.0,"295,5",PRESIDENTE MEDICI,Acostamento em desnível,Tombamento,Com Vítimas Feridas,Plena Noite,Crescente,Chuva,Simples,Reta,Não,2.0,0.0,1.0,0.0,0.0,1.0,1.0,2.0,"-11,28920189","-61,89866179",SPRF-RO,DEL02-RO,UOP01-DEL02-RO
416583,2022-02-23,quarta-feira,07:40:00,PR,376.0,681,GUARATUBA,Velocidade Incompatível,Incêndio,Sem Vítimas,Pleno dia,Crescente,Céu Claro,Dupla,Reta,Não,2.0,0.0,0.0,0.0,1.0,2.0,0.0,3.0,"-25,96596616","-48,89663319",SPRF-PR,DEL01-PR,UOP04-DEL01-PR
416585,2022-02-23,quarta-feira,06:55:00,RN,226.0,0,NATAL,Manobra de mudança de faixa,Colisão lateral mesmo sentido,Sem Vítimas,Pleno dia,Decrescente,Céu Claro,Simples,Reta,Sim,2.0,0.0,0.0,0.0,2.0,0.0,0.0,2.0,"-5,800019","-35,238174",SPRF-RN,DEL01-RN,UOP02-DEL01-RN
416586,2022-02-19,sábado,14:00:00,GO,153.0,494,GOIANIA,Manobra de mudança de faixa,Saída de leito carroçável,Sem Vítimas,Pleno dia,Crescente,Chuva,Dupla,Ponte,Sim,2.0,0.0,0.0,0.0,1.0,2.0,0.0,3.0,"-16,67391998","-49,1855067",SPRF-GO,DEL01-GO,UOP01-DEL01-GO
416596,2022-02-23,quarta-feira,07:20:00,SC,101.0,"113,3",ITAJAI,Acessar a via sem observar a presença dos outros veículos,Colisão transversal,Com Vítimas Feridas,Pleno dia,Decrescente,Céu Claro,Múltipla,Reta,Não,3.0,0.0,1.0,0.0,1.0,1.0,1.0,3.0,"-26,85311393","-48,72689927",SPRF-SC,DEL04-SC,UOP04-DEL04-SC
416610,2022-02-23,quarta-feira,07:30:00,RJ,493.0,96,SEROPEDICA,Velocidade Incompatível,Saída de leito carroçável,Sem Vítimas,Amanhecer,Decrescente,Céu Claro,Dupla,Curva,Não,2.0,0.0,0.0,0.0,1.0,1.0,0.0,2.0,"-22,71546826","-43,70457888",SPRF-RJ,DEL03-RJ,UOP01-DEL03-RJ
416615,2022-02-16,quarta-feira,08:58:00,TO,153.0,405,MIRANORTE,Reação tardia ou ineficiente do condutor,Colisão com objeto,Sem Vítimas,Pleno dia,Decrescente,Nublado,Simples,Aclive,Não,2.0,0.0,0.0,0.0,1.0,2.0,0.0,3.0,"-9,45445904","-48,57818379",SPRF-TO,DEL02-TO,UOP02-DEL02-TO
416618,2022-02-17,quinta-feira,16:25:00,RJ,101.0,144,MACAE,Carga excessiva e/ou mal acondicionada,Tombamento,Com Vítimas Feridas,Pleno dia,Crescente,Nublado,Dupla,Rotatória,Não,1.0,0.0,1.0,0.0,0.0,0.0,1.0,1.0,"-22,21662897","-41,75617933",SPRF-RJ,DEL08-RJ,UOP04-DEL08-RJ
416619,2022-02-23,quarta-feira,11:00:00,PR,153.0,"368,5",RIO AZUL,Acessar a via sem observar a presença dos outros veículos,Colisão lateral sentido oposto,Com Vítimas Feridas,Pleno dia,Crescente,Céu Claro,Simples,Curva,Não,3.0,0.0,0.0,1.0,1.0,2.0,1.0,4.0,"-25,647917","-50,73187908",SPRF-PR,DEL03-PR,UOP03-DEL03-PR
416620,2022-02-23,quarta-feira,10:45:00,PR,277.0,105,CAMPO LARGO,Reação tardia ou ineficiente do condutor,Colisão lateral mesmo sentido,Com Vítimas Feridas,Pleno dia,Crescente,Sol,Dupla,Declive;Curva,Não,5.0,0.0,4.0,0.0,1.0,0.0,4.0,2.0,"-25,43446479","-49,41424549",SPRF-PR,DEL01-PR,UOP03-DEL03-PR
416625,2022-02-23,quarta-feira,02:45:00,MA,230.0,403,BALSAS,Ingestão de álcool pelo condutor,Colisão transversal,Sem Vítimas,Plena Noite,Decrescente,Céu Claro,Simples,Reta,Sim,6.0,0.0,0.0,0.0,1.0,5.0,0.0,4.0,"-7,51686308","-46,03524183",SPRF-MA,DEL05-MA,UOP01-DEL05-MA
416632,2022-02-23,quarta-feira,12:50:00,SP,116.0,204,ARUJA,Manobra de mudança de faixa,Colisão traseira,Com Vítimas Feridas,Pleno dia,Crescente,Céu Claro,Múltipla,Reta,Não,4.0,0.0,2.0,0.0,2.0,0.0,2.0,2.0,"-23,41236123","-46,35692496",SPRF-SP,DEL01-SP,UOP01-DEL01-SP
416642,2022-01-27,quinta-feira,20:00:00,BA,116.0,47,CHORROCHO,Demais falhas mecânicas ou elétricas,Incêndio,Sem Vítimas,Plena Noite,Crescente,Ignorado,Simples,Reta,Não,2.0,0.0,0.0,0.0,1.0,1.0,0.0,2.0,"-9,02359667","-39,17918934",SPRF-PE,DEL05-PE,UOP01-DEL05-PE
416644,2022-02-23,quarta-feira,13:00:00,PE,101.0,68,RECIFE,Condutor deixou de manter distância do veículo da frente,Colisão traseira,Com Vítimas Feridas,Pleno dia,Decrescente,Sol,Simples,Reta,Sim,2.0,0.0,1.0,0.0,1.0,0.0,1.0,2.0,"-8,05074296","-34,94580619",SPRF-PE,DEL01-PE,UOP01-DEL01-PE
416645,2022-02-23,quarta-feira,13:45:00,RS,386.0,"418,3",MONTENEGRO,Transitar na contramão,Colisão frontal,Com Vítimas Feridas,Pleno dia,Decrescente,Céu Claro,Simples,Aclive,Não,3.0,0.0,1.0,0.0,1.0,1.0,1.0,3.0,"-29,819609","-51,442814",SPRF-RS,DEL04-RS,UOP02-DEL04-RS
416646,2022-01-27,quinta-feira,08:20:00,BA,101.0,"745,8",ITABELA,Reação tardia ou ineficiente do condutor,Colisão lateral sentido oposto,Com Vítimas Feridas,Pleno dia,Crescente,Nublado,Simples,Interseção de Vias,Sim,3.0,0.0,0.0,1.0,1.0,2.0,1.0,4.0,"-16,57249","-39,559",SPRF-BA,DEL09-BA,UOP01-DEL09-BA
416649,2022-02-23,quarta-feira,14:21:00,MG,381.0,385,SAO GONCALO DO RIO ABAIXO,Velocidade Incompatível,Colisão traseira,Com Vítimas Feridas,Pleno dia,Crescente,Céu Claro,Simples,Reta,Sim,4.0,0.0,0.0,1.0,2.0,1.0,1.0,4.0,"-19,84141645","-43,32982083",SPRF-MG,DEL01-MG,UOP01-DEL01-MG
416650,2022-02-23,quarta-feira,11:00:00,SC,153.0,"88,4",CONCORDIA,Demais falhas mecânicas ou elétricas,Tombamento,Com Vítimas Feridas,Pleno dia,Decrescente,Céu Claro,Simples,Curva,Não,2.0,0.0,1.0,0.0,0.0,1.0,1.0,2.0,"-27,176329","-51,908144",SPRF-SC,DEL07-SC,UOP04-DEL07-SC
416653,2022-02-23,quarta-feira,14:45:00,BA,242.0,715,CRISTOPOLIS,Pista Escorregadia,Colisão traseira,Com Vítimas Feridas,Pleno dia,Decrescente,Chuva,Simples,Curva,Não,3.0,0.0,1.0,0.0,2.0,0.0,1.0,2.0,"-12,22241559","-44,133708",SPRF-BA,DEL10-BA,UOP02-DEL10-BA
416655,2022-01-25,terça-feira,16:45:00,RO,364.0,25,VILHENA,Transitar na contramão,Saída de leito carroçável,Com Vítimas Feridas,Pleno dia,Decrescente,Chuva,Simples,Reta,Não,2.0,0.0,0.0,1.0,0.0,1.0,1.0,2.0,"-12,72429829","-60,23883701",SPRF-RO,DEL04-RO,UOP01-DEL04-RO
416671,2022-02-23,quarta-feira,15:08:00,RJ,393.0,237,VASSOURAS,Condutor Dormindo,Colisão lateral sentido oposto,Com Vítimas Feridas,Pleno dia,Decrescente,Sol,Simples,Reta,Não,3.0,0.0,0.0,1.0,1.0,1.0,1.0,3.0,"-22,42594517","-43,69228363",SPRF-RJ,DEL05-RJ,UOP03-DEL05-RJ
416672,2022-02-23,quarta-feira,15:20:00,GO,40.0,22,LUZIANIA,Entrada inopinada do pedestre,Atropelamento de Pedestre,Com Vítimas Feridas,Pleno dia,Decrescente,Céu Claro,Dupla,Retorno Regulamentado,Sim,3.0,0.0,0.0,1.0,1.0,1.0,1.0,3.0,"-16,227484","-47,914109",SPRF-DF,DEL01-DF,UOP01-DEL01-DF
416675,2022-02-23,quarta-feira,16:30:00,SP,116.0,500,CAJATI,Problema com o freio,Incêndio,Sem Vítimas,Pleno dia,Decrescente,Céu Claro,Simples,Reta,Não,2.0,0.0,0.0,0.0,2.0,0.0,0.0,2.0,"-24,78162109","-48,18342711",SPRF-SP,DEL05-SP,UOP02-DEL05-SP
416676,2022-02-23,quarta-feira,15:13:00,SC,101.0,384,ICARA,Manobra de mudança de faixa,Colisão lateral mesmo sentido,Com Vítimas Feridas,Pleno dia,Decrescente,Céu Claro,Dupla,Viaduto,Não,2.0,0.0,1.0,0.0,0.0,1.0,1.0,2.0,"-28,77637687","-49,31553483",SPRF-SC,DEL02-SC,UOP02-DEL02-SC
416677,2022-02-23,quarta-feira,16:50:00,SC,101.0,214,PALHOCA,Transitar na calçada,Colisão lateral sentido oposto,Com Vítimas Feridas,Pleno dia,Crescente,Sol,Simples,Reta,Não,2.0,0.0,1.0,0.0,1.0,0.0,1.0,2.0,"-27,64443","-48,67057",SPRF-SC,DEL01-SC,UOP02-DEL01-SC
416681,2022-02-23,quarta-feira,13:40:00,MT,364.0,277,JACIARA,Reação tardia ou ineficiente do condutor,Saída de leito carroçável,Com Vítimas Feridas,Pleno dia,Decrescente,Sol,Simples,Declive,Não,2.0,0.0,0.0,1.0,0.0,1.0,1.0,2.0,"-15,95076591","-54,99952397",SPRF-MT,DEL02-MT,UOP01-DEL02-MT
416699,2022-02-23,quarta-feira,18:30:00,SC,101.0,430,SOMBRIO,Demais falhas mecânicas ou elétricas,Incêndio,Sem Vítimas,Anoitecer,Decrescente,Nublado,Dupla,Reta,Não,1.0,0.0,0.0,0.0,1.0,0.0,0.0,1.0,"-29,05578387","-49,62209542",SPRF-SC,DEL02-SC,UOP02-DEL02-SC
416710,2022-02-23,quarta-feira,11:10:00,MG,116.0,"783,8",LEOPOLDINA,Reação tardia ou ineficiente do condutor,Tombamento,Com Vítimas Feridas,Pleno dia,Crescente,Céu Claro,Simples,Curva,Não,2.0,0.0,1.0,0.0,0.0,1.0,1.0,2.0,"-21,63888361","-42,70379911",SPRF-MG,DEL07-MG,UOP01-DEL07-MG
416712,2022-02-23,quarta-feira,16:15:00,MG,116.0,"394,5",GOVERNADOR VALADARES,Condutor Dormindo,Colisão frontal,Com Vítimas Feridas,Pleno dia,Crescente,Céu Claro,Simples,Reta,Não,6.0,0.0,0.0,1.0,4.0,2.0,1.0,5.0,"-18,732496","-41,98694203",SPRF-MG,DEL06-MG,UOP01-DEL06-MG
416717,2022-02-23,quarta-feira,19:30:00,PR,163.0,"212,7",CASCAVEL,Velocidade Incompatível,Tombamento,Com Vítimas Feridas,Plena Noite,Decrescente,Céu Claro,Simples,Reta,Não,2.0,0.0,1.0,0.0,1.0,0.0,1.0,1.0,"-24,92573701","-53,53696393",SPRF-PR,DEL04-PR,UOP01-DEL04-PR
416719,2022-02-23,quarta-feira,18:30:00,MT,364.0,280,JACIARA,Mal súbito do condutor,Saída de leito carroçável,Com Vítimas Feridas,Anoitecer,Decrescente,Nublado,Dupla,Aclive,Não,2.0,0.0,0.0,1.0,0.0,2.0,1.0,3.0,"-15,9364519","-55,0199037",SPRF-MT,DEL05-MT,UOP02-DEL05-MT
416726,2022-02-23,quarta-feira,19:50:00,SP,116.0,65,GUARATINGUETA,Manobra de mudança de faixa,Tombamento,Sem Vítimas,Plena Noite,Decrescente,Céu Claro,Dupla,Curva,Sim,2.0,0.0,0.0,0.0,1.0,1.0,0.0,2.0,"-22,823273","-45,192806",SPRF-SP,DEL08-SP,UOP01-DEL08-SP
416727,2022-02-23,quarta-feira,19:00:00,BA,101.0,763,ITABELA,Ultrapassagem Indevida,Colisão lateral mesmo sentido,Com Vítimas Feridas,Plena Noite,Crescente,Céu Claro,Simples,Reta,Não,4.0,0.0,1.0,0.0,1.0,2.0,1.0,4.0,"-16,85914294","-39,49450809",SPRF-BA,DEL09-BA,UOP01-DEL09-BA
416728,2022-02-23,quarta-feira,20:00:00,RR,174.0,503,BOA VISTA,Condutor deixou de manter distância do veículo da frente,Colisão traseira,Sem Vítimas,Plena Noite,Decrescente,Céu Claro,Dupla,Rotatória,Sim,4.0,0.0,0.0,0.0,4.0,0.0,0.0,2.0,"2,80721341","-60,69096565",SPRF-RR,DEL01-RR,UOP01-DEL01-RR
416729,2022-02-23,quarta-feira,15:55:00,DF,251.0,24,BRASILIA,Demais falhas mecânicas ou elétricas,Saída de leito carroçável,Com Vítimas Feridas,Pleno dia,Decrescente,Céu Claro,Simples,Declive,Não,1.0,0.0,1.0,0.0,0.0,0.0,1.0,1.0,"-15,957002","-47,671162",SPRF-DF,DEL01-DF,UOP01-DEL01-DF
416730,2022-01-14,sexta-feira,23:00:00,BA,420.0,240,LAJE,Mal súbito do condutor,Saída de leito carroçável,Com Vítimas Feridas,Plena Noite,Crescente,Céu Claro,Simples,Reta,Não,1.0,0.0,0.0,1.0,0.0,0.0,1.0,1.0,"-13,173876","-39,408077",SPRF-BA,DEL01-BA,UOP02-DEL01-BA
416736,2022-02-23,quarta-feira,20:45:00,MG,116.0,"742,5",LEOPOLDINA,Acessar a via sem observar a presença dos outros veículos,Colisão transversal,Com Vítimas Feridas,Plena Noite,Decrescente,Céu Claro,Simples,Reta,Não,2.0,0.0,0.0,1.0,1.0,0.0,1.0,2.0,"-21,40594838","-42,50133258",SPRF-MG,DEL07-MG,UOP01-DEL07-MG
416739,2022-02-23,quarta-feira,16:03:00,BA,324.0,"0,8",SALVADOR,Demais falhas mecânicas ou elétricas,Eventos atípicos,Sem Vítimas,Pleno dia,Decrescente,Céu Claro,Dupla,Aclive;Viaduto,Sim,2.0,0.0,0.0,0.0,1.0,1.0,0.0,2.0,"-12,971561","-38,511154",SPRF-BA,DEL01-BA,UOP01-DEL01-BA
416740,2022-02-23,quarta-feira,21:20:00,SC,282.0,"372,7",HERVAL DOESTE,Ausência de reação do condutor,Colisão traseira,Com Vítimas Fatais,Plena Noite,Crescente,Céu Claro,Simples,Reta,Não,3.0,1.0,0.0,0.0,1.0,2.0,0.0,4.0,"-27,251827","-51,446991",SPRF-SC,DEL07-SC,UOP05-DEL07-SC
416743,2022-02-23,quarta-feira,20:30:00,GO,364.0,305,MINEIROS,Chuva,Tombamento,Com Vítimas Feridas,Plena Noite,Decrescente,Chuva,Simples,Reta,Não,2.0,0.0,1.0,0.0,0.0,1.0,1.0,2.0,"-17,517811","-52,532791",SPRF-GO,DEL05-GO,UOP01-DEL05-GO
416744,2022-02-23,quarta-feira,20:40:00,MA,10.0,"316,4",ACAILANDIA,Ausência de reação do condutor,Colisão com objeto,Com Vítimas Fatais,Plena Noite,Decrescente,Céu Claro,Simples,Aclive,Não,3.0,1.0,0.0,1.0,0.0,1.0,1.0,2.0,"-4,982702","-47,522224",SPRF-MA,DEL04-MA,UOP03-DEL04-MA
416745,2022-02-23,quarta-feira,19:45:00,PA,230.0,1122,ITAITUBA,Problema com o freio,Colisão transversal,Sem Vítimas,Plena Noite,Crescente,Nublado,Simples,Reta,Não,2.0,0.0,0.0,0.0,2.0,0.0,0.0,2.0,"-4,37716926","-55,85492088",SPRF-PA,DEL05-PA,UOP01-DEL05-PA
416747,2022-02-24,quinta-feira,00:15:00,CE,20.0,"421,3",MARACANAU,Transitar na contramão,Colisão frontal,Com Vítimas Feridas,Plena Noite,Crescente,Céu Claro,Múltipla,Reta,Sim,4.0,0.0,0.0,2.0,1.0,1.0,2.0,3.0,"-3,84780173","-38,57269764",SPRF-CE,DEL01-CE,UOP02-DEL01-CE
416748,2022-02-23,quarta-feira,19:00:00,GO,80.0,"29,8",PADRE BERNARDO,Ausência de reação do condutor,Saída de leito carroçável,Sem Vítimas,Plena Noite,Decrescente,Céu Claro,Simples,Aclive;Reta,Não,2.0,0.0,0.0,0.0,1.0,1.0,0.0,2.0,"-15,303066","-48,229732",SPRF-DF,DEL03-DF,UOP02-DEL03-DF
416753,2022-02-23,quarta-feira,23:00:00,MT,163.0,"539,8",DIAMANTINO,Pista Escorregadia,Colisão transversal,Com Vítimas Feridas,Plena Noite,Crescente,Chuva,Simples,Declive,Não,4.0,0.0,2.0,0.0,1.0,1.0,2.0,3.0,"-14,39101303","-56,11636404",SPRF-MT,DEL01-MT,UOP01-DEL01-MT
416756,2022-02-24,quinta-feira,04:30:00,SC,101.0,234,PALHOCA,Condutor Dormindo,Colisão traseira,Com Vítimas Feridas,Plena Noite,Decrescente,Céu Claro,Dupla,Reta,Não,3.0,0.0,1.0,0.0,1.0,1.0,1.0,3.0,"-27,81043812","-48,63537111",SPRF-SC,DEL01-SC,UOP02-DEL01-SC
416758,2022-02-24,quinta-feira,05:10:00,MG,40.0,613,CONGONHAS,Ausência de reação do condutor,Colisão frontal,Com Vítimas Feridas,Amanhecer,Crescente,Nublado,Simples,Reta,Não,3.0,0.0,0.0,1.0,1.0,1.0,1.0,3.0,"-20,52319889","-43,8291359",SPRF-MG,DEL05-MG,UOP02-DEL05-MG
416760,2022-02-23,quarta-feira,14:35:00,RN,101.0,"152,3",GOIANINHA,Ultrapassagem Indevida,Saída de leito carroçável,Sem Vítimas,Pleno dia,Decrescente,Céu Claro,Dupla,Reta,Não,1.0,0.0,0.0,0.0,1.0,0.0,0.0,1.0,"-6,30988774","-35,18750756",SPRF-RN,DEL01-RN,UOP01-DEL01-RN
416761,2022-02-24,quinta-feira,05:10:00,RS,158.0,316,ITAARA,Ingestão de álcool pelo condutor,Colisão lateral sentido oposto,Com Vítimas Feridas,Amanhecer,Crescente,Céu Claro,Simples,Curva,Não,2.0,0.0,1.0,0.0,1.0,0.0,1.0,2.0,"-29,65231057","-53,76503707",SPRF-RS,DEL09-RS,UOP01-DEL09-RS
416763,2022-02-24,quinta-feira,02:30:00,MG,381.0,"734,7",CARMO DA CACHOEIRA,Acessar a via sem observar a presença dos outros veículos,Colisão transversal,Com Vítimas Feridas,Plena Noite,Decrescente,Céu Claro,Dupla,Reta,Não,3.0,0.0,2.0,0.0,0.0,1.0,2.0,3.0,"-21,538163","-45,235536",SPRF-MG,DEL16-MG,UOP02-DEL16-MG
416764,2022-02-24,quinta-feira,04:30:00,SC,470.0,"303,5",CAMPOS NOVOS,Condutor Dormindo,Saída de leito carroçável,Com Vítimas Fatais,Plena Noite,Crescente,Céu Claro,Simples,Ponte,Não,1.0,1.0,0.0,0.0,0.0,0.0,0.0,1.0,"-27,3751061",-51,SPRF-SC,DEL07-SC,UOP06-DEL07-SC
416772,2022-02-24,quinta-feira,07:30:00,SP,116.0,207,GUARULHOS,Condutor deixou de manter distância do veículo da frente,Colisão lateral mesmo sentido,Com Vítimas Feridas,Pleno dia,Crescente,Nublado,Múltipla,Reta,Não,5.0,0.0,2.0,0.0,2.0,1.0,2.0,5.0,"-23,41972188","-46,38419203",SPRF-SP,DEL01-SP,UOP01-DEL01-SP
416774,2022-02-23,quarta-feira,20:00:00,PI,135.0,426,MONTE ALEGRE DO PIAUI,Reação tardia ou ineficiente do condutor,Saída de leito carroçável,Com Vítimas Feridas,Plena Noite,Crescente,Céu Claro,Simples,Curva,Não,2.0,0.0,1.0,0.0,0.0,1.0,1.0,2.0,"-9,51154295","-44,74040671",SPRF-PI,DEL03-PI,UOP02-DEL03-PI
416777,2022-02-24,quinta-feira,06:00:00,MG,116.0,"777,4",LEOPOLDINA,Reação tardia ou ineficiente do condutor,Tombamento,Com Vítimas Feridas,Pleno dia,Decrescente,Céu Claro,Simples,Curva,Não,2.0,0.0,1.0,0.0,0.0,1.0,1.0,2.0,"-21,59632074","-42,69196405",SPRF-MG,DEL07-MG,UOP01-DEL07-MG
416778,2022-02-24,quinta-feira,07:10:00,PR,376.0,601,CURITIBA,Acessar a via sem observar a presença dos outros veículos,Colisão traseira,Com Vítimas Feridas,Pleno dia,Crescente,Céu Claro,Múltipla,Reta,Sim,4.0,0.0,1.0,0.0,2.0,4.0,1.0,7.0,"-25,537054","-49,31404",SPRF-PR,DEL01-PR,UOP01-DEL01-PR
416787,2022-02-24,quinta-feira,07:30:00,CE,20.0,429,FORTALEZA,Acessar a via sem observar a presença dos outros veículos,Colisão lateral mesmo sentido,Com Vítimas Feridas,Pleno dia,Crescente,Céu Claro,Dupla,Reta,Não,4.0,0.0,1.0,0.0,2.0,2.0,1.0,5.0,"-3,87094169","-38,50080555",SPRF-CE,DEL01-CE,UOP02-DEL01-CE
416788,2022-02-24,quinta-feira,08:20:00,RJ,40.0,113,DUQUE DE CAXIAS,Manobra de mudança de faixa,Colisão lateral mesmo sentido,Com Vítimas Feridas,Pleno dia,Crescente,Céu Claro,Múltipla,Viaduto;Reta;Aclive,Sim,5.0,0.0,1.0,0.0,2.0,2.0,1.0,5.0,"-22,70948502","-43,29040354",SPRF-RJ,DEL01-RJ,UOP01-DEL01-RJ
416794,2022-02-24,quinta-feira,08:24:00,PR,376.0,504,PONTA GROSSA,Frear bruscamente,Colisão traseira,Com Vítimas Feridas,Pleno dia,Crescente,Céu Claro,Dupla,Aclive,Sim,5.0,0.0,1.0,0.0,3.0,1.0,1.0,3.0,"-25,23024416","-50,04503118",SPRF-PR,DEL03-PR,UOP01-DEL03-PR
416798,2022-02-24,quinta-feira,06:50:00,RJ,116.0,163,RIO DE JANEIRO,Manobra de mudança de faixa,Colisão lateral mesmo sentido,Com Vítimas Feridas,Pleno dia,Decrescente,Céu Claro,Múltipla,Reta,Sim,2.0,0.0,1.0,0.0,1.0,0.0,1.0,2.0,"-22,802729","-43,290424",SPRF-RJ,DEL01-RJ,UOP01-DEL01-RJ
416800,2022-02-24,quinta-feira,07:25:00,RS,392.0,"20,1",RIO GRANDE,Manobra de mudança de faixa,Colisão lateral mesmo sentido,Com Vítimas Feridas,Pleno dia,Decrescente,Céu Claro,Dupla,Curva,Não,3.0,0.0,0.0,1.0,1.0,2.0,1.0,4.0,"-32,08573295","-52,19690099",SPRF-RS,DEL07-RS,UOP02-DEL07-RS
416804,2022-02-24,quinta-feira,04:30:00,RJ,116.0,"224,9",PIRAI,Demais falhas mecânicas ou elétricas,Colisão com objeto,Com Vítimas Fatais,Plena Noite,Decrescente,Nublado,Simples,Declive;Curva,Não,1.0,1.0,0.0,0.0,0.0,0.0,0.0,1.0,"-22,66765782","-43,82892218",SPRF-RJ,DEL07-RJ,UOP01-DEL07-RJ
416806,2022-02-24,quinta-feira,10:40:00,SP,116.0,"228,5",SAO PAULO,Reação tardia ou ineficiente do condutor,Colisão traseira,Com Vítimas Feridas,Pleno dia,Crescente,Céu Claro,Dupla,Reta,Sim,2.0,0.0,0.0,1.0,1.0,0.0,1.0,2.0,"-23,50343484","-46,56638712",SPRF-SP,DEL01-SP,UOP01-DEL01-SP
416808,2022-02-24,quinta-feira,10:00:00,PI,316.0,309,PICOS,Reação tardia ou ineficiente do condutor,Colisão lateral sentido oposto,Com Vítimas Feridas,Pleno dia,Crescente,Céu Claro,Dupla,Reta,Sim,3.0,0.0,1.0,0.0,0.0,3.0,1.0,4.0,"-7,07778744","-41,48370094",SPRF-PI,DEL04-PI,UOP01-DEL04-PI
416811,2022-02-24,quinta-feira,10:50:00,DF,20.0,22,BRASILIA,Velocidade Incompatível,Colisão com objeto,Sem Vítimas,Pleno dia,Crescente,Chuva,Dupla,Reta,Sim,1.0,0.0,0.0,0.0,1.0,0.0,0.0,1.0,"-15,59459995","-47,65937805",SPRF-DF,DEL02-DF,UOP01-DEL02-DF
416813,2022-02-23,quarta-feira,22:45:00,SC,470.0,"111,2",IBIRAMA,Velocidade Incompatível,Colisão frontal,Com Vítimas Feridas,Plena Noite,Decrescente,Nublado,Simples,Curva,Não,2.0,0.0,2.0,0.0,0.0,0.0,2.0,2.0,"-27,095388","-49,457878",SPRF-SC,DEL04-SC,UOP02-DEL04-SC
416816,2022-02-24,quinta-feira,11:15:00,AL,101.0,144,SAO MIGUEL DOS CAMPOS,Condutor deixou de manter distância do veículo da frente,Tombamento,Com Vítimas Feridas,Pleno dia,Decrescente,Céu Claro,Dupla,Reta,Não,4.0,0.0,0.0,1.0,1.0,2.0,1.0,3.0,"-9,85676299","-36,14470806",SPRF-AL,DEL02-AL,UOP01-DEL02-AL
416820,2022-02-24,quinta-feira,12:40:00,SP,116.0,218,GUARULHOS,Reação tardia ou ineficiente do condutor,Colisão traseira,Com Vítimas Feridas,Pleno dia,Crescente,Céu Claro,Múltipla,Reta,Sim,4.0,0.0,2.0,0.0,2.0,0.0,2.0,2.0,"-23,457972","-46,479927",SPRF-SP,DEL01-SP,UOP01-DEL01-SP