id,data_inversa,dia_semana,horario,uf,br,km,municipio,causa_acidente,tipo_acidente,classificacao_acidente,fase_dia,sentido_via,condicao_metereologica,tipo_pista,tracado_via,uso_solo,pessoas,mortos,feridos_leves,feridos_graves,ilesos,ignorados,feridos,veiculos,latitude,longitude,regional,delegacia,uop
416824,2022-02-24,quinta-feira,12:30:00,SC,470.0,"3,9",NAVEGANTES,Desrespeitar a preferência no cruzamento,Colisão traseira,Com Vítimas Feridas,Pleno dia,Decrescente,Nublado,Simples,Interseção de Vias,Não,4.0,0.0,1.0,0.0,2.0,1.0,1.0,4.0,"-26,85848984","-48,68917298",SPRF-SC,DEL04-SC,UOP04-DEL04-SC
416829,2022-02-24,quinta-feira,11:00:00,GO,60.0,"248,3",INDIARA,Manobra de mudança de faixa,Colisão lateral mesmo sentido,Com Vítimas Feridas,Pleno dia,Decrescente,Céu Claro,Dupla,Reta,Não,3.0,0.0,1.0,0.0,1.0,2.0,1.0,4.0,"-17,1134","-49,9449",SPRF-GO,DEL01-GO,UOP02-DEL01-GO
416831,2022-02-24,quinta-feira,11:50:00,MT,70.0,523,VARZEA GRANDE,Condutor deixou de manter distância do veículo da frente,Colisão frontal,Sem Vítimas,Pleno dia,Decrescente,Sol,Simples,Reta,Sim,2.0,0.0,0.0,0.0,1.0,1.0,0.0,2.0,"-15,65084656","-56,19454612",SPRF-MT,DEL01-MT,UOP02-DEL01-MT
416833,2022-02-24,quinta-feira,14:10:00,SP,116.0,177,GUARAREMA,Estacionar ou parar em local proibido,Colisão traseira,Com Vítimas Feridas,Pleno dia,Decrescente,Céu Claro,Dupla,Reta,Não,3.0,0.0,1.0,0.0,2.0,0.0,1.0,2.0,"-23,32333315","-46,11958293",SPRF-SP,DEL01-SP,UOP01-DEL01-SP
416837,2022-02-12,sábado,10:30:00,SP,116.0,503,CAJATI,Reação tardia ou ineficiente do condutor,Saída de leito carroçável,Sem Vítimas,Pleno dia,Crescente,Céu Claro,Dupla,Reta,Não,2.0,0.0,0.0,0.0,1.0,1.0,0.0,2.0,"-24,77541893","-48,20947907",SPRF-SP,DEL05-SP,UOP02-DEL05-SP
416843,2022-02-24,quinta-feira,14:00:00,SC,116.0,"188,9",SAO CRISTOVAO DO SUL,Desrespeitar a preferência no cruzamento,Saída de leito carroçável,Com Vítimas Feridas,Pleno dia,Decrescente,Sol,Simples,Interseção de Vias,Não,4.0,0.0,1.0,0.0,2.0,2.0,1.0,4.0,"-27,3350988","-50,42690277",SPRF-SC,DEL05-SC,UOP03-DEL05-SC
416850,2022-02-24,quinta-feira,10:30:00,SC,163.0,"109,4",GUARUJA DO SUL,Demais falhas mecânicas ou elétricas,Incêndio,Sem Vítimas,Pleno dia,Crescente,Sol,Simples,Reta;Em Obras;Declive,Não,1.0,0.0,0.0,0.0,1.0,0.0,0.0,1.0,"-26,41107971","-53,52235436",SPRF-SC,DEL07-SC,UOP03-DEL07-SC
416854,2022-02-24,quinta-feira,16:00:00,MG,50.0,"21,3",ARAGUARI,Reação tardia ou ineficiente do condutor,Colisão traseira,Sem Vítimas,Pleno dia,Crescente,Céu Claro,Dupla,Aclive;Reta,Não,4.0,0.0,0.0,0.0,3.0,2.0,0.0,4.0,"-18,59591113","-48,05355644",SPRF-MG,DEL15-MG,UOP02-DEL15-MG
416858,2022-02-24,quinta-feira,16:40:00,RS,116.0,265,CANOAS,Ingestão de substâncias psicoativas pelo condutor,Colisão lateral mesmo sentido,Com Vítimas Feridas,Pleno dia,Decrescente,Céu Claro,Múltipla,Reta,Sim,4.0,0.0,2.0,0.0,2.0,0.0,2.0,2.0,"-29,92342302","-51,17780944",SPRF-RS,DEL01-RS,UOP01-DEL01-RS
416859,2022-02-05,sábado,12:30:00,MG,262.0,"568,4",CORREGO DANTA,Velocidade Incompatível,Colisão frontal,Com Vítimas Fatais,Pleno dia,Decrescente,Chuva,Simples,Declive;Curva,Não,6.0,3.0,0.0,1.0,1.0,1.0,1.0,3.0,"-19,72679654","-46,02061272",SPRF-MG,DEL08-MG,UOP02-DEL08-MG
416861,2022-02-24,quinta-feira,17:50:00,SC,101.0,"327,7",CAPIVARI DE BAIXO,Acessar a via sem observar a presença dos outros veículos,Colisão lateral mesmo sentido,Com Vítimas Feridas,Pleno dia,Decrescente,Céu Claro,Múltipla,Reta,Não,3.0,0.0,2.0,0.0,1.0,0.0,2.0,2.0,"-28,44333364","-48,96540111",SPRF-SC,DEL02-SC,UOP01-DEL02-SC
416877,2022-02-24,quinta-feira,09:25:00,MG,365.0,706,MONTE ALEGRE DE MINAS,Reação tardia ou ineficiente do condutor,Tombamento,Com Vítimas Feridas,Pleno dia,Crescente,Céu Claro,Dupla,Rotatória,Não,1.0,0.0,1.0,0.0,0.0,0.0,1.0,1.0,"-18,8789182","-49,05482003",SPRF-MG,DEL15-MG,UOP03-DEL15-MG
416881,2022-02-24,quinta-feira,18:30:00,RO,364.0,"712,3",PORTO VELHO,Reação tardia ou ineficiente do condutor,Colisão lateral mesmo sentido,Com Vítimas Feridas,Pleno dia,Crescente,Céu Claro,Simples,Rotatória,Sim,2.0,0.0,1.0,0.0,1.0,0.0,1.0,2.0,"-8,77638033","-63,87381619",SPRF-RO,DEL01-RO,UOP01-DEL01-RO
416882,2022-02-24,quinta-feira,13:00:00,RS,471.0,"549,8",SANTA VITORIA DO PALMAR,Animais na Pista,Tombamento,Com Vítimas Feridas,Pleno dia,Crescente,Céu Claro,Simples,Curva,Não,2.0,0.0,1.0,0.0,0.0,1.0,1.0,2.0,"-32,810402","-52,683491",SPRF-RS,DEL07-RS,UOP04-DEL07-RS
416893,2022-02-24,quinta-feira,16:45:00,SE,101.0,"116,1",ITAPORANGA DAJUDA,Demais falhas mecânicas ou elétricas,Incêndio,Sem Vítimas,Pleno dia,Crescente,Céu Claro,Dupla,Aclive,Não,2.0,0.0,0.0,0.0,1.0,2.0,0.0,3.0,"-11,01146389","-37,31286103",SPRF-SE,DEL02-SE,UOP01-DEL02-SE
416895,2022-02-24,quinta-feira,20:45:00,PR,116.0,31,CAMPINA GRANDE DO SUL,Reação tardia ou ineficiente do condutor,Colisão lateral mesmo sentido,Sem Vítimas,Plena Noite,Crescente,Céu Claro,Dupla,Aclive;Reta,Não,4.0,0.0,0.0,0.0,3.0,1.0,0.0,3.0,"-25,10158154","-48,83062487",SPRF-PR,DEL01-PR,UOP02-DEL01-PR
416898,2022-02-24,quinta-feira,20:50:00,SC,470.0,59,BLUMENAU,Pedestre andava na pista,Atropelamento de Pedestre,Sem Vítimas,Plena Noite,Decrescente,Nublado,Simples,Curva,Não,3.0,0.0,0.0,0.0,1.0,2.0,0.0,3.0,"-26,882812","-49,1548",SPRF-SC,DEL04-SC,UOP01-DEL04-SC
416899,2022-02-24,quinta-feira,21:20:00,SE,101.0,"51,6",CARMOPOLIS,Deficiência do Sistema de Iluminação/Sinalização,Tombamento,Com Vítimas Feridas,Plena Noite,Crescente,Céu Claro,Simples,Em Obras;Desvio Temporário,Não,3.0,0.0,1.0,0.0,1.0,1.0,1.0,3.0,"-10,61153091","-36,97737715",SPRF-SE,DEL02-SE,UOP02-DEL02-SE
416905,2022-02-24,quinta-feira,15:50:00,RJ,101.0,283,ITABORAI,Ausência de reação do condutor,Tombamento,Sem Vítimas,Pleno dia,Decrescente,Céu Claro,Dupla,Curva,Não,2.0,0.0,0.0,0.0,1.0,1.0,0.0,2.0,"-22,73591014","-42,80592689",SPRF-RJ,DEL02-RJ,UOP02-DEL02-RJ
416907,2022-02-24,quinta-feira,22:14:00,PR,369.0,"147,2",LONDRINA,Condutor desrespeitou a iluminação vermelha do semáforo,Colisão transversal,Com Vítimas Feridas,Plena Noite,Crescente,Nublado,Dupla,Aclive;Reta;Interseção de Vias,Sim,3.0,0.0,1.0,0.0,1.0,1.0,1.0,3.0,"-23,29313996","-51,13434613",SPRF-PR,DEL07-PR,UOP01-DEL07-PR
416911,2022-02-24,quinta-feira,22:30:00,TO,153.0,334,GUARAI,Ausência de reação do condutor,Colisão com objeto,Sem Vítimas,Plena Noite,Decrescente,Céu Claro,Múltipla,Reta,Sim,3.0,0.0,0.0,0.0,1.0,3.0,0.0,4.0,"-8,835718","-48,512123",SPRF-TO,DEL02-TO,UOP02-DEL02-TO
416912,2022-02-24,quinta-feira,20:40:00,BA,242.0,383,PALMEIRAS,Animais na Pista,Atropelamento de Animal,Com Vítimas Feridas,Plena Noite,Crescente,Céu Claro,Simples,Curva,Não,2.0,0.0,0.0,1.0,0.0,1.0,1.0,2.0,"-12,44010873","-41,51988097",SPRF-BA,DEL06-BA,UOP01-DEL06-BA
416916,2022-02-24,quinta-feira,21:11:00,SP,381.0,82,SAO PAULO,Manobra de mudança de faixa,Colisão traseira,Com Vítimas Feridas,Plena Noite,Crescente,Céu Claro,Múltipla,Reta,Sim,4.0,0.0,0.0,1.0,2.0,1.0,1.0,4.0,"-23,42399","-46,575112",SPRF-SP,DEL03-SP,UOP01-DEL03-SP
416924,2022-02-24,quinta-feira,18:30:00,MA,135.0,155,SAO MATEUS DO MARANHAO,Ultrapassagem Indevida,Colisão lateral sentido oposto,Sem Vítimas,Pleno dia,Crescente,Céu Claro,Simples,Reta,Não,5.0,0.0,0.0,0.0,4.0,1.0,0.0,2.0,"-3,80516298","-44,51156804",SPRF-MA,DEL01-MA,UOP02-DEL01-MA
416992,2022-02-25,sexta-feira,00:40:00,SC,101.0,"414,9",ARARANGUA,Área urbana sem a presença de local apropriado para a travessia de pedestres,Atropelamento de Pedestre,Com Vítimas Feridas,Plena Noite,Decrescente,Ignorado,Dupla,Curva,Sim,2.0,0.0,0.0,1.0,1.0,0.0,1.0,2.0,"-28,96279219","-49,52259064",SPRF-SC,DEL02-SC,UOP02-DEL02-SC
416996,2022-02-24,quinta-feira,22:30:00,RJ,116.0,"326,6",ITATIAIA,Condutor Dormindo,Colisão traseira,Com Vítimas Fatais,Plena Noite,Decrescente,Nublado,Dupla,Reta,Não,3.0,1.0,0.0,0.0,1.0,1.0,0.0,3.0,"-22,4985235","-44,64029623",SPRF-RJ,DEL07-RJ,UOP02-DEL07-RJ
416998,2022-02-24,quinta-feira,22:30:00,MG,40.0,"193,8",JOAO PINHEIRO,Condutor Dormindo,Colisão lateral sentido oposto,Com Vítimas Feridas,Plena Noite,Decrescente,Nublado,Simples,Reta;Ponte,Não,2.0,0.0,1.0,0.0,0.0,1.0,1.0,2.0,"-18,00278455","-45,86229801",SPRF-MG,DEL14-MG,UOP02-DEL14-MG
417001,2022-02-25,sexta-feira,01:30:00,RJ,116.0,309,RESENDE,Estacionar ou parar em local proibido,Colisão traseira,Sem Vítimas,Plena Noite,Crescente,Céu Claro,Dupla,Reta,Não,2.0,0.0,0.0,0.0,1.0,1.0,0.0,2.0,"-22,46338841","-44,48501587",SPRF-RJ,DEL07-RJ,UOP02-DEL07-RJ
417012,2022-02-25,sexta-feira,02:30:00,RS,290.0,"81,3",GRAVATAI,Condutor Dormindo,Saída de leito carroçável,Com Vítimas Feridas,Plena Noite,Crescente,Garoa/Chuvisco,Dupla,Reta,Não,2.0,0.0,0.0,1.0,0.0,1.0,1.0,2.0,"-29,954445","-51,06881",SPRF-RS,DEL01-RS,UOP01-DEL01-RS
417014,2022-02-25,sexta-feira,04:25:00,RS,116.0,234,ESTANCIA VELHA,Pista Escorregadia,Saída de leito carroçável,Com Vítimas Feridas,Amanhecer,Crescente,Céu Claro,Simples,Reta,Sim,3.0,0.0,1.0,0.0,2.0,0.0,1.0,3.0,"-29,65121313","-51,1444433",SPRF-RS,DEL01-RS,UOP02-DEL01-RS
417028,2022-02-25,sexta-feira,03:50:00,BA,242.0,351,LENCOIS,Demais falhas mecânicas ou elétricas,Tombamento,Com Vítimas Feridas,Plena Noite,Crescente,Céu Claro,Simples,Curva,Não,2.0,0.0,1.0,0.0,0.0,2.0,1.0,3.0,"-12,49243908","-41,3280788",SPRF-BA,DEL06-BA,UOP01-DEL06-BA
417033,2022-02-25,sexta-feira,07:24:00,TO,153.0,"338,8",GUARAI,Demais falhas mecânicas ou elétricas,Eventos atípicos,Sem Vítimas,Pleno dia,Decrescente,Céu Claro,Simples,Reta,Não,1.0,0.0,0.0,0.0,1.0,0.0,0.0,1.0,"-8,879303","-48,508669",SPRF-TO,DEL02-TO,UOP02-DEL02-TO
417042,2022-02-25,sexta-feira,04:00:00,GO,60.0,"382,9",RIO VERDE,Ingestão de álcool pelo condutor,Tombamento,Com Vítimas Feridas,Plena Noite,Crescente,Céu Claro,Dupla,Aclive;Interseção de Vias;Reta,Sim,2.0,0.0,1.0,0.0,0.0,2.0,1.0,3.0,"-17,779","-50,8933",SPRF-GO,DEL04-GO,UOP01-DEL04-GO
417045,2022-02-25,sexta-feira,05:10:00,PB,230.0,"280,1",SANTA LUZIA,Velocidade Incompatível,Tombamento,Com Vítimas Feridas,Amanhecer,Crescente,Céu Claro,Simples,Curva;Declive,Não,2.0,0.0,0.0,1.0,0.0,1.0,1.0,2.0,"-6,9359","-36,8505",SPRF-PB,DEL03-PB,UOP01-DEL03-PB
417046,2022-02-25,sexta-feira,07:50:00,DF,20.0,"45,5",BRASILIA,Velocidade Incompatível,Colisão traseira,Com Vítimas Feridas,Pleno dia,Decrescente,Céu Claro,Dupla,Reta,Não,3.0,0.0,1.0,0.0,1.0,1.0,1.0,3.0,"-15,577153","-47,467113",SPRF-DF,DEL02-DF,UOP01-DEL02-DF
417050,2022-02-25,sexta-feira,07:10:00,RS,392.0,73,PELOTAS,Acessar a via sem observar a presença dos outros veículos,Colisão traseira,Com Vítimas Feridas,Pleno dia,Crescente,Céu Claro,Simples,Reta,Não,2.0,0.0,1.0,0.0,1.0,0.0,1.0,2.0,"-31,71342679","-52,39537975",SPRF-RS,DEL07-RS,UOP01-DEL07-RS
417053,2022-01-28,sexta-feira,02:30:00,RJ,116.0,292,BARRA MANSA,Condutor Dormindo,Colisão traseira,Com Vítimas Feridas,Plena Noite,Decrescente,Céu Claro,Dupla,Reta,Não,3.0,0.0,0.0,1.0,1.0,1.0,1.0,3.0,"-22,46511993","-44,28491095",SPRF-RJ,DEL07-RJ,UOP02-DEL07-RJ
417054,2022-02-25,sexta-feira,07:20:00,MT,70.0,513,VARZEA GRANDE,Ausência de reação do condutor,Colisão traseira,Com Vítimas Feridas,Pleno dia,Crescente,Céu Claro,Simples,Reta,Sim,3.0,0.0,0.0,1.0,1.0,1.0,1.0,3.0,"-15,70579594","-56,1278066",SPRF-MT,DEL01-MT,UOP02-DEL01-MT
417056,2022-02-25,sexta-feira,08:30:00,SP,116.0,182,SANTA ISABEL,Reação tardia ou ineficiente do condutor,Colisão traseira,Com Vítimas Feridas,Pleno dia,Decrescente,Céu Claro,Múltipla,Reta,Não,3.0,0.0,1.0,0.0,1.0,1.0,1.0,3.0,"-23,3463803","-46,16481012",SPRF-SP,DEL01-SP,UOP01-DEL01-SP
417064,2022-02-25,sexta-feira,09:04:00,GO,153.0,"513,4",APARECIDA DE GOIANIA,Condutor deixou de manter distância do veículo da frente,Colisão lateral mesmo sentido,Com Vítimas Feridas,Pleno dia,Decrescente,Sol,Simples,Reta,Sim,3.0,0.0,0.0,1.0,0.0,2.0,1.0,3.0,"-16,8244","-49,2421",SPRF-GO,DEL01-GO,UOP03-DEL01-GO
417065,2022-02-25,sexta-feira,06:24:00,DF,20.0,36,BRASILIA,Reação tardia ou ineficiente do condutor,Colisão traseira,Com Vítimas Fatais,Pleno dia,Decrescente,Céu Claro,Dupla,Reta,Não,3.0,1.0,0.0,0.0,1.0,2.0,0.0,4.0,"-15,582146","-47,559162",SPRF-DF,DEL02-DF,UOP01-DEL02-DF
417066,2022-02-25,sexta-feira,09:40:00,MT,158.0,706,BARRA DO GARCAS,Ausência de reação do condutor,Colisão traseira,Sem Vítimas,Pleno dia,Crescente,Céu Claro,Simples,Reta,Não,3.0,0.0,0.0,0.0,1.0,4.0,0.0,5.0,"-15,10820998","-52,21274494",SPRF-MT,DEL07-MT,UOP01-DEL07-MT
417067,2022-02-25,sexta-feira,09:00:00,PR,277.0,"342,6",GUARAPUAVA,Acumulo de água sobre o pavimento,Colisão traseira,Com Vítimas Feridas,Pleno dia,Crescente,Chuva,Dupla,Reta,Sim,4.0,0.0,0.0,1.0,2.0,1.0,1.0,4.0,"-25,35664016","-51,46276116",SPRF-PR,DEL08-PR,UOP01-DEL08-PR
417080,2022-02-25,sexta-feira,09:15:00,SC,282.0,106,ALFREDO WAGNER,Acessar a via sem observar a presença dos outros veículos,Colisão lateral mesmo sentido,Sem Vítimas,Pleno dia,Crescente,Nublado,Simples,Curva,Não,2.0,0.0,0.0,0.0,2.0,0.0,0.0,2.0,"-27,697609","-49,344734",SPRF-SC,DEL01-SC,UOP03-DEL01-SC
417082,2022-02-25,sexta-feira,11:02:00,GO,40.0,"92,7",CRISTALINA,Desrespeitar a preferência no cruzamento,Colisão transversal,Com Vítimas Feridas,Pleno dia,Decrescente,Nublado,Simples,Interseção de Vias,Não,3.0,0.0,0.0,2.0,1.0,0.0,2.0,2.0,"-16,73396536","-47,62152856",SPRF-DF,DEL01-DF,UOP02-DEL01-DF
417084,2022-02-25,sexta-feira,10:30:00,PE,104.0,"119,2",PANELAS,Demais falhas mecânicas ou elétricas,Saída de leito carroçável,Com Vítimas Fatais,Pleno dia,Decrescente,Sol,Simples,Declive;Curva,Não,1.0,1.0,0.0,0.0,0.0,0.0,0.0,1.0,"-8,69214","-36,023621",SPRF-PE,DEL02-PE,UOP01-DEL02-PE
417086,2022-02-25,sexta-feira,10:00:00,MG,267.0,"254,5",SERITINGA,Acessar a via sem observar a presença dos outros veículos,Colisão transversal,Com Vítimas Feridas,Pleno dia,Decrescente,Céu Claro,Simples,Interseção de Vias,Não,2.0,0.0,1.0,0.0,0.0,1.0,1.0,2.0,"-21,93350568","-44,51973807",SPRF-MG,DEL17-MG,UOP01-DEL17-MG
417089,2022-02-25,sexta-feira,06:40:00,MG,116.0,"208,1",CATUJI,Acessar a via sem observar a presença dos outros veículos,Colisão transversal,Com Vítimas Feridas,Pleno dia,Crescente,Céu Claro,Simples,Reta,Sim,2.0,0.0,1.0,0.0,1.0,0.0,1.0,2.0,"-17,308365","-41,518593",SPRF-MG,DEL11-MG,UOP01-DEL11-MG
417091,2022-02-25,sexta-feira,10:30:00,PR,163.0,"8,9",BARRACAO,Velocidade Incompatível,Tombamento,Com Vítimas Feridas,Pleno dia,Crescente,Nublado,Simples,Rotatória,Sim,2.0,0.0,1.0,0.0,0.0,1.0,1.0,2.0,"-26,25066","-53,635523",SPRF-PR,DEL02-PR,UOP02-DEL02-PR
417094,2022-02-25,sexta-feira,11:00:00,PE,101.0,"88,8",JABOATAO DOS GUARARAPES,Velocidade Incompatível,Colisão lateral sentido oposto,Com Vítimas Feridas,Pleno dia,Decrescente,Céu Claro,Dupla,Reta,Sim,6.0,0.0,2.0,3.0,1.0,0.0,5.0,3.0,"-8,19971387","-34,9785382",SPRF-PE,DEL01-PE,UOP01-DEL01-PE
417103,2022-02-25,sexta-feira,13:00:00,SP,116.0,148,SAO JOSE DOS CAMPOS,Manobra de mudança de faixa,Saída de leito carroçável,Com Vítimas Feridas,Pleno dia,Crescente,Céu Claro,Múltipla,Reta,Sim,2.0,0.0,0.0,1.0,0.0,1.0,1.0,2.0,"-23,20067421","-45,8795018",SPRF-SP,DEL02-SP,UOP01-DEL02-SP
417109,2022-02-25,sexta-feira,13:05:00,RJ,40.0,117,DUQUE DE CAXIAS,Ausência de reação do condutor,Colisão traseira,Com Vítimas Feridas,Pleno dia,Decrescente,Céu Claro,Dupla,Reta,Sim,4.0,0.0,1.0,0.0,3.0,0.0,1.0,2.0,"-22,745676","-43,2881",SPRF-RJ,DEL01-RJ,UOP01-DEL01-RJ
417112,2022-02-25,sexta-feira,08:20:00,SC,282.0,"533,8",CORDILHEIRA ALTA,Condutor deixou de manter distância do veículo da frente,Colisão traseira,Com Vítimas Feridas,Pleno dia,Crescente,Nublado,Simples,Reta,Sim,4.0,0.0,1.0,0.0,2.0,1.0,1.0,3.0,"-26,996775","-52,632465",SPRF-SC,DEL07-SC,UOP01-DEL07-SC
417114,2022-02-25,sexta-feira,14:20:00,SC,101.0,205,SAO JOSE,Condutor deixou de manter distância do veículo da frente,Colisão traseira,Com Vítimas Feridas,Pleno dia,Crescente,Céu Claro,Múltipla,Reta,Sim,4.0,0.0,3.0,0.0,1.0,0.0,3.0,3.0,"-27,58313237","-48,61532885",SPRF-SC,DEL01-SC,UOP01-DEL01-SC
417127,2022-02-25,sexta-feira,14:50:00,RS,116.0,245,SAO LEOPOLDO,Ausência de reação do condutor,Colisão traseira,Sem Vítimas,Pleno dia,Decrescente,Nublado,Dupla,Viaduto;Reta,Sim,9.0,0.0,0.0,0.0,8.0,1.0,0.0,6.0,"-29,74427148","-51,1507291",SPRF-RS,DEL01-RS,UOP02-DEL01-RS
417128,2022-02-25,sexta-feira,14:45:00,RJ,40.0,83,PETROPOLIS,Ausência de reação do condutor,Colisão traseira,Com Vítimas Feridas,Pleno dia,Decrescente,Céu Claro,Simples,Em Obras,Não,2.0,0.0,1.0,0.0,1.0,0.0,1.0,2.0,"-22,51910302","-43,22873364",SPRF-RJ,DEL06-RJ,UOP01-DEL06-RJ
417136,2022-02-25,sexta-feira,15:30:00,SP,153.0,"60,1",SAO JOSE DO RIO PRETO,Condutor deixou de manter distância do veículo da frente,Colisão traseira,Com Vítimas Feridas,Pleno dia,Crescente,Céu Claro,Dupla,Reta,Sim,3.0,0.0,1.0,0.0,1.0,2.0,1.0,4.0,"-20,79627979","-49,35480206",SPRF-SP,DEL09-SP,UOP01-DEL09-SP
417138,2022-02-25,sexta-feira,09:00:00,SC,282.0,143,BOM RETIRO,Ausência de reação do condutor,Colisão traseira,Com Vítimas Feridas,Pleno dia,Crescente,Ignorado,Simples,Reta,Não,2.0,0.0,1.0,0.0,0.0,1.0,1.0,2.0,"-27,811066","-49,615063",SPRF-SC,DEL05-SC,UOP01-DEL05-SC
417139,2022-02-25,sexta-feira,14:20:00,MS,163.0,490,CAMPO GRANDE,Acessar a via sem observar a presença dos outros veículos,Colisão traseira,Com Vítimas Feridas,Pleno dia,Crescente,Céu Claro,Simples,Reta,Sim,5.0,0.0,2.0,0.0,2.0,2.0,2.0,4.0,"-20,40017983","-54,55539878",SPRF-MS,DEL01-MS,UOP02-DEL01-MS
417140,2022-01-13,quinta-feira,11:50:00,PR,373.0,"221,6",IMBITUVA,Manobra de mudança de faixa,Colisão traseira,Com Vítimas Fatais,Pleno dia,Crescente,Nublado,Simples,Reta,Não,5.0,1.0,1.0,2.0,1.0,0.0,3.0,3.0,"-25,17845015","-50,58403992",SPRF-PR,DEL03-PR,UOP04-DEL03-PR
417144,2022-02-25,sexta-feira,16:00:00,BA,116.0,"861,2",VITORIA DA CONQUISTA,Acessar a via sem observar a presença dos outros veículos,Colisão transversal,Com Vítimas Fatais,Pleno dia,Decrescente,Céu Claro,Simples,Interseção de Vias;Reta,Não,3.0,1.0,0.0,0.0,1.0,1.0,0.0,3.0,"-15,06993464","-41,00109327",SPRF-BA,DEL08-BA,UOP01-DEL08-BA
417149,2022-02-25,sexta-feira,14:30:00,MT,364.0,332,SANTO ANTONIO DO LEVERGER,Chuva,Tombamento,Com Vítimas Feridas,Pleno dia,Decrescente,Chuva,Dupla,Curva,Não,1.0,0.0,1.0,0.0,0.0,0.0,1.0,1.0,"-15,82506773","-55,42827212",SPRF-MT,DEL05-MT,UOP02-DEL05-MT
417158,2022-02-25,sexta-feira,15:30:00,SE,101.0,73,MARUIM,Ultrapassagem Indevida,Colisão frontal,Com Vítimas Feridas,Pleno dia,Decrescente,Céu Claro,Simples,Declive,Não,3.0,0.0,0.0,1.0,1.0,1.0,1.0,3.0,"-10,75674403","-37,10467696",SPRF-SE,DEL01-SE,UOP01-DEL01-SE
417172,2022-02-25,sexta-feira,15:00:00,BA,101.0,"4,7",RIO REAL,Carga excessiva e/ou mal acondicionada,Incêndio,Sem Vítimas,Pleno dia,Decrescente,Céu Claro,Simples,Reta,Não,2.0,0.0,0.0,0.0,1.0,1.0,0.0,2.0,"-11,57919206","-37,87331479",SPRF-SE,DEL02-SE,UOP03-DEL02-SE
417185,2022-02-25,sexta-feira,18:20:00,PR,277.0,5,PARANAGUA,Manobra de mudança de faixa,Colisão transversal,Com Vítimas Feridas,Plena Noite,Crescente,Céu Claro,Múltipla,Interseção de Vias,Não,3.0,0.0,1.0,0.0,1.0,1.0,1.0,3.0,"-25,5205","-48,5095",SPRF-PR,DEL01-PR,UOP05-DEL01-PR
417187,2022-02-25,sexta-feira,15:20:00,RS,153.0,"28,8",TRES ARROIOS,Ultrapassagem Indevida,Colisão lateral sentido oposto,Com Vítimas Fatais,Pleno dia,Crescente,Céu Claro,Simples,Reta,Não,4.0,2.0,0.0,0.0,1.0,1.0,0.0,4.0,"-27,51888018","-52,14835565",SPRF-RS,DEL08-RS,UOP04-DEL08-RS
417192,2022-02-25,sexta-feira,12:30:00,SC,280.0,"89,3",CORUPA,Velocidade Incompatível,Tombamento,Sem Vítimas,Pleno dia,Decrescente,Sol,Simples,Declive;Curva,Não,1.0,0.0,0.0,0.0,1.0,0.0,0.0,1.0,"-26,41222834","-49,27628914",SPRF-SC,DEL06-SC,UOP03-DEL06-SC
417193,2022-02-25,sexta-feira,01:30:00,BA,324.0,596,CANDEIAS,Condutor deixou de manter distância do veículo da frente,Colisão traseira,Com Vítimas Feridas,Plena Noite,Crescente,Céu Claro,Dupla,Reta,Sim,2.0,0.0,1.0,0.0,1.0,0.0,1.0,2.0,"-12,72003796","-38,45130588",SPRF-BA,DEL01-BA,UOP01-DEL01-BA
417197,2022-02-25,sexta-feira,18:50:00,RS,472.0,556,URUGUAIANA,Acostamento em desnível,Tombamento,Sem Vítimas,Anoitecer,Decrescente,Céu Claro,Simples,Declive,Não,4.0,0.0,0.0,0.0,0.0,4.0,0.0,3.0,"-29,62459094","-56,8751471",SPRF-RS,DEL13-RS,UOP01-DEL13-RS
417200,2022-02-25,sexta-feira,18:30:00,BA,101.0,"682,3",ITAGIMIRIM,Reação tardia ou ineficiente do condutor,Colisão traseira,Com Vítimas Fatais,Anoitecer,Crescente,Céu Claro,Simples,Reta,Não,2.0,1.0,0.0,0.0,0.0,1.0,0.0,2.0,"-16,1056","-39,611463",SPRF-BA,DEL09-BA,UOP01-DEL09-BA
417225,2022-01-11,terça-feira,12:00:00,MT,163.0,"542,4",DIAMANTINO,Manobra de mudança de faixa,Saída de leito carroçável,Com Vítimas Feridas,Pleno dia,Decrescente,Sol,Simples,Declive,Não,4.0,0.0,0.0,2.0,1.0,4.0,2.0,6.0,"-14,37039023","-56,13386022",SPRF-MT,DEL01-MT,UOP01-DEL01-MT
417227,2022-02-25,sexta-feira,21:40:00,PR,277.0,5,PARANAGUA,Manobra de mudança de faixa,Colisão com objeto,Sem Vítimas,Plena Noite,Crescente,Céu Claro,Dupla,Viaduto,Sim,2.0,0.0,0.0,0.0,1.0,1.0,0.0,2.0,"-25,568198","-48,615292",SPRF-PR,DEL01-PR,UOP05-DEL01-PR
417229,2022-02-25,sexta-feira,21:00:00,MG,381.0,510,SAO JOAQUIM DE BICAS,Condutor Dormindo,Colisão lateral mesmo sentido,Com Vítimas Feridas,Plena Noite,Crescente,Nublado,Dupla,Reta,Não,5.0,0.0,3.0,0.0,1.0,1.0,3.0,4.0,"-20,06369839","-44,29406941",SPRF-MG,DEL01-MG,UOP03-DEL01-MG
417234,2022-02-25,sexta-feira,22:30:00,SP,116.0,166,JACAREI,Ausência de reação do condutor,Colisão traseira,Com Vítimas Feridas,Plena Noite,Decrescente,Nublado,Dupla,Declive,Sim,3.0,0.0,0.0,1.0,1.0,2.0,1.0,4.0,"-23,30055667","-46,01686506",SPRF-SP,DEL02-SP,UOP01-DEL02-SP