id,data_inversa,dia_semana,horario,uf,br,km,municipio,causa_acidente,tipo_acidente,classificacao_acidente,fase_dia,sentido_via,condicao_metereologica,tipo_pista,tracado_via,uso_solo,pessoas,mortos,feridos_leves,feridos_graves,ilesos,ignorados,feridos,veiculos,latitude,longitude,regional,delegacia,uop
418665,2022-03-04,sexta-feira,21:40:00,PR,116.0,107,SAO JOSE DOS PINHAIS,Manobra de mudança de faixa,Colisão lateral mesmo sentido,Com Vítimas Feridas,Plena Noite,Decrescente,Céu Claro,Dupla,Reta,Não,3.0,0.0,1.0,0.0,1.0,1.0,1.0,3.0,"-25,56989668","-49,18778205",SPRF-PR,DEL01-PR,UOP01-DEL01-PR
418671,2022-03-04,sexta-feira,15:18:00,AL,101.0,67,MESSIAS,Chuva,Eventos atípicos,Com Vítimas Feridas,Pleno dia,Decrescente,Chuva,Dupla,Curva,Não,2.0,0.0,1.0,0.0,0.0,1.0,1.0,2.0,"-9,34144305","-35,83125567",SPRF-AL,DEL01-AL,UOP02-DEL01-AL
418674,2022-03-05,sábado,00:20:00,SP,116.0,226,GUARULHOS,Ingestão de álcool pelo condutor,Colisão traseira,Com Vítimas Feridas,Plena Noite,Decrescente,Nublado,Múltipla,Reta,Sim,2.0,0.0,1.0,0.0,1.0,0.0,1.0,2.0,"-23,49102507","-46,54878195",SPRF-SP,DEL01-SP,UOP01-DEL01-SP
418675,2022-03-05,sábado,00:10:00,MS,163.0,"491,2",CAMPO GRANDE,Pedestre andava na pista,Atropelamento de Pedestre,Com Vítimas Feridas,Plena Noite,Decrescente,Céu Claro,Simples,Reta,Sim,2.0,0.0,1.0,0.0,1.0,0.0,1.0,2.0,"-20,36434577","-54,52853585",SPRF-MS,DEL01-MS,UOP02-DEL01-MS
418676,2022-03-05,sábado,00:40:00,PI,316.0,"2,4",TERESINA,Manobra de mudança de faixa,Colisão lateral mesmo sentido,Sem Vítimas,Plena Noite,Crescente,Céu Claro,Múltipla,Reta,Sim,2.0,0.0,0.0,0.0,1.0,1.0,0.0,2.0,"-5,12481952","-42,79484868",SPRF-PI,DEL01-PI,UOP02-DEL01-PI
418680,2022-03-05,sábado,02:00:00,SC,101.0,239,PALHOCA,Condutor Dormindo,Saída de leito carroçável,Com Vítimas Feridas,Plena Noite,Crescente,Nublado,Múltipla,Curva,Não,1.0,0.0,0.0,1.0,0.0,0.0,1.0,1.0,"-27,85046883","-48,63955216",SPRF-SC,DEL01-SC,UOP02-DEL01-SC
418686,2022-03-05,sábado,05:20:00,MG,40.0,"470,5",SETE LAGOAS,Condutor Dormindo,Colisão traseira,Com Vítimas Feridas,Amanhecer,Crescente,Céu Claro,Dupla,Reta,Sim,3.0,0.0,1.0,0.0,2.0,0.0,1.0,2.0,"-19,46787403","-44,29555707",SPRF-MG,DEL02-MG,UOP01-DEL02-MG
418687,2022-03-05,sábado,05:30:00,ES,101.0,"260,2",SERRA,Manobra de mudança de faixa,Colisão traseira,Com Vítimas Feridas,Amanhecer,Crescente,Céu Claro,Dupla,Curva,Sim,2.0,0.0,0.0,1.0,1.0,0.0,1.0,2.0,"-20,14616415","-40,28836206",SPRF-ES,DEL02-ES,UOP01-DEL02-ES
418697,2022-03-05,sábado,05:30:00,RS,290.0,128,ELDORADO DO SUL,Transitar na contramão,Colisão lateral sentido oposto,Com Vítimas Fatais,Amanhecer,Decrescente,Céu Claro,Simples,Reta,Não,6.0,1.0,0.0,0.0,3.0,4.0,0.0,8.0,"-30,057104","-51,490009",SPRF-RS,DEL02-RS,UOP01-DEL02-RS
418701,2022-03-05,sábado,03:50:00,BA,101.0,911,NOVA VICOSA,Curva acentuada,Tombamento,Sem Vítimas,Amanhecer,Decrescente,Nevoeiro/Neblina,Simples,Reta,Não,1.0,0.0,0.0,0.0,1.0,0.0,0.0,1.0,"-18,013128","-39,86175209",SPRF-BA,DEL09-BA,UOP02-DEL09-BA
418709,2022-03-05,sábado,06:00:00,PR,153.0,"454,9",REBOUCAS,Condutor Dormindo,Tombamento,Com Vítimas Feridas,Amanhecer,Crescente,Nublado,Simples,Reta,Não,2.0,0.0,1.0,0.0,0.0,1.0,1.0,2.0,"-25,642738","-50,730129",SPRF-PR,DEL02-PR,UOP03-DEL02-PR
418714,2022-03-05,sábado,05:20:00,PE,232.0,250,ARCOVERDE,Condutor Dormindo,Colisão traseira,Com Vítimas Feridas,Amanhecer,Decrescente,Céu Claro,Simples,Reta,Sim,3.0,0.0,0.0,1.0,1.0,2.0,1.0,4.0,"-8,42350887","-37,05286107",SPRF-PE,DEL03-PE,UOP02-DEL03-PE
418715,2022-03-04,sexta-feira,08:15:00,PR,153.0,500,GENERAL CARNEIRO,Reação tardia ou ineficiente do condutor,Saída de leito carroçável,Com Vítimas Feridas,Pleno dia,Crescente,Céu Claro,Simples,Reta,Não,2.0,0.0,1.0,0.0,0.0,1.0,1.0,2.0,"-26,4916118","-51,34568475",SPRF-PR,DEL02-PR,UOP03-DEL02-PR
418717,2022-03-05,sábado,07:25:00,PI,316.0,"2,4",TERESINA,Manobra de mudança de faixa,Colisão lateral mesmo sentido,Com Vítimas Feridas,Pleno dia,Crescente,Garoa/Chuvisco,Múltipla,Interseção de Vias;Curva,Sim,3.0,0.0,1.0,1.0,1.0,0.0,2.0,2.0,"-5,12477477","-42,79848465",SPRF-PI,DEL01-PI,UOP02-DEL01-PI
418720,2022-03-05,sábado,07:50:00,RO,364.0,696,CANDEIAS DO JAMARI,Reação tardia ou ineficiente do condutor,Colisão lateral mesmo sentido,Com Vítimas Feridas,Pleno dia,Crescente,Nublado,Dupla,Reta,Não,3.0,0.0,1.0,0.0,1.0,3.0,1.0,5.0,"-8,80046614","-63,734779",SPRF-RO,DEL01-RO,UOP01-DEL01-RO
418723,2022-03-05,sábado,06:01:00,RO,364.0,17,VILHENA,Manobra de mudança de faixa,Colisão lateral sentido oposto,Sem Vítimas,Amanhecer,Decrescente,Nublado,Simples,Reta,Sim,2.0,0.0,0.0,0.0,2.0,0.0,0.0,2.0,"-12,73207998","-60,16589399",SPRF-RO,DEL04-RO,UOP01-DEL04-RO
418725,2022-03-04,sexta-feira,21:30:00,MT,70.0,89,GENERAL CARNEIRO,Problema com o freio,Saída de leito carroçável,Sem Vítimas,Pleno dia,Crescente,Céu Claro,Simples,Reta;Aclive,Não,2.0,0.0,0.0,0.0,1.0,1.0,0.0,2.0,"-15,60181099","-52,86870497",SPRF-MT,DEL07-MT,UOP01-DEL07-MT
418728,2022-03-05,sábado,09:45:00,SP,381.0,64,MAIRIPORA,Reação tardia ou ineficiente do condutor,Colisão traseira,Com Vítimas Feridas,Pleno dia,Decrescente,Sol,Dupla,Reta,Não,4.0,0.0,1.0,0.0,2.0,1.0,1.0,3.0,"-23,3089645","-46,57924651",SPRF-SP,DEL03-SP,UOP01-DEL03-SP
418730,2022-03-05,sábado,09:25:00,PE,101.0,68,RECIFE,Manobra de mudança de faixa,Colisão lateral mesmo sentido,Com Vítimas Feridas,Pleno dia,Crescente,Céu Claro,Dupla,Viaduto,Sim,3.0,0.0,1.0,1.0,1.0,0.0,2.0,2.0,"-8,05074296","-34,94580619",SPRF-PE,DEL01-PE,UOP01-DEL01-PE
418736,2022-03-05,sábado,10:20:00,BA,116.0,524,ITATIM,Demais falhas mecânicas ou elétricas,Colisão transversal,Com Vítimas Fatais,Pleno dia,Crescente,Nublado,Simples,Reta,Não,4.0,1.0,0.0,0.0,2.0,3.0,0.0,6.0,"-12,70024334","-39,71218183",SPRF-BA,DEL03-BA,UOP02-DEL03-BA
418744,2022-03-05,sábado,09:40:00,MT,364.0,"204,5",RONDONOPOLIS,Acesso irregular,Colisão lateral sentido oposto,Com Vítimas Feridas,Pleno dia,Decrescente,Sol,Dupla,Interseção de Vias;Reta,Sim,2.0,0.0,1.0,0.0,1.0,0.0,1.0,2.0,"-16,46081146","-54,66039419",SPRF-MT,DEL02-MT,UOP01-DEL02-MT
418745,2022-03-05,sábado,10:15:00,GO,20.0,5,FORMOSA,Mal súbito do condutor,Colisão traseira,Com Vítimas Feridas,Pleno dia,Decrescente,Céu Claro,Simples,Rotatória;Reta,Sim,4.0,0.0,1.0,0.0,2.0,1.0,1.0,4.0,"-15,555275","-47,306908",SPRF-DF,DEL02-DF,UOP01-DEL02-DF
418751,2022-03-02,quarta-feira,05:30:00,PR,277.0,125,BALSA NOVA,Velocidade Incompatível,Colisão lateral mesmo sentido,Sem Vítimas,Plena Noite,Decrescente,Nublado,Simples,Reta;Declive,Não,3.0,0.0,0.0,0.0,1.0,4.0,0.0,5.0,"-25,47020011","-49,60138321",SPRF-PR,DEL01-PR,UOP03-DEL03-PR
418774,2022-03-05,sábado,14:50:00,RJ,116.0,93,GUAPIMIRIM,Curva acentuada,Colisão frontal,Com Vítimas Feridas,Pleno dia,Crescente,Sol,Simples,Curva,Não,2.0,0.0,0.0,1.0,1.0,0.0,1.0,2.0,"-22,46416302","-42,99215699",SPRF-RJ,DEL04-RJ,UOP01-DEL04-RJ
418779,2022-03-05,sábado,15:00:00,PE,407.0,"91,2",PETROLINA,Transitar na contramão,Colisão frontal,Com Vítimas Feridas,Pleno dia,Decrescente,Nublado,Simples,Reta,Não,2.0,0.0,1.0,0.0,1.0,0.0,1.0,2.0,"-9,099128","-40,651713",SPRF-PE,DEL06-PE,UOP02-DEL06-PE
418781,2022-03-05,sábado,14:40:00,BA,20.0,156,SAO DESIDERIO,Velocidade Incompatível,Tombamento,Com Vítimas Fatais,Anoitecer,Decrescente,Céu Claro,Simples,Reta,Não,1.0,1.0,0.0,0.0,0.0,0.0,0.0,1.0,"-12,51937418","-45,89435577",SPRF-BA,DEL10-BA,UOP01-DEL10-BA
418782,2022-03-05,sábado,15:11:00,MG,381.0,524,BRUMADINHO,Demais falhas mecânicas ou elétricas,Incêndio,Sem Vítimas,Pleno dia,Decrescente,Sol,Dupla,Reta,Não,2.0,0.0,0.0,0.0,1.0,1.0,0.0,2.0,"-20,160736","-44,329843",SPRF-MG,DEL04-MG,UOP03-DEL04-MG
418791,2022-03-05,sábado,14:20:00,MS,158.0,51,PARANAIBA,Demais falhas mecânicas ou elétricas,Colisão com objeto,Com Vítimas Fatais,Pleno dia,Crescente,Céu Claro,Simples,Reta,Não,6.0,1.0,1.0,0.0,2.0,2.0,1.0,3.0,"-19,38373911","-51,43499208",SPRF-MS,DEL08-MS,UOP01-DEL08-MS
418792,2022-03-05,sábado,14:50:00,MT,163.0,690,LUCAS DO RIO VERDE,Desrespeitar a preferência no cruzamento,Colisão transversal,Sem Vítimas,Pleno dia,Crescente,Céu Claro,Simples,Reta,Sim,3.0,0.0,0.0,0.0,2.0,3.0,0.0,5.0,"-13,15897005","-55,97504688",SPRF-MT,DEL06-MT,UOP01-DEL06-MT
418795,2022-03-05,sábado,13:45:00,PR,376.0,"495,5",PONTA GROSSA,Pedestre cruzava a pista fora da faixa,Atropelamento de Pedestre,Com Vítimas Fatais,Pleno dia,Decrescente,Chuva,Dupla,Curva,Sim,2.0,1.0,0.0,0.0,1.0,0.0,0.0,2.0,"-25,14047981","-50,16043247",SPRF-PR,DEL03-PR,UOP01-DEL03-PR
418796,2022-02-01,terça-feira,10:20:00,ES,101.0,297,VIANA,Condutor deixou de manter distância do veículo da frente,Colisão traseira,Sem Vítimas,Pleno dia,Crescente,Céu Claro,Dupla,Reta,Sim,4.0,0.0,0.0,0.0,2.0,2.0,0.0,4.0,"-20,34529844","-40,41026774",SPRF-ES,DEL01-ES,UOP01-DEL01-ES
418801,2022-03-05,sábado,15:40:00,MS,163.0,"471,1",CAMPO GRANDE,Ausência de reação do condutor,Colisão frontal,Com Vítimas Fatais,Pleno dia,Decrescente,Céu Claro,Simples,Reta,Não,3.0,1.0,0.0,0.0,1.0,2.0,0.0,4.0,"-20,55130516","-54,5571612",SPRF-MS,DEL01-MS,UOP01-DEL01-MS
418805,2022-03-02,quarta-feira,22:00:00,PE,116.0,"59,5",CABROBO,Demais falhas mecânicas ou elétricas,Incêndio,Sem Vítimas,Plena Noite,Decrescente,Ignorado,Simples,Declive;Reta,Não,2.0,0.0,0.0,0.0,1.0,1.0,0.0,2.0,"-8,352674","-39,141792",SPRF-PE,DEL05-PE,UOP01-DEL05-PE
418812,2022-03-05,sábado,18:00:00,PR,376.0,632,SAO JOSE DOS PINHAIS,Ausência de reação do condutor,Colisão lateral mesmo sentido,Com Vítimas Feridas,Pleno dia,Crescente,Sol,Dupla,Reta,Não,4.0,0.0,1.0,0.0,1.0,4.0,1.0,6.0,"-25,71305887","-49,13941456",SPRF-PR,DEL01-PR,UOP04-DEL01-PR
418821,2022-03-05,sábado,16:00:00,MT,364.0,198,RONDONOPOLIS,Reação tardia ou ineficiente do condutor,Colisão traseira,Com Vítimas Feridas,Pleno dia,Decrescente,Céu Claro,Dupla,Retorno Regulamentado,Sim,3.0,0.0,1.0,0.0,1.0,2.0,1.0,4.0,"-16,50621198","-54,62294799",SPRF-MT,DEL02-MT,UOP01-DEL02-MT
418832,2022-03-05,sábado,11:00:00,MG,116.0,"221,7",CATUJI,Declive acentuado,Saída de leito carroçável,Com Vítimas Feridas,Pleno dia,Decrescente,Céu Claro,Simples,Curva,Não,2.0,0.0,0.0,1.0,0.0,1.0,1.0,2.0,"-17,41543302","-41,51420574",SPRF-MG,DEL11-MG,UOP01-DEL11-MG
418833,2022-03-05,sábado,03:00:00,PR,277.0,132,BALSA NOVA,Deficiência do Sistema de Iluminação/Sinalização,Colisão com objeto,Com Vítimas Feridas,Plena Noite,Crescente,Nevoeiro/Neblina,Dupla,Reta,Não,1.0,0.0,1.0,0.0,0.0,0.0,1.0,1.0,"-25,47106993","-49,66067294",SPRF-PR,DEL01-PR,UOP03-DEL03-PR
418840,2022-03-05,sábado,20:40:00,SP,116.0,404,MIRACATU,Velocidade Incompatível,Colisão traseira,Sem Vítimas,Plena Noite,Crescente,Nublado,Dupla,Reta,Não,3.0,0.0,0.0,0.0,2.0,1.0,0.0,3.0,"-24,32148443","-47,53767014",SPRF-SP,DEL04-SP,UOP02-DEL04-SP
418845,2022-03-05,sábado,15:00:00,PA,155.0,242,ELDORADO DO CARAJAS,Ultrapassagem Indevida,Colisão frontal,Com Vítimas Fatais,Pleno dia,Decrescente,Nublado,Simples,Reta,Não,6.0,1.0,0.0,2.0,2.0,4.0,2.0,7.0,"-6,16968","-49,379911",SPRF-PA,DEL03-PA,UOP01-DEL03-PA
418856,2022-03-05,sábado,22:15:00,MA,135.0,"11,9",SAO LUIS,Acumulo de água sobre o pavimento,Tombamento,Com Vítimas Fatais,Plena Noite,Crescente,Garoa/Chuvisco,Dupla,Reta,Sim,3.0,1.0,1.0,0.0,0.0,1.0,1.0,2.0,"-2,66470782","-44,28673431",SPRF-MA,DEL01-MA,UOP01-DEL01-MA
418871,2022-03-05,sábado,22:29:00,SC,282.0,485,FAXINAL DOS GUEDES,Ingestão de álcool e/ou substâncias psicoativas pelo pedestre,Atropelamento de Pedestre,Com Vítimas Feridas,Plena Noite,Crescente,Céu Claro,Simples,Reta,Não,2.0,0.0,1.0,0.0,1.0,0.0,1.0,2.0,"-26,857132","-52,245258",SPRF-SC,DEL07-SC,UOP01-DEL07-SC
418875,2022-03-05,sábado,23:30:00,ES,101.0,"70,1",SAO MATEUS,Ausência de reação do condutor,Colisão transversal,Com Vítimas Feridas,Plena Noite,Crescente,Nublado,Simples,Aclive,Sim,4.0,0.0,1.0,0.0,1.0,3.0,1.0,5.0,"-18,74453703","-39,86164665",SPRF-ES,DEL04-ES,UOP02-DEL04-ES
418876,2022-03-05,sábado,16:30:00,MG,116.0,"535,1",SANTA RITA DE MINAS,Ingestão de álcool pelo condutor,Colisão frontal,Com Vítimas Feridas,Pleno dia,Crescente,Nublado,Simples,Curva;Rotatória,Não,3.0,0.0,1.0,0.0,1.0,1.0,1.0,3.0,"-19,85292504","-42,14058636",SPRF-MG,DEL06-MG,UOP02-DEL06-MG
418879,2022-03-05,sábado,23:21:00,MA,10.0,"298,7",CIDELANDIA,Ultrapassagem Indevida,Colisão frontal,Sem Vítimas,Plena Noite,Decrescente,Chuva,Simples,Reta,Não,3.0,0.0,0.0,0.0,3.0,0.0,0.0,2.0,"-5,131289","-47,5453",SPRF-MA,DEL04-MA,UOP03-DEL04-MA
418880,2022-03-06,domingo,00:25:00,CE,20.0,425,FORTALEZA,Acumulo de água sobre o pavimento,Saída de leito carroçável,Com Vítimas Feridas,Plena Noite,Crescente,Chuva,Dupla,Reta,Não,2.0,0.0,1.0,0.0,0.0,1.0,1.0,2.0,"-3,76999035","-38,67006282",SPRF-CE,DEL01-CE,UOP02-DEL01-CE
418885,2022-03-05,sábado,22:05:00,BA,101.0,"882,8",TEIXEIRA DE FREITAS,Ausência de reação do condutor,Colisão frontal,Com Vítimas Fatais,Plena Noite,Decrescente,Céu Claro,Simples,Reta,Não,3.0,1.0,1.0,0.0,1.0,0.0,1.0,2.0,"-17,56875673","-39,73171234",SPRF-BA,DEL09-BA,UOP02-DEL09-BA
418898,2022-03-05,sábado,14:35:00,GO,452.0,36,SANTA HELENA DE GOIAS,Ultrapassagem Indevida,Colisão lateral sentido oposto,Com Vítimas Feridas,Pleno dia,Crescente,Céu Claro,Simples,Declive,Não,4.0,0.0,2.0,0.0,1.0,3.0,2.0,5.0,"-17,91461865","-50,59202603",SPRF-GO,DEL04-GO,UOP01-DEL04-GO
418908,2022-03-06,domingo,05:00:00,RS,392.0,"2,6",RIO GRANDE,Condutor deixou de manter distância do veículo da frente,Colisão traseira,Sem Vítimas,Plena Noite,Crescente,Garoa/Chuvisco,Simples,Reta,Sim,3.0,0.0,0.0,0.0,1.0,2.0,0.0,3.0,"-32,05362099","-52,08645803",SPRF-RS,DEL07-RS,UOP02-DEL07-RS
418914,2022-03-05,sábado,16:30:00,RS,472.0,507,ITAQUI,Transitar na contramão,Colisão lateral sentido oposto,Com Vítimas Feridas,Pleno dia,Decrescente,Nublado,Simples,Reta,Não,3.0,0.0,1.0,0.0,1.0,1.0,1.0,3.0,"-29,30976889","-56,60210523",SPRF-RS,DEL13-RS,UOP01-DEL13-RS
418921,2022-03-05,sábado,07:50:00,PR,277.0,305,PRUDENTOPOLIS,Ausência de reação do condutor,Saída de leito carroçável,Sem Vítimas,Plena Noite,Crescente,Céu Claro,Dupla,Reta,Não,1.0,0.0,0.0,0.0,1.0,0.0,0.0,1.0,"-25,3188615","-51,1893392",SPRF-PR,DEL08-PR,UOP01-DEL08-PR
418923,2022-03-05,sábado,20:40:00,MG,251.0,"221,4",CACHOEIRA DE PAJEU,Ausência de reação do condutor,Saída de leito carroçável,Sem Vítimas,Plena Noite,Decrescente,Nublado,Simples,Aclive,Não,2.0,0.0,0.0,0.0,1.0,1.0,0.0,2.0,"-15,95515343","-41,6268738",SPRF-MG,DEL11-MG,UOP02-DEL11-MG
418925,2022-03-06,domingo,04:20:00,SC,153.0,"41,5",VARGEM BONITA,Reação tardia ou ineficiente do condutor,Colisão frontal,Com Vítimas Feridas,Plena Noite,Decrescente,Céu Claro,Simples,Reta,Não,2.0,0.0,1.0,0.0,1.0,0.0,1.0,2.0,"-26,851917","-51,744564",SPRF-SC,DEL07-SC,UOP05-DEL07-SC
418926,2022-03-06,domingo,05:00:00,PR,277.0,685,SAO MIGUEL DO IGUACU,Ingestão de álcool pelo condutor,Queda de ocupante de veículo,Com Vítimas Feridas,Amanhecer,Crescente,Céu Claro,Dupla,Declive,Não,4.0,0.0,1.0,0.0,1.0,2.0,1.0,4.0,"-25,3350861","-54,207268",SPRF-PR,DEL05-PR,UOP01-DEL05-PR
418938,2022-03-06,domingo,07:00:00,MT,364.0,"444,5",VARZEA GRANDE,Ausência de reação do condutor,Tombamento,Com Vítimas Feridas,Pleno dia,Decrescente,Céu Claro,Simples,Reta,Não,5.0,0.0,0.0,1.0,3.0,3.0,1.0,6.0,"-15,63212299","-56,20484879",SPRF-MT,DEL01-MT,UOP02-DEL01-MT
418941,2022-03-06,domingo,04:20:00,RO,364.0,486,ARIQUEMES,Frear bruscamente,Colisão traseira,Com Vítimas Feridas,Plena Noite,Crescente,Chuva,Simples,Reta,Não,2.0,0.0,1.0,0.0,1.0,0.0,1.0,2.0,"-10,11567574","-62,91266689",SPRF-RO,DEL03-RO,UOP01-DEL03-RO
418948,2022-03-06,domingo,08:30:00,GO,153.0,"525,8",HIDROLANDIA,Demais falhas mecânicas ou elétricas,Colisão com objeto,Sem Vítimas,Pleno dia,Crescente,Céu Claro,Dupla,Reta,Não,1.0,0.0,0.0,0.0,1.0,0.0,0.0,1.0,"-16,9288","-49,2518",SPRF-GO,DEL01-GO,UOP03-DEL01-GO
418949,2022-03-06,domingo,03:30:00,TO,153.0,559,FATIMA,Reação tardia ou ineficiente do condutor,Saída de leito carroçável,Sem Vítimas,Plena Noite,Crescente,Chuva,Simples,Reta,Não,2.0,0.0,0.0,0.0,1.0,1.0,0.0,2.0,"-10,73233502","-48,90387036",SPRF-TO,DEL01-TO,UOP01-DEL01-TO
418957,2022-03-06,domingo,11:15:00,SC,101.0,42,JOINVILLE,Condutor deixou de manter distância do veículo da frente,Colisão traseira,Com Vítimas Feridas,Pleno dia,Decrescente,Sol,Dupla,Reta,Sim,3.0,0.0,1.0,0.0,1.0,1.0,1.0,3.0,"-26,29251598","-48,88474385",SPRF-SC,DEL03-SC,UOP01-DEL03-SC
418964,2022-02-06,domingo,21:40:00,SP,116.0,"122,1",CACAPAVA,Ingestão de álcool pelo condutor,Colisão traseira,Com Vítimas Feridas,Plena Noite,Crescente,Nublado,Dupla,Aclive,Não,8.0,0.0,2.0,1.0,2.0,3.0,3.0,3.0,"-23,08076986","-45,66014704",SPRF-SP,DEL02-SP,UOP02-DEL02-SP
418967,2022-02-24,quinta-feira,13:00:00,TO,153.0,105,WANDERLANDIA,Reação tardia ou ineficiente do condutor,Colisão traseira,Com Vítimas Feridas,Pleno dia,Crescente,Céu Claro,Dupla,Reta,Não,5.0,0.0,0.0,1.0,3.0,5.0,1.0,9.0,"-6,9197705","-48,0574615",SPRF-TO,DEL02-TO,UOP01-DEL02-TO
418970,2022-03-06,domingo,01:00:00,PI,343.0,"536,7",AMARANTE,Ausência de reação do condutor,Saída de leito carroçável,Sem Vítimas,Plena Noite,Decrescente,Ignorado,Simples,Reta,Não,1.0,0.0,0.0,0.0,1.0,0.0,0.0,1.0,"-6,500251","-42,791492",SPRF-PI,DEL03-PI,UOP01-DEL03-PI
418971,2022-02-18,sexta-feira,22:00:00,SP,116.0,224,GUARULHOS,Manobra de mudança de faixa,Colisão lateral mesmo sentido,Com Vítimas Feridas,Plena Noite,Decrescente,Nublado,Múltipla,Reta,Sim,4.0,0.0,0.0,1.0,2.0,1.0,1.0,3.0,"-23,48071896","-46,53271603",SPRF-SP,DEL01-SP,UOP01-DEL01-SP
418979,2022-03-06,domingo,11:08:00,PR,277.0,"444,1",LARANJEIRAS DO SUL,Reação tardia ou ineficiente do condutor,Colisão lateral mesmo sentido,Com Vítimas Feridas,Pleno dia,Decrescente,Céu Claro,Simples,Reta,Não,4.0,0.0,1.0,1.0,1.0,2.0,2.0,4.0,"-25,36971187","-52,29283798",SPRF-PR,DEL04-PR,UOP02-DEL04-PR
418980,2022-01-21,sexta-feira,09:45:00,CE,20.0,"427,9",FORTALEZA,Manobra de mudança de faixa,Colisão traseira,Com Vítimas Feridas,Pleno dia,Decrescente,Céu Claro,Múltipla,Reta,Não,4.0,0.0,1.0,1.0,1.0,1.0,2.0,3.0,"-3,867598","-38,511154",SPRF-CE,DEL01-CE,UOP02-DEL01-CE
418983,2022-03-06,domingo,14:05:00,PR,277.0,"6,6",PARANAGUA,Ausência de reação do condutor,Tombamento,Sem Vítimas,Pleno dia,Decrescente,Sol,Dupla,Curva;Declive,Não,2.0,0.0,0.0,0.0,1.0,2.0,0.0,3.0,"-25,56097423","-48,5826851",SPRF-PR,DEL01-PR,UOP05-DEL01-PR
418987,2022-03-06,domingo,13:33:00,PI,135.0,351,BOM JESUS,Reação tardia ou ineficiente do condutor,Colisão traseira,Com Vítimas Feridas,Pleno dia,Decrescente,Chuva,Simples,Reta,Sim,7.0,0.0,1.0,0.0,6.0,0.0,1.0,2.0,"-9,07520882","-44,34965014",SPRF-PI,DEL03-PI,UOP02-DEL03-PI
418989,2022-03-06,domingo,14:20:00,RS,386.0,"347,4",LAJEADO,Chuva,Saída de leito carroçável,Sem Vítimas,Pleno dia,Decrescente,Chuva,Dupla,Curva,Não,1.0,0.0,0.0,0.0,1.0,0.0,0.0,1.0,"-29,451736","-51,965893",SPRF-RS,DEL04-RS,UOP01-DEL04-RS
418996,2022-03-06,domingo,12:00:00,SC,470.0,96,ASCURRA,Trafegar com motocicleta (ou similar) entre as faixas,Colisão traseira,Com Vítimas Feridas,Pleno dia,Decrescente,Nublado,Simples,Reta,Não,2.0,0.0,1.0,0.0,1.0,0.0,1.0,2.0,"-27,020767","-49,371342",SPRF-SC,DEL04-SC,UOP01-DEL04-SC
418999,2022-03-06,domingo,15:25:00,SE,101.0,"91,3",NOSSA SENHORA DO SOCORRO,Manobra de mudança de faixa,Colisão lateral mesmo sentido,Com Vítimas Feridas,Pleno dia,Decrescente,Céu Claro,Múltipla,Reta,Não,4.0,0.0,1.0,0.0,2.0,2.0,1.0,4.0,"-10,89849802","-37,13176324",SPRF-SE,DEL01-SE,UOP01-DEL01-SE
419000,2022-03-06,domingo,14:45:00,RO,364.0,"173,6",PIMENTA BUENO,Manobra de mudança de faixa,Colisão lateral mesmo sentido,Com Vítimas Feridas,Pleno dia,Crescente,Nublado,Simples,Reta,Não,5.0,0.0,1.0,0.0,3.0,5.0,1.0,8.0,"-11,82502213","-61,03254119",SPRF-RO,DEL02-RO,UOP02-DEL02-RO
419001,2022-03-06,domingo,15:55:00,PR,116.0,152,MANDIRITUBA,Acessar a via sem observar a presença dos outros veículos,Colisão transversal,Com Vítimas Feridas,Pleno dia,Crescente,Céu Claro,Simples,Reta,Sim,4.0,0.0,1.0,0.0,2.0,1.0,1.0,3.0,"-25,83236296","-49,33609707",SPRF-PR,DEL01-PR,UOP03-DEL01-PR
419002,2022-03-06,domingo,14:00:00,TO,153.0,364,FORTALEZA DO TABOCAO,Transitar na contramão,Colisão frontal,Sem Vítimas,Pleno dia,Crescente,Céu Claro,Simples,Reta,Não,4.0,0.0,0.0,0.0,2.0,2.0,0.0,4.0,"-9,09977298","-48,52779111",SPRF-TO,DEL02-TO,UOP02-DEL02-TO
419011,2022-02-26,sábado,19:00:00,PE,101.0,136,RIBEIRAO,Reação tardia ou ineficiente do condutor,Saída de leito carroçável,Com Vítimas Feridas,Plena Noite,Decrescente,Céu Claro,Múltipla,Reta,Não,2.0,0.0,0.0,1.0,0.0,1.0,1.0,2.0,"-8,41439454","-35,3044618",SPRF-PE,DEL01-PE,UOP01-DEL01-PE
419016,2022-03-06,domingo,17:40:00,GO,452.0,"182,5",ITUMBIARA,Ultrapassagem Indevida,Colisão frontal,Com Vítimas Fatais,Pleno dia,Decrescente,Céu Claro,Simples,Declive,Não,4.0,1.0,0.0,0.0,1.0,4.0,0.0,6.0,"-18,38599547","-49,34161753",SPRF-GO,DEL03-GO,UOP02-DEL03-GO
419024,2022-03-06,domingo,18:30:00,BA,116.0,457,SANTO ESTEVAO,Condutor deixou de manter distância do veículo da frente,Colisão traseira,Com Vítimas Feridas,Plena Noite,Crescente,Céu Claro,Dupla,Reta,Não,4.0,0.0,2.0,0.0,1.0,4.0,2.0,6.0,"-12,424867","-39,205485",SPRF-BA,DEL02-BA,UOP01-DEL02-BA
419028,2022-03-06,domingo,17:30:00,PI,135.0,466,MONTE ALEGRE DO PIAUI,Transitar na contramão,Colisão frontal,Com Vítimas Feridas,Anoitecer,Crescente,Nublado,Simples,Curva,Não,8.0,0.0,3.0,2.0,1.0,2.0,5.0,4.0,"-9,59053998","-45,03613904",SPRF-PI,DEL03-PI,UOP02-DEL03-PI