id,data_inversa,dia_semana,horario,uf,br,km,municipio,causa_acidente,tipo_acidente,classificacao_acidente,fase_dia,sentido_via,condicao_metereologica,tipo_pista,tracado_via,uso_solo,pessoas,mortos,feridos_leves,feridos_graves,ilesos,ignorados,feridos,veiculos,latitude,longitude,regional,delegacia,uop
419331,2022-03-08,terça-feira,12:50:00,MG,381.0,"677,6",PERDOES,Velocidade Incompatível,Tombamento,Com Vítimas Feridas,Pleno dia,Crescente,Céu Claro,Dupla,Curva;Interseção de Vias,Sim,2.0,0.0,1.0,0.0,0.0,1.0,1.0,2.0,"-21,1076164","-45,09153709",SPRF-MG,DEL04-MG,UOP02-DEL04-MG
419337,2022-03-08,terça-feira,13:00:00,SC,101.0,"196,7",SAO JOSE,Reação tardia ou ineficiente do condutor,Colisão transversal,Sem Vítimas,Pleno dia,Decrescente,Nublado,Dupla,Reta,Sim,3.0,0.0,0.0,0.0,2.0,1.0,0.0,3.0,"-27,51101091","-48,64322292",SPRF-SC,DEL01-SC,UOP01-DEL01-SC
419338,2022-03-08,terça-feira,07:50:00,PR,153.0,"343,3",REBOUCAS,Transitar na contramão,Colisão frontal,Com Vítimas Fatais,Pleno dia,Decrescente,Céu Claro,Simples,Reta,Não,2.0,1.0,1.0,0.0,0.0,0.0,1.0,2.0,"-25,55395107","-50,6723479",SPRF-PR,DEL03-PR,UOP03-DEL03-PR
419343,2022-03-08,terça-feira,08:30:00,MS,376.0,"51,5",JATEI,Velocidade Incompatível,Tombamento,Com Vítimas Feridas,Pleno dia,Decrescente,Sol,Simples,Declive;Reta,Não,2.0,0.0,1.0,0.0,0.0,1.0,1.0,2.0,"-22,46453852","-54,29833889",SPRF-MS,DEL04-MS,UOP04-DEL04-MS
419347,2022-03-08,terça-feira,12:00:00,SC,280.0,"2,4",SAO FRANCISCO DO SUL,Acessar a via sem observar a presença dos outros veículos,Colisão transversal,Com Vítimas Feridas,Pleno dia,Crescente,Céu Claro,Simples,Reta,Não,2.0,0.0,0.0,1.0,1.0,0.0,1.0,2.0,"-26,23700996","-48,61979093",SPRF-SC,DEL03-SC,UOP03-DEL03-SC
419352,2022-03-08,terça-feira,14:00:00,RJ,101.0,175,MACAE,Mal súbito do condutor,Colisão frontal,Com Vítimas Fatais,Pleno dia,Decrescente,Sol,Simples,Reta,Não,2.0,1.0,0.0,0.0,1.0,0.0,0.0,2.0,"-22,37846293","-41,96901206",SPRF-RJ,DEL08-RJ,UOP04-DEL08-RJ
419357,2022-03-08,terça-feira,14:40:00,RS,386.0,"379,5",TABAI,Acessar a via sem observar a presença dos outros veículos,Colisão transversal,Com Vítimas Feridas,Pleno dia,Decrescente,Sol,Dupla,Interseção de Vias,Não,5.0,0.0,2.0,0.0,3.0,0.0,2.0,2.0,"-29,65029758","-51,76036835",SPRF-RS,DEL04-RS,UOP02-DEL04-RS
419361,2022-03-08,terça-feira,14:00:00,RJ,40.0,32,TRES RIOS,Reação tardia ou ineficiente do condutor,Tombamento,Com Vítimas Feridas,Pleno dia,Decrescente,Céu Claro,Dupla,Curva,Não,2.0,0.0,1.0,0.0,0.0,2.0,1.0,3.0,"-22,19935287","-43,15764401",SPRF-RJ,DEL05-RJ,UOP02-DEL05-RJ
419367,2022-03-08,terça-feira,13:05:00,MT,174.0,6,PONTES E LACERDA,Acessar a via sem observar a presença dos outros veículos,Colisão transversal,Com Vítimas Feridas,Pleno dia,Crescente,Nublado,Simples,Interseção de Vias,Sim,2.0,0.0,1.0,0.0,1.0,0.0,1.0,2.0,"-15,22675923","-59,34933901",SPRF-MT,DEL03-MT,UOP01-DEL03-MT
419369,2022-02-05,sábado,11:40:00,MT,364.0,204,RONDONOPOLIS,Reação tardia ou ineficiente do condutor,Colisão traseira,Com Vítimas Feridas,Pleno dia,Decrescente,Céu Claro,Dupla,Reta,Sim,3.0,0.0,1.0,0.0,1.0,2.0,1.0,4.0,"-16,467325","-54,657196",SPRF-MT,DEL02-MT,UOP01-DEL02-MT
419370,2022-03-08,terça-feira,14:15:00,MT,163.0,851,SINOP,Pista Escorregadia,Queda de ocupante de veículo,Com Vítimas Feridas,Pleno dia,Decrescente,Nublado,Simples,Declive;Reta,Não,3.0,0.0,1.0,0.0,1.0,2.0,1.0,4.0,"-11,78743393","-55,47616526",SPRF-MT,DEL06-MT,NPF/DEL06-MT
419374,2022-03-08,terça-feira,15:10:00,PE,423.0,"117,9",PARANATAMA,Ausência de sinalização,Saída de leito carroçável,Sem Vítimas,Pleno dia,Decrescente,Nublado,Simples,Aclive,Não,2.0,0.0,0.0,0.0,1.0,1.0,0.0,2.0,"-8,908816","-36,67734",SPRF-PE,DEL03-PE,UOP01-DEL03-PE
419381,2022-03-08,terça-feira,08:45:00,MG,50.0,"169,8",UBERABA,Demais falhas mecânicas ou elétricas,Incêndio,Sem Vítimas,Pleno dia,Crescente,Céu Claro,Dupla,Reta,Sim,2.0,0.0,0.0,0.0,1.0,1.0,0.0,2.0,"-19,73227731","-47,98225701",SPRF-MG,DEL13-MG,UOP01-DEL13-MG
419382,2022-03-08,terça-feira,16:30:00,PR,476.0,138,CURITIBA,Ingestão de álcool pelo condutor,Colisão lateral mesmo sentido,Com Vítimas Feridas,Pleno dia,Decrescente,Céu Claro,Dupla,Interseção de Vias,Sim,3.0,0.0,1.0,0.0,2.0,0.0,1.0,3.0,"-25,505564","-49,283417",SPRF-PR,DEL01-PR,UOP03-DEL01-PR
419384,2022-03-08,terça-feira,11:00:00,MG,365.0,"213,5",BURITIZEIRO,Condutor Dormindo,Tombamento,Com Vítimas Feridas,Pleno dia,Decrescente,Céu Claro,Simples,Reta,Não,4.0,0.0,1.0,1.0,1.0,1.0,2.0,2.0,"-17,57690573","-45,33736817",SPRF-MG,DEL12-MG,UOP01-DEL12-MG
419385,2022-03-08,terça-feira,17:50:00,SP,116.0,212,GUARULHOS,Entrada inopinada do pedestre,Atropelamento de Pedestre,Com Vítimas Feridas,Anoitecer,Crescente,Nublado,Múltipla,Reta,Sim,2.0,0.0,1.0,0.0,1.0,0.0,1.0,2.0,"-23,43608315","-46,42805094",SPRF-SP,DEL01-SP,UOP01-DEL01-SP
419387,2022-03-08,terça-feira,16:05:00,BA,101.0,"688,2",ITAGIMIRIM,Transitar na contramão,Colisão frontal,Com Vítimas Fatais,Pleno dia,Crescente,Chuva,Simples,Curva,Não,2.0,1.0,0.0,0.0,1.0,0.0,0.0,2.0,"-16,150782","-39,594985",SPRF-BA,DEL09-BA,UOP01-DEL09-BA
419390,2022-03-08,terça-feira,17:40:00,RS,153.0,643,BAGE,Condutor Dormindo,Colisão frontal,Com Vítimas Feridas,Pleno dia,Crescente,Céu Claro,Simples,Reta,Não,6.0,0.0,1.0,3.0,0.0,2.0,4.0,5.0,"-31,42233405","-54,13629157",SPRF-RS,DEL11-RS,UOP03-DEL11-RS
419391,2022-03-08,terça-feira,14:00:00,MA,222.0,395,SANTA INES,Ultrapassagem Indevida,Saída de leito carroçável,Com Vítimas Fatais,Pleno dia,Crescente,Céu Claro,Simples,Reta,Não,6.0,1.0,4.0,1.0,0.0,0.0,5.0,2.0,"-3,89515999","-45,57657802",SPRF-MA,DEL02-MA,UOP01-DEL02-MA
419392,2022-03-08,terça-feira,17:30:00,MT,163.0,754,SORRISO,Acessar a via sem observar a presença dos outros veículos,Colisão lateral mesmo sentido,Com Vítimas Feridas,Anoitecer,Crescente,Chuva,Dupla,Interseção de Vias,Sim,3.0,0.0,1.0,0.0,2.0,0.0,1.0,3.0,"-12,63892516","-55,78118581",SPRF-MT,DEL06-MT,UOP01-DEL06-MT
419393,2022-03-08,terça-feira,18:40:00,RN,427.0,19,ACARI,Fumaça,Colisão traseira,Com Vítimas Feridas,Plena Noite,Crescente,Céu Claro,Simples,Reta,Não,3.0,0.0,1.0,1.0,1.0,0.0,2.0,2.0,"-6,36462206","-36,6198316",SPRF-RN,DEL03-RN,UOP02-DEL03-RN
419394,2022-03-08,terça-feira,18:30:00,MG,381.0,580,CARMOPOLIS DE MINAS,Problema com o freio,Colisão traseira,Com Vítimas Feridas,Plena Noite,Crescente,Céu Claro,Dupla,Reta,Não,3.0,0.0,2.0,0.0,1.0,0.0,2.0,2.0,"-20,50796117","-44,61144676",SPRF-MG,DEL04-MG,UOP01-DEL04-MG
419402,2022-03-08,terça-feira,17:30:00,RS,285.0,"200,9",LAGOA VERMELHA,Reação tardia ou ineficiente do condutor,Colisão traseira,Com Vítimas Feridas,Pleno dia,Decrescente,Nublado,Simples,Reta,Sim,3.0,0.0,1.0,0.0,1.0,1.0,1.0,3.0,"-28,203857","-51,529285",SPRF-RS,DEL08-RS,UOP05-DEL08-RS
419405,2022-03-08,terça-feira,16:30:00,ES,101.0,398,RIO NOVO DO SUL,Redutor de velocidade em desacordo,Colisão traseira,Com Vítimas Feridas,Pleno dia,Crescente,Céu Claro,Simples,Reta,Não,3.0,0.0,1.0,0.0,1.0,1.0,1.0,3.0,"-20,87530245","-40,95792915",SPRF-ES,DEL03-ES,UOP02-DEL03-ES
419408,2022-03-08,terça-feira,19:00:00,MS,163.0,714,RIO VERDE DE MATO GROSSO,Demais falhas mecânicas ou elétricas,Incêndio,Sem Vítimas,Plena Noite,Decrescente,Céu Claro,Simples,Reta,Não,1.0,0.0,0.0,0.0,1.0,0.0,0.0,1.0,"-18,64290896","-54,78331204",SPRF-MS,DEL06-MS,UOP01-DEL06-MS
419409,2022-03-08,terça-feira,19:10:00,PA,316.0,64,CASTANHAL,Acessar a via sem observar a presença dos outros veículos,Colisão lateral mesmo sentido,Com Vítimas Fatais,Plena Noite,Crescente,Céu Claro,Dupla,Reta,Sim,5.0,1.0,1.0,0.0,2.0,1.0,1.0,3.0,"-1,29629557","-47,91983997",SPRF-PA,DEL01-PA,UOP01-DEL01-PA
419411,2022-03-08,terça-feira,20:20:00,ES,101.0,311,VILA VELHA,Entrada inopinada do pedestre,Atropelamento de Pedestre,Com Vítimas Fatais,Plena Noite,Decrescente,Céu Claro,Dupla,Reta,Não,4.0,1.0,0.0,1.0,2.0,0.0,1.0,2.0,"-20,43478198","-40,45963937",SPRF-ES,DEL01-ES,UOP01-DEL01-ES
419412,2022-03-08,terça-feira,13:40:00,MG,50.0,1,UBERLANDIA,Velocidade Incompatível,Tombamento,Com Vítimas Feridas,Pleno dia,Crescente,Céu Claro,Dupla,Rotatória,Sim,2.0,0.0,1.0,0.0,0.0,1.0,1.0,2.0,"-18,85910259","-48,25263977",SPRF-MG,DEL15-MG,UOP01-DEL15-MG
419414,2022-03-08,terça-feira,20:45:00,PR,116.0,99,SAO JOSE DOS PINHAIS,Objeto estático sobre o leito carroçável,Colisão com objeto,Com Vítimas Feridas,Plena Noite,Crescente,Nublado,Dupla,Curva,Não,2.0,0.0,1.0,0.0,1.0,0.0,1.0,2.0,"-25,52682231","-49,14038767",SPRF-PR,DEL01-PR,UOP01-DEL01-PR
419417,2022-03-08,terça-feira,11:50:00,RJ,116.0,171,SAO JOAO DE MERITI,Reação tardia ou ineficiente do condutor,Colisão lateral mesmo sentido,Sem Vítimas,Pleno dia,Crescente,Céu Claro,Dupla,Reta,Sim,2.0,0.0,0.0,0.0,2.0,0.0,0.0,2.0,"-22,8060415","-43,34289573",SPRF-RJ,DEL01-RJ,UOP02-DEL01-RJ
419422,2022-03-08,terça-feira,20:05:00,RJ,116.0,135,DUQUE DE CAXIAS,Condutor deixou de manter distância do veículo da frente,Colisão traseira,Com Vítimas Feridas,Plena Noite,Crescente,Céu Claro,Dupla,Reta,Não,3.0,0.0,1.0,0.0,1.0,1.0,1.0,2.0,"-22,65225773","-43,16309893",SPRF-RJ,DEL04-RJ,UOP02-DEL04-RJ
419428,2022-03-08,terça-feira,20:20:00,MG,40.0,398,CURVELO,Acessar a via sem observar a presença dos outros veículos,Atropelamento de Pedestre,Com Vítimas Fatais,Plena Noite,Decrescente,Céu Claro,Simples,Reta;Aclive,Não,2.0,1.0,0.0,0.0,0.0,1.0,0.0,2.0,"-19,01396595","-44,65705831",SPRF-MG,DEL02-MG,UOP01-DEL02-MG
419431,2022-03-08,terça-feira,22:00:00,SP,116.0,402,MIRACATU,Reação tardia ou ineficiente do condutor,Colisão traseira,Com Vítimas Feridas,Plena Noite,Crescente,Céu Claro,Dupla,Aclive,Não,3.0,0.0,0.0,1.0,0.0,2.0,1.0,3.0,"-24,31365773","-47,5187501",SPRF-SP,DEL04-SP,UOP02-DEL04-SP
419436,2022-03-08,terça-feira,22:10:00,RN,304.0,"103,4",ACU,Demais Fenômenos da natureza,Incêndio,Sem Vítimas,Plena Noite,Decrescente,Céu Claro,Simples,Reta,Não,2.0,0.0,0.0,0.0,1.0,1.0,0.0,2.0,"-5,58377137","-36,99849407",SPRF-RN,DEL04-RN,UOP01-DEL04-RN
419439,2022-03-08,terça-feira,23:20:00,SC,101.0,215,PALHOCA,Ausência de sinalização,Colisão traseira,Com Vítimas Fatais,Plena Noite,Decrescente,Nublado,Múltipla,Curva,Sim,2.0,1.0,0.0,0.0,1.0,0.0,0.0,2.0,"-27,653755","-48,677448",SPRF-SC,DEL01-SC,UOP02-DEL01-SC
419441,2022-03-08,terça-feira,19:00:00,PI,402.0,"55,7",LUIS CORREIA,Ausência de reação do condutor,Colisão com objeto,Com Vítimas Feridas,Plena Noite,Decrescente,Céu Claro,Simples,Reta,Não,1.0,0.0,1.0,0.0,0.0,0.0,1.0,1.0,"-3,04899517","-41,61699617",SPRF-PI,DEL05-PI,UOP01-DEL05-PI
419445,2022-03-08,terça-feira,23:55:00,SP,116.0,"101,9",PINDAMONHANGABA,Condutor deixou de manter distância do veículo da frente,Colisão traseira,Com Vítimas Feridas,Plena Noite,Decrescente,Ignorado,Dupla,Aclive;Reta,Não,3.0,0.0,1.0,0.0,1.0,1.0,1.0,3.0,"-22,99074204","-45,48115098",SPRF-SP,DEL08-SP,UOP01-DEL08-SP
419447,2022-03-09,quarta-feira,00:20:00,CE,20.0,"427,3",FORTALEZA,Carga excessiva e/ou mal acondicionada,Tombamento,Sem Vítimas,Plena Noite,Decrescente,Nublado,Dupla,Em Obras;Declive;Reta,Não,3.0,0.0,0.0,0.0,1.0,3.0,0.0,4.0,"-3,86524695","-38,51669496",SPRF-CE,DEL01-CE,UOP02-DEL01-CE
419451,2022-03-09,quarta-feira,03:00:00,RJ,101.0,200,CASIMIRO DE ABREU,Carga excessiva e/ou mal acondicionada,Eventos atípicos,Sem Vítimas,Plena Noite,Crescente,Céu Claro,Dupla,Curva,Não,2.0,0.0,0.0,0.0,1.0,1.0,0.0,2.0,"-22,48294819","-42,14400217",SPRF-RJ,DEL08-RJ,UOP04-DEL08-RJ
419452,2022-03-09,quarta-feira,03:45:00,SC,101.0,"308,9",LAGUNA,Condutor Dormindo,Saída de leito carroçável,Sem Vítimas,Plena Noite,Decrescente,Chuva,Múltipla,Reta,Não,1.0,0.0,0.0,0.0,1.0,0.0,0.0,1.0,"-28,425414","-48,800567",SPRF-SC,DEL02-SC,UOP01-DEL02-SC
419455,2022-03-09,quarta-feira,05:00:00,GO,20.0,"162,5",ALVORADA DO NORTE,Transitar na contramão,Colisão lateral sentido oposto,Com Vítimas Feridas,Amanhecer,Decrescente,Céu Claro,Simples,Reta,Não,2.0,0.0,1.0,0.0,1.0,0.0,1.0,2.0,"-14,60318","-46,599838",SPRF-DF,DEL02-DF,UOP03-DEL02-DF
419457,2022-03-09,quarta-feira,05:14:00,SP,116.0,210,GUARULHOS,Condutor deixou de manter distância do veículo da frente,Engavetamento,Sem Vítimas,Amanhecer,Crescente,Céu Claro,Múltipla,Reta,Sim,4.0,0.0,0.0,0.0,3.0,2.0,0.0,5.0,"-23,42870023","-46,41085991",SPRF-SP,DEL01-SP,UOP01-DEL01-SP
419458,2022-03-09,quarta-feira,05:40:00,GO,153.0,558,PIRACANJUBA,Condutor Dormindo,Saída de leito carroçável,Com Vítimas Feridas,Amanhecer,Crescente,Céu Claro,Dupla,Curva;Declive,Não,1.0,0.0,1.0,0.0,0.0,0.0,1.0,1.0,"-17,2081","-49,2137",SPRF-GO,DEL03-GO,UOP01-DEL03-GO
419465,2022-03-09,quarta-feira,05:06:00,MG,50.0,"184,5",UBERABA,Reação tardia ou ineficiente do condutor,Colisão traseira,Com Vítimas Feridas,Amanhecer,Crescente,Céu Claro,Dupla,Reta,Não,3.0,0.0,0.0,1.0,1.0,1.0,1.0,3.0,"-19,80948448","-47,90109336",SPRF-MG,DEL13-MG,UOP01-DEL13-MG
419468,2022-03-09,quarta-feira,07:15:00,PE,101.0,55,PAULISTA,Manobra de mudança de faixa,Colisão traseira,Com Vítimas Feridas,Pleno dia,Crescente,Nublado,Múltipla,Reta,Não,4.0,0.0,1.0,0.0,2.0,2.0,1.0,5.0,"-7,94806621","-34,9062148",SPRF-PE,DEL01-PE,UOP02-DEL01-PE
419470,2022-03-09,quarta-feira,07:00:00,RN,101.0,146,GOIANINHA,Manobra de mudança de faixa,Colisão lateral mesmo sentido,Com Vítimas Feridas,Pleno dia,Decrescente,Céu Claro,Dupla,Reta,Sim,3.0,0.0,0.0,1.0,2.0,0.0,1.0,3.0,"-6,25332906","-35,21460513",SPRF-RN,DEL01-RN,UOP01-DEL01-RN
419485,2022-03-09,quarta-feira,08:00:00,MT,163.0,630,NOVA MUTUM,Pista esburacada,Colisão frontal,Com Vítimas Fatais,Pleno dia,Crescente,Nublado,Simples,Reta,Não,6.0,1.0,2.0,1.0,1.0,2.0,3.0,4.0,"-13,64698704","-56,03553852",SPRF-MT,DEL01-MT,UOP01-DEL01-MT
419488,2022-03-09,quarta-feira,09:30:00,PR,476.0,"278,3",SAO MATEUS DO SUL,Condutor deixou de manter distância do veículo da frente,Colisão traseira,Com Vítimas Feridas,Pleno dia,Decrescente,Céu Claro,Simples,Reta,Sim,2.0,0.0,1.0,0.0,1.0,0.0,1.0,2.0,"-25,868753","-50,396477",SPRF-PR,DEL02-PR,UOP04-DEL02-PR
419489,2022-03-09,quarta-feira,09:50:00,RS,386.0,"432,5",NOVA SANTA RITA,Frear bruscamente,Colisão traseira,Com Vítimas Feridas,Pleno dia,Decrescente,Céu Claro,Dupla,Reta,Não,3.0,0.0,1.0,0.0,1.0,1.0,1.0,3.0,"-29,837873","-51,304909",SPRF-RS,DEL04-RS,UOP02-DEL04-RS
419496,2022-03-08,terça-feira,23:55:00,PR,153.0,479,PORTO VITORIA,Reação tardia ou ineficiente do condutor,Colisão lateral mesmo sentido,Sem Vítimas,Plena Noite,Crescente,Céu Claro,Simples,Reta,Não,3.0,0.0,0.0,0.0,2.0,1.0,0.0,3.0,"-26,29202989","-51,20212555",SPRF-PR,DEL02-PR,UOP03-DEL02-PR
419497,2022-03-09,quarta-feira,10:40:00,PR,476.0,"278,8",SAO MATEUS DO SUL,Obstrução na via,Colisão traseira,Sem Vítimas,Pleno dia,Decrescente,Sol,Simples,Reta,Sim,3.0,0.0,0.0,0.0,2.0,1.0,0.0,3.0,"-25,868753","-50,396477",SPRF-PR,DEL02-PR,UOP04-DEL02-PR
419498,2022-03-09,quarta-feira,11:00:00,SC,101.0,208,SAO JOSE,Ausência de reação do condutor,Colisão transversal,Com Vítimas Feridas,Pleno dia,Decrescente,Nublado,Múltipla,Reta,Sim,2.0,0.0,1.0,0.0,1.0,0.0,1.0,2.0,"-27,60327979","-48,63201818",SPRF-SC,DEL01-SC,UOP01-DEL01-SC
419499,2022-03-09,quarta-feira,10:50:00,PE,101.0,"21,9",GOIANA,Pedestre cruzava a pista fora da faixa,Atropelamento de Pedestre,Com Vítimas Fatais,Pleno dia,Decrescente,Céu Claro,Dupla,Reta,Não,2.0,1.0,0.0,0.0,1.0,0.0,0.0,2.0,"-7,675127","-34,92856",SPRF-PE,DEL01-PE,UOP02-DEL01-PE
419500,2022-03-09,quarta-feira,11:00:00,ES,101.0,298,VIANA,Acessar a via sem observar a presença dos outros veículos,Colisão transversal,Com Vítimas Feridas,Pleno dia,Crescente,Sol,Múltipla,Reta,Sim,2.0,0.0,0.0,1.0,1.0,0.0,1.0,2.0,"-20,35393175","-40,41622281",SPRF-ES,DEL01-ES,UOP01-DEL01-ES
419506,2022-03-09,quarta-feira,11:35:00,SC,101.0,"75,5",ARAQUARI,Condutor deixou de manter distância do veículo da frente,Colisão traseira,Com Vítimas Feridas,Pleno dia,Crescente,Sol,Dupla,Curva,Não,3.0,0.0,1.0,0.0,1.0,1.0,1.0,3.0,"-26,5519717","-48,71688324",SPRF-SC,DEL03-SC,UOP02-DEL03-SC
419512,2022-03-09,quarta-feira,12:00:00,SC,101.0,"284,3",IMBITUBA,Acessar a via sem observar a presença dos outros veículos,Colisão com objeto,Sem Vítimas,Pleno dia,Decrescente,Garoa/Chuvisco,Simples,Viaduto,Sim,3.0,0.0,0.0,0.0,2.0,2.0,0.0,4.0,"-28,21285498","-48,69962617",SPRF-SC,DEL02-SC,UOP03-DEL02-SC
419519,2022-03-09,quarta-feira,12:30:00,ES,262.0,"126,6",CONCEICAO DO CASTELO,Condutor deixou de manter distância do veículo da frente,Colisão traseira,Com Vítimas Feridas,Pleno dia,Crescente,Céu Claro,Simples,Reta,Não,4.0,0.0,1.0,0.0,3.0,0.0,1.0,3.0,"-20,27232103","-41,26751512",SPRF-ES,DEL01-ES,UOP02-DEL01-ES
419521,2022-03-09,quarta-feira,07:15:00,RO,364.0,621,ITAPUA DO OESTE,Transitar na contramão,Saída de leito carroçável,Sem Vítimas,Pleno dia,Crescente,Céu Claro,Simples,Reta,Não,3.0,0.0,0.0,0.0,2.0,1.0,0.0,2.0,"-9,08545967","-63,29473382",SPRF-RO,DEL01-RO,UOP04-DEL01-RO
419529,2022-03-09,quarta-feira,13:30:00,BA,324.0,622,SALVADOR,Condutor Dormindo,Colisão traseira,Com Vítimas Feridas,Pleno dia,Crescente,Céu Claro,Dupla,Curva,Sim,2.0,0.0,1.0,0.0,1.0,0.0,1.0,2.0,"-12,91888605","-38,46502095",SPRF-BA,DEL01-BA,UOP01-DEL01-BA
419532,2022-03-09,quarta-feira,06:45:00,PR,373.0,"272,3",PRUDENTOPOLIS,Transitar na contramão,Colisão frontal,Sem Vítimas,Pleno dia,Decrescente,Nublado,Simples,Reta,Não,3.0,0.0,0.0,0.0,2.0,1.0,0.0,3.0,"-25,24146015","-51,04379195",SPRF-PR,DEL08-PR,UOP01-DEL08-PR
419533,2022-03-09,quarta-feira,12:50:00,RO,364.0,706,PORTO VELHO,Ausência de reação do condutor,Colisão traseira,Com Vítimas Feridas,Pleno dia,Crescente,Céu Claro,Dupla,Curva,Sim,3.0,0.0,0.0,1.0,1.0,2.0,1.0,4.0,"-8,80120301","-63,8300103",SPRF-RO,DEL01-RO,UOP01-DEL01-RO
419537,2022-03-09,quarta-feira,15:10:00,SE,101.0,"82,2",LARANJEIRAS,Demais falhas mecânicas ou elétricas,Incêndio,Sem Vítimas,Pleno dia,Crescente,Céu Claro,Dupla,Declive,Não,1.0,0.0,0.0,0.0,1.0,0.0,0.0,1.0,"-10,81787508","-37,13924106",SPRF-SE,DEL01-SE,UOP01-DEL01-SE
419540,2022-03-09,quarta-feira,14:30:00,SC,280.0,"51,5",GUARAMIRIM,Sinalização mal posicionada,Colisão transversal,Com Vítimas Feridas,Pleno dia,Crescente,Céu Claro,Simples,Interseção de Vias;Retorno Regulamentado,Não,2.0,0.0,1.0,0.0,1.0,0.0,1.0,2.0,"-26,46705503","-48,96055168",SPRF-SC,DEL03-SC,UOP03-DEL03-SC
419544,2022-03-09,quarta-feira,16:00:00,RS,285.0,"430,2",PEJUCARA,Reação tardia ou ineficiente do condutor,Colisão com objeto,Com Vítimas Fatais,Pleno dia,Crescente,Sol,Simples,Ponte,Não,2.0,1.0,0.0,0.0,0.0,1.0,0.0,2.0,"-28,32380011","-53,64604712",SPRF-RS,DEL10-RS,UOP01-DEL10-RS
419546,2022-03-09,quarta-feira,16:32:00,MG,40.0,590,ITABIRITO,Pista Escorregadia,Colisão traseira,Com Vítimas Feridas,Pleno dia,Decrescente,Chuva,Dupla,Curva,Não,4.0,0.0,0.0,1.0,2.0,1.0,1.0,4.0,"-20,36807799","-43,90982881",SPRF-MG,DEL01-MG,UOP02-DEL01-MG
419547,2022-03-09,quarta-feira,16:10:00,PR,376.0,9,MARINGA,Obras na pista,Colisão traseira,Com Vítimas Feridas,Pleno dia,Decrescente,Céu Claro,Dupla,Declive,Não,3.0,0.0,2.0,0.0,1.0,0.0,2.0,2.0,"-23,4273","-51,9375",SPRF-PR,DEL09-PR,UOP01-DEL09-PR
419553,2022-03-09,quarta-feira,14:15:00,RJ,101.0,297,ITABORAI,Pedestre andava na pista,Atropelamento de Pedestre,Com Vítimas Feridas,Pleno dia,Crescente,Céu Claro,Simples,Curva,Sim,4.0,0.0,0.0,1.0,2.0,1.0,1.0,4.0,"-22,76942037","-42,91873581",SPRF-RJ,DEL02-RJ,UOP02-DEL02-RJ
419561,2022-03-09,quarta-feira,16:00:00,PR,116.0,34,CAMPINA GRANDE DO SUL,Velocidade Incompatível,Colisão transversal,Com Vítimas Feridas,Pleno dia,Decrescente,Céu Claro,Dupla,Retorno Regulamentado,Não,4.0,0.0,1.0,0.0,2.0,1.0,1.0,4.0,"-25,1144852","-48,85377328",SPRF-PR,DEL01-PR,UOP02-DEL01-PR
419571,2022-03-09,quarta-feira,14:30:00,MS,163.0,665,RIO VERDE DE MATO GROSSO,Reação tardia ou ineficiente do condutor,Saída de leito carroçável,Sem Vítimas,Pleno dia,Decrescente,Céu Claro,Simples,Curva,Não,2.0,0.0,0.0,0.0,1.0,2.0,0.0,3.0,"-19,04496622","-54,81017934",SPRF-MS,DEL06-MS,UOP02-DEL06-MS
419579,2022-03-09,quarta-feira,03:00:00,MA,316.0,464,CODO,Manobra de mudança de faixa,Tombamento,Sem Vítimas,Plena Noite,Decrescente,Nublado,Simples,Curva,Não,2.0,0.0,0.0,0.0,1.0,1.0,0.0,2.0,"-4,538033","-44,026539",SPRF-MA,DEL03-MA,UOP01-DEL03-MA
419582,2022-03-09,quarta-feira,18:50:00,SP,381.0,39,ATIBAIA,Reação tardia ou ineficiente do condutor,Engavetamento,Sem Vítimas,Plena Noite,Decrescente,Chuva,Dupla,Reta,Sim,4.0,0.0,0.0,0.0,4.0,0.0,0.0,4.0,"-23,1215761","-46,57471572",SPRF-SP,DEL03-SP,UOP01-DEL03-SP
419594,2022-03-09,quarta-feira,13:58:00,SC,480.0,"128,9",CHAPECO,Manobra de mudança de faixa,Colisão lateral mesmo sentido,Com Vítimas Feridas,Pleno dia,Crescente,Céu Claro,Dupla,Reta,Sim,3.0,0.0,1.0,0.0,1.0,2.0,1.0,4.0,"-27,046569","-52,635729",SPRF-SC,DEL07-SC,UOP01-DEL07-SC
419595,2022-03-09,quarta-feira,19:20:00,RS,470.0,195,BENTO GONCALVES,Reação tardia ou ineficiente do condutor,Saída de leito carroçável,Com Vítimas Feridas,Plena Noite,Decrescente,Nublado,Simples,Declive;Reta,Não,2.0,0.0,2.0,0.0,0.0,0.0,2.0,1.0,"-29,05097073","-51,58205288",SPRF-RS,DEL06-RS,UOP02-DEL06-RS
419600,2022-03-09,quarta-feira,15:45:00,MA,230.0,402,BALSAS,Transitar na calçada,Colisão com objeto,Sem Vítimas,Pleno dia,Decrescente,Céu Claro,Simples,Reta,Sim,2.0,0.0,0.0,0.0,1.0,1.0,0.0,2.0,"-7,50857084","-46,03158637",SPRF-MA,DEL05-MA,UOP01-DEL05-MA
419602,2022-03-09,quarta-feira,08:45:00,MG,40.0,"653,1",CRISTIANO OTONI,Ausência de reação do condutor,Saída de leito carroçável,Com Vítimas Feridas,Pleno dia,Decrescente,Céu Claro,Simples,Curva,Não,2.0,0.0,1.0,0.0,1.0,0.0,1.0,1.0,"-20,84938602","-43,79880593",SPRF-MG,DEL05-MG,UOP02-DEL05-MG