id,data_inversa,dia_semana,horario,uf,br,km,municipio,causa_acidente,tipo_acidente,classificacao_acidente,fase_dia,sentido_via,condicao_metereologica,tipo_pista,tracado_via,uso_solo,pessoas,mortos,feridos_leves,feridos_graves,ilesos,ignorados,feridos,veiculos,latitude,longitude,regional,delegacia,uop
419606,2022-03-05,sábado,13:50:00,AL,101.0,"104,2",PILAR,Condutor deixou de manter distância do veículo da frente,Colisão traseira,Com Vítimas Feridas,Pleno dia,Decrescente,Nublado,Dupla,Retorno Regulamentado,Não,3.0,0.0,1.0,0.0,1.0,1.0,1.0,3.0,"-9,58714551","-35,98027797",SPRF-AL,DEL02-AL,UOP01-DEL02-AL
419607,2022-03-09,quarta-feira,21:00:00,SC,116.0,"167,5",PONTE ALTA DO NORTE,Ingestão de álcool pelo condutor,Colisão frontal,Sem Vítimas,Plena Noite,Crescente,Nublado,Simples,Reta,Sim,3.0,0.0,0.0,0.0,2.0,2.0,0.0,4.0,"-27,16859697","-50,46434991",SPRF-SC,DEL05-SC,UOP03-DEL05-SC
419613,2022-03-09,quarta-feira,19:00:00,MA,222.0,"342,3",IGARAPE DO MEIO,Ausência de reação do condutor,Colisão frontal,Com Vítimas Feridas,Plena Noite,Crescente,Chuva,Simples,Declive,Não,2.0,0.0,0.0,1.0,1.0,0.0,1.0,2.0,"-3,66150806","-45,22464097",SPRF-MA,DEL02-MA,UOP01-DEL02-MA
419615,2022-03-09,quarta-feira,22:25:00,CE,116.0,"338,6",JAGUARIBE,Condutor Dormindo,Saída de leito carroçável,Com Vítimas Feridas,Plena Noite,Decrescente,Céu Claro,Simples,Reta,Não,2.0,0.0,1.0,0.0,0.0,1.0,1.0,2.0,"-6,14292899","-38,6495453",SPRF-CE,DEL05-CE,UOP02-DEL05-CE
419617,2022-03-09,quarta-feira,18:45:00,MG,40.0,"334,2",FELIXLANDIA,Ultrapassagem Indevida,Colisão lateral sentido oposto,Com Vítimas Feridas,Pleno dia,Decrescente,Céu Claro,Simples,Reta;Declive,Não,2.0,0.0,1.0,0.0,1.0,0.0,1.0,2.0,"-18,60704509","-45,00982341",SPRF-MG,DEL14-MG,UOP02-DEL14-MG
419618,2022-03-09,quarta-feira,22:00:00,MG,381.0,774,CAMPANHA,Transitar no acostamento,Colisão traseira,Com Vítimas Feridas,Plena Noite,Decrescente,Céu Claro,Dupla,Reta,Não,8.0,0.0,3.0,0.0,4.0,3.0,3.0,7.0,"-21,78176861","-45,43299314",SPRF-MG,DEL16-MG,UOP02-DEL16-MG
419619,2022-03-09,quarta-feira,21:40:00,PR,153.0,474,PORTO VITORIA,Acumulo de água sobre o pavimento,Colisão frontal,Com Vítimas Feridas,Plena Noite,Crescente,Chuva,Simples,Curva,Não,3.0,0.0,0.0,1.0,1.0,1.0,1.0,3.0,"-26,25739662","-51,16744995",SPRF-PR,DEL02-PR,UOP03-DEL02-PR
419620,2022-03-09,quarta-feira,18:50:00,PR,153.0,516,GENERAL CARNEIRO,Problema com o freio,Saída de leito carroçável,Com Vítimas Feridas,Anoitecer,Decrescente,Nublado,Simples,Reta,Não,3.0,0.0,2.0,0.0,0.0,1.0,2.0,2.0,"-26,46719234","-51,32469177",SPRF-PR,DEL02-PR,UOP03-DEL02-PR
419621,2022-03-09,quarta-feira,21:50:00,MA,222.0,212,ITAPECURU MIRIM,Condutor deixou de manter distância do veículo da frente,Colisão traseira,Com Vítimas Feridas,Plena Noite,Decrescente,Nublado,Simples,Reta,Sim,5.0,0.0,1.0,0.0,2.0,3.0,1.0,5.0,"-3,36930695","-44,39109197",SPRF-MA,DEL01-MA,UOP02-DEL01-MA
419623,2022-03-09,quarta-feira,11:52:00,SC,153.0,"83,2",CONCORDIA,Condutor deixou de manter distância do veículo da frente,Engavetamento,Com Vítimas Feridas,Pleno dia,Decrescente,Céu Claro,Simples,Ponte;Reta,Não,4.0,0.0,1.0,0.0,2.0,1.0,1.0,4.0,"-27,13541105","-51,91655874",SPRF-SC,DEL07-SC,UOP04-DEL07-SC
419626,2022-03-09,quarta-feira,18:50:00,BA,101.0,"828,5",ITAMARAJU,Ausência de reação do condutor,Colisão frontal,Com Vítimas Feridas,Anoitecer,Crescente,Céu Claro,Simples,Curva,Não,7.0,0.0,4.0,0.0,2.0,1.0,4.0,3.0,"-17,15522507","-39,57241058",SPRF-BA,DEL09-BA,UOP02-DEL09-BA
419627,2022-03-09,quarta-feira,18:00:00,BA,101.0,"806,9",ITAMARAJU,Ausência de reação do condutor,Colisão lateral mesmo sentido,Com Vítimas Feridas,Anoitecer,Crescente,Céu Claro,Simples,Reta,Sim,2.0,0.0,0.0,1.0,1.0,0.0,1.0,2.0,"-17,18376299","-39,58077401",SPRF-BA,DEL09-BA,UOP02-DEL09-BA
419629,2022-03-10,quinta-feira,01:30:00,RS,290.0,"42,5",GLORINHA,Demais falhas mecânicas ou elétricas,Saída de leito carroçável,Sem Vítimas,Plena Noite,Crescente,Nublado,Dupla,Reta,Não,1.0,0.0,0.0,0.0,1.0,0.0,0.0,1.0,"-29,889312","-50,68412",SPRF-RS,DEL03-RS,UOP01-DEL03-RS
419630,2022-03-09,quarta-feira,13:30:00,PR,153.0,505,GENERAL CARNEIRO,Velocidade Incompatível,Derramamento de carga,Sem Vítimas,Pleno dia,Crescente,Céu Claro,Simples,Curva,Não,2.0,0.0,0.0,0.0,1.0,2.0,0.0,3.0,"-26,53939433","-51,42150879",SPRF-PR,DEL02-PR,UOP03-DEL02-PR
419633,2022-03-10,quinta-feira,03:20:00,SP,116.0,"175,7",GUARAREMA,Carga excessiva e/ou mal acondicionada,Tombamento,Com Vítimas Feridas,Plena Noite,Crescente,Céu Claro,Dupla,Reta,Sim,1.0,0.0,1.0,0.0,0.0,0.0,1.0,1.0,"-23,32173972","-46,100353",SPRF-SP,DEL01-SP,UOP01-DEL01-SP
419641,2022-03-10,quinta-feira,04:30:00,PE,408.0,"76,4",PAUDALHO,Ausência de reação do condutor,Tombamento,Com Vítimas Feridas,Plena Noite,Crescente,Nublado,Múltipla,Retorno Regulamentado,Sim,1.0,0.0,1.0,0.0,0.0,0.0,1.0,1.0,"-7,913693","-35,170002",SPRF-PE,DEL01-PE,UOP01-DEL01-PE
419642,2022-03-10,quinta-feira,06:30:00,RS,290.0,111,ELDORADO DO SUL,Reação tardia ou ineficiente do condutor,Saída de leito carroçável,Sem Vítimas,Amanhecer,Crescente,Chuva,Dupla,Reta,Não,2.0,0.0,0.0,0.0,1.0,1.0,0.0,2.0,"-30,032066","-51,325138",SPRF-RS,DEL02-RS,UOP01-DEL02-RS
419645,2022-03-10,quinta-feira,06:14:00,PR,116.0,119,CURITIBA,Manobra de mudança de faixa,Colisão lateral mesmo sentido,Com Vítimas Feridas,Pleno dia,Crescente,Céu Claro,Dupla,Curva,Não,2.0,0.0,1.0,0.0,1.0,0.0,1.0,2.0,"-25,54456009","-49,30146002",SPRF-PR,DEL01-PR,UOP03-DEL01-PR
419646,2022-03-09,quarta-feira,17:50:00,MG,262.0,"733,5",PERDIZES,Manobra de mudança de faixa,Colisão frontal,Com Vítimas Fatais,Pleno dia,Decrescente,Céu Claro,Simples,Reta,Não,4.0,1.0,0.0,0.0,1.0,2.0,0.0,4.0,"-19,620543","-47,317867",SPRF-MG,DEL08-MG,UOP01-DEL08-MG
419647,2022-03-09,quarta-feira,23:00:00,PE,232.0,"106,9",BEZERROS,Demais falhas mecânicas ou elétricas,Incêndio,Sem Vítimas,Plena Noite,Crescente,Céu Claro,Dupla,Reta,Não,2.0,0.0,0.0,0.0,1.0,2.0,0.0,3.0,"-8,26300269","-35,79029821",SPRF-PE,DEL02-PE,UOP02-DEL02PE
419648,2022-03-10,quinta-feira,05:15:00,PR,163.0,"159,7",LINDOESTE,Pista esburacada,Tombamento,Com Vítimas Feridas,Plena Noite,Crescente,Nublado,Simples,Reta,Não,2.0,0.0,1.0,0.0,0.0,1.0,1.0,2.0,"-25,34495402","-53,58666028",SPRF-PR,DEL05-PR,UOP05-DEL05-PR
419649,2022-03-10,quinta-feira,05:00:00,PI,222.0,"44,9",BRASILEIRA,Condutor Dormindo,Colisão frontal,Com Vítimas Feridas,Amanhecer,Crescente,Céu Claro,Simples,Reta,Não,2.0,0.0,2.0,0.0,0.0,0.0,2.0,2.0,"-4,09322824","-41,56676173",SPRF-PI,DEL02-PI,UOP01-DEL02-PI
419650,2022-03-09,quarta-feira,21:45:00,MG,262.0,630,IBIA,Demais falhas mecânicas ou elétricas,Incêndio,Sem Vítimas,Plena Noite,Decrescente,Nublado,Simples,Reta,Não,2.0,0.0,0.0,0.0,1.0,1.0,0.0,2.0,"-19,58291786","-46,45655507",SPRF-MG,DEL08-MG,UOP01-DEL08-MG
419653,2022-03-10,quinta-feira,00:20:00,SC,470.0,"86,9",RODEIO,Condutor Dormindo,Tombamento,Com Vítimas Feridas,Plena Noite,Crescente,Céu Claro,Simples,Curva,Não,2.0,0.0,1.0,0.0,0.0,1.0,1.0,2.0,"-26,94795948","-49,36536139",SPRF-SC,DEL04-SC,UOP01-DEL04-SC
419660,2022-03-10,quinta-feira,07:50:00,RS,116.0,452,SAO LOURENCO DO SUL,Ausência de reação do condutor,Colisão traseira,Com Vítimas Feridas,Amanhecer,Decrescente,Céu Claro,Dupla,Aclive,Não,3.0,0.0,1.0,0.0,1.0,1.0,1.0,3.0,"-31,21427515","-52,01780939",SPRF-RS,DEL02-RS,UOP02-DEL02-RS
419666,2022-03-10,quinta-feira,08:30:00,RS,101.0,77,OSORIO,Reação tardia ou ineficiente do condutor,Colisão traseira,Com Vítimas Feridas,Pleno dia,Decrescente,Céu Claro,Dupla,Reta,Não,4.0,0.0,2.0,0.0,1.0,2.0,2.0,4.0,"-29,78030963","-50,22490762",SPRF-RS,DEL03-RS,UOP01-DEL03-RS
419670,2022-03-10,quinta-feira,08:30:00,MG,153.0,92,PRATA,Ausência de reação do condutor,Tombamento,Com Vítimas Feridas,Pleno dia,Crescente,Céu Claro,Simples,Reta,Não,2.0,0.0,1.0,0.0,0.0,1.0,1.0,2.0,"-19,1609748","-48,95869957",SPRF-MG,DEL15-MG,UOP03-DEL15-MG
419681,2022-03-10,quinta-feira,10:55:00,SP,153.0,"283,2",OCAUCU,Afundamento ou ondulação no pavimento,Tombamento,Com Vítimas Feridas,Pleno dia,Crescente,Céu Claro,Simples,Reta,Não,2.0,0.0,1.0,0.0,0.0,2.0,1.0,3.0,"-22,4402454","-49,85911131",SPRF-SP,DEL07-SP,UOP02-DEL07-SP
419684,2022-03-10,quinta-feira,10:45:00,SC,470.0,"3,9",NAVEGANTES,Desrespeitar a preferência no cruzamento,Colisão transversal,Com Vítimas Feridas,Pleno dia,Decrescente,Céu Claro,Simples,Rotatória,Sim,2.0,0.0,1.0,0.0,0.0,1.0,1.0,2.0,"-26,861937","-48,681618",SPRF-SC,DEL04-SC,UOP04-DEL04-SC
419687,2022-03-10,quinta-feira,11:00:00,RO,364.0,714,PORTO VELHO,Reação tardia ou ineficiente do condutor,Colisão traseira,Sem Vítimas,Amanhecer,Decrescente,Sol,Dupla,Declive,Sim,4.0,0.0,0.0,0.0,2.0,3.0,0.0,5.0,"-8,77323714","-63,88521091",SPRF-RO,DEL01-RO,UOP01-DEL01-RO
419693,2022-02-19,sábado,20:30:00,GO,60.0,"96,5",ANAPOLIS,Ausência de reação do condutor,Colisão traseira,Com Vítimas Feridas,Plena Noite,Crescente,Chuva,Simples,Reta,Sim,3.0,0.0,0.0,1.0,1.0,1.0,1.0,3.0,"-16,371","-48,9422",SPRF-GO,DEL02-GO,UOP01-DEL02-GO
419699,2022-03-10,quinta-feira,12:33:00,SC,282.0,"335,7",CAMPOS NOVOS,Desrespeitar a preferência no cruzamento,Colisão traseira,Sem Vítimas,Pleno dia,Decrescente,Nublado,Simples,Interseção de Vias,Sim,4.0,0.0,0.0,0.0,3.0,2.0,0.0,5.0,"-27,39379305","-51,19174004",SPRF-SC,DEL07-SC,UOP06-DEL07-SC
419702,2022-03-10,quinta-feira,13:40:00,PR,158.0,535,PATO BRANCO,Acessar a via sem observar a presença dos outros veículos,Colisão transversal,Com Vítimas Feridas,Pleno dia,Crescente,Chuva,Simples,Reta,Não,2.0,0.0,1.0,0.0,1.0,0.0,1.0,2.0,"-26,23547098","-52,69066504",SPRF-PR,DEL02-PR,UOP01-DEL02-PR
419703,2022-03-10,quinta-feira,14:15:00,RS,290.0,720,URUGUAIANA,Velocidade Incompatível,Colisão frontal,Com Vítimas Feridas,Pleno dia,Decrescente,Chuva,Múltipla,Reta,Sim,3.0,0.0,1.0,1.0,0.0,1.0,2.0,3.0,"-29,766502","-57,058228",SPRF-RS,DEL13-RS,UOP01-DEL13-RS
419705,2022-01-13,quinta-feira,09:00:00,PR,277.0,"534,1",IBEMA,Transitar na contramão,Colisão frontal,Com Vítimas Fatais,Pleno dia,Decrescente,Céu Claro,Simples,Em Obras,Não,3.0,1.0,0.0,0.0,1.0,1.0,0.0,3.0,"-25,10265774","-52,986814",SPRF-PR,DEL04-PR,UOP01-DEL04-PR
419712,2022-03-10,quinta-feira,10:55:00,SP,381.0,"23,2",BRAGANCA PAULISTA,Condutor deixou de manter distância do veículo da frente,Colisão traseira,Com Vítimas Feridas,Pleno dia,Crescente,Céu Claro,Dupla,Reta;Em Obras,Não,3.0,0.0,1.0,0.0,2.0,0.0,1.0,2.0,"-23,00476488","-46,52061531",SPRF-SP,DEL03-SP,UOP01-DEL03-SP
419720,2022-02-18,sexta-feira,06:45:00,MT,364.0,"349,3",SANTO ANTONIO DO LEVERGER,Curva acentuada,Tombamento,Com Vítimas Feridas,Pleno dia,Crescente,Céu Claro,Dupla,Curva,Não,3.0,0.0,1.0,1.0,0.0,2.0,2.0,3.0,"-15,807347","-55,54692",SPRF-MT,DEL05-MT,UOP02-DEL05-MT
419730,2022-03-01,terça-feira,21:45:00,PE,232.0,135,CARUARU,Reação tardia ou ineficiente do condutor,Colisão traseira,Sem Vítimas,Plena Noite,Crescente,Céu Claro,Dupla,Reta,Não,2.0,0.0,0.0,0.0,2.0,0.0,0.0,2.0,"-8,31096592","-36,03308802",SPRF-PE,DEL02-PE,UOP03-DEL02-PE
419735,2022-03-10,quinta-feira,15:45:00,RN,226.0,167,CURRAIS NOVOS,Acostamento em desnível,Tombamento,Com Vítimas Feridas,Pleno dia,Crescente,Céu Claro,Simples,Curva,Não,2.0,0.0,0.0,1.0,0.0,1.0,1.0,2.0,"-6,23083675","-36,44697098",SPRF-RN,DEL03-RN,UOP02-DEL03-RN
419737,2022-03-10,quinta-feira,16:50:00,GO,153.0,"527,5",HIDROLANDIA,Ultrapassagem Indevida,Colisão com objeto,Com Vítimas Fatais,Pleno dia,Crescente,Céu Claro,Dupla,Reta,Não,2.0,1.0,0.0,0.0,1.0,0.0,0.0,2.0,"-16,932846","-49,25184",SPRF-GO,DEL01-GO,UOP03-DEL01-GO
419738,2022-03-10,quinta-feira,16:30:00,SC,101.0,"56,8",ARAQUARI,Reação tardia ou ineficiente do condutor,Colisão traseira,Com Vítimas Feridas,Pleno dia,Decrescente,Céu Claro,Dupla,Reta,Não,3.0,0.0,1.0,0.0,2.0,0.0,1.0,2.0,"-26,43207484","-48,82263984",SPRF-SC,DEL03-SC,UOP01-DEL03-SC
419746,2022-03-10,quinta-feira,07:20:00,MT,364.0,349,SANTO ANTONIO DO LEVERGER,Velocidade Incompatível,Saída de leito carroçável,Com Vítimas Feridas,Pleno dia,Crescente,Céu Claro,Dupla,Curva,Não,2.0,0.0,1.0,0.0,0.0,1.0,1.0,2.0,"-15,80502622","-55,5546431",SPRF-MT,DEL05-MT,UOP02-DEL05-MT
419748,2022-03-10,quinta-feira,16:40:00,BA,324.0,"616,8",SALVADOR,Manobra de mudança de faixa,Colisão lateral mesmo sentido,Com Vítimas Feridas,Pleno dia,Crescente,Sol,Dupla,Aclive;Interseção de Vias;Curva,Sim,3.0,0.0,0.0,2.0,1.0,0.0,2.0,2.0,"-12,89113054","-38,44531417",SPRF-BA,DEL01-BA,UOP01-DEL01-BA
419754,2022-03-10,quinta-feira,17:50:00,SP,116.0,362,MIRACATU,Chuva,Colisão traseira,Com Vítimas Feridas,Plena Noite,Crescente,Chuva,Dupla,Curva,Não,2.0,0.0,1.0,0.0,1.0,0.0,1.0,2.0,"-24,1220177","-47,27047772",SPRF-SP,DEL04-SP,UOP02-DEL04-SP
419761,2022-03-10,quinta-feira,17:15:00,PR,277.0,"463,5",LARANJEIRAS DO SUL,Velocidade Incompatível,Colisão frontal,Com Vítimas Fatais,Pleno dia,Crescente,Chuva,Simples,Curva;Aclive,Não,5.0,1.0,1.0,0.0,1.0,2.0,1.0,5.0,"-25,36682209","-52,46439902",SPRF-PR,DEL04-PR,UOP02-DEL04-PR
419762,2022-03-10,quinta-feira,18:40:00,MT,70.0,"5,5",BARRA DO GARCAS,Entrada inopinada do pedestre,Atropelamento de Pedestre,Com Vítimas Feridas,Plena Noite,Crescente,Céu Claro,Dupla,Reta,Sim,2.0,0.0,1.0,0.0,1.0,0.0,1.0,2.0,"-15,87837763","-52,29921341",SPRF-MT,DEL07-MT,UOP01-DEL07-MT
419763,2022-03-10,quinta-feira,19:25:00,RJ,101.0,334,RIO DE JANEIRO,Reação tardia ou ineficiente do condutor,Colisão traseira,Com Vítimas Feridas,Plena Noite,Crescente,Céu Claro,Simples,Reta,Sim,2.0,0.0,1.0,0.0,1.0,0.0,1.0,2.0,"-22,88517902","-43,21704364",SPRF-RJ,DEL02-RJ,UOP01-DEL02-RJ
419769,2022-03-10,quinta-feira,19:45:00,RS,285.0,"156,4",MUITOS CAPOES,Reação tardia ou ineficiente do condutor,Colisão frontal,Sem Vítimas,Plena Noite,Crescente,Nublado,Simples,Curva,Não,2.0,0.0,0.0,0.0,2.0,0.0,0.0,2.0,"-28,325294","-51,187935",SPRF-RS,DEL05-RS,UOP03-DEL05-RS
419770,2022-03-10,quinta-feira,15:40:00,RJ,101.0,215,SILVA JARDIM,Transitar na contramão,Colisão frontal,Com Vítimas Fatais,Pleno dia,Decrescente,Sol,Simples,Reta,Não,4.0,1.0,0.0,0.0,2.0,1.0,0.0,4.0,"-22,50540682","-42,27365808",SPRF-RJ,DEL02-RJ,UOP03-DEL02-RJ
419771,2022-03-10,quinta-feira,14:48:00,SC,116.0,"106,2",MONTE CASTELO,Velocidade Incompatível,Colisão lateral sentido oposto,Com Vítimas Fatais,Pleno dia,Decrescente,Sol,Simples,Aclive,Não,4.0,1.0,1.0,0.0,1.0,1.0,1.0,4.0,"-26,7545869","-50,3206125",SPRF-SC,DEL06-SC,UOP02-DEL06-SC
419772,2022-03-10,quinta-feira,16:30:00,SC,470.0,"221,4",SAO CRISTOVAO DO SUL,Velocidade Incompatível,Tombamento,Com Vítimas Feridas,Pleno dia,Decrescente,Nublado,Simples,Curva,Não,2.0,0.0,1.0,0.0,0.0,1.0,1.0,2.0,"-27,30785282","-50,23099422",SPRF-SC,DEL05-SC,UOP03-DEL05-SC
419784,2022-03-10,quinta-feira,21:20:00,BA,242.0,414,SEABRA,Demais falhas mecânicas ou elétricas,Colisão transversal,Com Vítimas Feridas,Plena Noite,Decrescente,Céu Claro,Simples,Reta,Sim,4.0,0.0,1.0,0.0,2.0,3.0,1.0,6.0,"-12,427427","-41,77020288",SPRF-BA,DEL06-BA,UOP01-DEL06-BA
419793,2022-03-11,sexta-feira,00:10:00,RS,158.0,"531,4",SANTANA DO LIVRAMENTO,Condutor Dormindo,Saída de leito carroçável,Com Vítimas Feridas,Plena Noite,Crescente,Nublado,Simples,Reta,Não,3.0,0.0,0.0,1.0,0.0,2.0,1.0,3.0,"-30,78384236","-55,17617874",SPRF-RS,DEL11-RS,UOP01-DEL11-RS
419796,2022-03-10,quinta-feira,23:45:00,BA,242.0,786,BARREIRAS,Reação tardia ou ineficiente do condutor,Colisão traseira,Sem Vítimas,Plena Noite,Crescente,Ignorado,Simples,Reta,Sim,3.0,0.0,0.0,0.0,2.0,2.0,0.0,4.0,"-12,13818549","-44,78146696",SPRF-BA,DEL10-BA,UOP01-DEL10-BA
419797,2022-03-10,quinta-feira,23:00:00,RS,392.0,"87,2",PELOTAS,Declive acentuado,Saída de leito carroçável,Sem Vítimas,Plena Noite,Decrescente,Nublado,Simples,Declive,Não,2.0,0.0,0.0,0.0,0.0,2.0,0.0,2.0,"-31,62766","-52,499901",SPRF-RS,DEL07-RS,UOP01-DEL07-RS
419800,2022-03-11,sexta-feira,01:10:00,PR,116.0,42,CAMPINA GRANDE DO SUL,Mal súbito do condutor,Saída de leito carroçável,Sem Vítimas,Plena Noite,Crescente,Nublado,Dupla,Reta,Não,2.0,0.0,0.0,0.0,1.0,1.0,0.0,2.0,"-25,17611697","-48,874256",SPRF-PR,DEL01-PR,UOP02-DEL01-PR
419803,2022-03-11,sexta-feira,01:40:00,BA,324.0,617,SALVADOR,Ingestão de álcool pelo condutor,Colisão lateral mesmo sentido,Sem Vítimas,Plena Noite,Crescente,Céu Claro,Múltipla,Reta,Sim,3.0,0.0,0.0,0.0,2.0,1.0,0.0,3.0,"-12,8860325","-38,43806469",SPRF-BA,DEL01-BA,UOP01-DEL01-BA
419805,2022-03-11,sexta-feira,02:40:00,MG,381.0,449,SANTA LUZIA,Pedestre andava na pista,Atropelamento de Pedestre,Com Vítimas Feridas,Plena Noite,Crescente,Céu Claro,Simples,Declive;Reta,Sim,2.0,0.0,0.0,1.0,0.0,1.0,1.0,2.0,"-19,84164036","-43,86232683",SPRF-MG,DEL01-MG,UOP01-DEL01-MG
419809,2022-03-10,quinta-feira,23:25:00,SC,470.0,204,PONTE ALTA,Condutor Dormindo,Colisão lateral sentido oposto,Com Vítimas Feridas,Plena Noite,Decrescente,Garoa/Chuvisco,Simples,Reta,Não,5.0,0.0,2.0,0.0,2.0,3.0,2.0,7.0,"-27,289373","-50,166328",SPRF-SC,DEL05-SC,UOP03-DEL05-SC
419810,2022-03-11,sexta-feira,05:10:00,MG,251.0,"510,8",MONTES CLAROS,Velocidade Incompatível,Colisão lateral sentido oposto,Com Vítimas Feridas,Amanhecer,Crescente,Céu Claro,Simples,Reta,Não,3.0,0.0,1.0,0.0,1.0,3.0,1.0,5.0,"-16,64567192","-43,70581503",SPRF-MG,DEL12-MG,UOP01-DEL12-MG
419812,2022-03-11,sexta-feira,05:00:00,GO,364.0,310,MINEIROS,Transitar na contramão,Colisão lateral sentido oposto,Com Vítimas Feridas,Amanhecer,Crescente,Céu Claro,Simples,Reta,Não,3.0,0.0,1.0,0.0,1.0,2.0,1.0,4.0,"-17,488049","-52,553318",SPRF-GO,DEL05-GO,UOP01-DEL05-GO
419814,2022-03-11,sexta-feira,00:00:00,MG,262.0,862,CAMPO FLORIDO,Reação tardia ou ineficiente do condutor,Colisão traseira,Com Vítimas Feridas,Plena Noite,Crescente,Céu Claro,Dupla,Reta,Não,3.0,0.0,0.0,1.0,1.0,3.0,1.0,5.0,"-19,78880474","-48,41294808",SPRF-MG,DEL13-MG,UOP01-DEL13-MG
419815,2022-03-11,sexta-feira,05:20:00,PE,408.0,32,ALIANCA,Transitar na contramão,Colisão frontal,Com Vítimas Fatais,Pleno dia,Crescente,Céu Claro,Dupla,Reta,Não,3.0,1.0,0.0,2.0,0.0,0.0,2.0,2.0,"-7,584444","-35,249002",SPRF-PE,DEL01-PE,UOP02-DEL01-PE
419817,2022-03-11,sexta-feira,04:00:00,MG,146.0,"421,6",MUZAMBINHO,Condutor Dormindo,Colisão traseira,Com Vítimas Feridas,Plena Noite,Crescente,Céu Claro,Simples,Reta,Não,2.0,0.0,1.0,0.0,1.0,0.0,1.0,2.0,"-21,356878","-46,507251",SPRF-MG,DEL09-MG,UOP01-DEL09-MG
419819,2022-02-11,sexta-feira,19:50:00,RS,392.0,67,PELOTAS,Desrespeitar a preferência no cruzamento,Colisão transversal,Com Vítimas Feridas,Plena Noite,Decrescente,Céu Claro,Simples,Rotatória,Sim,4.0,0.0,1.0,1.0,1.0,2.0,2.0,4.0,"-31,75709532","-52,39980728",SPRF-RS,DEL07-RS,UOP01-DEL07-RS
419822,2022-03-11,sexta-feira,07:00:00,RN,101.0,119,SAO JOSE DE MIPIBU,Condutor Dormindo,Capotamento,Com Vítimas Feridas,Pleno dia,Crescente,Céu Claro,Dupla,Reta,Não,3.0,0.0,2.0,0.0,1.0,0.0,2.0,1.0,"-6,02496757","-35,2509784",SPRF-RN,DEL01-RN,UOP01-DEL01-RN
419828,2022-03-11,sexta-feira,00:30:00,RN,427.0,"97,5",CAICO,Animais na Pista,Atropelamento de Animal,Sem Vítimas,Plena Noite,Decrescente,Céu Claro,Simples,Reta,Não,1.0,0.0,0.0,0.0,1.0,0.0,0.0,1.0,"-6,47026134","-37,08569175",SPRF-RN,DEL03-RN,UOP01-DEL03-RN
419830,2022-03-11,sexta-feira,05:50:00,MG,262.0,"715,1",ARAXA,Ausência de reação do condutor,Saída de leito carroçável,Com Vítimas Feridas,Amanhecer,Crescente,Nublado,Simples,Reta,Não,1.0,0.0,1.0,0.0,0.0,0.0,1.0,1.0,"-19,6033318","-47,15372484",SPRF-MG,DEL08-MG,UOP01-DEL08-MG
419832,2022-03-10,quinta-feira,17:40:00,MG,116.0,233,BELO ORIENTE,Reação tardia ou ineficiente do condutor,Colisão frontal,Com Vítimas Feridas,Pleno dia,Crescente,Céu Claro,Simples,Reta,Não,2.0,0.0,1.0,0.0,1.0,0.0,1.0,2.0,"-19,3404363","-42,42931366",SPRF-MG,DEL11-MG,UOP01-DEL11-MG
419834,2022-03-11,sexta-feira,07:30:00,DF,20.0,3,BRASILIA,Acumulo de óleo sobre o pavimento,Colisão traseira,Com Vítimas Feridas,Pleno dia,Crescente,Céu Claro,Dupla,Declive,Sim,4.0,0.0,1.0,0.0,2.0,1.0,1.0,3.0,"-15,679851","-47,832211",SPRF-DF,DEL02-DF,UOP01-DEL02-DF
419837,2022-03-11,sexta-feira,08:13:00,RS,386.0,329,MARQUES DE SOUZA,Transitar na contramão,Colisão frontal,Com Vítimas Fatais,Pleno dia,Crescente,Chuva,Simples,Curva;Declive,Não,4.0,1.0,0.0,1.0,1.0,2.0,1.0,4.0,"-29,340688","-52,077851",SPRF-RS,DEL04-RS,UOP01-DEL04-RS
419839,2022-03-11,sexta-feira,07:45:00,MG,381.0,756,TRES CORACOES,Velocidade Incompatível,Tombamento,Com Vítimas Feridas,Pleno dia,Crescente,Sol,Dupla,Retorno Regulamentado;Curva;Declive,Não,3.0,0.0,2.0,0.0,0.0,1.0,2.0,2.0,"-21,672962","-45,336396",SPRF-MG,DEL16-MG,UOP02-DEL16-MG
419840,2022-03-11,sexta-feira,03:40:00,MS,163.0,735,COXIM,Reação tardia ou ineficiente do condutor,Saída de leito carroçável,Com Vítimas Feridas,Amanhecer,Decrescente,Céu Claro,Simples,Reta,Não,2.0,0.0,1.0,0.0,0.0,1.0,1.0,2.0,"-18,46085775","-54,71187148",SPRF-MS,DEL06-MS,UOP01-DEL06-MS
419844,2022-03-11,sexta-feira,04:30:00,MG,381.0,420,CAETE,Reação tardia ou ineficiente do condutor,Colisão traseira,Com Vítimas Feridas,Plena Noite,Crescente,Nevoeiro/Neblina,Dupla,Reta,Não,4.0,0.0,1.0,1.0,1.0,1.0,2.0,3.0,"-19,77712975","-43,65501412",SPRF-MG,DEL01-MG,UOP01-DEL01-MG
419855,2022-03-11,sexta-feira,06:30:00,PR,277.0,42,MORRETES,Problema com o freio,Colisão lateral mesmo sentido,Sem Vítimas,Pleno dia,Decrescente,Nublado,Dupla,Curva,Não,4.0,0.0,0.0,0.0,3.0,6.0,0.0,9.0,"-25,57361239","-48,84469597",SPRF-PR,DEL01-PR,UOP05-DEL01-PR