id,data_inversa,dia_semana,horario,uf,br,km,municipio,causa_acidente,tipo_acidente,classificacao_acidente,fase_dia,sentido_via,condicao_metereologica,tipo_pista,tracado_via,uso_solo,pessoas,mortos,feridos_leves,feridos_graves,ilesos,ignorados,feridos,veiculos,latitude,longitude,regional,delegacia,uop
419860,2022-03-11,sexta-feira,07:45:00,PR,376.0,"326,3",ORTIGUEIRA,Velocidade Incompatível,Tombamento,Com Vítimas Feridas,Pleno dia,Crescente,Céu Claro,Simples,Curva;Declive,Não,3.0,0.0,1.0,1.0,0.0,1.0,2.0,3.0,"-24,09427565","-51,04402976",SPRF-PR,DEL07-PR,UOP02-DEL07-PR
419865,2022-03-11,sexta-feira,07:20:00,RJ,393.0,179,PARAIBA DO SUL,Manobra de mudança de faixa,Colisão lateral mesmo sentido,Com Vítimas Feridas,Pleno dia,Crescente,Sol,Simples,Reta;Aclive,Não,6.0,0.0,3.0,0.0,1.0,2.0,3.0,4.0,"-22,12695355","-43,23512967",SPRF-RJ,DEL05-RJ,UOP03-DEL05-RJ
419869,2022-03-11,sexta-feira,09:00:00,MT,163.0,826,SINOP,Manobra de mudança de faixa,Colisão transversal,Com Vítimas Fatais,Pleno dia,Decrescente,Céu Claro,Dupla,Retorno Regulamentado,Sim,3.0,1.0,0.0,0.0,1.0,2.0,0.0,4.0,"-11,93887475","-55,51556826",SPRF-MT,DEL06-MT,UOP01-DEL06-MT
419882,2022-01-29,sábado,14:30:00,MT,174.0,471,COMODORO,Demais falhas mecânicas ou elétricas,Derramamento de carga,Com Vítimas Feridas,Pleno dia,Decrescente,Nublado,Simples,Reta,Não,3.0,0.0,1.0,1.0,0.0,1.0,2.0,2.0,"-13,78878702","-59,76829013",SPRF-MT,DEL04-MT,UOP01-DEL04-MT
419883,2022-03-11,sexta-feira,09:30:00,ES,262.0,"185,2",IUNA,Velocidade Incompatível,Tombamento,Com Vítimas Feridas,Pleno dia,Decrescente,Sol,Simples,Curva,Não,2.0,0.0,1.0,0.0,0.0,1.0,1.0,2.0,"-20,30124092","-41,70881035",SPRF-ES,DEL01-ES,UOP02-DEL01-ES
419886,2022-03-11,sexta-feira,12:25:00,MG,40.0,560,NOVA LIMA,Reação tardia ou ineficiente do condutor,Colisão lateral mesmo sentido,Com Vítimas Feridas,Pleno dia,Crescente,Chuva,Dupla,Reta,Não,4.0,0.0,3.0,0.0,1.0,0.0,3.0,2.0,"-20,12725188","-43,96512161",SPRF-MG,DEL01-MG,UOP02-DEL01-MG
419887,2022-03-11,sexta-feira,11:30:00,RS,290.0,145,ELDORADO DO SUL,Acessar a via sem observar a presença dos outros veículos,Colisão transversal,Com Vítimas Feridas,Pleno dia,Decrescente,Chuva,Simples,Reta,Sim,3.0,0.0,1.0,0.0,1.0,1.0,1.0,3.0,"-30,100563","-51,656773",SPRF-RS,DEL02-RS,UOP01-DEL02-RS
419888,2022-03-11,sexta-feira,11:45:00,RN,304.0,"176,1",ANGICOS,Ultrapassagem Indevida,Colisão lateral mesmo sentido,Sem Vítimas,Pleno dia,Crescente,Céu Claro,Simples,Reta,Não,4.0,0.0,0.0,0.0,2.0,3.0,0.0,5.0,"-5,68840912","-36,37424401",SPRF-RN,DEL01-RN,UOP03-DEL01-RN
419889,2022-03-11,sexta-feira,10:55:00,PR,277.0,103,CAMPO LARGO,Ingestão de álcool pelo condutor,Colisão traseira,Sem Vítimas,Pleno dia,Crescente,Céu Claro,Dupla,Reta;Aclive,Não,3.0,0.0,0.0,0.0,2.0,2.0,0.0,4.0,"-25,43028589","-49,39677358",SPRF-PR,DEL01-PR,UOP01-DEL01-PR
419890,2022-03-11,sexta-feira,12:10:00,MG,40.0,"749,1",SANTOS DUMONT,Ausência de reação do condutor,Colisão lateral mesmo sentido,Com Vítimas Feridas,Pleno dia,Decrescente,Céu Claro,Simples,Curva,Não,6.0,0.0,2.0,0.0,3.0,2.0,2.0,4.0,"-21,447874","-43,55738803",SPRF-MG,DEL05-MG,UOP01-DEL05-MG
419901,2022-02-11,sexta-feira,09:55:00,PR,163.0,308,MERCEDES,Ultrapassagem Indevida,Colisão frontal,Com Vítimas Fatais,Pleno dia,Decrescente,Sol,Simples,Curva,Não,4.0,2.0,0.0,1.0,0.0,1.0,1.0,3.0,"-24,44371604","-54,16328708",SPRF-PR,DEL06-PR,UOP02-DEL06-PR
419904,2022-03-11,sexta-feira,14:10:00,RN,304.0,"296,6",MACAIBA,Manobra de mudança de faixa,Atropelamento de Pedestre,Com Vítimas Feridas,Pleno dia,Crescente,Céu Claro,Simples,Aclive,Sim,5.0,0.0,1.0,0.0,2.0,2.0,1.0,4.0,"-5,865245","-35,352372",SPRF-RN,DEL01-RN,UOP02-DEL01-RN
419912,2022-03-11,sexta-feira,10:30:00,MG,381.0,"830,7",SAO SEBASTIAO DA BELA VISTA,Velocidade Incompatível,Colisão traseira,Com Vítimas Feridas,Pleno dia,Decrescente,Céu Claro,Dupla,Reta,Sim,4.0,0.0,2.0,0.0,1.0,1.0,2.0,3.0,"-22,13939205","-45,81344194",SPRF-MG,DEL16-MG,UOP01-DEL16-MG
419916,2022-03-11,sexta-feira,10:00:00,RS,290.0,316,CACAPAVA DO SUL,Carga excessiva e/ou mal acondicionada,Tombamento,Com Vítimas Feridas,Pleno dia,Crescente,Céu Claro,Simples,Interseção de Vias,Não,2.0,0.0,1.0,0.0,0.0,1.0,1.0,2.0,"-30,36646265","-53,36251348",SPRF-RS,DEL09-RS,UOP02-DEL09-RS
419917,2022-02-27,domingo,04:55:00,RN,304.0,293,MACAIBA,Ingestão de álcool pelo condutor,Colisão traseira,Com Vítimas Feridas,Amanhecer,Crescente,Céu Claro,Simples,Reta,Não,2.0,0.0,0.0,1.0,1.0,0.0,1.0,2.0,"-5,86846237","-35,37602795",SPRF-RN,DEL01-RN,UOP02-DEL01-RN
419919,2022-03-10,quinta-feira,14:50:00,BA,101.0,183,CONCEICAO DA FEIRA,Condutor deixou de manter distância do veículo da frente,Colisão traseira,Com Vítimas Feridas,Pleno dia,Crescente,Céu Claro,Simples,Aclive,Não,5.0,0.0,4.0,0.0,1.0,0.0,4.0,2.0,"-12,53594197","-38,97745507",SPRF-BA,DEL01-BA,UOP03-DEL01-BA
419921,2022-03-11,sexta-feira,15:00:00,PR,277.0,75,SAO JOSE DOS PINHAIS,Reação tardia ou ineficiente do condutor,Colisão traseira,Com Vítimas Feridas,Pleno dia,Decrescente,Nublado,Dupla,Viaduto,Sim,3.0,0.0,0.0,1.0,2.0,0.0,1.0,3.0,"-25,51327981","-49,12433291",SPRF-PR,DEL01-PR,UOP01-DEL01-PR
419922,2022-03-11,sexta-feira,15:30:00,SE,101.0,"89,2",NOSSA SENHORA DO SOCORRO,Ingestão de álcool pelo condutor,Colisão traseira,Com Vítimas Feridas,Pleno dia,Decrescente,Nublado,Dupla,Declive,Não,2.0,0.0,1.0,0.0,1.0,0.0,1.0,2.0,"-10,88051024","-37,13355535",SPRF-SE,DEL01-SE,UOP01-DEL01-SE
419924,2022-03-11,sexta-feira,15:50:00,ES,101.0,"245,8",SERRA,Ausência de reação do condutor,Colisão lateral mesmo sentido,Com Vítimas Fatais,Pleno dia,Decrescente,Céu Claro,Simples,Curva,Não,5.0,1.0,0.0,1.0,1.0,2.0,1.0,4.0,"-20,05454495","-40,38189997",SPRF-ES,DEL02-ES,UOP01-DEL02-ES
419931,2022-03-11,sexta-feira,10:40:00,SC,116.0,15,MAFRA,Mal súbito do condutor,Colisão transversal,Com Vítimas Feridas,Pleno dia,Crescente,Céu Claro,Simples,Reta,Não,4.0,0.0,1.0,0.0,2.0,1.0,1.0,3.0,"-26,20122513","-49,88054366",SPRF-SC,DEL06-SC,UOP01-DEL06-SC
419932,2022-03-11,sexta-feira,14:15:00,SC,282.0,526,XAXIM,Transitar na contramão,Colisão frontal,Com Vítimas Feridas,Pleno dia,Crescente,Nublado,Simples,Curva,Não,3.0,0.0,1.0,0.0,2.0,0.0,1.0,3.0,"-26,969427","-52,57497",SPRF-SC,DEL07-SC,UOP01-DEL07-SC
419938,2022-03-11,sexta-feira,16:00:00,SC,282.0,3,FLORIANOPOLIS,Condutor deixou de manter distância do veículo da frente,Colisão traseira,Com Vítimas Feridas,Pleno dia,Crescente,Chuva,Dupla,Reta,Sim,2.0,0.0,1.0,0.0,1.0,0.0,1.0,2.0,"-27,600384","-48,599705",SPRF-SC,DEL01-SC,UOP01-DEL01-SC
419946,2022-03-11,sexta-feira,10:31:00,BA,407.0,"13,3",JUAZEIRO,Transitar na contramão,Colisão frontal,Com Vítimas Fatais,Pleno dia,Decrescente,Céu Claro,Simples,Reta,Não,6.0,1.0,3.0,0.0,0.0,2.0,3.0,4.0,"-9,51262117","-40,45959135",SPRF-BA,DEL04-BA,UOP01-DEL04-BA
419948,2022-03-11,sexta-feira,17:50:00,RS,293.0,15,CAPAO DO LEAO,Condutor deixou de manter distância do veículo da frente,Colisão traseira,Com Vítimas Feridas,Pleno dia,Crescente,Céu Claro,Simples,Reta,Sim,3.0,0.0,2.0,0.0,0.0,1.0,2.0,2.0,"-31,75031415","-52,47109583",SPRF-RS,DEL07-RS,UOP01-DEL07-RS
419951,2022-03-11,sexta-feira,17:45:00,RS,470.0,"163,5",NOVA PRATA,Reação tardia ou ineficiente do condutor,Colisão traseira,Com Vítimas Feridas,Pleno dia,Crescente,Chuva,Simples,Reta,Não,2.0,0.0,1.0,0.0,1.0,0.0,1.0,2.0,"-28,8287496","-51,57911897",SPRF-RS,DEL06-RS,UOP02-DEL06-RS
419956,2022-03-11,sexta-feira,18:25:00,RS,290.0,98,PORTO ALEGRE,Carga excessiva e/ou mal acondicionada,Eventos atípicos,Sem Vítimas,Anoitecer,Decrescente,Nublado,Dupla,Reta,Sim,2.0,0.0,0.0,0.0,2.0,0.0,0.0,2.0,"-29,994816","-51,217403",SPRF-RS,DEL01-RS,UOP01-DEL01-RS
419962,2022-03-11,sexta-feira,16:55:00,PR,476.0,"136,6",CURITIBA,Ausência de reação do condutor,Colisão lateral mesmo sentido,Sem Vítimas,Pleno dia,Crescente,Céu Claro,Múltipla,Reta,Sim,3.0,0.0,0.0,0.0,2.0,2.0,0.0,4.0,"-25,491047","-49,271679",SPRF-PR,DEL01-PR,UOP03-DEL01-PR
419967,2022-03-11,sexta-feira,19:20:00,SC,280.0,"24,2",ARAQUARI,Reação tardia ou ineficiente do condutor,Colisão transversal,Com Vítimas Feridas,Plena Noite,Crescente,Chuva,Simples,Reta,Sim,2.0,0.0,1.0,0.0,1.0,0.0,1.0,2.0,"-26,37724921","-48,71953282",SPRF-SC,DEL03-SC,UOP03-DEL03-SC
419969,2022-03-11,sexta-feira,19:10:00,AL,316.0,"231,4",ATALAIA,Ultrapassagem Indevida,Colisão frontal,Com Vítimas Fatais,Plena Noite,Decrescente,Céu Claro,Simples,Reta,Não,4.0,1.0,0.0,0.0,2.0,1.0,0.0,4.0,"-9,49408508","-36,109717",SPRF-AL,DEL01-AL,UOP01-DEL01-AL
419975,2022-03-11,sexta-feira,19:50:00,PR,277.0,664,MATELANDIA,Reação tardia ou ineficiente do condutor,Tombamento,Com Vítimas Feridas,Plena Noite,Decrescente,Chuva,Dupla,Reta,Não,1.0,0.0,1.0,0.0,0.0,0.0,1.0,1.0,"-25,25301037","-54,02857196",SPRF-PR,DEL05-PR,UOP02-DEL05-PR
419979,2022-03-11,sexta-feira,18:15:00,SC,163.0,"104,5",SAO JOSE DO CEDRO,Ultrapassagem Indevida,Saída de leito carroçável,Com Vítimas Feridas,Anoitecer,Crescente,Chuva,Múltipla,Curva;Declive,Sim,1.0,0.0,1.0,0.0,0.0,0.0,1.0,1.0,"-26,45385604","-53,51042064",SPRF-SC,DEL07-SC,UOP03-DEL07-SC
419981,2022-03-11,sexta-feira,12:30:00,GO,452.0,134,ITUMBIARA,Condutor Dormindo,Colisão frontal,Com Vítimas Fatais,Pleno dia,Crescente,Céu Claro,Simples,Declive,Não,4.0,2.0,1.0,0.0,0.0,4.0,1.0,6.0,"-18,21271985","-49,75352883",SPRF-GO,DEL03-GO,UOP02-DEL03-GO
419985,2022-03-11,sexta-feira,19:30:00,SC,282.0,"394,2",JOACABA,Chuva,Colisão lateral sentido oposto,Com Vítimas Feridas,Plena Noite,Crescente,Garoa/Chuvisco,Simples,Curva,Não,4.0,0.0,1.0,1.0,1.0,1.0,2.0,3.0,"-27,16017","-51,58284",SPRF-SC,DEL07-SC,UOP05-DEL07-SC
419992,2022-03-11,sexta-feira,14:40:00,BA,101.0,79,ALAGOINHAS,Demais falhas na via,Tombamento,Sem Vítimas,Pleno dia,Decrescente,Céu Claro,Dupla,Curva;Em Obras,Não,2.0,0.0,0.0,0.0,1.0,1.0,0.0,2.0,"-12,01196305","-38,26882996",SPRF-BA,DEL01-BA,UOP04-DEL01-BA
419994,2022-03-11,sexta-feira,18:15:00,MG,116.0,"280,3",TEOFILO OTONI,Estacionar ou parar em local proibido,Colisão traseira,Com Vítimas Feridas,Plena Noite,Crescente,Céu Claro,Simples,Curva,Não,3.0,0.0,1.0,0.0,1.0,1.0,1.0,3.0,"-17,88475805","-41,52257715",SPRF-MG,DEL11-MG,UOP01-DEL11-MG
419995,2022-03-11,sexta-feira,17:00:00,BA,242.0,475,IBITIARA,Velocidade Incompatível,Tombamento,Com Vítimas Fatais,Anoitecer,Decrescente,Céu Claro,Simples,Curva,Não,2.0,1.0,0.0,0.0,0.0,2.0,0.0,3.0,"-12,47043626","-42,27006912",SPRF-BA,DEL06-BA,UOP01-DEL06-BA
419996,2022-03-11,sexta-feira,22:10:00,PR,277.0,43,MORRETES,Frear bruscamente,Saída de leito carroçável,Com Vítimas Feridas,Plena Noite,Decrescente,Chuva,Dupla,Curva;Declive,Não,2.0,0.0,1.0,0.0,0.0,1.0,1.0,2.0,"-25,592577","-48,886436",SPRF-PR,DEL01-PR,UOP05-DEL01-PR
420006,2022-03-11,sexta-feira,23:30:00,GO,50.0,175,CAMPO ALEGRE DE GOIAS,Condutor usando celular,Tombamento,Com Vítimas Feridas,Plena Noite,Crescente,Nublado,Dupla,Reta,Não,2.0,0.0,1.0,0.0,0.0,1.0,1.0,2.0,"-17,3721","-47,7879",SPRF-GO,DEL06-GO,UOP01-DEL06-GO
420009,2022-03-11,sexta-feira,23:50:00,PR,116.0,"6,6",CAMPINA GRANDE DO SUL,Chuva,Tombamento,Com Vítimas Fatais,Plena Noite,Crescente,Chuva,Dupla,Reta,Não,4.0,1.0,0.0,0.0,2.0,1.0,0.0,4.0,"-25,08710459","-48,60776389",SPRF-PR,DEL01-PR,UOP02-DEL01-PR
420011,2022-03-11,sexta-feira,22:25:00,SC,101.0,352,JAGUARUNA,Pedestre andava na pista,Atropelamento de Pedestre,Com Vítimas Fatais,Plena Noite,Decrescente,Chuva,Dupla,Declive;Reta,Sim,2.0,1.0,0.0,0.0,1.0,0.0,0.0,2.0,"-28,6132902","-49,0632878",SPRF-SC,DEL02-SC,UOP01-DEL02-SC
420015,2022-03-12,sábado,00:05:00,BA,116.0,499,SANTA TERESINHA,Condutor Dormindo,Saída de leito carroçável,Com Vítimas Feridas,Plena Noite,Decrescente,Céu Claro,Simples,Reta,Não,2.0,0.0,1.0,0.0,0.0,1.0,1.0,2.0,"-12,5856623","-39,52239348",SPRF-BA,DEL03-BA,UOP02-DEL03-BA
420020,2022-03-12,sábado,01:10:00,PR,277.0,"730,5",FOZ DO IGUACU,Reação tardia ou ineficiente do condutor,Colisão com objeto,Sem Vítimas,Plena Noite,Decrescente,Céu Claro,Dupla,Reta,Sim,4.0,0.0,0.0,0.0,1.0,3.0,0.0,4.0,"-25,509506","-54,597525",SPRF-PR,DEL05-PR,UOP03-DEL05-PR
420022,2022-03-11,sexta-feira,20:35:00,SC,470.0,108,IBIRAMA,Velocidade Incompatível,Colisão frontal,Com Vítimas Feridas,Plena Noite,Crescente,Chuva,Simples,Curva,Não,2.0,0.0,0.0,1.0,1.0,0.0,1.0,2.0,"-27,080708","-49,440491",SPRF-SC,DEL04-SC,UOP02-DEL04-SC
420024,2022-03-12,sábado,02:20:00,MG,40.0,125,JOAO PINHEIRO,Acessar a via sem observar a presença dos outros veículos,Colisão frontal,Com Vítimas Feridas,Plena Noite,Crescente,Céu Claro,Simples,Reta,Não,4.0,0.0,3.0,0.0,1.0,0.0,3.0,2.0,"-17,68344125","-46,32495023",SPRF-MG,DEL14-MG,UOP01-DEL14-MG
420028,2022-03-12,sábado,03:00:00,PR,116.0,62,QUATRO BARRAS,Pedestre andava na pista,Atropelamento de Pedestre,Com Vítimas Fatais,Plena Noite,Crescente,Garoa/Chuvisco,Dupla,Reta,Não,3.0,1.0,0.0,0.0,1.0,2.0,0.0,4.0,"-25,30561332","-48,9732999",SPRF-PR,DEL01-PR,UOP02-DEL01-PR
420035,2022-03-12,sábado,04:50:00,RS,116.0,297,GUAIBA,Ingestão de álcool pelo condutor,Colisão traseira,Sem Vítimas,Amanhecer,Crescente,Céu Claro,Dupla,Reta,Sim,2.0,0.0,0.0,0.0,2.0,0.0,0.0,2.0,"-30,09753097","-51,34302937",SPRF-RS,DEL02-RS,UOP01-DEL02-RS
420036,2022-03-11,sexta-feira,19:40:00,MA,135.0,110,ITAPECURU MIRIM,Reação tardia ou ineficiente do condutor,Colisão traseira,Com Vítimas Feridas,Plena Noite,Decrescente,Chuva,Simples,Reta,Não,5.0,0.0,1.0,0.0,3.0,4.0,1.0,7.0,"-3,43517703","-44,52090589",SPRF-MA,DEL01-MA,UOP02-DEL01-MA
420046,2022-03-12,sábado,04:30:00,SP,381.0,38,ATIBAIA,Chuva,Colisão com objeto,Sem Vítimas,Plena Noite,Decrescente,Chuva,Dupla,Reta,Sim,2.0,0.0,0.0,0.0,1.0,1.0,0.0,2.0,"-23,1133221","-46,57174974",SPRF-SP,DEL03-SP,UOP01-DEL03-SP
420051,2022-03-12,sábado,04:50:00,MG,50.0,43,ARAGUARI,Ingestão de álcool pelo condutor,Colisão traseira,Com Vítimas Feridas,Amanhecer,Decrescente,Céu Claro,Dupla,Reta,Não,6.0,0.0,4.0,0.0,1.0,3.0,4.0,5.0,"-18,69834223","-48,1855417",SPRF-MG,DEL15-MG,UOP02-DEL15-MG
420055,2022-03-12,sábado,04:15:00,MT,364.0,136,PEDRA PRETA,Velocidade Incompatível,Saída de leito carroçável,Com Vítimas Feridas,Plena Noite,Crescente,Ignorado,Simples,Declive;Curva,Não,2.0,0.0,0.0,1.0,1.0,0.0,1.0,2.0,"-16,79928242","-54,18148041",SPRF-MT,DEL02-MT,UOP01-DEL02-MT
420056,2022-03-12,sábado,06:35:00,SC,116.0,235,CORREIA PINTO,Reação tardia ou ineficiente do condutor,Tombamento,Com Vítimas Feridas,Amanhecer,Crescente,Nublado,Simples,Curva,Não,2.0,0.0,0.0,1.0,0.0,1.0,1.0,2.0,"-27,711685","-50,33625903",SPRF-SC,DEL05-SC,UOP01-DEL05-SC
420057,2022-03-12,sábado,06:08:00,RS,392.0,"232,7",CACAPAVA DO SUL,Reação tardia ou ineficiente do condutor,Colisão frontal,Com Vítimas Feridas,Amanhecer,Crescente,Céu Claro,Simples,Ponte,Não,3.0,0.0,1.0,0.0,1.0,2.0,1.0,4.0,"-30,64879731","-53,29360229",SPRF-RS,DEL09-RS,UOP02-DEL09-RS
420058,2022-03-12,sábado,04:50:00,MG,381.0,677,PERDOES,Condutor Dormindo,Colisão traseira,Com Vítimas Feridas,Amanhecer,Crescente,Céu Claro,Dupla,Reta,Não,3.0,0.0,1.0,0.0,1.0,2.0,1.0,4.0,"-21,13158479","-45,10263635",SPRF-MG,DEL04-MG,UOP02-DEL04-MG
420059,2022-03-12,sábado,06:50:00,CE,116.0,13,FORTALEZA,Acessar a via sem observar a presença dos outros veículos,Colisão com objeto,Sem Vítimas,Pleno dia,Crescente,Céu Claro,Dupla,Reta,Não,3.0,0.0,0.0,0.0,2.0,1.0,0.0,3.0,"-3,86088501","-38,49715296",SPRF-CE,DEL01-CE,UOP02-DEL01-CE
420062,2022-03-12,sábado,06:00:00,RJ,101.0,"148,4",MACAE,Ausência de reação do condutor,Colisão lateral sentido oposto,Com Vítimas Feridas,Amanhecer,Crescente,Sol,Simples,Curva,Não,9.0,0.0,4.0,0.0,2.0,3.0,4.0,3.0,"-22,2325541","-41,78406897",SPRF-RJ,DEL08-RJ,UOP04-DEL08-RJ
420063,2022-03-12,sábado,07:00:00,SP,116.0,402,MIRACATU,Condutor Dormindo,Colisão com objeto,Sem Vítimas,Pleno dia,Decrescente,Nublado,Dupla,Reta,Não,1.0,0.0,0.0,0.0,1.0,0.0,0.0,1.0,"-24,31365773","-47,5187501",SPRF-SP,DEL04-SP,UOP02-DEL04-SP
420065,2022-03-12,sábado,05:40:00,MA,222.0,600,ACAILANDIA,Chuva,Saída de leito carroçável,Com Vítimas Feridas,Amanhecer,Decrescente,Chuva,Simples,Reta,Não,1.0,0.0,1.0,0.0,0.0,0.0,1.0,1.0,"-4,60806234","-46,93476471",SPRF-MA,DEL04-MA,UOP03-DEL04-MA
420067,2022-03-12,sábado,07:20:00,ES,101.0,296,CARIACICA,Manobra de mudança de faixa,Colisão lateral mesmo sentido,Com Vítimas Feridas,Pleno dia,Decrescente,Céu Claro,Dupla,Curva;Viaduto,Sim,5.0,0.0,3.0,0.0,1.0,1.0,3.0,3.0,"-20,34029997","-40,40405712",SPRF-ES,DEL01-ES,UOP01-DEL01-ES
420072,2022-03-12,sábado,06:00:00,GO,20.0,28,FORMOSA,Manobra de mudança de faixa,Tombamento,Com Vítimas Feridas,Amanhecer,Crescente,Céu Claro,Simples,Reta,Não,2.0,0.0,1.0,0.0,0.0,1.0,1.0,2.0,"-15,513292","-47,119678",SPRF-DF,DEL02-DF,UOP01-DEL02-DF
420074,2022-03-12,sábado,05:00:00,MT,364.0,454,VARZEA GRANDE,Reação tardia ou ineficiente do condutor,Saída de leito carroçável,Sem Vítimas,Amanhecer,Decrescente,Ignorado,Simples,Reta,Não,2.0,0.0,0.0,0.0,0.0,4.0,0.0,4.0,"-15,57112002","-56,25205994",SPRF-MT,DEL01-MT,UOP02-DEL01-MT
420076,2022-03-12,sábado,08:00:00,PR,116.0,26,CAMPINA GRANDE DO SUL,Chuva,Saída de leito carroçável,Com Vítimas Feridas,Amanhecer,Decrescente,Chuva,Dupla,Reta,Não,2.0,0.0,1.0,0.0,0.0,1.0,1.0,2.0,"-25,10683694","-48,785333",SPRF-PR,DEL01-PR,UOP02-DEL01-PR
420083,2022-03-12,sábado,08:05:00,RJ,101.0,123,CAMPOS DOS GOYTACAZES,Ausência de reação do condutor,Colisão traseira,Com Vítimas Feridas,Pleno dia,Decrescente,Sol,Dupla,Reta,Não,6.0,0.0,1.0,0.0,4.0,1.0,1.0,3.0,"-22,04977255","-41,68404866",SPRF-RJ,DEL08-RJ,UOP02-DEL08-RJ
420086,2022-03-12,sábado,07:20:00,RS,290.0,"19,6",SANTO ANTONIO DA PATRULHA,Manobra de mudança de faixa,Colisão lateral mesmo sentido,Com Vítimas Feridas,Pleno dia,Decrescente,Céu Claro,Dupla,Reta,Não,4.0,0.0,1.0,0.0,2.0,1.0,1.0,3.0,"-29,886758","-50,450964",SPRF-RS,DEL03-RS,UOP01-DEL03-RS
420088,2022-03-12,sábado,09:50:00,RS,386.0,"325,2",MARQUES DE SOUZA,Demais falhas mecânicas ou elétricas,Colisão traseira,Sem Vítimas,Pleno dia,Decrescente,Céu Claro,Simples,Reta,Não,3.0,0.0,0.0,0.0,3.0,0.0,0.0,2.0,"-29,318314","-52,104053",SPRF-RS,DEL04-RS,UOP01-DEL04-RS
420091,2022-03-12,sábado,04:30:00,PR,476.0,"307,5",SAO MATEUS DO SUL,Ingestão de álcool pelo condutor,Colisão frontal,Com Vítimas Feridas,Amanhecer,Decrescente,Chuva,Simples,Aclive,Não,8.0,0.0,5.0,2.0,1.0,0.0,7.0,2.0,"-26,014744","-50,623989",SPRF-PR,DEL02-PR,UOP04-DEL02-PR
420095,2022-03-12,sábado,06:00:00,MG,251.0,373,GRAO MOGOL,Ultrapassagem Indevida,Saída de leito carroçável,Com Vítimas Feridas,Pleno dia,Decrescente,Céu Claro,Simples,Reta,Não,2.0,0.0,1.0,0.0,0.0,2.0,1.0,3.0,"-16,30001705","-42,70984099",SPRF-MG,DEL12-MG,UOP01-DEL12-MG
420096,2022-03-12,sábado,09:40:00,PR,116.0,7,CAMPINA GRANDE DO SUL,Condutor deixou de manter distância do veículo da frente,Colisão traseira,Com Vítimas Feridas,Pleno dia,Crescente,Garoa/Chuvisco,Dupla,Curva;Declive,Não,5.0,0.0,1.0,0.0,3.0,1.0,1.0,3.0,"-25,08235366","-48,61499799",SPRF-PR,DEL01-PR,UOP02-DEL01-PR
420101,2022-03-12,sábado,10:35:00,ES,101.0,147,LINHARES,Acessar a via sem observar a presença dos outros veículos,Colisão transversal,Com Vítimas Feridas,Pleno dia,Crescente,Céu Claro,Simples,Interseção de Vias,Sim,3.0,0.0,1.0,0.0,1.0,3.0,1.0,5.0,"-19,37887202","-40,06657892",SPRF-ES,DEL04-ES,UOP01-DEL04-ES
420102,2022-03-12,sábado,10:50:00,MG,381.0,"413,5",NOVA UNIAO,Condutor Dormindo,Colisão traseira,Com Vítimas Feridas,Pleno dia,Crescente,Céu Claro,Dupla,Reta,Não,4.0,0.0,1.0,1.0,1.0,1.0,2.0,3.0,"-19,74091908","-43,60699698",SPRF-MG,DEL01-MG,UOP01-DEL01-MG
420104,2022-03-12,sábado,11:50:00,MG,40.0,"739,7",SANTOS DUMONT,Velocidade Incompatível,Tombamento,Com Vítimas Feridas,Pleno dia,Crescente,Céu Claro,Simples,Curva,Não,2.0,0.0,0.0,1.0,0.0,1.0,1.0,2.0,"-21,39953901","-43,56507286",SPRF-MG,DEL05-MG,UOP01-DEL05-MG
420106,2022-03-12,sábado,11:15:00,RJ,493.0,90,SEROPEDICA,Ausência de reação do condutor,Saída de leito carroçável,Com Vítimas Feridas,Pleno dia,Crescente,Nublado,Dupla,Reta,Sim,2.0,0.0,1.0,0.0,0.0,1.0,1.0,2.0,"-22,67564291","-43,65535106",SPRF-RJ,DEL03-RJ,UOP01-DEL03-RJ
420130,2022-03-12,sábado,13:40:00,PB,230.0,27,JOAO PESSOA,Carga excessiva e/ou mal acondicionada,Tombamento,Sem Vítimas,Pleno dia,Crescente,Céu Claro,Simples,Curva,Sim,3.0,0.0,0.0,0.0,1.0,2.0,0.0,2.0,"-7,1677","-34,8855",SPRF-PB,DEL01-PB,UOP01-DEL01-PB
420132,2022-02-18,sexta-feira,17:00:00,RO,364.0,71,VILHENA,Ultrapassagem Indevida,Colisão lateral sentido oposto,Com Vítimas Feridas,Pleno dia,Crescente,Nublado,Simples,Reta,Não,9.0,0.0,0.0,3.0,5.0,6.0,3.0,10.0,"-12,45997357","-60,50376957",SPRF-RO,DEL04-RO,UOP01-DEL04-RO
420137,2022-03-12,sábado,14:50:00,BA,116.0,587,NOVA ITARANA,Ultrapassagem Indevida,Colisão frontal,Com Vítimas Feridas,Pleno dia,Decrescente,Céu Claro,Simples,Declive,Não,6.0,0.0,1.0,0.0,4.0,2.0,1.0,6.0,"-13,1436317","-40,0042574",SPRF-BA,DEL03-BA,UOP02-DEL03-BA
420138,2022-03-12,sábado,13:05:00,MG,381.0,350,JOAO MONLEVADE,Demais falhas mecânicas ou elétricas,Colisão com objeto,Sem Vítimas,Pleno dia,Crescente,Nublado,Simples,Ponte,Não,4.0,0.0,0.0,0.0,3.0,1.0,0.0,3.0,"-19,84953832","-43,15779198",SPRF-MG,DEL03-MG,UOP01-DEL03-MG
420140,2022-03-12,sábado,13:00:00,MG,262.0,"35,1",MANHUACU,Entrada inopinada do pedestre,Atropelamento de Pedestre,Com Vítimas Feridas,Pleno dia,Decrescente,Sol,Simples,Curva,Sim,2.0,0.0,1.0,0.0,1.0,0.0,1.0,2.0,"-20,2592562","-42,01698194",SPRF-MG,DEL06-MG,UOP03-DEL06-MG