id,data_inversa,dia_semana,horario,uf,br,km,municipio,causa_acidente,tipo_acidente,classificacao_acidente,fase_dia,sentido_via,condicao_metereologica,tipo_pista,tracado_via,uso_solo,pessoas,mortos,feridos_leves,feridos_graves,ilesos,ignorados,feridos,veiculos,latitude,longitude,regional,delegacia,uop
420141,2022-03-12,sábado,09:40:00,SC,282.0,"620,2",IRACEMINHA,Ausência de reação do condutor,Colisão lateral mesmo sentido,Com Vítimas Feridas,Pleno dia,Crescente,Nublado,Simples,Curva;Aclive,Não,5.0,0.0,0.0,1.0,3.0,1.0,1.0,5.0,"-26,799355","-53,308002",SPRF-SC,DEL07-SC,UOP02-DEL07-SC
420143,2022-03-12,sábado,14:30:00,CE,222.0,47,SAO GONCALO DO AMARANTE,Condutor deixou de manter distância do veículo da frente,Colisão traseira,Sem Vítimas,Pleno dia,Decrescente,Nublado,Simples,Aclive,Não,4.0,0.0,0.0,0.0,3.0,3.0,0.0,6.0,"-3,67128381","-38,96679811",SPRF-CE,DEL01-CE,UOP03-DEL01-CE
420145,2022-03-12,sábado,14:30:00,BA,324.0,"532,5",FEIRA DE SANTANA,Ausência de reação do condutor,Colisão com objeto,Com Vítimas Feridas,Pleno dia,Crescente,Céu Claro,Dupla,Reta,Não,6.0,0.0,5.0,0.0,0.0,2.0,5.0,4.0,"-12,33921226","-38,8474782",SPRF-BA,DEL01-BA,UOP03-DEL01-BA
420147,2022-03-12,sábado,15:20:00,BA,110.0,326,ALAGOINHAS,Ultrapassagem Indevida,Saída de leito carroçável,Com Vítimas Feridas,Pleno dia,Decrescente,Céu Claro,Simples,Reta,Não,4.0,0.0,1.0,0.0,2.0,1.0,1.0,4.0,"-12,06104513","-38,35573375",SPRF-BA,DEL01-BA,UOP04-DEL01-BA
420148,2022-03-12,sábado,13:44:00,PR,376.0,"262,1",CALIFORNIA,Acumulo de água sobre o pavimento,Colisão lateral mesmo sentido,Com Vítimas Fatais,Pleno dia,Crescente,Chuva,Dupla,Reta,Não,4.0,1.0,0.0,1.0,1.0,2.0,1.0,4.0,"-23,71590684","-51,31665496",SPRF-PR,DEL07-PR,UOP02-DEL07-PR
420162,2022-03-12,sábado,16:00:00,PR,116.0,25,CAMPINA GRANDE DO SUL,Chuva,Saída de leito carroçável,Com Vítimas Feridas,Pleno dia,Crescente,Chuva,Dupla,Reta,Não,2.0,0.0,1.0,0.0,0.0,1.0,1.0,2.0,"-25,10784511","-48,77548601",SPRF-PR,DEL01-PR,UOP02-DEL01-PR
420164,2022-03-12,sábado,17:30:00,MG,381.0,"597,8",CARMOPOLIS DE MINAS,Velocidade Incompatível,Colisão traseira,Com Vítimas Feridas,Pleno dia,Crescente,Céu Claro,Dupla,Reta;Aclive,Não,5.0,0.0,0.0,3.0,1.0,1.0,3.0,3.0,"-20,588581","-44,696573",SPRF-MG,DEL04-MG,UOP01-DEL04-MG
420168,2022-03-12,sábado,17:20:00,PR,376.0,437,TIBAGI,Chuva,Colisão lateral mesmo sentido,Com Vítimas Feridas,Pleno dia,Decrescente,Chuva,Dupla,Curva,Não,4.0,0.0,1.0,0.0,2.0,2.0,1.0,4.0,"-24,84593393","-50,47413272",SPRF-PR,DEL03-PR,UOP02-DEL03-PR
420170,2022-03-12,sábado,15:50:00,MG,0.0,0,FRANCISCO SA,Ausência de reação do condutor,Saída de leito carroçável,Com Vítimas Feridas,Pleno dia,Não Informado,Céu Claro,Simples,Reta;Declive,Não,1.0,0.0,1.0,0.0,0.0,0.0,1.0,1.0,"-16,6537048","-43,7178826",SPRF-MG,DEL12-MG,
420184,2022-03-12,sábado,13:00:00,MT,70.0,120,GENERAL CARNEIRO,Acumulo de água sobre o pavimento,Tombamento,Sem Vítimas,Pleno dia,Crescente,Nublado,Simples,Curva,Não,2.0,0.0,0.0,0.0,1.0,2.0,0.0,3.0,"-15,59752533","-53,12106998",SPRF-MT,DEL07-MT,UOP01-DEL07-MT
420190,2022-03-12,sábado,18:20:00,ES,101.0,"34,5",CONCEICAO DA BARRA,Ingestão de álcool pelo condutor,Colisão lateral mesmo sentido,Sem Vítimas,Plena Noite,Crescente,Céu Claro,Simples,Reta,Sim,2.0,0.0,0.0,0.0,2.0,0.0,0.0,2.0,"-18,43474232","-39,933535",SPRF-ES,DEL04-ES,UOP02-DEL04-ES
420192,2022-03-12,sábado,15:10:00,MT,163.0,734,SORRISO,Reação tardia ou ineficiente do condutor,Tombamento,Com Vítimas Feridas,Pleno dia,Crescente,Céu Claro,Simples,Reta,Não,7.0,0.0,1.0,0.0,6.0,0.0,1.0,3.0,"-12,8025621","-55,83257338",SPRF-MT,DEL06-MT,UOP01-DEL06-MT
420195,2022-03-12,sábado,13:37:00,PR,376.0,323,ORTIGUEIRA,Reação tardia ou ineficiente do condutor,Tombamento,Sem Vítimas,Pleno dia,Crescente,Céu Claro,Simples,Curva,Não,2.0,0.0,0.0,0.0,1.0,1.0,0.0,2.0,"-24,08461562","-51,05810165",SPRF-PR,DEL07-PR,UOP02-DEL07-PR
420203,2022-03-12,sábado,19:10:00,SC,101.0,"393,4",CRICIUMA,Retorno proibido,Colisão transversal,Com Vítimas Feridas,Plena Noite,Decrescente,Chuva,Dupla,Reta,Não,6.0,0.0,3.0,2.0,1.0,0.0,5.0,3.0,"-28,8094198","-49,37995008",SPRF-SC,DEL02-SC,UOP02-DEL02-SC
420228,2022-03-12,sábado,22:19:00,MS,163.0,130,NAVIRAI,Carga excessiva e/ou mal acondicionada,Colisão com objeto,Sem Vítimas,Plena Noite,Decrescente,Nublado,Múltipla,Reta,Não,2.0,0.0,0.0,0.0,1.0,1.0,0.0,2.0,"-23,04066227","-54,25978117",SPRF-MS,DEL09-MS,UOP01-DEL09-MS
420240,2022-03-12,sábado,23:40:00,GO,452.0,186,ITUMBIARA,Chuva,Saída de leito carroçável,Com Vítimas Feridas,Plena Noite,Crescente,Chuva,Simples,Curva,Não,2.0,0.0,0.0,1.0,0.0,1.0,1.0,2.0,"-18,4008952","-49,31007395",SPRF-GO,DEL03-GO,UOP02-DEL03-GO
420259,2022-03-13,domingo,00:20:00,PE,316.0,"7,4",ARARIPINA,Avarias e/ou desgaste excessivo no pneu,Colisão lateral sentido oposto,Com Vítimas Feridas,Plena Noite,Crescente,Ignorado,Simples,Reta,Não,3.0,0.0,1.0,0.0,1.0,2.0,1.0,4.0,"-7,48071193","-40,61057493",SPRF-PE,DEL05-PE,UOP02-DEL05-PE
420260,2022-03-12,sábado,21:20:00,MA,230.0,"205,9",SAO DOMINGOS DO AZEITAO,Ausência de reação do condutor,Colisão traseira,Com Vítimas Fatais,Plena Noite,Crescente,Céu Claro,Simples,Reta,Não,2.0,1.0,0.0,0.0,1.0,0.0,0.0,2.0,"-6,82267444","-44,55176223",SPRF-MA,DEL05-MA,UOP01-DEL05-MA
420280,2022-02-01,terça-feira,16:15:00,CE,222.0,"314,8",TIANGUA,Acessar a via sem observar a presença dos outros veículos,Colisão transversal,Com Vítimas Feridas,Pleno dia,Crescente,Sol,Simples,Interseção de Vias;Reta,Sim,2.0,0.0,0.0,1.0,1.0,0.0,1.0,2.0,"-3,738862","-41,005386",SPRF-CE,DEL04-CE,UOP02-DEL04-CE
420285,2022-03-13,domingo,06:10:00,PR,116.0,72,QUATRO BARRAS,Demais falhas mecânicas ou elétricas,Incêndio,Sem Vítimas,Amanhecer,Crescente,Garoa/Chuvisco,Dupla,Reta,Não,2.0,0.0,0.0,0.0,1.0,2.0,0.0,3.0,"-25,351671","-49,0425",SPRF-PR,DEL01-PR,UOP01-DEL01-PR
420288,2022-03-13,domingo,08:00:00,RS,116.0,"524,8",PELOTAS,Acessar a via sem observar a presença dos outros veículos,Colisão lateral mesmo sentido,Com Vítimas Feridas,Pleno dia,Decrescente,Nublado,Múltipla,Rotatória;Interseção de Vias;Viaduto;Reta,Sim,3.0,0.0,1.0,0.0,1.0,2.0,1.0,4.0,"-31,73518434","-52,39245772",SPRF-RS,DEL07-RS,UOP01-DEL07-RS
420301,2022-03-13,domingo,09:15:00,RS,386.0,"18,5",FREDERICO WESTPHALEN,Reação tardia ou ineficiente do condutor,Tombamento,Com Vítimas Feridas,Pleno dia,Decrescente,Nublado,Simples,Curva,Não,2.0,0.0,1.0,0.0,0.0,1.0,1.0,2.0,"-27,252237","-53,342907",SPRF-RS,DEL08-RS,UOP02-DEL08-RS
420302,2022-03-13,domingo,08:25:00,SP,116.0,"34,5",CRUZEIRO,Ausência de reação do condutor,Colisão lateral mesmo sentido,Com Vítimas Feridas,Pleno dia,Decrescente,Céu Claro,Múltipla,Aclive,Não,3.0,0.0,1.0,0.0,1.0,1.0,1.0,3.0,"-22,65447396","-44,95940103",SPRF-SP,DEL08-SP,UOP02-DEL08-SP
420304,2022-03-13,domingo,06:30:00,AM,174.0,1022,PRESIDENTE FIGUEIREDO,Reação tardia ou ineficiente do condutor,Tombamento,Com Vítimas Feridas,Pleno dia,Decrescente,Nublado,Simples,Reta,Não,2.0,0.0,1.0,0.0,0.0,1.0,1.0,2.0,"-1,81517602","-60,14558609",SPRF-AM,DEL01-AM,UOP02-DEL01-AM
420308,2022-03-13,domingo,08:00:00,PR,116.0,40,CAMPINA GRANDE DO SUL,Velocidade Incompatível,Colisão com objeto,Sem Vítimas,Pleno dia,Crescente,Chuva,Dupla,Reta,Não,2.0,0.0,0.0,0.0,1.0,1.0,0.0,2.0,"-25,16445203","-48,86237697",SPRF-PR,DEL01-PR,UOP02-DEL01-PR
420311,2022-03-13,domingo,09:00:00,MG,381.0,425,CAETE,Velocidade Incompatível,Colisão lateral mesmo sentido,Com Vítimas Feridas,Pleno dia,Crescente,Sol,Dupla,Curva;Aclive,Não,7.0,0.0,3.0,0.0,3.0,1.0,3.0,4.0,"-19,788577","-43,672135",SPRF-MG,DEL01-MG,UOP01-DEL01-MG
420313,2022-03-13,domingo,06:40:00,MG,116.0,"227,4",TEOFILO OTONI,Transitar na contramão,Colisão frontal,Com Vítimas Fatais,Pleno dia,Crescente,Sol,Simples,Curva,Não,2.0,1.0,1.0,0.0,0.0,0.0,1.0,2.0,"-17,46112209","-41,49712931",SPRF-MG,DEL11-MG,UOP01-DEL11-MG
420317,2022-03-13,domingo,09:45:00,PB,230.0,"37,6",SANTA RITA,Pedestre cruzava a pista fora da faixa,Atropelamento de Pedestre,Com Vítimas Fatais,Pleno dia,Crescente,Nublado,Dupla,Reta;Aclive,Sim,3.0,1.0,0.0,0.0,1.0,1.0,0.0,3.0,"-7,12929345","-34,95360252",SPRF-PB,DEL01-PB,UOP03-DEL01-PB
420321,2022-03-13,domingo,10:45:00,GO,414.0,438,ANAPOLIS,Acessar a via sem observar a presença dos outros veículos,Colisão transversal,Com Vítimas Feridas,Pleno dia,Decrescente,Céu Claro,Simples,Aclive;Reta,Sim,4.0,0.0,2.0,1.0,0.0,1.0,3.0,3.0,"-16,27247393","-48,94040427",SPRF-GO,DEL02-GO,UOP01-DEL02-GO
420331,2022-03-13,domingo,10:30:00,PI,135.0,357,BOM JESUS,Demais falhas mecânicas ou elétricas,Eventos atípicos,Com Vítimas Feridas,Pleno dia,Decrescente,Céu Claro,Simples,Reta,Não,3.0,0.0,1.0,0.0,1.0,2.0,1.0,4.0,"-9,1138798","-44,37301329",SPRF-PI,DEL03-PI,UOP02-DEL03-PI
420334,2022-03-13,domingo,12:50:00,PR,376.0,660,TIJUCAS DO SUL,Velocidade Incompatível,Tombamento,Com Vítimas Feridas,Pleno dia,Crescente,Garoa/Chuvisco,Dupla,Curva;Aclive,Não,3.0,0.0,2.0,0.0,0.0,1.0,2.0,2.0,"-25,85219484","-48,99322987",SPRF-PR,DEL01-PR,UOP04-DEL01-PR
420336,2022-03-13,domingo,13:05:00,SP,153.0,"101,5",JOSE BONIFACIO,Ingestão de álcool ou de substâncias psicoativas pelo pedestre,Tombamento,Com Vítimas Feridas,Pleno dia,Decrescente,Nublado,Simples,Reta,Não,2.0,0.0,0.0,1.0,0.0,1.0,1.0,2.0,"-21,01481034","-49,63820457",SPRF-SP,DEL09-SP,UOP01-DEL09-SP
420338,2022-03-13,domingo,12:40:00,MT,158.0,"627,3",AGUA BOA,Condutor Dormindo,Saída de leito carroçável,Com Vítimas Feridas,Pleno dia,Crescente,Céu Claro,Simples,Reta,Não,2.0,0.0,1.0,1.0,0.0,0.0,2.0,1.0,"-14,50888009","-52,29429484",SPRF-MT,DEL07-MT,UOP02-DEL07-MT
420349,2022-03-13,domingo,14:25:00,SC,282.0,"56,4",RANCHO QUEIMADO,Objeto estático sobre o leito carroçável,Colisão lateral mesmo sentido,Sem Vítimas,Pleno dia,Decrescente,Chuva,Simples,Curva,Não,2.0,0.0,0.0,0.0,2.0,0.0,0.0,2.0,"-27,691633","-48,991375",SPRF-SC,DEL01-SC,UOP03-DEL01-SC
420358,2022-03-13,domingo,15:10:00,ES,101.0,"204,5",JOAO NEIVA,Ausência de reação do condutor,Colisão transversal,Com Vítimas Feridas,Pleno dia,Crescente,Céu Claro,Simples,Rotatória,Sim,4.0,0.0,0.0,2.0,1.0,1.0,2.0,3.0,"-19,74948916","-40,37922678",SPRF-ES,DEL02-ES,UOP01-DEL02-ES
420360,2022-03-13,domingo,15:30:00,SP,153.0,"62,2",SAO JOSE DO RIO PRETO,Obstrução na via,Colisão traseira,Com Vítimas Feridas,Pleno dia,Decrescente,Sol,Dupla,Declive;Reta,Sim,5.0,0.0,1.0,0.0,3.0,3.0,1.0,7.0,"-20,81325404","-49,35675563",SPRF-SP,DEL09-SP,UOP01-DEL09-SP
420363,2022-03-13,domingo,15:50:00,RJ,116.0,278,BARRA MANSA,Chuva,Colisão lateral mesmo sentido,Com Vítimas Fatais,Pleno dia,Crescente,Chuva,Dupla,Reta,Não,6.0,1.0,2.0,0.0,2.0,1.0,2.0,3.0,"-22,55271018","-44,17778004",SPRF-RJ,DEL07-RJ,UOP02-DEL07-RJ
420364,2022-03-13,domingo,12:40:00,MT,364.0,164,PEDRA PRETA,Demais falhas mecânicas ou elétricas,Colisão com objeto,Com Vítimas Feridas,Pleno dia,Decrescente,Céu Claro,Simples,Reta,Não,3.0,0.0,0.0,1.0,1.0,1.0,1.0,2.0,"-16,68636802","-54,29037703",SPRF-MT,DEL02-MT,UOP01-DEL02-MT
420371,2022-03-13,domingo,16:15:00,SP,116.0,218,GUARULHOS,Chuva,Colisão com objeto,Com Vítimas Feridas,Pleno dia,Crescente,Chuva,Múltipla,Reta,Sim,2.0,0.0,1.0,0.0,0.0,1.0,1.0,2.0,"-23,457972","-46,479927",SPRF-SP,DEL01-SP,UOP01-DEL01-SP
420376,2022-03-13,domingo,16:40:00,SP,116.0,"23,8",SILVEIRAS,Demais falhas mecânicas ou elétricas,Colisão traseira,Com Vítimas Feridas,Pleno dia,Decrescente,Nublado,Dupla,Curva,Não,4.0,0.0,0.0,1.0,2.0,2.0,1.0,5.0,"-22,58978112","-44,88535587",SPRF-SP,DEL08-SP,UOP02-DEL08-SP
420387,2022-03-13,domingo,15:40:00,MG,40.0,267,SAO GONCALO DO ABAETE,Transitar na contramão,Colisão lateral sentido oposto,Com Vítimas Fatais,Pleno dia,Decrescente,Céu Claro,Simples,Aclive,Não,9.0,1.0,5.0,0.0,2.0,1.0,5.0,4.0,"-18,16391836","-45,29936137",SPRF-MG,DEL14-MG,UOP02-DEL14-MG
420410,2022-03-13,domingo,18:47:00,RJ,116.0,135,DUQUE DE CAXIAS,Condutor deixou de manter distância do veículo da frente,Engavetamento,Com Vítimas Feridas,Plena Noite,Crescente,Céu Claro,Dupla,Reta,Sim,6.0,0.0,1.0,0.0,4.0,2.0,1.0,5.0,"-22,67022","-43,274903",SPRF-RJ,DEL04-RJ,UOP02-DEL04-RJ
420413,2022-03-13,domingo,19:30:00,CE,116.0,374,ICO,Reação tardia ou ineficiente do condutor,Colisão traseira,Sem Vítimas,Plena Noite,Crescente,Céu Claro,Simples,Reta,Sim,3.0,0.0,0.0,0.0,1.0,2.0,0.0,3.0,"-6,38981779","-38,82378617",SPRF-CE,DEL05-CE,UOP01-DEL05-CE
420418,2022-03-13,domingo,16:25:00,RS,285.0,293,PASSO FUNDO,Velocidade Incompatível,Tombamento,Com Vítimas Feridas,Pleno dia,Crescente,Garoa/Chuvisco,Dupla,Interseção de Vias,Sim,2.0,0.0,0.0,1.0,0.0,1.0,1.0,2.0,"-28,236645","-52,375156",SPRF-RS,DEL08-RS,UOP03-DEL08-RS
420424,2022-03-13,domingo,20:20:00,RJ,40.0,103,DUQUE DE CAXIAS,Avarias e/ou desgaste excessivo no pneu,Incêndio,Sem Vítimas,Plena Noite,Crescente,Céu Claro,Dupla,Reta,Sim,1.0,0.0,0.0,0.0,1.0,0.0,0.0,1.0,"-22,62009","-43,286922",SPRF-RJ,DEL01-RJ,UOP01-DEL01-RJ
420426,2022-03-13,domingo,15:15:00,MT,70.0,"604,9",POCONE,Chuva,Colisão frontal,Com Vítimas Feridas,Pleno dia,Crescente,Chuva,Simples,Curva,Não,2.0,0.0,0.0,1.0,1.0,0.0,1.0,2.0,"-15,851545","-56,848357",SPRF-MT,DEL03-MT,UOP02-DEL03-MT
420427,2022-03-13,domingo,20:17:00,MG,40.0,"354,8",FELIXLANDIA,Frear bruscamente,Colisão traseira,Com Vítimas Feridas,Plena Noite,Decrescente,Céu Claro,Simples,Aclive;Reta,Não,4.0,0.0,2.0,0.0,1.0,1.0,2.0,3.0,"-18,72943527","-44,90161601",SPRF-MG,DEL02-MG,UOP01-DEL02-MG
420428,2022-03-13,domingo,16:00:00,SC,282.0,105,ALFREDO WAGNER,Ausência de reação do condutor,Saída de leito carroçável,Com Vítimas Feridas,Pleno dia,Crescente,Chuva,Simples,Aclive;Curva,Não,1.0,0.0,1.0,0.0,0.0,0.0,1.0,1.0,"-27,694309","-49,34338",SPRF-SC,DEL01-SC,UOP03-DEL01-SC
420432,2022-03-13,domingo,16:20:00,MG,381.0,"571,8",ITAGUARA,Objeto estático sobre o leito carroçável,Tombamento,Com Vítimas Feridas,Pleno dia,Decrescente,Céu Claro,Dupla,Reta,Não,3.0,0.0,1.0,0.0,0.0,2.0,1.0,3.0,"-20,44411687","-44,56483443",SPRF-MG,DEL04-MG,UOP03-DEL04-MG
420447,2022-03-13,domingo,22:30:00,ES,101.0,153,LINHARES,Reação tardia ou ineficiente do condutor,Colisão traseira,Com Vítimas Feridas,Plena Noite,Decrescente,Nublado,Simples,Reta,Não,7.0,0.0,3.0,0.0,3.0,1.0,3.0,3.0,"-19,423338","-40,07872401",SPRF-ES,DEL04-ES,UOP01-DEL04-ES
420455,2022-03-13,domingo,21:55:00,PB,230.0,181,POCINHOS,Pedestre andava na pista,Atropelamento de Pedestre,Com Vítimas Feridas,Plena Noite,Decrescente,Céu Claro,Simples,Reta,Não,2.0,0.0,1.0,0.0,1.0,0.0,1.0,2.0,"-7,1613","-36,0747",SPRF-PB,DEL02-PB,UOP02-DEL02-PB
420458,2022-03-13,domingo,23:00:00,PR,376.0,660,TIJUCAS DO SUL,Ingestão de álcool pelo condutor,Tombamento,Sem Vítimas,Plena Noite,Decrescente,Nublado,Dupla,Aclive,Não,2.0,0.0,0.0,0.0,1.0,1.0,0.0,2.0,"-25,850144","-48,994881",SPRF-PR,DEL01-PR,UOP04-DEL01-PR
420461,2022-03-13,domingo,11:45:00,RS,116.0,253,SAPUCAIA DO SUL,Condutor deixou de manter distância do veículo da frente,Colisão traseira,Sem Vítimas,Plena Noite,Decrescente,Nublado,Dupla,Reta,Sim,3.0,0.0,0.0,0.0,1.0,2.0,0.0,3.0,"-29,81784209","-51,16996166",SPRF-RS,DEL01-RS,UOP02-DEL01-RS
420465,2022-03-13,domingo,22:50:00,PB,110.0,75,PATOS,Reação tardia ou ineficiente do condutor,Saída de leito carroçável,Sem Vítimas,Plena Noite,Crescente,Chuva,Simples,Rotatória,Não,1.0,0.0,0.0,0.0,1.0,0.0,0.0,1.0,"-6,94057055","-37,40638733",SPRF-PB,DEL03-PB,UOP01-DEL03-PB
420479,2022-03-13,domingo,14:50:00,BA,101.0,694,EUNAPOLIS,Reação tardia ou ineficiente do condutor,Colisão com objeto,Com Vítimas Feridas,Pleno dia,Crescente,Nublado,Simples,Curva,Não,1.0,0.0,1.0,0.0,0.0,0.0,1.0,1.0,"-16,20029238","-39,60610986",SPRF-BA,DEL09-BA,UOP01-DEL09-BA
420484,2022-03-14,segunda-feira,01:30:00,PR,369.0,26,CAMBARA,Ausência de reação do condutor,Tombamento,Com Vítimas Feridas,Plena Noite,Crescente,Garoa/Chuvisco,Simples,Aclive;Reta,Não,1.0,0.0,1.0,0.0,0.0,0.0,1.0,1.0,"-23,03502079","-50,13565779",SPRF-PR,DEL07-PR,UOP01-DEL07-PR
420490,2022-03-14,segunda-feira,05:30:00,PE,424.0,"64,3",CAETES,Ingestão de álcool pelo condutor,Colisão frontal,Com Vítimas Fatais,Amanhecer,Decrescente,Céu Claro,Simples,Reta,Não,3.0,1.0,0.0,0.0,2.0,0.0,0.0,2.0,"-8,753403","-36,667581",SPRF-PE,DEL03-PE,UOP01-DEL03-PE
420493,2022-03-14,segunda-feira,04:35:00,PR,277.0,"4,8",PARANAGUA,Objeto estático sobre o leito carroçável,Saída de leito carroçável,Sem Vítimas,Amanhecer,Decrescente,Céu Claro,Simples,Reta,Sim,2.0,0.0,0.0,0.0,1.0,2.0,0.0,3.0,"-25,568198","-48,615292",SPRF-PR,DEL01-PR,UOP05-DEL01-PR
420494,2022-03-14,segunda-feira,05:45:00,PR,277.0,"237,7",IRATI,Entrada inopinada do pedestre,Atropelamento de Pedestre,Com Vítimas Fatais,Amanhecer,Decrescente,Céu Claro,Simples,Declive;Reta,Sim,4.0,1.0,0.0,0.0,1.0,2.0,0.0,3.0,"-25,4567496","-50,60939192",SPRF-PR,DEL03-PR,UOP03-DEL03-PR
420497,2022-03-14,segunda-feira,06:10:00,GO,70.0,"0,1",AGUAS LINDAS DE GOIAS,Velocidade Incompatível,Colisão traseira,Com Vítimas Feridas,Pleno dia,Decrescente,Céu Claro,Dupla,Declive,Não,10.0,0.0,2.0,0.0,7.0,1.0,2.0,7.0,"-15,783543","-48,2326",SPRF-DF,DEL03-DF,UOP02-DEL03-DF
420508,2022-03-13,domingo,23:55:00,BA,324.0,402,NOVA FATIMA,Estacionar ou parar em local proibido,Atropelamento de Pedestre,Com Vítimas Feridas,Plena Noite,Crescente,Céu Claro,Simples,Reta,Sim,5.0,0.0,0.0,1.0,0.0,5.0,1.0,6.0,"-11,59280922","-39,64528421",SPRF-BA,DEL04-BA,UOP02-DEL04-BA
420518,2022-03-14,segunda-feira,07:00:00,MT,70.0,310,DOM AQUINO,Obstrução na via,Colisão traseira,Com Vítimas Feridas,Amanhecer,Decrescente,Nublado,Simples,Reta,Não,7.0,0.0,1.0,0.0,5.0,1.0,1.0,4.0,"-15,56904154","-54,55665486",SPRF-MT,DEL05-MT,UOP01-DEL05-MT
420521,2022-03-14,segunda-feira,05:50:00,RS,116.0,526,PELOTAS,Acessar a via sem observar a presença dos outros veículos,Colisão transversal,Com Vítimas Feridas,Amanhecer,Decrescente,Céu Claro,Dupla,Rotatória,Sim,2.0,0.0,1.0,0.0,1.0,0.0,1.0,2.0,"-31,74307729","-52,39966642",SPRF-RS,DEL07-RS,UOP01-DEL07-RS
420524,2022-03-14,segunda-feira,08:00:00,SC,470.0,"138,7",RIO DO SUL,Desrespeitar a preferência no cruzamento,Colisão transversal,Com Vítimas Feridas,Pleno dia,Crescente,Nublado,Simples,Interseção de Vias,Sim,2.0,0.0,0.0,1.0,1.0,0.0,1.0,2.0,"-27,207214","-49,648476",SPRF-SC,DEL04-SC,UOP02-DEL04-SC
420529,2022-03-14,segunda-feira,04:20:00,MG,116.0,"450,4",ENGENHEIRO CALDAS,Velocidade Incompatível,Tombamento,Com Vítimas Feridas,Plena Noite,Decrescente,Céu Claro,Simples,Reta,Não,1.0,0.0,1.0,0.0,0.0,0.0,1.0,1.0,"-19,15284006","-42,02187888",SPRF-MG,DEL06-MG,UOP02-DEL06-MG
420532,2022-03-14,segunda-feira,07:30:00,GO,70.0,8,AGUAS LINDAS DE GOIAS,Estacionar ou parar em local proibido,Colisão traseira,Com Vítimas Feridas,Amanhecer,Decrescente,Céu Claro,Múltipla,Reta,Sim,2.0,0.0,1.0,0.0,1.0,0.0,1.0,2.0,"-15,73733681","-48,27407468",SPRF-DF,DEL03-DF,UOP02-DEL03-DF
420533,2022-03-14,segunda-feira,09:00:00,GO,153.0,"518,2",APARECIDA DE GOIANIA,Acessar a via sem observar a presença dos outros veículos,Colisão traseira,Com Vítimas Feridas,Pleno dia,Crescente,Garoa/Chuvisco,Dupla,Reta,Sim,2.0,0.0,1.0,0.0,1.0,0.0,1.0,2.0,"-16,86183975","-49,2495436",SPRF-GO,DEL01-GO,UOP03-DEL01-GO
420534,2022-03-13,domingo,20:00:00,SC,470.0,"121,4",IBIRAMA,Reação tardia ou ineficiente do condutor,Saída de leito carroçável,Sem Vítimas,Plena Noite,Crescente,Chuva,Simples,Curva,Não,1.0,0.0,0.0,0.0,1.0,0.0,0.0,1.0,"-27,09775725","-49,53052998",SPRF-SC,DEL04-SC,UOP02-DEL04-SC
420539,2022-03-14,segunda-feira,09:00:00,BA,242.0,842,BARREIRAS,Acessar a via sem observar a presença dos outros veículos,Colisão lateral mesmo sentido,Com Vítimas Feridas,Pleno dia,Crescente,Céu Claro,Simples,Reta,Não,2.0,0.0,0.0,1.0,1.0,0.0,1.0,2.0,"-12,10843069","-45,29677302",SPRF-BA,DEL10-BA,UOP01-DEL10-BA
420540,2022-01-10,segunda-feira,04:00:00,PA,230.0,98,SAO JOAO DO ARAGUAIA,Transitar na contramão,Colisão frontal,Sem Vítimas,Plena Noite,Crescente,Garoa/Chuvisco,Simples,Aclive;Reta,Não,3.0,0.0,0.0,0.0,1.0,2.0,0.0,3.0,"-5,41549538","-48,94048691",SPRF-PA,DEL03-PA,UOP01-DEL03-PA
420543,2022-03-14,segunda-feira,09:00:00,MA,135.0,"46,9",BACABEIRA,Condutor deixou de manter distância do veículo da frente,Colisão traseira,Com Vítimas Feridas,Pleno dia,Crescente,Céu Claro,Dupla,Reta,Sim,4.0,0.0,1.0,1.0,1.0,1.0,2.0,3.0,"-2,93050867","-44,33424959",SPRF-MA,DEL01-MA,UOP01-DEL01-MA
420544,2022-03-14,segunda-feira,09:45:00,MG,381.0,496,BETIM,Manobra de mudança de faixa,Colisão lateral mesmo sentido,Com Vítimas Feridas,Pleno dia,Decrescente,Céu Claro,Múltipla,Reta,Sim,3.0,0.0,2.0,0.0,1.0,0.0,2.0,2.0,"-19,99676497","-44,20958506",SPRF-MG,DEL01-MG,UOP03-DEL01-MG
420546,2022-03-14,segunda-feira,07:20:00,CE,222.0,302,TIANGUA,Velocidade Incompatível,Tombamento,Com Vítimas Feridas,Pleno dia,Crescente,Nublado,Simples,Aclive;Curva,Não,2.0,0.0,2.0,0.0,0.0,0.0,2.0,1.0,"-3,66080397","-40,94779895",SPRF-CE,DEL04-CE,UOP02-DEL04-CE
420550,2022-03-14,segunda-feira,10:45:00,GO,153.0,"418,3",ANAPOLIS,Velocidade Incompatível,Saída de leito carroçável,Com Vítimas Feridas,Pleno dia,Decrescente,Chuva,Simples,Reta,Não,1.0,0.0,1.0,0.0,0.0,0.0,1.0,1.0,"-16,159821","-49,04351",SPRF-GO,DEL02-GO,UOP01-DEL02-GO
420551,2022-03-06,domingo,13:30:00,PR,277.0,"325,6",GUARAPUAVA,Problema na suspensão,Colisão com objeto,Com Vítimas Feridas,Pleno dia,Decrescente,Sol,Simples,Curva,Não,3.0,0.0,0.0,1.0,1.0,2.0,1.0,4.0,"-25,36840515","-51,2528759",SPRF-PR,DEL08-PR,UOP01-DEL08-PR