id,data_inversa,dia_semana,horario,uf,br,km,municipio,causa_acidente,tipo_acidente,classificacao_acidente,fase_dia,sentido_via,condicao_metereologica,tipo_pista,tracado_via,uso_solo,pessoas,mortos,feridos_leves,feridos_graves,ilesos,ignorados,feridos,veiculos,latitude,longitude,regional,delegacia,uop
420554,2022-03-14,segunda-feira,10:40:00,ES,101.0,295,CARIACICA,Acessar a via sem observar a presença dos outros veículos,Colisão lateral mesmo sentido,Com Vítimas Feridas,Pleno dia,Decrescente,Céu Claro,Dupla,Reta,Sim,3.0,0.0,0.0,2.0,1.0,0.0,2.0,2.0,"-20,33223667","-40,40004683",SPRF-ES,DEL01-ES,UOP01-DEL01-ES
420557,2022-03-14,segunda-feira,10:10:00,RR,174.0,503,BOA VISTA,Ausência de reação do condutor,Colisão transversal,Sem Vítimas,Pleno dia,Crescente,Nublado,Dupla,Rotatória,Sim,2.0,0.0,0.0,0.0,2.0,0.0,0.0,2.0,"2,80702052","-60,69003224",SPRF-RR,DEL01-RR,UOP01-DEL01-RR
420560,2022-03-14,segunda-feira,10:30:00,MG,381.0,"487,4",BETIM,Condutor deixou de manter distância do veículo da frente,Colisão lateral mesmo sentido,Com Vítimas Feridas,Pleno dia,Decrescente,Céu Claro,Dupla,Reta,Não,3.0,0.0,2.0,0.0,1.0,0.0,2.0,2.0,"-19,95549397","-44,11723506",SPRF-MG,DEL01-MG,UOP03-DEL01-MG
420561,2022-01-28,sexta-feira,13:35:00,TO,226.0,1,AGUIARNOPOLIS,Acessar a via sem observar a presença dos outros veículos,Colisão transversal,Com Vítimas Feridas,Pleno dia,Crescente,Nublado,Simples,Reta,Sim,2.0,0.0,0.0,1.0,1.0,0.0,1.0,2.0,"-6,561846","-47,467415",SPRF-TO,DEL02-TO,UOP03-DEL02-TO
420564,2022-03-11,sexta-feira,23:50:00,GO,60.0,377,RIO VERDE,Ausência de reação do condutor,Colisão lateral mesmo sentido,Sem Vítimas,Plena Noite,Decrescente,Chuva,Dupla,Reta,Não,2.0,0.0,0.0,0.0,2.0,0.0,0.0,2.0,"-17,739","-50,8729",SPRF-GO,DEL04-GO,UOP01-DEL04-GO
420566,2022-03-14,segunda-feira,10:50:00,PR,277.0,"33,3",MORRETES,Manobra de mudança de faixa,Colisão lateral mesmo sentido,Sem Vítimas,Pleno dia,Decrescente,Nublado,Dupla,Declive;Curva,Não,3.0,0.0,0.0,0.0,2.0,1.0,0.0,3.0,"-25,5675425","-48,81111",SPRF-PR,DEL01-PR,UOP05-DEL01-PR
420569,2022-03-14,segunda-feira,08:15:00,SC,282.0,"512,1",XANXERE,Condutor usando celular,Colisão transversal,Com Vítimas Fatais,Pleno dia,Crescente,Garoa/Chuvisco,Simples,Declive;Reta,Não,4.0,1.0,0.0,0.0,1.0,2.0,0.0,4.0,"-26,9096716","-52,47053146",SPRF-SC,DEL07-SC,UOP01-DEL07-SC
420572,2022-03-14,segunda-feira,11:40:00,RJ,116.0,89,TERESOPOLIS,Demais falhas mecânicas ou elétricas,Incêndio,Sem Vítimas,Pleno dia,Decrescente,Céu Claro,Simples,Reta,Não,1.0,0.0,0.0,0.0,1.0,0.0,0.0,1.0,"-22,45706098","-42,96221791",SPRF-RJ,DEL04-RJ,UOP01-DEL04-RJ
420581,2022-03-14,segunda-feira,11:02:00,BA,116.0,"749,5",POCOES,Ultrapassagem Indevida,Colisão frontal,Com Vítimas Fatais,Pleno dia,Crescente,Nublado,Simples,Curva,Não,3.0,1.0,0.0,0.0,1.0,1.0,0.0,3.0,"-14,47176997","-40,33718348",SPRF-BA,DEL08-BA,UOP02-DEL08-BA
420584,2022-03-11,sexta-feira,19:45:00,SC,153.0,"59,5",IRANI,Desrespeitar a preferência no cruzamento,Colisão transversal,Com Vítimas Feridas,Plena Noite,Crescente,Chuva,Simples,Interseção de Vias,Não,3.0,0.0,1.0,0.0,1.0,2.0,1.0,4.0,"-26,96948856","-51,85471773",SPRF-SC,DEL07-SC,UOP04-DEL07-SC
420589,2022-03-14,segunda-feira,11:45:00,MA,135.0,"7,5",SAO LUIS,Reação tardia ou ineficiente do condutor,Colisão lateral mesmo sentido,Com Vítimas Feridas,Pleno dia,Decrescente,Chuva,Dupla,Retorno Regulamentado,Sim,3.0,0.0,1.0,0.0,2.0,0.0,1.0,2.0,"-2,6782911","-44,2972867",SPRF-MA,DEL01-MA,UOP01-DEL01-MA
420591,2022-03-14,segunda-feira,14:00:00,SP,116.0,339,JUQUITIBA,Acumulo de óleo sobre o pavimento,Colisão com objeto,Com Vítimas Feridas,Pleno dia,Crescente,Nublado,Dupla,Declive,Não,3.0,0.0,1.0,0.0,2.0,0.0,1.0,2.0,"-23,9983939","-47,14927316",SPRF-SP,DEL04-SP,UOP01-DEL04-SP
420595,2022-03-14,segunda-feira,03:00:00,PE,110.0,"97,3",SERTANIA,Animais na Pista,Tombamento,Com Vítimas Feridas,Plena Noite,Decrescente,Céu Claro,Simples,Declive,Não,2.0,0.0,0.0,1.0,0.0,1.0,1.0,2.0,"-8,37247412","-37,29327894",SPRF-PE,DEL03-PE,UOP02-DEL03-PE
420599,2022-03-14,segunda-feira,13:33:00,RN,304.0,"46,4",MOSSORO,Ausência de reação do condutor,Colisão com objeto,Sem Vítimas,Pleno dia,Crescente,Nublado,Dupla,Retorno Regulamentado,Sim,3.0,0.0,0.0,0.0,1.0,2.0,0.0,3.0,"-5,22579384","-37,340046",SPRF-RN,DEL04-RN,UOP01-DEL04-RN
420604,2022-03-14,segunda-feira,14:00:00,MT,364.0,"404,4",CUIABA,Acesso irregular,Colisão lateral mesmo sentido,Com Vítimas Feridas,Pleno dia,Crescente,Sol,Dupla,Reta,Sim,2.0,0.0,1.0,0.0,1.0,0.0,1.0,2.0,"-15,66158612","-55,97144205",SPRF-MT,DEL01-MT,UOP02-DEL01-MT
420613,2022-03-14,segunda-feira,15:30:00,SP,116.0,444,REGISTRO,Entrada inopinada do pedestre,Atropelamento de Pedestre,Com Vítimas Feridas,Pleno dia,Crescente,Nublado,Dupla,Reta,Sim,3.0,0.0,0.0,1.0,1.0,2.0,1.0,4.0,"-24,49129421","-47,83614553",SPRF-SP,DEL05-SP,UOP01-DEL05-SP
420614,2022-03-14,segunda-feira,15:00:00,SP,381.0,50,ATIBAIA,Ausência de reação do condutor,Colisão lateral mesmo sentido,Com Vítimas Feridas,Pleno dia,Decrescente,Chuva,Dupla,Reta,Não,3.0,0.0,0.0,1.0,1.0,2.0,1.0,4.0,"-23,21359807","-46,59367981",SPRF-SP,DEL03-SP,UOP01-DEL03-SP
420626,2022-03-14,segunda-feira,15:08:00,MG,50.0,130,UBERABA,Velocidade Incompatível,Saída de leito carroçável,Com Vítimas Feridas,Pleno dia,Decrescente,Chuva,Dupla,Reta,Não,3.0,0.0,1.0,0.0,1.0,2.0,1.0,4.0,"-19,38989597","-48,07678044",SPRF-MG,DEL13-MG,UOP01-DEL13-MG
420628,2022-03-14,segunda-feira,17:00:00,PE,101.0,"48,4",ABREU E LIMA,Acessar a via sem observar a presença dos outros veículos,Atropelamento de Pedestre,Com Vítimas Feridas,Plena Noite,Decrescente,Céu Claro,Dupla,Reta,Sim,2.0,0.0,0.0,1.0,1.0,0.0,1.0,2.0,"-7,89174705","-34,9033493",SPRF-PE,DEL01-PE,UOP02-DEL01-PE
420633,2022-03-14,segunda-feira,16:50:00,MG,40.0,"515,8",RIBEIRAO DAS NEVES,Condutor deixou de manter distância do veículo da frente,Colisão traseira,Com Vítimas Feridas,Pleno dia,Crescente,Céu Claro,Dupla,Reta;Declive,Sim,2.0,0.0,1.0,0.0,1.0,0.0,1.0,2.0,"-19,8090079","-44,09493479",SPRF-MG,DEL01-MG,UOP02-DEL01-MG
420634,2022-03-14,segunda-feira,16:50:00,RS,290.0,529,ALEGRETE,Transitar na contramão,Colisão lateral mesmo sentido,Com Vítimas Feridas,Pleno dia,Crescente,Céu Claro,Simples,Reta,Não,6.0,0.0,0.0,2.0,2.0,3.0,2.0,6.0,"-30,037683","-55,332211",SPRF-RS,DEL13-RS,UOP02-DEL13-RS
420637,2022-03-14,segunda-feira,15:20:00,RS,386.0,"306,1",POUSO NOVO,Velocidade Incompatível,Tombamento,Com Vítimas Feridas,Pleno dia,Crescente,Sol,Simples,Curva;Declive,Não,2.0,0.0,0.0,1.0,0.0,2.0,1.0,3.0,"-29,194696","-52,185722",SPRF-RS,DEL04-RS,UOP01-DEL04-RS
420646,2022-03-14,segunda-feira,18:10:00,MG,40.0,"522,8",CONTAGEM,Condutor deixou de manter distância do veículo da frente,Colisão traseira,Com Vítimas Feridas,Plena Noite,Decrescente,Céu Claro,Dupla,Reta,Não,2.0,0.0,0.0,1.0,0.0,1.0,1.0,2.0,"-19,8638731","-44,06749809",SPRF-MG,DEL01-MG,UOP02-DEL01-MG
420650,2022-03-14,segunda-feira,18:50:00,SP,116.0,35,CACHOEIRA PAULISTA,Condutor deixou de manter distância do veículo da frente,Colisão traseira,Com Vítimas Feridas,Plena Noite,Decrescente,Céu Claro,Múltipla,Aclive,Não,3.0,0.0,1.0,0.0,1.0,2.0,1.0,4.0,"-22,65892521","-44,96708995",SPRF-SP,DEL08-SP,UOP02-DEL08-SP
420655,2022-03-14,segunda-feira,18:00:00,RS,386.0,222,TIO HUGO,Ultrapassagem Indevida,Colisão lateral mesmo sentido,Com Vítimas Feridas,Anoitecer,Decrescente,Céu Claro,Simples,Ponte,Não,5.0,0.0,1.0,0.0,3.0,1.0,1.0,3.0,"-28,636042","-52,614704",SPRF-RS,DEL04-RS,UOP03-DEL04-RS
420661,2022-03-14,segunda-feira,19:30:00,SC,470.0,145,RIO DO SUL,Velocidade Incompatível,Colisão transversal,Com Vítimas Fatais,Plena Noite,Crescente,Nublado,Simples,Reta,Sim,4.0,1.0,0.0,0.0,2.0,2.0,0.0,4.0,"-27,2325","-49,67173",SPRF-SC,DEL04-SC,UOP02-DEL04-SC
420662,2022-03-14,segunda-feira,19:00:00,MG,381.0,"557,3",ITAGUARA,Manobra de mudança de faixa,Colisão lateral mesmo sentido,Com Vítimas Feridas,Plena Noite,Decrescente,Céu Claro,Dupla,Reta,Não,3.0,0.0,1.0,0.0,1.0,1.0,1.0,3.0,"-20,36904195","-44,46938756",SPRF-MG,DEL04-MG,UOP03-DEL04-MG
420668,2022-03-14,segunda-feira,14:13:00,MG,459.0,"67,1",SENADOR JOSE BENTO,Velocidade Incompatível,Tombamento,Com Vítimas Fatais,Pleno dia,Crescente,Chuva,Simples,Aclive;Curva,Não,3.0,1.0,0.0,0.0,1.0,1.0,0.0,3.0,"-22,131327","-46,181057",SPRF-MG,DEL09-MG,UOP01-DEL09-MG
420669,2022-02-28,segunda-feira,00:30:00,MA,135.0,143,MATOES DO NORTE,Acostamento em desnível,Saída de leito carroçável,Sem Vítimas,Amanhecer,Decrescente,Céu Claro,Simples,Reta,Não,2.0,0.0,0.0,0.0,0.0,2.0,0.0,2.0,"-3,69721","-44,5199",SPRF-MA,DEL01-MA,UOP02-DEL01-MA
420670,2022-03-14,segunda-feira,19:09:00,MG,262.0,34,MANHUACU,Ausência de reação do condutor,Atropelamento de Pedestre,Com Vítimas Feridas,Plena Noite,Crescente,Céu Claro,Simples,Reta,Sim,2.0,0.0,0.0,1.0,1.0,0.0,1.0,2.0,"-20,25692664","-42,01099203",SPRF-MG,DEL06-MG,UOP03-DEL06-MG
420672,2022-03-14,segunda-feira,19:20:00,PB,230.0,"156,4",CAMPINA GRANDE,Ausência de reação do condutor,Colisão traseira,Com Vítimas Feridas,Plena Noite,Crescente,Chuva,Simples,Reta,Sim,3.0,0.0,0.0,2.0,0.0,1.0,2.0,2.0,"-7,269782","-35,913155",SPRF-PB,DEL02-PB,UOP01-DEL02-PB
420680,2022-03-14,segunda-feira,22:00:00,RJ,493.0,107,DUQUE DE CAXIAS,Demais falhas mecânicas ou elétricas,Incêndio,Sem Vítimas,Plena Noite,Decrescente,Céu Claro,Dupla,Reta,Não,1.0,0.0,0.0,0.0,1.0,0.0,0.0,1.0,"-22,672089","-43,285053",SPRF-RJ,DEL03-RJ,UOP01-DEL03-RJ
420682,2022-03-14,segunda-feira,21:20:00,MS,158.0,62,PARANAIBA,Manobra de mudança de faixa,Colisão lateral sentido oposto,Com Vítimas Fatais,Plena Noite,Decrescente,Céu Claro,Simples,Reta,Não,3.0,1.0,0.0,0.0,1.0,3.0,0.0,5.0,"-19,44707116","-51,35564812",SPRF-MS,DEL08-MS,UOP01-DEL08-MS
420692,2022-03-15,terça-feira,03:20:00,MG,381.0,596,CARMOPOLIS DE MINAS,Condutor Dormindo,Tombamento,Com Vítimas Feridas,Plena Noite,Decrescente,Céu Claro,Dupla,Reta,Não,2.0,0.0,1.0,0.0,0.0,1.0,1.0,2.0,"-20,60213157","-44,71579002",SPRF-MG,DEL04-MG,UOP01-DEL04-MG
420698,2022-03-15,terça-feira,01:45:00,GO,251.0,26,CRISTALINA,Condutor Dormindo,Tombamento,Sem Vítimas,Plena Noite,Crescente,Nublado,Simples,Reta,Não,2.0,0.0,0.0,0.0,1.0,1.0,0.0,2.0,"-16,10610344","-47,49477642",SPRF-DF,DEL01-DF,UOP01-DEL01-DF
420699,2022-03-15,terça-feira,03:10:00,PR,376.0,"539,8",PALMEIRA,Acumulo de areia ou detritos sobre o pavimento,Saída de leito carroçável,Sem Vítimas,Plena Noite,Decrescente,Garoa/Chuvisco,Dupla,Reta,Não,2.0,0.0,0.0,0.0,1.0,1.0,0.0,2.0,"-25,413497","-49,775647",SPRF-PR,DEL01-PR,UOP03-DEL03-PR
420700,2022-03-15,terça-feira,07:35:00,RS,285.0,293,PASSO FUNDO,Condutor deixou de manter distância do veículo da frente,Colisão traseira,Com Vítimas Feridas,Pleno dia,Crescente,Céu Claro,Simples,Reta,Sim,2.0,0.0,1.0,0.0,0.0,1.0,1.0,2.0,"-28,236645","-52,375156",SPRF-RS,DEL08-RS,UOP03-DEL08-RS
420702,2022-03-15,terça-feira,06:15:00,RS,386.0,"14,8",FREDERICO WESTPHALEN,Velocidade Incompatível,Tombamento,Com Vítimas Feridas,Amanhecer,Decrescente,Nublado,Simples,Curva,Não,2.0,0.0,1.0,0.0,0.0,3.0,1.0,4.0,"-27,231466","-53,329723",SPRF-RS,DEL08-RS,UOP02-DEL08-RS
420704,2022-03-15,terça-feira,06:31:00,MT,163.0,760,SORRISO,Pista esburacada,Tombamento,Com Vítimas Feridas,Amanhecer,Decrescente,Nublado,Simples,Reta,Não,2.0,0.0,1.0,0.0,0.0,2.0,1.0,3.0,"-12,49061","-55,683425",SPRF-MT,DEL06-MT,UOP01-DEL06-MT
420708,2022-03-15,terça-feira,07:20:00,SP,116.0,446,REGISTRO,Acessar a via sem observar a presença dos outros veículos,Colisão transversal,Com Vítimas Feridas,Pleno dia,Decrescente,Nublado,Dupla,Reta,Sim,10.0,0.0,1.0,0.0,9.0,0.0,1.0,2.0,"-24,50467087","-47,84772743",SPRF-SP,DEL05-SP,UOP01-DEL05-SP
420710,2022-03-15,terça-feira,07:15:00,RJ,101.0,29,CAMPOS DOS GOYTACAZES,Reação tardia ou ineficiente do condutor,Saída de leito carroçável,Com Vítimas Feridas,Pleno dia,Crescente,Céu Claro,Simples,Reta,Não,2.0,0.0,1.0,0.0,0.0,1.0,1.0,2.0,"-21,458116","-41,342273",SPRF-RJ,DEL08-RJ,UOP01-DEL08-RJ
420711,2022-03-15,terça-feira,07:21:00,SP,116.0,562,BARRA DO TURVO,Avarias e/ou desgaste excessivo no pneu,Colisão traseira,Com Vítimas Feridas,Pleno dia,Crescente,Chuva,Dupla,Reta,Não,4.0,0.0,1.0,0.0,2.0,1.0,1.0,3.0,"-25,02464023","-48,52213701",SPRF-SP,DEL05-SP,UOP02-DEL05-SP
420717,2022-03-15,terça-feira,08:10:00,MG,40.0,"801,6",MATIAS BARBOSA,Ausência de reação do condutor,Colisão traseira,Com Vítimas Feridas,Pleno dia,Decrescente,Céu Claro,Dupla,Reta;Aclive,Não,2.0,0.0,1.0,0.0,1.0,0.0,1.0,2.0,"-21,84672919","-43,37899486",SPRF-MG,DEL05-MG,UOP01-DEL05-MG
420719,2022-03-15,terça-feira,08:40:00,SP,116.0,199,ARUJA,Manobra de mudança de faixa,Colisão lateral mesmo sentido,Com Vítimas Feridas,Pleno dia,Crescente,Céu Claro,Múltipla,Reta,Não,2.0,0.0,1.0,0.0,1.0,0.0,1.0,2.0,"-23,40185327","-46,31154312",SPRF-SP,DEL01-SP,UOP01-DEL01-SP
420720,2022-03-15,terça-feira,08:32:00,PA,10.0,"162,1",PARAGOMINAS,Pista esburacada,Colisão lateral sentido oposto,Com Vítimas Feridas,Pleno dia,Crescente,Nublado,Simples,Reta,Não,5.0,0.0,3.0,1.0,0.0,2.0,4.0,4.0,"-3,019132","-47,463398",SPRF-PA,DEL02-PA,UOP01-DEL02-PA
420721,2022-03-15,terça-feira,07:50:00,MG,40.0,"188,8",JOAO PINHEIRO,Obras na pista,Colisão traseira,Com Vítimas Fatais,Pleno dia,Crescente,Chuva,Simples,Reta,Não,3.0,1.0,0.0,0.0,1.0,1.0,0.0,3.0,"-17,99571867","-45,91597593",SPRF-MG,DEL14-MG,UOP02-DEL14-MG
420723,2022-03-15,terça-feira,08:30:00,RJ,116.0,198,QUEIMADOS,Condutor Dormindo,Derramamento de carga,Sem Vítimas,Pleno dia,Decrescente,Céu Claro,Dupla,Reta,Não,2.0,0.0,0.0,0.0,1.0,1.0,0.0,2.0,"-22,72952183","-43,57481597",SPRF-RJ,DEL01-RJ,UOP02-DEL01-RJ
420726,2022-03-15,terça-feira,13:05:00,SP,381.0,"60,7",MAIRIPORA,Velocidade Incompatível,Colisão traseira,Com Vítimas Feridas,Pleno dia,Crescente,Chuva,Dupla,Curva,Não,4.0,0.0,1.0,0.0,2.0,1.0,1.0,3.0,"-23,28957673","-46,58729853",SPRF-SP,DEL03-SP,UOP01-DEL03-SP
420727,2022-03-15,terça-feira,09:00:00,TO,153.0,272,BRASILANDIA DO TOCANTINS,Reação tardia ou ineficiente do condutor,Colisão traseira,Com Vítimas Feridas,Pleno dia,Crescente,Chuva,Simples,Reta,Sim,3.0,0.0,1.0,0.0,1.0,1.0,1.0,3.0,"-8,282475","-48,46929905",SPRF-TO,DEL02-TO,UOP02-DEL02-TO
420732,2022-03-15,terça-feira,09:00:00,PR,116.0,119,CURITIBA,Manobra de mudança de faixa,Colisão traseira,Com Vítimas Feridas,Pleno dia,Crescente,Nublado,Dupla,Curva,Sim,6.0,0.0,3.0,0.0,1.0,2.0,3.0,3.0,"-25,57603894","-49,31255063",SPRF-PR,DEL01-PR,UOP03-DEL01-PR
420735,2022-03-15,terça-feira,10:05:00,TO,153.0,"137,8",ARAGUAINA,Reação tardia ou ineficiente do condutor,Colisão traseira,Com Vítimas Feridas,Pleno dia,Decrescente,Sol,Dupla,Reta,Sim,5.0,0.0,2.0,0.0,1.0,2.0,2.0,4.0,"-7,14630299","-48,20255603",SPRF-TO,DEL02-TO,UOP01-DEL02-TO
420737,2022-03-15,terça-feira,10:20:00,MG,40.0,275,TRES MARIAS,Acessar a via sem observar a presença dos outros veículos,Colisão lateral mesmo sentido,Com Vítimas Feridas,Pleno dia,Decrescente,Céu Claro,Simples,Declive,Sim,4.0,0.0,1.0,0.0,2.0,2.0,1.0,4.0,"-18,19945877","-45,23770577",SPRF-MG,DEL14-MG,UOP02-DEL14-MG
420741,2022-03-15,terça-feira,10:40:00,PE,232.0,"184,4",BELO JARDIM,Demais falhas mecânicas ou elétricas,Tombamento,Com Vítimas Feridas,Pleno dia,Crescente,Céu Claro,Simples,Reta,Não,1.0,0.0,1.0,0.0,0.0,0.0,1.0,1.0,"-8,35118645","-36,46450196",SPRF-PE,DEL02-PE,UOP03-DEL02-PE
420742,2022-03-15,terça-feira,06:30:00,MG,381.0,"370,1",SAO GONCALO DO RIO ABAIXO,Ausência de reação do condutor,Colisão lateral sentido oposto,Com Vítimas Feridas,Pleno dia,Decrescente,Céu Claro,Simples,Reta,Sim,3.0,0.0,1.0,0.0,1.0,1.0,1.0,3.0,"-19,85466268","-43,26124629",SPRF-MG,DEL01-MG,UOP01-DEL01-MG
420744,2022-02-16,quarta-feira,11:00:00,PR,476.0,"238,3",LAPA,Velocidade Incompatível,Tombamento,Sem Vítimas,Pleno dia,Decrescente,Céu Claro,Simples,Curva;Declive,Não,2.0,0.0,0.0,0.0,1.0,2.0,0.0,3.0,"-25,872885","-50,054314",SPRF-PR,DEL02-PR,UOP04-DEL02-PR
420746,2022-03-15,terça-feira,08:00:00,PE,101.0,"113,3",ESCADA,Demais falhas mecânicas ou elétricas,Incêndio,Sem Vítimas,Pleno dia,Crescente,Sol,Dupla,Reta,Não,2.0,0.0,0.0,0.0,1.0,1.0,0.0,2.0,"-8,33107097","-35,12666499",SPRF-PE,DEL01-PE,UOP01-DEL01-PE
420747,2022-03-15,terça-feira,10:30:00,RO,319.0,62,PORTO VELHO,Reação tardia ou ineficiente do condutor,Colisão lateral mesmo sentido,Com Vítimas Feridas,Pleno dia,Decrescente,Nublado,Múltipla,Reta,Sim,2.0,0.0,0.0,1.0,1.0,0.0,1.0,2.0,"-8,766685","-63,884052",SPRF-RO,DEL01-RO,UOP01-DEL01-RO
420753,2022-03-15,terça-feira,12:00:00,RS,386.0,179,CARAZINHO,Acessar a via sem observar a presença dos outros veículos,Colisão transversal,Com Vítimas Feridas,Pleno dia,Decrescente,Nublado,Simples,Interseção de Vias,Não,4.0,0.0,1.0,0.0,2.0,2.0,1.0,4.0,"-28,295532","-52,753395",SPRF-RS,DEL08-RS,UOP01-DEL08-RS
420757,2022-03-15,terça-feira,12:40:00,PR,476.0,"148,7",CURITIBA,Trafegar com motocicleta (ou similar) entre as faixas,Colisão lateral mesmo sentido,Com Vítimas Feridas,Pleno dia,Crescente,Nublado,Dupla,Reta,Sim,3.0,0.0,1.0,0.0,1.0,1.0,1.0,3.0,"-25,557121","-49,348732",SPRF-PR,DEL01-PR,UOP03-DEL01-PR
420758,2022-03-15,terça-feira,12:40:00,MG,40.0,"525,9",CONTAGEM,Estacionar ou parar em local proibido,Colisão traseira,Com Vítimas Feridas,Pleno dia,Crescente,Nublado,Simples,Reta;Declive,Não,2.0,0.0,1.0,0.0,1.0,0.0,1.0,2.0,"-19,88361702","-44,05039336",SPRF-MG,DEL01-MG,UOP02-DEL01-MG
420763,2022-03-15,terça-feira,08:45:00,MT,163.0,"570,7",NOVA MUTUM,Pista Escorregadia,Tombamento,Com Vítimas Feridas,Pleno dia,Crescente,Chuva,Simples,Reta,Não,1.0,0.0,1.0,0.0,0.0,0.0,1.0,1.0,"-14,1359098","-56,10580444",SPRF-MT,DEL01-MT,UOP01-DEL01-MT
420769,2022-03-15,terça-feira,13:00:00,MA,135.0,480,PARAIBANO,Condutor deixou de manter distância do veículo da frente,Tombamento,Sem Vítimas,Pleno dia,Crescente,Céu Claro,Simples,Reta,Não,2.0,0.0,0.0,0.0,1.0,1.0,0.0,2.0,"-6,30225415","-43,97783831",SPRF-MA,DEL05-MA,UOP01-DEL05-MA
420772,2022-03-15,terça-feira,10:15:00,SC,470.0,68,INDAIAL,Acessar a via sem observar a presença dos outros veículos,Colisão transversal,Com Vítimas Feridas,Pleno dia,Crescente,Sol,Simples,Reta,Sim,3.0,0.0,1.0,0.0,1.0,2.0,1.0,4.0,"-26,877615","-49,239231",SPRF-SC,DEL04-SC,UOP01-DEL04-SC
420790,2022-03-15,terça-feira,16:05:00,RS,386.0,"338,5",LAJEADO,Ingestão de álcool e/ou substâncias psicoativas pelo pedestre,Colisão frontal,Sem Vítimas,Pleno dia,Crescente,Sol,Simples,Reta,Não,2.0,0.0,0.0,0.0,2.0,0.0,0.0,2.0,"-29,404047","-52,036518",SPRF-RS,DEL04-RS,UOP01-DEL04-RS
420791,2022-03-15,terça-feira,15:30:00,DF,20.0,17,BRASILIA,Velocidade Incompatível,Colisão traseira,Sem Vítimas,Pleno dia,Crescente,Chuva,Dupla,Declive,Não,3.0,0.0,0.0,0.0,2.0,1.0,0.0,3.0,"-15,621374","-47,71698",SPRF-DF,DEL02-DF,UOP01-DEL02-DF
420794,2022-03-15,terça-feira,15:40:00,MS,163.0,181,JUTI,Acessar a via sem observar a presença dos outros veículos,Colisão transversal,Com Vítimas Feridas,Pleno dia,Decrescente,Céu Claro,Simples,Reta,Não,3.0,0.0,1.0,1.0,1.0,0.0,2.0,3.0,"-22,82799837","-54,6870281",SPRF-MS,DEL09-MS,UOP01-DEL09-MS
420795,2022-03-15,terça-feira,15:40:00,GO,60.0,99,ANAPOLIS,Carga excessiva e/ou mal acondicionada,Tombamento,Sem Vítimas,Pleno dia,Crescente,Céu Claro,Simples,Rotatória,Sim,2.0,0.0,0.0,0.0,1.0,1.0,0.0,2.0,"-16,3924","-48,9588",SPRF-GO,DEL02-GO,UOP01-DEL02-GO
420798,2022-03-15,terça-feira,16:15:00,PB,361.0,"6,4",PATOS,Condutor deixou de manter distância do veículo da frente,Colisão traseira,Sem Vítimas,Pleno dia,Crescente,Sol,Simples,Reta,Sim,2.0,0.0,0.0,0.0,2.0,0.0,0.0,2.0,"-7,03594312","-37,31112598",SPRF-PB,DEL03-PB,UOP01-DEL03-PB
420802,2022-03-15,terça-feira,17:30:00,ES,101.0,211,IBIRACU,Condutor deixou de manter distância do veículo da frente,Colisão traseira,Com Vítimas Feridas,Anoitecer,Crescente,Nublado,Simples,Reta,Não,3.0,0.0,1.0,0.0,1.0,1.0,1.0,3.0,"-19,80700903","-40,36767233",SPRF-ES,DEL02-ES,UOP01-DEL02-ES
420807,2022-03-15,terça-feira,17:00:00,BA,101.0,"895,9",CARAVELAS,Velocidade Incompatível,Saída de leito carroçável,Com Vítimas Feridas,Pleno dia,Crescente,Nublado,Simples,Curva,Não,2.0,0.0,1.0,0.0,0.0,1.0,1.0,2.0,"-17,692437","-39,77479935",SPRF-BA,DEL09-BA,UOP02-DEL09-BA
420817,2022-03-15,terça-feira,17:30:00,SC,282.0,"510,8",XANXERE,Chuva,Colisão traseira,Com Vítimas Feridas,Anoitecer,Crescente,Chuva,Simples,Curva,Não,3.0,0.0,1.0,0.0,2.0,0.0,1.0,2.0,"-26,897114","-52,463585",SPRF-SC,DEL07-SC,UOP01-DEL07-SC
420819,2022-03-15,terça-feira,17:30:00,BA,116.0,736,BOA NOVA,Velocidade Incompatível,Capotamento,Com Vítimas Feridas,Anoitecer,Decrescente,Céu Claro,Simples,Curva,Não,2.0,0.0,2.0,0.0,0.0,0.0,2.0,1.0,"-14,32130297","-40,32617043",SPRF-BA,DEL08-BA,UOP02-DEL08-BA
420822,2022-03-15,terça-feira,18:45:00,RJ,116.0,27,SAPUCAIA,Problema com o freio,Colisão traseira,Com Vítimas Feridas,Plena Noite,Decrescente,Céu Claro,Simples,Declive,Não,2.0,0.0,1.0,0.0,1.0,0.0,1.0,2.0,"-22,065676","-42,795647",SPRF-RJ,DEL05-RJ,UOP01-DEL05-RJ
420833,2022-03-15,terça-feira,19:30:00,PR,277.0,63,SAO JOSE DOS PINHAIS,Retorno proibido,Colisão traseira,Com Vítimas Feridas,Plena Noite,Crescente,Chuva,Dupla,Reta,Sim,5.0,0.0,3.0,0.0,1.0,3.0,3.0,5.0,"-25,56100984","-49,01719293",SPRF-PR,DEL01-PR,UOP01-DEL01-PR
420835,2022-03-15,terça-feira,17:35:00,RO,364.0,686,CANDEIAS DO JAMARI,Ultrapassagem Indevida,Tombamento,Com Vítimas Feridas,Pleno dia,Decrescente,Céu Claro,Simples,Reta,Não,3.0,0.0,0.0,1.0,1.0,1.0,1.0,3.0,"-8,79143928","-63,64204697",SPRF-RO,DEL01-RO,UOP01-DEL01-RO