id,data_inversa,dia_semana,horario,uf,br,km,municipio,causa_acidente,tipo_acidente,classificacao_acidente,fase_dia,sentido_via,condicao_metereologica,tipo_pista,tracado_via,uso_solo,pessoas,mortos,feridos_leves,feridos_graves,ilesos,ignorados,feridos,veiculos,latitude,longitude,regional,delegacia,uop
420839,2022-03-15,terça-feira,17:55:00,SC,470.0,"111,2",IBIRAMA,Velocidade Incompatível,Colisão lateral sentido oposto,Com Vítimas Feridas,Amanhecer,Crescente,Chuva,Simples,Curva,Não,3.0,0.0,1.0,1.0,0.0,1.0,2.0,3.0,"-27,095388","-49,457878",SPRF-SC,DEL04-SC,UOP02-DEL04-SC
420840,2022-03-15,terça-feira,16:35:00,SC,282.0,"644,2",SAO MIGUEL DO OESTE,Reação tardia ou ineficiente do condutor,Saída de leito carroçável,Com Vítimas Feridas,Pleno dia,Crescente,Céu Claro,Simples,Declive,Não,1.0,0.0,1.0,0.0,0.0,0.0,1.0,1.0,"-26,7664184","-53,48291516",SPRF-SC,DEL07-SC,UOP03-DEL07-SC
420843,2022-03-15,terça-feira,21:10:00,BA,101.0,841,TEIXEIRA DE FREITAS,Velocidade Incompatível,Colisão frontal,Com Vítimas Feridas,Plena Noite,Crescente,Céu Claro,Simples,Curva,Não,3.0,0.0,1.0,0.0,1.0,1.0,1.0,3.0,"-17,44478792","-39,69338817",SPRF-BA,DEL09-BA,UOP02-DEL09-BA
420854,2022-03-15,terça-feira,20:25:00,MG,50.0,"185,3",UBERABA,Condutor Dormindo,Colisão traseira,Com Vítimas Feridas,Plena Noite,Decrescente,Céu Claro,Dupla,Reta,Sim,3.0,0.0,0.0,1.0,1.0,2.0,1.0,4.0,"-19,818794","-47,894648",SPRF-MG,DEL13-MG,UOP01-DEL13-MG
420857,2022-03-15,terça-feira,23:00:00,SP,116.0,"58,8",GUARATINGUETA,Condutor deixou de manter distância do veículo da frente,Colisão traseira,Com Vítimas Feridas,Plena Noite,Decrescente,Garoa/Chuvisco,Dupla,Reta;Declive,Não,4.0,0.0,2.0,0.0,1.0,1.0,2.0,3.0,"-22,78005511","-45,14572791",SPRF-SP,DEL08-SP,UOP01-DEL08-SP
420858,2022-03-15,terça-feira,20:50:00,MT,158.0,578,AGUA BOA,Condutor deixou de manter distância do veículo da frente,Colisão traseira,Com Vítimas Feridas,Plena Noite,Crescente,Céu Claro,Simples,Reta,Não,3.0,0.0,2.0,0.0,0.0,2.0,2.0,4.0,"-14,13004291","-52,19589907",SPRF-MT,DEL07-MT,UOP02-DEL07-MT
420861,2022-03-15,terça-feira,23:20:00,SP,381.0,"18,8",BRAGANCA PAULISTA,Reação tardia ou ineficiente do condutor,Colisão lateral mesmo sentido,Com Vítimas Fatais,Plena Noite,Decrescente,Nublado,Dupla,Reta,Não,3.0,2.0,0.0,0.0,0.0,1.0,0.0,2.0,"-22,9746091","-46,48838277",SPRF-SP,DEL03-SP,UOP01-DEL03-SP
420862,2022-03-16,quarta-feira,01:15:00,BA,101.0,"670,8",ITAPEBI,Pedestre andava na pista,Atropelamento de Pedestre,Com Vítimas Fatais,Plena Noite,Decrescente,Céu Claro,Simples,Reta,Não,3.0,1.0,0.0,0.0,1.0,1.0,0.0,3.0,"-16,00687588","-39,59472656",SPRF-BA,DEL09-BA,UOP01-DEL09-BA
420863,2022-03-16,quarta-feira,01:35:00,MS,163.0,284,DOURADOS,Reação tardia ou ineficiente do condutor,Colisão traseira,Com Vítimas Feridas,Plena Noite,Decrescente,Ignorado,Simples,Reta,Sim,3.0,0.0,1.0,0.0,1.0,1.0,1.0,3.0,"-22,11453367","-54,58973426",SPRF-MS,DEL04-MS,UOP01-DEL04-MS
420869,2022-03-16,quarta-feira,02:40:00,RJ,101.0,127,CONCEICAO DE MACABU,Reação tardia ou ineficiente do condutor,Tombamento,Com Vítimas Feridas,Plena Noite,Decrescente,Céu Claro,Dupla,Reta,Não,2.0,0.0,1.0,0.0,0.0,1.0,1.0,2.0,"-22,08444998","-41,68863712",SPRF-RJ,DEL08-RJ,UOP04-DEL08-RJ
420873,2022-03-16,quarta-feira,05:20:00,RN,226.0,"133,1",CAMPO REDONDO,Demais falhas mecânicas ou elétricas,Incêndio,Sem Vítimas,Amanhecer,Crescente,Céu Claro,Simples,Reta,Não,2.0,0.0,0.0,0.0,1.0,1.0,0.0,2.0,"-6,21832723","-36,1674298",SPRF-RN,DEL03-RN,UOP02-DEL03-RN
420888,2022-03-16,quarta-feira,03:00:00,SC,153.0,"0,4",AGUA DOCE,Acumulo de água sobre o pavimento,Saída de leito carroçável,Com Vítimas Feridas,Plena Noite,Decrescente,Chuva,Simples,Curva,Não,2.0,0.0,2.0,0.0,0.0,0.0,2.0,1.0,"-26,61054","-51,485115",SPRF-SC,DEL07-SC,UOP05-DEL07-SC
420895,2022-03-16,quarta-feira,07:00:00,AL,104.0,74,MESSIAS,Curva acentuada,Tombamento,Sem Vítimas,Pleno dia,Crescente,Céu Claro,Simples,Curva,Não,2.0,0.0,0.0,0.0,1.0,1.0,0.0,2.0,"-9,36848946","-35,83129227",SPRF-AL,DEL01-AL,UOP02-DEL01-AL
420898,2022-03-16,quarta-feira,05:15:00,SP,116.0,545,BARRA DO TURVO,Pista Escorregadia,Colisão com objeto,Com Vítimas Feridas,Amanhecer,Crescente,Garoa/Chuvisco,Simples,Curva,Não,2.0,0.0,1.0,0.0,1.0,0.0,1.0,1.0,"-24,95016699","-48,42400302",SPRF-SP,DEL05-SP,UOP02-DEL05-SP
420899,2022-03-13,domingo,06:30:00,BA,101.0,841,VEREDA,Reação tardia ou ineficiente do condutor,Capotamento,Com Vítimas Feridas,Amanhecer,Decrescente,Céu Claro,Simples,Declive;Curva,Não,2.0,0.0,1.0,0.0,0.0,2.0,1.0,3.0,"-17,251803","-39,627577",SPRF-BA,DEL09-BA,UOP02-DEL09-BA
420903,2022-03-16,quarta-feira,08:00:00,PR,116.0,67,CAMPINA GRANDE DO SUL,Ausência de reação do condutor,Colisão traseira,Com Vítimas Feridas,Pleno dia,Decrescente,Garoa/Chuvisco,Dupla,Reta,Não,3.0,0.0,1.0,0.0,1.0,1.0,1.0,3.0,"-25,31679789","-49,01854527",SPRF-PR,DEL01-PR,UOP02-DEL01-PR
420905,2022-03-16,quarta-feira,08:50:00,SE,235.0,"3,3",ARACAJU,Velocidade Incompatível,Saída de leito carroçável,Com Vítimas Feridas,Pleno dia,Decrescente,Chuva,Dupla,Reta,Sim,3.0,0.0,1.0,0.0,1.0,1.0,1.0,2.0,"-10,9059","-37,111",SPRF-SE,DEL01-SE,UOP01-DEL01-SE
420910,2022-03-16,quarta-feira,07:30:00,MT,163.0,"99,5",RONDONOPOLIS,Avarias e/ou desgaste excessivo no pneu,Tombamento,Com Vítimas Feridas,Pleno dia,Crescente,Céu Claro,Dupla,Reta,Não,2.0,0.0,1.0,0.0,0.0,1.0,1.0,2.0,"-16,66880219","-54,67722836",SPRF-MT,DEL02-MT,UOP01-DEL02-MT
420912,2022-03-16,quarta-feira,09:25:00,MG,356.0,"276,6",EUGENOPOLIS,Velocidade Incompatível,Tombamento,Com Vítimas Feridas,Pleno dia,Crescente,Sol,Simples,Curva,Não,2.0,0.0,0.0,1.0,0.0,1.0,1.0,2.0,"-21,1259893","-42,27931031",SPRF-MG,DEL07-MG,UOP02-DEL07-MG
420914,2022-03-16,quarta-feira,09:20:00,BA,242.0,715,CRISTOPOLIS,Pista Escorregadia,Tombamento,Sem Vítimas,Pleno dia,Crescente,Nublado,Simples,Reta,Não,2.0,0.0,0.0,0.0,1.0,3.0,0.0,4.0,"-12,22241559","-44,133708",SPRF-BA,DEL10-BA,UOP02-DEL10-BA
420915,2022-03-16,quarta-feira,08:50:00,SP,116.0,283,EMBU DAS ARTES,Reação tardia ou ineficiente do condutor,Queda de ocupante de veículo,Com Vítimas Feridas,Pleno dia,Decrescente,Céu Claro,Dupla,Reta,Sim,5.0,0.0,3.0,0.0,1.0,2.0,3.0,5.0,"-23,69297005","-46,86352786",SPRF-SP,DEL04-SP,UOP01-DEL04-SP
420918,2022-01-22,sábado,11:30:00,MG,267.0,"28,1",ARGIRITA,Problema com o freio,Tombamento,Com Vítimas Feridas,Pleno dia,Decrescente,Céu Claro,Simples,Curva,Não,3.0,0.0,2.0,0.0,0.0,1.0,2.0,2.0,"-21,62799078","-42,83040926",SPRF-MG,DEL07-MG,UOP01-DEL07-MG
420921,2022-03-16,quarta-feira,07:45:00,RO,364.0,15,VILHENA,Acessar a via sem observar a presença dos outros veículos,Colisão transversal,Com Vítimas Feridas,Pleno dia,Crescente,Céu Claro,Simples,Reta,Sim,2.0,0.0,1.0,0.0,1.0,0.0,1.0,2.0,"-12,73672751","-60,14804088",SPRF-RO,DEL04-RO,UOP01-DEL04-RO
420922,2022-02-08,terça-feira,21:10:00,SP,116.0,332,JUQUITIBA,Ausência de reação do condutor,Saída de leito carroçável,Com Vítimas Feridas,Plena Noite,Decrescente,Nublado,Dupla,Reta,Não,2.0,0.0,1.0,0.0,0.0,1.0,1.0,2.0,"-23,95597045","-47,1100868",SPRF-SP,DEL04-SP,UOP01-DEL04-SP
420928,2022-03-16,quarta-feira,07:15:00,SC,470.0,178,POUSO REDONDO,Ausência de reação do condutor,Colisão lateral sentido oposto,Sem Vítimas,Pleno dia,Crescente,Nublado,Simples,Reta,Não,3.0,0.0,0.0,0.0,2.0,1.0,0.0,3.0,"-27,248392","-49,967083",SPRF-SC,DEL04-SC,UOP02-DEL04-SC
420930,2022-03-16,quarta-feira,11:10:00,PR,116.0,33,CAMPINA GRANDE DO SUL,Reação tardia ou ineficiente do condutor,Tombamento,Sem Vítimas,Pleno dia,Decrescente,Garoa/Chuvisco,Dupla,Curva;Aclive,Não,3.0,0.0,0.0,0.0,2.0,3.0,0.0,4.0,"-25,1068163","-48,8493208",SPRF-PR,DEL01-PR,UOP02-DEL01-PR
420933,2022-03-16,quarta-feira,09:47:00,MG,381.0,"230,2",BELO ORIENTE,Condutor deixou de manter distância do veículo da frente,Engavetamento,Com Vítimas Feridas,Pleno dia,Decrescente,Céu Claro,Simples,Reta,Não,7.0,0.0,1.0,0.0,5.0,1.0,1.0,5.0,"-19,35985811","-42,43772995",SPRF-MG,DEL06-MG,UOP01-DEL06-MG
420934,2022-03-16,quarta-feira,10:00:00,RJ,40.0,94,DUQUE DE CAXIAS,Condutor deixou de manter distância do veículo da frente,Colisão lateral mesmo sentido,Com Vítimas Feridas,Pleno dia,Decrescente,Céu Claro,Simples,Curva,Não,3.0,0.0,1.0,0.0,2.0,0.0,1.0,2.0,"-22,57431007","-43,25995445",SPRF-RJ,DEL01-RJ,UOP01-DEL01-RJ
420943,2022-03-16,quarta-feira,11:30:00,RJ,101.0,282,ITABORAI,Mal súbito do condutor,Colisão com objeto,Sem Vítimas,Pleno dia,Crescente,Céu Claro,Dupla,Viaduto,Não,2.0,0.0,0.0,0.0,1.0,1.0,0.0,2.0,"-22,7371391","-42,79664601",SPRF-RJ,DEL02-RJ,UOP03-DEL02-RJ
420947,2022-03-16,quarta-feira,09:50:00,RO,364.0,"415,8",JARU,Pista esburacada,Capotamento,Com Vítimas Feridas,Pleno dia,Crescente,Céu Claro,Simples,Reta,Não,1.0,0.0,1.0,0.0,0.0,0.0,1.0,1.0,"-10,50318569","-62,41426582",SPRF-RO,DEL03-RO,UOP02-DEL03-RO
420948,2022-03-16,quarta-feira,14:00:00,SP,116.0,217,GUARULHOS,Pedestre andava na pista,Atropelamento de Pedestre,Sem Vítimas,Pleno dia,Decrescente,Chuva,Dupla,Reta,Sim,3.0,0.0,0.0,0.0,1.0,2.0,0.0,3.0,"-23,45423824","-46,47119028",SPRF-SP,DEL01-SP,UOP01-DEL01-SP
420951,2022-03-16,quarta-feira,11:30:00,RO,319.0,60,PORTO VELHO,Ultrapassagem Indevida,Colisão lateral mesmo sentido,Sem Vítimas,Pleno dia,Crescente,Céu Claro,Dupla,Rotatória,Sim,2.0,0.0,0.0,0.0,2.0,0.0,0.0,2.0,"-8,74004271","-63,89046729",SPRF-RO,DEL01-RO,UOP01-DEL01-RO
420952,2022-03-16,quarta-feira,10:30:00,TO,153.0,268,BRASILANDIA DO TOCANTINS,Manobra de mudança de faixa,Colisão lateral sentido oposto,Com Vítimas Feridas,Pleno dia,Decrescente,Sol,Simples,Reta;Aclive,Não,3.0,0.0,1.0,0.0,1.0,1.0,1.0,3.0,"-8,24552602","-48,46636183",SPRF-TO,DEL02-TO,UOP02-DEL02-TO
420958,2022-03-16,quarta-feira,11:25:00,RO,319.0,64,PORTO VELHO,Condutor desrespeitou a iluminação vermelha do semáforo,Colisão transversal,Com Vítimas Feridas,Pleno dia,Decrescente,Céu Claro,Dupla,Reta,Sim,4.0,0.0,1.0,0.0,1.0,3.0,1.0,5.0,"-8,766685","-63,884052",SPRF-RO,DEL01-RO,UOP01-DEL01-RO
420961,2022-02-28,segunda-feira,10:20:00,SC,101.0,"42,4",JOINVILLE,Acessar a via sem observar a presença dos outros veículos,Colisão lateral mesmo sentido,Com Vítimas Fatais,Pleno dia,Decrescente,Sol,Dupla,Reta,Sim,3.0,1.0,0.0,0.0,1.0,1.0,0.0,3.0,"-26,32717208","-48,86467695",SPRF-SC,DEL03-SC,UOP01-DEL03-SC
420962,2022-03-16,quarta-feira,15:15:00,SP,116.0,108,TAUBATE,Reação tardia ou ineficiente do condutor,Saída de leito carroçável,Com Vítimas Feridas,Pleno dia,Decrescente,Céu Claro,Dupla,Reta,Sim,2.0,0.0,0.0,1.0,0.0,1.0,1.0,2.0,"-23,0233097","-45,53763622",SPRF-SP,DEL08-SP,UOP01-DEL08-SP
420969,2022-03-16,quarta-feira,13:30:00,MT,70.0,"79,5",GENERAL CARNEIRO,Problema na suspensão,Saída de leito carroçável,Sem Vítimas,Pleno dia,Decrescente,Céu Claro,Simples,Reta,Não,2.0,0.0,0.0,0.0,1.0,1.0,0.0,2.0,"-15,65540614","-52,80336031",SPRF-MT,DEL07-MT,UOP01-DEL07-MT
420971,2022-03-02,quarta-feira,14:25:00,MG,116.0,"305,3",ITAMBACURI,Problema com o freio,Saída de leito carroçável,Com Vítimas Feridas,Pleno dia,Crescente,Céu Claro,Simples,Curva,Não,3.0,0.0,1.0,0.0,1.0,1.0,1.0,3.0,"-18,03188584","-41,65290534",SPRF-MG,DEL11-MG,UOP01-DEL11-MG
420972,2022-03-12,sábado,08:50:00,MS,163.0,671,RIO VERDE DE MATO GROSSO,Ausência de reação do condutor,Saída de leito carroçável,Com Vítimas Feridas,Pleno dia,Crescente,Nublado,Simples,Curva,Não,2.0,0.0,1.0,0.0,0.0,2.0,1.0,3.0,"-18,99920001","-54,83388816",SPRF-MS,DEL06-MS,UOP02-DEL06-MS
420973,2022-03-06,domingo,18:45:00,MS,262.0,165,RIBAS DO RIO PARDO,Ingestão de álcool pelo condutor,Saída de leito carroçável,Sem Vítimas,Anoitecer,Crescente,Céu Claro,Simples,Declive;Reta,Não,2.0,0.0,0.0,0.0,1.0,1.0,0.0,2.0,"-20,44224945","-53,0717691",SPRF-MS,DEL07-MS,UOP02-DEL07-MS
420979,2022-03-16,quarta-feira,12:45:00,PR,116.0,25,CAMPINA GRANDE DO SUL,Curva acentuada,Tombamento,Com Vítimas Feridas,Pleno dia,Decrescente,Garoa/Chuvisco,Dupla,Declive;Curva,Não,2.0,0.0,0.0,1.0,0.0,1.0,1.0,2.0,"-25,10784511","-48,77548601",SPRF-PR,DEL01-PR,UOP02-DEL01-PR
420984,2022-03-16,quarta-feira,17:30:00,RS,386.0,"431,7",NOVA SANTA RITA,Condutor deixou de manter distância do veículo da frente,Colisão traseira,Com Vítimas Feridas,Pleno dia,Crescente,Céu Claro,Simples,Reta,Não,10.0,0.0,6.0,1.0,1.0,2.0,7.0,4.0,"-29,833067","-51,313625",SPRF-RS,DEL04-RS,UOP02-DEL04-RS
420987,2022-03-16,quarta-feira,15:50:00,MT,364.0,54,ALTO GARCAS,Ingestão de álcool pelo condutor,Saída de leito carroçável,Com Vítimas Feridas,Pleno dia,Crescente,Céu Claro,Simples,Declive;Curva,Não,2.0,0.0,1.0,0.0,0.0,2.0,1.0,3.0,"-16,96784811","-53,51825717",SPRF-MT,DEL02-MT,UOP02-DEL02-MT
420991,2022-03-16,quarta-feira,16:00:00,MG,50.0,56,UBERLANDIA,Reação tardia ou ineficiente do condutor,Colisão com objeto,Com Vítimas Feridas,Pleno dia,Decrescente,Céu Claro,Dupla,Curva,Não,2.0,0.0,0.0,1.0,0.0,1.0,1.0,2.0,"-18,78116115","-48,23825717",SPRF-MG,DEL15-MG,UOP02-DEL15-MG
420993,2022-03-16,quarta-feira,19:10:00,GO,153.0,"500,9",GOIANIA,Reação tardia ou ineficiente do condutor,Queda de ocupante de veículo,Com Vítimas Feridas,Plena Noite,Crescente,Céu Claro,Dupla,Reta,Sim,2.0,0.0,1.0,0.0,0.0,1.0,1.0,2.0,"-16,7118","-49,2324",SPRF-GO,DEL01-GO,UOP01-DEL01-GO
421003,2022-03-16,quarta-feira,20:15:00,MG,40.0,"490,5",ESMERALDAS,Demais falhas mecânicas ou elétricas,Incêndio,Sem Vítimas,Plena Noite,Decrescente,Céu Claro,Dupla,Aclive,Não,2.0,0.0,0.0,0.0,1.0,1.0,0.0,2.0,"-19,61998768","-44,20673771",SPRF-MG,DEL02-MG,UOP01-DEL02-MG
421005,2022-03-16,quarta-feira,17:10:00,GO,364.0,18,SAO SIMAO,Acessar a via sem observar a presença dos outros veículos,Colisão lateral mesmo sentido,Sem Vítimas,Anoitecer,Crescente,Céu Claro,Simples,Interseção de Vias,Não,2.0,0.0,0.0,0.0,1.0,1.0,0.0,2.0,"-18,943693","-50,635265",SPRF-GO,DEL05-GO,UOP02-DEL05-GO
421008,2022-03-16,quarta-feira,18:30:00,RJ,40.0,93,DUQUE DE CAXIAS,Falta de acostamento,Atropelamento de Pedestre,Com Vítimas Feridas,Plena Noite,Decrescente,Céu Claro,Simples,Reta,Sim,2.0,0.0,0.0,1.0,1.0,0.0,1.0,2.0,"-22,5653342","-43,23946238",SPRF-RJ,DEL06-RJ,UOP01-DEL06-RJ
421011,2022-03-16,quarta-feira,20:30:00,BA,135.0,32,FORMOSA DO RIO PRETO,Velocidade Incompatível,Saída de leito carroçável,Com Vítimas Feridas,Plena Noite,Crescente,Chuva,Simples,Declive,Não,2.0,0.0,0.0,2.0,0.0,0.0,2.0,1.0,"-11,07659417","-45,15852906",SPRF-BA,DEL10-BA,UOP01-DEL10-BA
421012,2022-03-16,quarta-feira,18:00:00,MS,158.0,48,PARANAIBA,Velocidade Incompatível,Colisão com objeto,Com Vítimas Feridas,Anoitecer,Crescente,Sol,Simples,Curva,Não,2.0,0.0,1.0,0.0,0.0,1.0,1.0,2.0,"-19,36263698","-51,45139383",SPRF-MS,DEL08-MS,UOP01-DEL08-MS
421017,2022-03-16,quarta-feira,20:15:00,PR,277.0,300,PRUDENTOPOLIS,Condutor deixou de manter distância do veículo da frente,Colisão traseira,Com Vítimas Feridas,Plena Noite,Decrescente,Nublado,Simples,Reta,Não,5.0,0.0,1.0,1.0,1.0,3.0,2.0,5.0,"-25,31084217","-51,09699901",SPRF-PR,DEL08-PR,UOP01-DEL08-PR
421021,2022-03-16,quarta-feira,17:30:00,MG,50.0,"54,7",ARAGUARI,Obstrução na via,Saída de leito carroçável,Sem Vítimas,Pleno dia,Crescente,Céu Claro,Dupla,Curva;Declive,Não,3.0,0.0,0.0,0.0,0.0,3.0,0.0,3.0,"-18,77079","-48,24538708",SPRF-MG,DEL15-MG,UOP02-DEL15-MG
421024,2022-03-16,quarta-feira,19:50:00,MG,50.0,54,ARAGUARI,Problema com o freio,Colisão traseira,Com Vítimas Feridas,Plena Noite,Crescente,Céu Claro,Dupla,Curva,Não,4.0,0.0,0.0,1.0,2.0,3.0,1.0,6.0,"-18,76664393","-48,24409132",SPRF-MG,DEL15-MG,UOP02-DEL15-MG
421025,2022-03-16,quarta-feira,18:10:00,PR,476.0,100,COLOMBO,Velocidade Incompatível,Tombamento,Com Vítimas Feridas,Anoitecer,Crescente,Garoa/Chuvisco,Simples,Declive;Curva,Não,1.0,0.0,1.0,0.0,0.0,0.0,1.0,1.0,"-25,249336","-49,139526",SPRF-PR,DEL01-PR,UOP02-DEL01-PR
421027,2022-03-16,quarta-feira,20:00:00,MS,262.0,656,MIRANDA,Demais falhas mecânicas ou elétricas,Incêndio,Sem Vítimas,Plena Noite,Crescente,Céu Claro,Simples,Reta,Não,2.0,0.0,0.0,0.0,1.0,2.0,0.0,3.0,"-19,67445125","-57,01246167",SPRF-MS,DEL03-MS,UOP02-DEL03-MS
421028,2022-03-16,quarta-feira,23:45:00,ES,101.0,"66,8",SAO MATEUS,Condutor Dormindo,Atropelamento de Pedestre,Com Vítimas Feridas,Plena Noite,Crescente,Nublado,Simples,Reta,Sim,3.0,0.0,1.0,1.0,1.0,0.0,2.0,3.0,"-18,7165195","-39,87436378",SPRF-ES,DEL04-ES,UOP02-DEL04-ES
421033,2022-03-17,quinta-feira,00:30:00,ES,101.0,167,LINHARES,Ausência de reação do condutor,Colisão lateral sentido oposto,Sem Vítimas,Plena Noite,Decrescente,Céu Claro,Simples,Reta,Não,2.0,0.0,0.0,0.0,2.0,0.0,0.0,2.0,"-19,52734804","-40,15218496",SPRF-ES,DEL04-ES,UOP01-DEL04-ES
421034,2022-03-16,quarta-feira,22:30:00,MG,365.0,"591,8",INDIANOPOLIS,Demais falhas mecânicas ou elétricas,Eventos atípicos,Com Vítimas Feridas,Plena Noite,Crescente,Céu Claro,Simples,Reta;Declive,Não,2.0,0.0,0.0,1.0,1.0,0.0,1.0,1.0,"-18,8814331","-48,05229199",SPRF-MG,DEL15-MG,UOP02-DEL15-MG
421035,2022-03-16,quarta-feira,23:30:00,RO,364.0,"210,5",PIMENTA BUENO,Velocidade Incompatível,Colisão frontal,Com Vítimas Feridas,Plena Noite,Decrescente,Nublado,Simples,Reta,Não,4.0,0.0,1.0,1.0,2.0,0.0,2.0,3.0,"-11,58979505","-61,25372502",SPRF-RO,DEL02-RO,UOP02-DEL02-RO
421036,2022-03-16,quarta-feira,17:00:00,PB,104.0,"101,8",ESPERANCA,Demais falhas mecânicas ou elétricas,Colisão com objeto,Com Vítimas Feridas,Anoitecer,Crescente,Céu Claro,Simples,Reta,Não,2.0,0.0,1.0,0.0,1.0,0.0,1.0,1.0,"-7,053754","-35,854309",SPRF-PB,DEL02-PB,UOP04-DEL02-PB
421043,2022-03-17,quinta-feira,03:55:00,ES,101.0,"249,9",SERRA,Condutor Dormindo,Saída de leito carroçável,Com Vítimas Feridas,Plena Noite,Crescente,Nublado,Múltipla,Curva,Não,2.0,0.0,1.0,0.0,0.0,1.0,1.0,2.0,"-20,07371936","-40,35345531",SPRF-ES,DEL02-ES,UOP01-DEL02-ES
421044,2022-03-17,quinta-feira,04:00:00,BA,407.0,5,JUAZEIRO,Demais falhas mecânicas ou elétricas,Incêndio,Sem Vítimas,Plena Noite,Crescente,Céu Claro,Simples,Reta,Sim,2.0,0.0,0.0,0.0,1.0,1.0,0.0,2.0,"-9,44778544","-40,49043801",SPRF-PE,DEL06-PE,UOP01-DEL06-PE
421045,2022-03-16,quarta-feira,19:40:00,CE,116.0,"232,4",ALTO SANTO,Problema na suspensão,Colisão com objeto,Sem Vítimas,Plena Noite,Crescente,Céu Claro,Simples,Reta,Não,3.0,0.0,0.0,0.0,2.0,1.0,0.0,3.0,"-5,41109825","-38,26314994",SPRF-CE,DEL03-CE,UOP01-DEL03-CE
421046,2022-03-17,quinta-feira,05:00:00,PE,101.0,54,PAULISTA,Reação tardia ou ineficiente do condutor,Colisão com objeto,Com Vítimas Feridas,Amanhecer,Decrescente,Céu Claro,Múltipla,Reta,Sim,4.0,0.0,0.0,1.0,1.0,2.0,1.0,4.0,"-7,93961103","-34,90356584",SPRF-PE,DEL01-PE,UOP02-DEL01-PE
421047,2022-03-17,quinta-feira,06:00:00,PE,232.0,97,BEZERROS,Ausência de reação do condutor,Colisão transversal,Sem Vítimas,Pleno dia,Crescente,Sol,Dupla,Curva,Não,2.0,0.0,0.0,0.0,2.0,0.0,0.0,2.0,"-8,23516963","-35,72468519",SPRF-PE,DEL02-PE,UOP02-DEL02PE
421062,2022-03-17,quinta-feira,07:12:00,MS,163.0,"672,5",RIO VERDE DE MATO GROSSO,Transitar na contramão,Colisão lateral sentido oposto,Com Vítimas Feridas,Pleno dia,Crescente,Céu Claro,Simples,Aclive,Não,3.0,0.0,1.0,0.0,1.0,1.0,1.0,3.0,"-19,00660074","-54,82879968",SPRF-MS,DEL06-MS,UOP02-DEL06-MS
421066,2022-03-17,quinta-feira,06:30:00,BA,242.0,416,SEABRA,Problema com o freio,Colisão traseira,Com Vítimas Feridas,Pleno dia,Decrescente,Céu Claro,Simples,Declive,Sim,8.0,0.0,5.0,1.0,1.0,2.0,6.0,4.0,"-12,42981176","-41,78832603",SPRF-BA,DEL06-BA,UOP01-DEL06-BA
421071,2022-03-17,quinta-feira,07:50:00,RO,364.0,"239,1",CACOAL,Problema com o freio,Colisão traseira,Com Vítimas Feridas,Pleno dia,Crescente,Nublado,Simples,Retorno Regulamentado,Sim,3.0,0.0,1.0,0.0,2.0,0.0,1.0,3.0,"-11,433667","-61,463719",SPRF-RO,DEL02-RO,UOP02-DEL02-RO
421079,2022-03-17,quinta-feira,06:30:00,SE,101.0,"29,2",MURIBECA,Ausência de reação do condutor,Saída de leito carroçável,Com Vítimas Feridas,Pleno dia,Decrescente,Chuva,Dupla,Reta,Não,1.0,0.0,1.0,0.0,0.0,0.0,1.0,1.0,"-10,43690011","-36,93373559",SPRF-SE,DEL02-SE,UOP02-DEL02-SE
421090,2022-03-17,quinta-feira,12:05:00,SC,101.0,177,BIGUACU,Velocidade Incompatível,Colisão traseira,Com Vítimas Feridas,Pleno dia,Decrescente,Céu Claro,Dupla,Reta,Não,2.0,0.0,0.0,1.0,1.0,0.0,1.0,2.0,"-27,35538202","-48,63241474",SPRF-SC,DEL01-SC,UOP01-DEL01-SC
421092,2022-03-17,quinta-feira,12:00:00,RS,290.0,"73,8",GRAVATAI,Manobra de mudança de faixa,Colisão lateral mesmo sentido,Com Vítimas Feridas,Pleno dia,Crescente,Sol,Múltipla,Reta,Sim,2.0,0.0,1.0,0.0,1.0,0.0,1.0,2.0,"-29,952868","-50,986462",SPRF-RS,DEL03-RS,UOP01-DEL03-RS
421099,2022-03-17,quinta-feira,11:00:00,MT,364.0,397,CUIABA,Retorno proibido,Colisão transversal,Com Vítimas Feridas,Pleno dia,Decrescente,Céu Claro,Dupla,Reta,Sim,2.0,0.0,1.0,0.0,1.0,0.0,1.0,2.0,"-15,68642489","-55,91347495",SPRF-MT,DEL01-MT,UOP02-DEL01-MT
421100,2022-02-09,quarta-feira,17:35:00,PR,163.0,"175,2",LINDOESTE,Velocidade Incompatível,Colisão lateral mesmo sentido,Sem Vítimas,Pleno dia,Decrescente,Sol,Dupla,Curva,Não,3.0,0.0,0.0,0.0,2.0,3.0,0.0,5.0,"-25,21734703","-53,59537645",SPRF-PR,DEL05-PR,UOP05-DEL05-PR
421106,2022-03-15,terça-feira,20:05:00,PE,424.0,"93,5",GARANHUNS,Ingestão de álcool pelo condutor,Colisão lateral mesmo sentido,Com Vítimas Feridas,Plena Noite,Crescente,Céu Claro,Simples,Declive;Reta,Sim,3.0,0.0,0.0,1.0,1.0,1.0,1.0,3.0,"-8,91231289","-36,48813844",SPRF-PE,DEL03-PE,UOP01-DEL03-PE