id,data_inversa,dia_semana,horario,uf,br,km,municipio,causa_acidente,tipo_acidente,classificacao_acidente,fase_dia,sentido_via,condicao_metereologica,tipo_pista,tracado_via,uso_solo,pessoas,mortos,feridos_leves,feridos_graves,ilesos,ignorados,feridos,veiculos,latitude,longitude,regional,delegacia,uop
421389,2022-03-18,sexta-feira,17:30:00,GO,364.0,124,APARECIDA DO RIO DOCE,Demais falhas mecânicas ou elétricas,Incêndio,Com Vítimas Feridas,Anoitecer,Crescente,Céu Claro,Simples,Reta,Não,2.0,0.0,1.0,0.0,0.0,1.0,1.0,2.0,"-18,261824","-51,22747",SPRF-GO,DEL05-GO,UOP01-DEL05-GO
421391,2022-03-18,sexta-feira,23:05:00,SC,282.0,174,BOCAINA DO SUL,Reação tardia ou ineficiente do condutor,Colisão lateral sentido oposto,Com Vítimas Feridas,Plena Noite,Crescente,Garoa/Chuvisco,Simples,Curva,Não,6.0,0.0,4.0,0.0,1.0,1.0,4.0,2.0,"-27,742559","-49,882248",SPRF-SC,DEL05-SC,UOP01-DEL05-SC
421398,2022-03-18,sexta-feira,19:40:00,PB,230.0,"461,9",SOUSA,Ausência de reação do condutor,Colisão traseira,Com Vítimas Feridas,Plena Noite,Crescente,Céu Claro,Simples,Reta,Sim,2.0,0.0,0.0,1.0,0.0,1.0,1.0,2.0,"-6,7753","-38,2061",SPRF-PB,DEL03-PB,UOP03-DEL03-PB
421407,2022-03-18,sexta-feira,22:20:00,MG,381.0,"670,9",PERDOES,Ausência de reação do condutor,Colisão traseira,Sem Vítimas,Plena Noite,Decrescente,Céu Claro,Dupla,Reta;Aclive,Não,2.0,0.0,0.0,0.0,2.0,0.0,0.0,2.0,"-21,05989787","-45,04964313",SPRF-MG,DEL04-MG,UOP02-DEL04-MG
421409,2022-03-19,sábado,01:00:00,SP,116.0,"204,8",GUARULHOS,Pedestre cruzava a pista fora da faixa,Atropelamento de Pedestre,Com Vítimas Feridas,Plena Noite,Decrescente,Nublado,Múltipla,Aclive,Sim,3.0,0.0,0.0,1.0,1.0,1.0,1.0,3.0,"-23,4123612284","-46,3569249553",SPRF-SP,DEL01-SP,UOP01-DEL01-SP
421411,2022-03-18,sexta-feira,22:00:00,PR,376.0,544,PALMEIRA,Ingestão de álcool pelo condutor,Saída de leito carroçável,Com Vítimas Feridas,Plena Noite,Crescente,Céu Claro,Dupla,Reta;Declive,Não,2.0,0.0,1.0,0.0,0.0,1.0,1.0,2.0,"-25,385485","-49,804048",SPRF-PR,DEL01-PR,UOP03-DEL03-PR
421414,2022-03-18,sexta-feira,23:20:00,PR,476.0,120,COLOMBO,Ausência de sinalização,Saída de leito carroçável,Com Vítimas Feridas,Plena Noite,Crescente,Nublado,Dupla,Reta,Sim,3.0,0.0,2.0,0.0,0.0,1.0,2.0,1.0,"-25,375013","-49,194069",SPRF-PR,DEL01-PR,UOP02-DEL01-PR
421425,2022-03-19,sábado,02:00:00,RS,116.0,340,BARRA DO RIBEIRO,Ausência de reação do condutor,Colisão frontal,Com Vítimas Feridas,Plena Noite,Crescente,Chuva,Dupla,Desvio Temporário,Não,4.0,0.0,1.0,2.0,0.0,2.0,3.0,4.0,"-30,45498686","-51,48924825",SPRF-RS,DEL02-RS,UOP02-DEL02-RS
421426,2022-03-19,sábado,01:30:00,PR,277.0,128,CAMPO LARGO,Transitar na contramão,Colisão frontal,Com Vítimas Fatais,Plena Noite,Decrescente,Nublado,Dupla,Declive,Não,3.0,1.0,0.0,0.0,1.0,1.0,0.0,3.0,"-25,44518045","-49,4985659",SPRF-PR,DEL01-PR,UOP03-DEL03-PR
421427,2022-03-19,sábado,03:15:00,SP,116.0,554,BARRA DO TURVO,Reação tardia ou ineficiente do condutor,Colisão traseira,Com Vítimas Feridas,Plena Noite,Crescente,Nublado,Múltipla,Aclive,Não,41.0,0.0,4.0,0.0,36.0,1.0,4.0,3.0,"-24,97035013","-48,49691597",SPRF-SP,DEL05-SP,UOP02-DEL05-SP
421437,2022-03-19,sábado,05:05:00,PR,376.0,662,GUARATUBA,Condutor Dormindo,Colisão traseira,Com Vítimas Feridas,Amanhecer,Crescente,Nublado,Dupla,Reta;Aclive,Não,2.0,0.0,1.0,0.0,1.0,0.0,1.0,2.0,"-25,8546345","-48,98523394",SPRF-PR,DEL01-PR,UOP04-DEL01-PR
421446,2022-03-19,sábado,06:00:00,MG,262.0,"443,3",NOVA SERRANA,Condutor Dormindo,Saída de leito carroçável,Com Vítimas Feridas,Amanhecer,Crescente,Céu Claro,Dupla,Reta,Sim,2.0,0.0,1.0,0.0,0.0,1.0,1.0,2.0,"-19,87189623","-44,96886492",SPRF-MG,DEL08-MG,UOP03-DEL08-MG
421448,2022-03-19,sábado,04:51:00,SC,101.0,330,TUBARAO,Ingestão de álcool pelo condutor,Saída de leito carroçável,Com Vítimas Feridas,Plena Noite,Decrescente,Garoa/Chuvisco,Dupla,Reta,Não,2.0,0.0,1.0,0.0,0.0,1.0,1.0,2.0,"-28,45115639","-48,97286879",SPRF-SC,DEL02-SC,UOP01-DEL02-SC
421450,2022-03-19,sábado,06:30:00,MG,365.0,687,MONTE ALEGRE DE MINAS,Ausência de reação do condutor,Colisão com objeto,Com Vítimas Feridas,Pleno dia,Decrescente,Chuva,Dupla,Declive;Reta,Sim,2.0,0.0,1.0,0.0,0.0,1.0,1.0,2.0,"-18,87548498","-48,87468901",SPRF-MG,DEL15-MG,UOP03-DEL15-MG
421454,2022-03-19,sábado,05:20:00,PR,277.0,"439,9",VIRMOND,Manobra de mudança de faixa,Colisão frontal,Sem Vítimas,Plena Noite,Decrescente,Chuva,Simples,Reta,Não,2.0,0.0,0.0,0.0,2.0,0.0,0.0,2.0,"-25,37559322","-52,24733498",SPRF-PR,DEL04-PR,UOP02-DEL04-PR
421455,2022-03-19,sábado,02:50:00,MT,364.0,33,ALTO ARAGUAIA,Condutor Dormindo,Colisão frontal,Com Vítimas Fatais,Plena Noite,Decrescente,Ignorado,Simples,Reta,Não,4.0,1.0,2.0,0.0,0.0,1.0,2.0,3.0,"-17,13834433","-53,43476633",SPRF-MT,DEL02-MT,UOP02-DEL02-MT
421456,2022-03-19,sábado,06:00:00,MS,158.0,257,TRES LAGOAS,Ausência de reação do condutor,Saída de leito carroçável,Com Vítimas Feridas,Amanhecer,Crescente,Céu Claro,Simples,Reta,Não,2.0,0.0,1.0,0.0,0.0,2.0,1.0,3.0,"-20,69839572","-51,76091656",SPRF-MS,DEL07-MS,UOP01-DEL07-MS
421458,2022-03-18,sexta-feira,21:30:00,MG,116.0,"787,9",LEOPOLDINA,Velocidade Incompatível,Tombamento,Com Vítimas Feridas,Plena Noite,Decrescente,Céu Claro,Simples,Curva,Não,2.0,0.0,1.0,0.0,0.0,1.0,1.0,2.0,"-21,65956391","-42,72605628",SPRF-MG,DEL07-MG,UOP01-DEL07-MG
421461,2022-03-19,sábado,05:45:00,RJ,101.0,238,SILVA JARDIM,Manobra de mudança de faixa,Saída de leito carroçável,Com Vítimas Feridas,Amanhecer,Crescente,Céu Claro,Dupla,Reta,Não,1.0,0.0,1.0,0.0,0.0,0.0,1.0,1.0,"-22,62072767","-42,41971425",SPRF-RJ,DEL02-RJ,UOP03-DEL02-RJ
421467,2022-03-19,sábado,08:30:00,PE,232.0,131,CARUARU,Velocidade Incompatível,Colisão traseira,Com Vítimas Feridas,Pleno dia,Crescente,Céu Claro,Dupla,Reta,Não,3.0,0.0,1.0,0.0,2.0,0.0,1.0,2.0,"-8,30117613","-35,99843996",SPRF-PE,DEL02-PE,UOP03-DEL02-PE
421469,2022-03-19,sábado,07:40:00,PE,101.0,44,IGARASSU,Reação tardia ou ineficiente do condutor,Colisão traseira,Com Vítimas Feridas,Pleno dia,Crescente,Céu Claro,Múltipla,Reta,Sim,4.0,0.0,0.0,1.0,2.0,1.0,1.0,4.0,"-7,85637001","-34,90842109",SPRF-PE,DEL01-PE,UOP02-DEL01-PE
421474,2022-03-19,sábado,04:50:00,MS,163.0,91,ITAQUIRAI,Ausência de reação do condutor,Saída de leito carroçável,Com Vítimas Feridas,Amanhecer,Decrescente,Garoa/Chuvisco,Simples,Reta,Não,2.0,0.0,1.0,0.0,0.0,3.0,1.0,4.0,"-23,36116304","-54,2147073",SPRF-MS,DEL09-MS,UOP01-DEL09-MS
421480,2022-03-19,sábado,09:04:00,PR,116.0,76,QUATRO BARRAS,Falta de elemento de contenção que evite a saída do leito carroçável,Saída de leito carroçável,Sem Vítimas,Pleno dia,Crescente,Garoa/Chuvisco,Múltipla,Reta,Não,2.0,0.0,0.0,0.0,1.0,7.0,0.0,8.0,"-25,37737919","-49,04961369",SPRF-PR,DEL01-PR,UOP01-DEL01-PR
421483,2022-01-29,sábado,19:40:00,PE,232.0,250,ARCOVERDE,Transitar na contramão,Colisão frontal,Com Vítimas Fatais,Plena Noite,Crescente,Nublado,Simples,Reta,Sim,4.0,3.0,0.0,0.0,1.0,0.0,0.0,2.0,"-8,42269348","-37,04650663",SPRF-PE,DEL03-PE,UOP02-DEL03-PE
421485,2022-03-19,sábado,07:00:00,MG,262.0,"478,8",BOM DESPACHO,Entrada inopinada do pedestre,Atropelamento de Pedestre,Com Vítimas Feridas,Pleno dia,Crescente,Céu Claro,Simples,Reta,Sim,4.0,0.0,0.0,1.0,1.0,2.0,1.0,3.0,"-19,78767779","-45,22989387",SPRF-MG,DEL08-MG,UOP03-DEL08-MG
421486,2022-02-05,sábado,12:55:00,MG,40.0,514,RIBEIRAO DAS NEVES,Velocidade Incompatível,Engavetamento,Com Vítimas Feridas,Pleno dia,Decrescente,Nublado,Dupla,Reta,Sim,5.0,0.0,1.0,0.0,4.0,0.0,1.0,5.0,"-19,80151928","-44,10000333",SPRF-MG,DEL01-MG,UOP02-DEL01-MG
421488,2022-03-19,sábado,09:15:00,SP,116.0,215,GUARULHOS,Condutor deixou de manter distância do veículo da frente,Colisão lateral mesmo sentido,Com Vítimas Feridas,Pleno dia,Crescente,Céu Claro,Simples,Reta,Sim,3.0,0.0,1.0,0.0,1.0,1.0,1.0,3.0,"-23,44695693","-46,45394103",SPRF-SP,DEL01-SP,UOP01-DEL01-SP
421491,2022-02-27,domingo,01:10:00,BA,116.0,"775,5",PLANALTO,Condutor Dormindo,Colisão frontal,Com Vítimas Fatais,Plena Noite,Decrescente,Céu Claro,Simples,Reta,Não,2.0,1.0,0.0,0.0,1.0,0.0,0.0,2.0,"-14,59057296","-40,43438011",SPRF-BA,DEL08-BA,UOP02-DEL08-BA
421502,2022-03-19,sábado,07:45:00,SC,470.0,190,POUSO REDONDO,Velocidade Incompatível,Tombamento,Com Vítimas Feridas,Pleno dia,Decrescente,Nublado,Simples,Curva,Não,3.0,0.0,2.0,0.0,0.0,1.0,2.0,2.0,"-27,281504","-50,069775",SPRF-SC,DEL04-SC,UOP02-DEL04-SC
421505,2022-03-19,sábado,09:20:00,TO,153.0,488,PARAISO DO TOCANTINS,Demais falhas mecânicas ou elétricas,Incêndio,Sem Vítimas,Pleno dia,Crescente,Céu Claro,Simples,Reta;Declive,Não,2.0,0.0,0.0,0.0,1.0,1.0,0.0,2.0,"-10,1095071","-48,87437183",SPRF-TO,DEL01-TO,UOP01-DEL01-TO
421512,2022-03-19,sábado,11:15:00,MS,163.0,682,RIO VERDE DE MATO GROSSO,Acessar a via sem observar a presença dos outros veículos,Colisão transversal,Com Vítimas Feridas,Pleno dia,Crescente,Céu Claro,Simples,Reta,Não,4.0,0.0,0.0,1.0,2.0,1.0,1.0,3.0,"-18,90701005","-54,84077521",SPRF-MS,DEL06-MS,UOP02-DEL06-MS
421513,2022-03-19,sábado,12:10:00,MG,381.0,"400,8",BOM JESUS DO AMPARO,Reação tardia ou ineficiente do condutor,Tombamento,Com Vítimas Fatais,Pleno dia,Crescente,Sol,Dupla,Curva,Sim,3.0,1.0,0.0,0.0,0.0,2.0,0.0,3.0,"-19,74021885","-43,51724307",SPRF-MG,DEL01-MG,UOP01-DEL01-MG
421516,2022-03-19,sábado,13:40:00,MG,40.0,516,CONTAGEM,Demais falhas mecânicas ou elétricas,Incêndio,Sem Vítimas,Pleno dia,Crescente,Céu Claro,Dupla,Reta,Sim,3.0,0.0,0.0,0.0,3.0,0.0,0.0,1.0,"-19,81628624","-44,08960124",SPRF-MG,DEL01-MG,UOP02-DEL01-MG
421518,2022-03-17,quinta-feira,13:00:00,MG,116.0,123,ITAOBIM,Reação tardia ou ineficiente do condutor,Tombamento,Com Vítimas Feridas,Pleno dia,Crescente,Céu Claro,Simples,Curva,Não,2.0,0.0,1.0,0.0,0.0,1.0,1.0,2.0,"-16,62714205","-41,50269872",SPRF-MG,DEL11-MG,UOP02-DEL11-MG
421522,2022-03-19,sábado,12:40:00,PE,232.0,"4,6",RECIFE,Manobra de mudança de faixa,Atropelamento de Pedestre,Com Vítimas Feridas,Pleno dia,Decrescente,Céu Claro,Simples,Curva,Não,4.0,0.0,1.0,0.0,3.0,0.0,1.0,3.0,"-8,064473","-34,936928",SPRF-PE,DEL01-PE,UOP01-DEL01-PE
421526,2022-03-19,sábado,11:15:00,SC,101.0,331,TUBARAO,Acessar a via sem observar a presença dos outros veículos,Colisão transversal,Com Vítimas Feridas,Pleno dia,Crescente,Céu Claro,Simples,Interseção de Vias,Sim,3.0,0.0,1.0,0.0,2.0,0.0,1.0,2.0,"-28,45567521","-48,9812689",SPRF-SC,DEL02-SC,UOP01-DEL02-SC
421533,2022-03-19,sábado,16:15:00,SP,381.0,69,MAIRIPORA,Ausência de reação do condutor,Tombamento,Com Vítimas Feridas,Pleno dia,Decrescente,Céu Claro,Múltipla,Curva,Não,2.0,0.0,1.0,0.0,0.0,1.0,1.0,2.0,"-23,34553108","-46,56787903",SPRF-SP,DEL03-SP,UOP01-DEL03-SP
421539,2022-03-19,sábado,17:00:00,ES,101.0,118,SOORETAMA,Transitar na contramão,Colisão frontal,Com Vítimas Feridas,Pleno dia,Crescente,Céu Claro,Simples,Reta,Não,8.0,0.0,1.0,4.0,2.0,1.0,5.0,5.0,"-19,12750105","-40,06705989",SPRF-ES,DEL04-ES,UOP01-DEL04-ES
421540,2022-03-19,sábado,15:00:00,MS,163.0,837,SONORA,Ausência de reação do condutor,Saída de leito carroçável,Com Vítimas Feridas,Pleno dia,Crescente,Céu Claro,Dupla,Reta,Não,5.0,0.0,4.0,0.0,0.0,1.0,4.0,2.0,"-17,60027601","-54,74632566",SPRF-MS,DEL06-MS,UOP01-DEL06-MS
421544,2022-03-19,sábado,15:15:00,MT,163.0,956,NOVA SANTA HELENA,Desrespeitar a preferência no cruzamento,Colisão lateral sentido oposto,Sem Vítimas,Pleno dia,Decrescente,Sol,Simples,Interseção de Vias;Reta,Sim,3.0,0.0,0.0,0.0,2.0,4.0,0.0,6.0,"-10,8491742","-55,1877609",SPRF-MT,DEL06-MT,NPF/DEL06-MT
421546,2022-03-19,sábado,15:57:00,MG,381.0,"934,3",EXTREMA,Velocidade Incompatível,Tombamento,Com Vítimas Feridas,Pleno dia,Decrescente,Nublado,Dupla,Curva,Não,2.0,0.0,0.0,1.0,0.0,1.0,1.0,2.0,"-22,80549588","-46,25964622",SPRF-MG,DEL16-MG,UOP03-DEL16-MG
421549,2022-03-19,sábado,14:10:00,MG,356.0,"271,6",MURIAE,Carga excessiva e/ou mal acondicionada,Capotamento,Com Vítimas Feridas,Pleno dia,Decrescente,Céu Claro,Simples,Curva,Não,1.0,0.0,1.0,0.0,0.0,0.0,1.0,1.0,"-21,13210421","-42,31711942",SPRF-MG,DEL07-MG,UOP02-DEL07-MG
421551,2022-03-19,sábado,15:00:00,PB,104.0,"186,2",ALCANTIL,Velocidade Incompatível,Tombamento,Com Vítimas Feridas,Pleno dia,Crescente,Céu Claro,Simples,Curva,Não,1.0,0.0,1.0,0.0,0.0,0.0,1.0,1.0,"-7,67890361","-36,06349826",SPRF-PB,DEL02-PB,UOP03-DEL02-PB
421554,2022-03-19,sábado,18:15:00,GO,364.0,"263,5",MINEIROS,Ultrapassagem Indevida,Colisão frontal,Com Vítimas Fatais,Anoitecer,Decrescente,Céu Claro,Simples,Declive;Reta,Não,7.0,1.0,0.0,4.0,1.0,1.0,4.0,4.0,"-17,669987","-52,250309",SPRF-GO,DEL05-GO,UOP01-DEL05-GO
421559,2022-03-19,sábado,17:00:00,TO,153.0,139,ARAGUAINA,Acessar a via sem observar a presença dos outros veículos,Atropelamento de Pedestre,Com Vítimas Feridas,Pleno dia,Crescente,Céu Claro,Dupla,Reta,Sim,3.0,0.0,1.0,0.0,2.0,0.0,1.0,2.0,"-7,16325275","-48,20698926",SPRF-TO,DEL02-TO,UOP01-DEL02-TO
421564,2022-03-16,quarta-feira,05:30:00,TO,226.0,26,PALMEIRAS DO TOCANTINS,Afundamento ou ondulação no pavimento,Eventos atípicos,Com Vítimas Feridas,Plena Noite,Decrescente,Chuva,Simples,Reta,Não,1.0,0.0,1.0,0.0,0.0,0.0,1.0,1.0,"-6,641345","-47,667072",SPRF-TO,DEL02-TO,UOP03-DEL02-TO
421568,2022-03-19,sábado,19:05:00,RS,386.0,"35,5",FREDERICO WESTPHALEN,Ingestão de álcool pelo condutor,Colisão frontal,Com Vítimas Feridas,Plena Noite,Decrescente,Nublado,Simples,Declive,Sim,3.0,0.0,1.0,0.0,1.0,1.0,1.0,3.0,"-27,373381","-53,39772",SPRF-RS,DEL08-RS,UOP02-DEL08-RS
421578,2022-03-19,sábado,16:00:00,MG,116.0,"421,6",GOVERNADOR VALADARES,Ausência de reação do condutor,Colisão lateral mesmo sentido,Com Vítimas Feridas,Pleno dia,Crescente,Céu Claro,Simples,Curva,Não,3.0,0.0,0.0,1.0,1.0,1.0,1.0,3.0,"-18,93669975","-41,94751431",SPRF-MG,DEL06-MG,UOP01-DEL06-MG
421581,2022-03-19,sábado,15:30:00,BA,101.0,624,MASCOTE,Velocidade Incompatível,Saída de leito carroçável,Com Vítimas Feridas,Pleno dia,Decrescente,Chuva,Simples,Curva,Não,1.0,0.0,1.0,0.0,0.0,0.0,1.0,1.0,"-15,858785","-39,520394",SPRF-BA,DEL05-BA,UOP02-DEL05-BA
421586,2022-03-19,sábado,10:50:00,MG,50.0,6,ARAGUARI,Ausência de reação do condutor,Colisão traseira,Com Vítimas Feridas,Pleno dia,Crescente,Céu Claro,Dupla,Aclive,Não,3.0,0.0,1.0,0.0,1.0,5.0,1.0,7.0,"-18,47092796","-48,05101772",SPRF-MG,DEL15-MG,UOP02-DEL15-MG
421595,2022-03-19,sábado,20:40:00,PR,277.0,313,GUARAPUAVA,Transitar na contramão,Colisão frontal,Com Vítimas Fatais,Plena Noite,Crescente,Nublado,Simples,Declive,Não,3.0,1.0,0.0,0.0,1.0,2.0,0.0,4.0,"-25,31874499","-51,19515521",SPRF-PR,DEL08-PR,UOP01-DEL08-PR
421606,2022-03-01,terça-feira,18:20:00,PR,163.0,288,MARECHAL CANDIDO RONDON,Acessar a via sem observar a presença dos outros veículos,Colisão traseira,Com Vítimas Feridas,Anoitecer,Crescente,Nublado,Múltipla,Aclive,Não,5.0,0.0,0.0,1.0,1.0,3.0,1.0,4.0,"-24,52090153","-54,06702887",SPRF-PR,DEL06-PR,UOP02-DEL06-PR
421624,2022-03-19,sábado,23:10:00,SP,116.0,"213,1",GUARULHOS,Ausência de reação do condutor,Colisão traseira,Com Vítimas Feridas,Plena Noite,Decrescente,Céu Claro,Múltipla,Declive,Sim,5.0,0.0,1.0,0.0,4.0,0.0,1.0,2.0,"-23,43971486","-46,43667806",SPRF-SP,DEL01-SP,UOP01-DEL01-SP
421625,2022-03-19,sábado,17:10:00,MG,262.0,"899,9",CAMPO FLORIDO,Reação tardia ou ineficiente do condutor,Tombamento,Com Vítimas Feridas,Pleno dia,Decrescente,Céu Claro,Simples,Rotatória,Não,2.0,0.0,1.0,0.0,0.0,3.0,1.0,4.0,"-19,700002","-48,764762",SPRF-MG,DEL13-MG,UOP02-DEL13-MG
421630,2022-03-19,sábado,22:45:00,MG,381.0,"400,6",BOM JESUS DO AMPARO,Velocidade Incompatível,Colisão frontal,Com Vítimas Feridas,Amanhecer,Crescente,Céu Claro,Dupla,Curva,Sim,3.0,0.0,0.0,1.0,1.0,1.0,1.0,3.0,"-19,74862048","-43,49156221",SPRF-MG,DEL01-MG,UOP01-DEL01-MG
421631,2022-03-19,sábado,22:40:00,SP,116.0,308,SAO LOURENCO DA SERRA,Ausência de reação do condutor,Tombamento,Com Vítimas Feridas,Plena Noite,Crescente,Chuva,Dupla,Curva,Sim,1.0,0.0,0.0,1.0,0.0,0.0,1.0,1.0,"-23,86213995","-46,94718508",SPRF-SP,DEL04-SP,UOP01-DEL04-SP
421635,2022-03-19,sábado,23:50:00,SE,101.0,"101,9",SAO CRISTOVAO,Ingestão de álcool pelo condutor,Colisão frontal,Com Vítimas Fatais,Plena Noite,Crescente,Nublado,Dupla,Reta,Não,4.0,1.0,0.0,0.0,3.0,0.0,0.0,2.0,"-10,94481346","-37,2027868",SPRF-SE,DEL02-SE,UOP01-DEL02-SE
421641,2022-03-20,domingo,00:00:00,MG,381.0,"764,6",CAMPANHA,Ausência de reação do condutor,Colisão traseira,Com Vítimas Feridas,Plena Noite,Crescente,Céu Claro,Dupla,Curva,Não,3.0,0.0,1.0,0.0,1.0,1.0,1.0,3.0,"-21,72957854","-45,38370931",SPRF-MG,DEL16-MG,UOP02-DEL16-MG
421648,2022-03-19,sábado,21:50:00,BA,116.0,571,NOVA ITARANA,Transitar na contramão,Colisão lateral sentido oposto,Com Vítimas Feridas,Plena Noite,Crescente,Céu Claro,Simples,Curva,Não,2.0,0.0,1.0,0.0,1.0,0.0,1.0,2.0,"-13,01747168","-39,95928314",SPRF-BA,DEL03-BA,UOP02-DEL03-BA
421650,2022-03-20,domingo,01:00:00,PE,423.0,84,SAO JOAO,Ingestão de álcool e/ou substâncias psicoativas pelo pedestre,Colisão lateral sentido oposto,Com Vítimas Feridas,Plena Noite,Crescente,Céu Claro,Simples,Reta,Não,5.0,0.0,0.0,1.0,3.0,1.0,1.0,3.0,"-8,798195","-36,43809",SPRF-PE,DEL03-PE,UOP01-DEL03-PE
421663,2022-03-20,domingo,03:25:00,RS,116.0,"37,8",VACARIA,Ingestão de álcool pelo condutor,Colisão com objeto,Com Vítimas Feridas,Plena Noite,Decrescente,Céu Claro,Simples,Reta,Sim,3.0,0.0,0.0,1.0,1.0,1.0,1.0,3.0,"-28,50466627","-50,92405558",SPRF-RS,DEL05-RS,UOP03-DEL05-RS
421664,2022-03-20,domingo,00:55:00,MG,381.0,"756,2",TRES CORACOES,Velocidade Incompatível,Colisão traseira,Com Vítimas Fatais,Plena Noite,Decrescente,Nublado,Dupla,Reta,Sim,4.0,1.0,0.0,0.0,1.0,2.0,0.0,4.0,"-21,67338164","-45,33568382",SPRF-MG,DEL16-MG,UOP02-DEL16-MG
421666,2022-03-20,domingo,03:40:00,MG,262.0,"367,9",JUATUBA,Pedestre andava na pista,Atropelamento de Pedestre,Com Vítimas Feridas,Plena Noite,Crescente,Céu Claro,Dupla,Curva,Não,2.0,0.0,0.0,1.0,1.0,0.0,1.0,2.0,"-19,97391261","-44,27096197",SPRF-MG,DEL01-MG,UOP03-DEL01-MG
421682,2022-03-20,domingo,04:10:00,SC,101.0,"287,4",IMBITUBA,Transitar na contramão,Colisão frontal,Com Vítimas Fatais,Plena Noite,Crescente,Nublado,Dupla,Curva,Não,3.0,1.0,0.0,0.0,1.0,2.0,0.0,4.0,"-28,2604069","-48,7045591",SPRF-SC,DEL02-SC,UOP03-DEL02-SC
421686,2022-03-20,domingo,04:10:00,SP,116.0,475,JACUPIRANGA,Condutor Dormindo,Saída de leito carroçável,Sem Vítimas,Plena Noite,Decrescente,Chuva,Dupla,Reta,Sim,1.0,0.0,0.0,0.0,1.0,0.0,0.0,1.0,"-24,68648001","-47,98910399",SPRF-SP,DEL05-SP,UOP01-DEL05-SP
421695,2022-03-20,domingo,06:40:00,PI,230.0,"153,8",DOM EXPEDITO LOPES,Manobra de mudança de faixa,Saída de leito carroçável,Com Vítimas Feridas,Pleno dia,Crescente,Céu Claro,Simples,Reta,Não,2.0,0.0,1.0,0.0,0.0,1.0,1.0,2.0,"-6,94085894","-41,75264199",SPRF-PI,DEL04-PI,UOP01-DEL04-PI
421705,2022-03-20,domingo,08:30:00,SP,116.0,301,SAO LOURENCO DA SERRA,Ausência de reação do condutor,Colisão lateral mesmo sentido,Sem Vítimas,Pleno dia,Crescente,Nublado,Dupla,Curva,Não,5.0,0.0,0.0,0.0,4.0,1.0,0.0,3.0,"-23,81147602","-46,92298208",SPRF-SP,DEL04-SP,UOP01-DEL04-SP
421708,2022-03-20,domingo,09:44:00,RS,470.0,218,BENTO GONCALVES,Velocidade Incompatível,Colisão frontal,Com Vítimas Feridas,Pleno dia,Crescente,Garoa/Chuvisco,Simples,Curva,Não,2.0,0.0,0.0,1.0,1.0,0.0,1.0,2.0,"-29,17292214","-51,52424936",SPRF-RS,DEL06-RS,UOP01-DEL06-RS
421713,2022-03-20,domingo,05:45:00,MG,50.0,89,UBERLANDIA,Ausência de reação do condutor,Saída de leito carroçável,Com Vítimas Feridas,Amanhecer,Decrescente,Nublado,Dupla,Em Obras,Não,1.0,0.0,1.0,0.0,0.0,0.0,1.0,1.0,"-19,03998093","-48,19938578",SPRF-MG,DEL15-MG,UOP01-DEL15-MG
421714,2022-03-20,domingo,10:00:00,SP,153.0,"317,9",SAO PEDRO DO TURVO,Reação tardia ou ineficiente do condutor,Colisão transversal,Com Vítimas Feridas,Pleno dia,Decrescente,Nublado,Simples,Reta;Declive,Não,6.0,0.0,2.0,0.0,3.0,1.0,2.0,3.0,"-22,733024","-49,8896699",SPRF-SP,DEL07-SP,UOP03-DEL07-SP
421722,2022-03-20,domingo,10:50:00,BA,242.0,626,MUQUEM DE SAO FRANCISCO,Reação tardia ou ineficiente do condutor,Colisão lateral sentido oposto,Com Vítimas Feridas,Pleno dia,Crescente,Céu Claro,Simples,Reta,Não,4.0,0.0,1.0,0.0,1.0,3.0,1.0,5.0,"-12,14544034","-43,37730068",SPRF-BA,DEL10-BA,UOP02-DEL10-BA
421738,2022-03-20,domingo,11:35:00,SC,280.0,"232,8",CANOINHAS,Acessar a via sem observar a presença dos outros veículos,Colisão transversal,Com Vítimas Feridas,Pleno dia,Decrescente,Céu Claro,Simples,Interseção de Vias,Não,5.0,0.0,4.0,0.0,1.0,0.0,4.0,2.0,"-26,19014736","-50,38186997",SPRF-SC,DEL06-SC,UOP04-DEL06-SC
421740,2022-03-20,domingo,13:30:00,MG,365.0,"239,1",BURITIZEIRO,Ultrapassagem Indevida,Colisão lateral mesmo sentido,Sem Vítimas,Pleno dia,Decrescente,Céu Claro,Simples,Reta,Não,3.0,0.0,0.0,0.0,1.0,3.0,0.0,4.0,"-17,75189806","-45,41571663",SPRF-MG,DEL12-MG,UOP01-DEL12-MG
421749,2022-03-20,domingo,13:50:00,PR,376.0,268,MARILANDIA DO SUL,Manobra de mudança de faixa,Saída de leito carroçável,Sem Vítimas,Pleno dia,Crescente,Céu Claro,Dupla,Reta,Não,1.0,0.0,0.0,0.0,1.0,0.0,0.0,1.0,"-23,74795399","-51,27162198",SPRF-PR,DEL07-PR,UOP02-DEL07-PR
421752,2022-03-20,domingo,15:00:00,MG,262.0,"401,2",PARA DE MINAS,Velocidade Incompatível,Colisão lateral mesmo sentido,Com Vítimas Feridas,Pleno dia,Decrescente,Sol,Dupla,Curva,Sim,3.0,0.0,1.0,0.0,1.0,1.0,1.0,3.0,"-19,90018759","-44,55287088",SPRF-MG,DEL01-MG,UOP03-DEL01-MG