id,data_inversa,dia_semana,horario,uf,br,km,municipio,causa_acidente,tipo_acidente,classificacao_acidente,fase_dia,sentido_via,condicao_metereologica,tipo_pista,tracado_via,uso_solo,pessoas,mortos,feridos_leves,feridos_graves,ilesos,ignorados,feridos,veiculos,latitude,longitude,regional,delegacia,uop
421753,2022-02-23,quarta-feira,16:40:00,RS,285.0,"326,4",PASSO FUNDO,Condutor deixou de manter distância do veículo da frente,Colisão traseira,Sem Vítimas,Pleno dia,Crescente,Céu Claro,Simples,Reta,Não,3.0,0.0,0.0,0.0,3.0,0.0,0.0,3.0,"-28,271332","-52,678734",SPRF-RS,DEL08-RS,UOP03-DEL08-RS
421754,2022-03-20,domingo,15:30:00,PR,376.0,"667,5",GUARATUBA,Problema com o freio,Colisão com objeto,Com Vítimas Feridas,Pleno dia,Crescente,Nublado,Dupla,Curva,Não,2.0,0.0,0.0,1.0,0.0,1.0,1.0,2.0,"-25,86649659","-48,94666822",SPRF-PR,DEL01-PR,UOP04-DEL01-PR
421757,2022-03-20,domingo,13:35:00,MG,365.0,439,GUIMARANIA,Manobra de mudança de faixa,Saída de leito carroçável,Com Vítimas Feridas,Pleno dia,Crescente,Céu Claro,Simples,Declive,Não,3.0,0.0,2.0,0.0,0.0,1.0,2.0,2.0,"-18,79702736","-46,73405991",SPRF-MG,DEL10-MG,UOP01-DEL10-MG
421763,2022-03-20,domingo,15:30:00,RJ,354.0,"3,5",RESENDE,Pista Escorregadia,Colisão lateral sentido oposto,Com Vítimas Feridas,Pleno dia,Crescente,Chuva,Simples,Curva;Declive,Não,5.0,0.0,2.0,1.0,2.0,0.0,3.0,2.0,"-22,3862","-44,753967",SPRF-RJ,DEL07-RJ,UOP02-DEL07-RJ
421777,2022-03-20,domingo,17:40:00,ES,101.0,113,SOORETAMA,Reação tardia ou ineficiente do condutor,Colisão lateral mesmo sentido,Sem Vítimas,Plena Noite,Crescente,Céu Claro,Simples,Reta,Não,3.0,0.0,0.0,0.0,2.0,1.0,0.0,3.0,"-19,08668002","-40,04691895",SPRF-ES,DEL04-ES,UOP01-DEL04-ES
421796,2022-03-20,domingo,16:15:00,BA,242.0,369,PALMEIRAS,Ausência de reação do condutor,Colisão lateral sentido oposto,Sem Vítimas,Pleno dia,Decrescente,Céu Claro,Simples,Curva,Não,4.0,0.0,0.0,0.0,3.0,6.0,0.0,9.0,"-12,46131491","-41,46948804",SPRF-BA,DEL06-BA,UOP01-DEL06-BA
421797,2022-03-20,domingo,16:45:00,SC,280.0,123,RIO NEGRINHO,Condutor Dormindo,Saída de leito carroçável,Com Vítimas Feridas,Pleno dia,Crescente,Céu Claro,Simples,Reta,Sim,2.0,0.0,0.0,1.0,0.0,2.0,1.0,3.0,"-26,24420169","-49,46557991",SPRF-SC,DEL06-SC,UOP03-DEL06-SC
421803,2022-03-20,domingo,15:00:00,RJ,356.0,64,ITAPERUNA,Pista em desnível,Tombamento,Com Vítimas Feridas,Pleno dia,Crescente,Céu Claro,Simples,Curva;Aclive,Não,2.0,0.0,1.0,0.0,0.0,1.0,1.0,2.0,"-21,341824","-41,71171",SPRF-RJ,DEL08-RJ,UOP03-DEL08-RJ
421804,2022-03-20,domingo,17:30:00,MA,135.0,406,JATOBA,Ingestão de álcool pelo condutor,Colisão lateral mesmo sentido,Com Vítimas Feridas,Pleno dia,Crescente,Céu Claro,Simples,Reta,Não,4.0,0.0,0.0,2.0,1.0,2.0,2.0,4.0,"-5,830069","-44,314076",SPRF-MA,DEL03-MA,UOP01-DEL03-MA
421807,2022-03-20,domingo,19:50:00,RS,470.0,"154,8",NOVA PRATA,Ingestão de álcool pelo condutor,Colisão frontal,Sem Vítimas,Plena Noite,Decrescente,Nublado,Simples,Reta,Não,3.0,0.0,0.0,0.0,2.0,1.0,0.0,3.0,"-28,77116542","-51,61806285",SPRF-RS,DEL06-RS,UOP02-DEL06-RS
421810,2022-03-20,domingo,21:20:00,MG,50.0,"130,8",UBERABA,Ausência de reação do condutor,Colisão traseira,Com Vítimas Feridas,Plena Noite,Decrescente,Céu Claro,Dupla,Reta,Não,2.0,0.0,1.0,0.0,1.0,0.0,1.0,2.0,"-19,38989597","-48,07678044",SPRF-MG,DEL13-MG,UOP01-DEL13-MG
421813,2022-03-20,domingo,21:00:00,ES,262.0,"76,4",DOMINGOS MARTINS,Demais falhas mecânicas ou elétricas,Tombamento,Com Vítimas Feridas,Plena Noite,Decrescente,Céu Claro,Simples,Declive;Curva,Não,2.0,0.0,1.0,0.0,0.0,1.0,1.0,2.0,"-20,41279327","-40,90834307",SPRF-ES,DEL01-ES,UOP02-DEL01-ES
421831,2022-03-20,domingo,20:30:00,BA,324.0,388,GAVIAO,Ultrapassagem Indevida,Colisão lateral mesmo sentido,Com Vítimas Feridas,Plena Noite,Crescente,Céu Claro,Simples,Aclive,Não,4.0,0.0,1.0,0.0,2.0,1.0,1.0,2.0,"-11,50618276","-39,73663378",SPRF-BA,DEL04-BA,UOP02-DEL04-BA
421843,2022-03-20,domingo,22:30:00,MG,116.0,"397,3",GOVERNADOR VALADARES,Velocidade Incompatível,Colisão frontal,Com Vítimas Feridas,Plena Noite,Decrescente,Céu Claro,Simples,Curva,Não,3.0,0.0,0.0,1.0,1.0,1.0,1.0,3.0,"-18,75570099","-41,98568765",SPRF-MG,DEL06-MG,UOP01-DEL06-MG
421844,2022-03-21,segunda-feira,01:45:00,RJ,116.0,"278,6",BARRA MANSA,Condutor Dormindo,Colisão com objeto,Com Vítimas Feridas,Plena Noite,Crescente,Chuva,Dupla,Curva,Não,1.0,0.0,1.0,0.0,0.0,0.0,1.0,1.0,"-22,55271018","-44,17778004",SPRF-RJ,DEL07-RJ,UOP02-DEL07-RJ
421850,2022-03-21,segunda-feira,04:00:00,MG,381.0,"333,5",NOVA ERA,Ausência de reação do condutor,Colisão frontal,Com Vítimas Feridas,Plena Noite,Decrescente,Chuva,Simples,Curva,Não,2.0,0.0,1.0,0.0,1.0,0.0,1.0,2.0,"-19,80306599","-43,06083702",SPRF-MG,DEL03-MG,UOP01-DEL03-MG
421851,2022-03-21,segunda-feira,03:35:00,RS,290.0,94,PORTO ALEGRE,Reação tardia ou ineficiente do condutor,Colisão traseira,Com Vítimas Fatais,Plena Noite,Decrescente,Céu Claro,Múltipla,Em Obras;Aclive;Curva;Desvio Temporário,Sim,4.0,2.0,0.0,0.0,1.0,1.0,0.0,3.0,"-29,973856","-51,197853",SPRF-RS,DEL01-RS,UOP01-DEL01-RS
421852,2022-03-21,segunda-feira,04:30:00,MG,381.0,444,SANTA LUZIA,Velocidade Incompatível,Colisão traseira,Com Vítimas Feridas,Plena Noite,Crescente,Chuva,Simples,Reta;Declive,Não,4.0,0.0,2.0,0.0,2.0,0.0,2.0,2.0,"-19,8121748","-43,7968766",SPRF-MG,DEL01-MG,UOP01-DEL01-MG
421857,2022-03-21,segunda-feira,05:20:00,MG,381.0,592,CARMOPOLIS DE MINAS,Manobra de mudança de faixa,Colisão traseira,Com Vítimas Feridas,Amanhecer,Decrescente,Nublado,Dupla,Reta,Não,2.0,0.0,2.0,0.0,0.0,0.0,2.0,2.0,"-20,57880683","-44,6872411",SPRF-MG,DEL04-MG,UOP01-DEL04-MG
421858,2022-03-21,segunda-feira,04:15:00,RJ,101.0,282,ITABORAI,Reação tardia ou ineficiente do condutor,Saída de leito carroçável,Com Vítimas Feridas,Plena Noite,Decrescente,Chuva,Dupla,Reta,Não,1.0,0.0,0.0,1.0,0.0,0.0,1.0,1.0,"-22,7371391","-42,79664601",SPRF-RJ,DEL02-RJ,UOP03-DEL02-RJ
421862,2022-03-21,segunda-feira,05:40:00,RS,290.0,61,GRAVATAI,Ausência de reação do condutor,Colisão traseira,Com Vítimas Feridas,Amanhecer,Crescente,Nublado,Dupla,Reta,Não,2.0,0.0,2.0,0.0,0.0,0.0,2.0,2.0,"-29,92622541","-50,86344838",SPRF-RS,DEL03-RS,UOP01-DEL03-RS
421864,2022-03-21,segunda-feira,00:00:00,GO,153.0,"640,5",MORRINHOS,Pista esburacada,Saída de leito carroçável,Com Vítimas Feridas,Plena Noite,Decrescente,Céu Claro,Dupla,Reta,Não,2.0,0.0,0.0,1.0,0.0,1.0,1.0,2.0,"-17,8799","-49,2301",SPRF-GO,DEL03-GO,UOP01-DEL03-GO
421873,2022-03-21,segunda-feira,07:20:00,GO,20.0,182,SIMOLANDIA,Acumulo de água sobre o pavimento,Atropelamento de Pedestre,Com Vítimas Feridas,Pleno dia,Decrescente,Chuva,Simples,Reta,Não,2.0,0.0,0.0,1.0,1.0,0.0,1.0,2.0,"-14,463847","-46,480179",SPRF-DF,DEL02-DF,UOP03-DEL02-DF
421874,2022-03-20,domingo,14:10:00,MT,70.0,208,GENERAL CARNEIRO,Reação tardia ou ineficiente do condutor,Tombamento,Sem Vítimas,Pleno dia,Decrescente,Nublado,Simples,Curva,Não,2.0,0.0,0.0,0.0,1.0,2.0,0.0,3.0,"-15,74145115","-53,79746002",SPRF-MT,DEL05-MT,UOP01-DEL05-MT
421898,2022-03-21,segunda-feira,08:00:00,AM,174.0,914,MANAUS,Pedestre andava na pista,Atropelamento de Pedestre,Com Vítimas Fatais,Pleno dia,Decrescente,Céu Claro,Simples,Reta,Não,2.0,1.0,0.0,0.0,0.0,1.0,0.0,2.0,"-2,70822467","-60,04866149",SPRF-AM,DEL01-AM,UOP01-DEL01-AM
421902,2022-03-21,segunda-feira,09:20:00,MS,163.0,104,ITAQUIRAI,Condutor deixou de manter distância do veículo da frente,Colisão lateral mesmo sentido,Com Vítimas Feridas,Pleno dia,Crescente,Céu Claro,Dupla,Reta,Não,3.0,0.0,0.0,1.0,1.0,1.0,1.0,3.0,"-23,24560635","-54,22489172",SPRF-MS,DEL09-MS,UOP01-DEL09-MS
421914,2022-03-21,segunda-feira,09:30:00,SC,101.0,"131,7",BALNEARIO CAMBORIU,Velocidade Incompatível,Colisão traseira,Com Vítimas Feridas,Pleno dia,Crescente,Chuva,Dupla,Reta,Sim,2.0,0.0,1.0,0.0,1.0,0.0,1.0,2.0,"-26,99064209","-48,66310912",SPRF-SC,DEL04-SC,UOP03-DEL04-SC
421917,2022-03-21,segunda-feira,10:30:00,RJ,116.0,216,PARACAMBI,Demais falhas mecânicas ou elétricas,Incêndio,Sem Vítimas,Pleno dia,Crescente,Nublado,Dupla,Reta,Não,2.0,0.0,0.0,0.0,1.0,1.0,0.0,2.0,"-22,70521322","-43,74066509",SPRF-RJ,DEL01-RJ,UOP03-DEL01-RJ
421918,2022-03-21,segunda-feira,12:40:00,DF,40.0,"7,9",BRASILIA,Transitar na contramão,Colisão transversal,Com Vítimas Feridas,Pleno dia,Decrescente,Céu Claro,Dupla,Reta,Sim,2.0,0.0,1.0,0.0,1.0,0.0,1.0,2.0,"-16,038666","-47,979691",SPRF-DF,DEL01-DF,UOP01-DEL01-DF
421923,2022-03-21,segunda-feira,10:30:00,SP,116.0,"360,2",MIRACATU,Velocidade Incompatível,Tombamento,Com Vítimas Feridas,Pleno dia,Decrescente,Garoa/Chuvisco,Dupla,Aclive;Curva,Não,2.0,0.0,1.0,0.0,0.0,1.0,1.0,2.0,"-24,11248793","-47,26510606",SPRF-SP,DEL04-SP,UOP02-DEL04-SP
421928,2022-03-21,segunda-feira,12:30:00,BA,116.0,"225,7",EUCLIDES DA CUNHA,Demais falhas mecânicas ou elétricas,Colisão lateral sentido oposto,Com Vítimas Feridas,Pleno dia,Crescente,Céu Claro,Simples,Reta,Não,4.0,0.0,0.0,1.0,1.0,2.0,1.0,4.0,"-10,5994489","-38,97465576",SPRF-BA,DEL07-BA,UOP02-DEL07-BA
421932,2022-03-21,segunda-feira,13:10:00,SP,116.0,283,EMBU DAS ARTES,Ausência de reação do condutor,Colisão lateral mesmo sentido,Com Vítimas Feridas,Pleno dia,Crescente,Nublado,Dupla,Reta,Sim,3.0,0.0,0.0,1.0,1.0,1.0,1.0,3.0,"-23,69297005","-46,86352786",SPRF-SP,DEL04-SP,UOP01-DEL04-SP
421933,2022-03-21,segunda-feira,13:00:00,MS,376.0,136,IVINHEMA,Ausência de reação do condutor,Colisão lateral sentido oposto,Com Vítimas Fatais,Pleno dia,Crescente,Céu Claro,Simples,Reta,Não,5.0,2.0,2.0,0.0,1.0,0.0,2.0,2.0,"-22,37394861","-53,68121979",SPRF-MS,DEL04-MS,UOP04-DEL04-MS
421935,2022-03-21,segunda-feira,07:00:00,PI,316.0,113,PASSAGEM FRANCA DO PIAUI,Reação tardia ou ineficiente do condutor,Colisão traseira,Com Vítimas Feridas,Amanhecer,Decrescente,Céu Claro,Simples,Reta;Declive,Não,5.0,0.0,1.0,0.0,3.0,2.0,1.0,4.0,"-5,90627199","-42,40355098",SPRF-PI,DEL04-PI,UOP02-DEL04-PI
421938,2022-03-21,segunda-feira,13:50:00,PE,232.0,"32,7",MORENO,Condutor deixou de manter distância do veículo da frente,Colisão traseira,Com Vítimas Feridas,Pleno dia,Decrescente,Céu Claro,Dupla,Reta,Não,2.0,0.0,1.0,0.0,1.0,0.0,1.0,2.0,"-8,10541732","-35,1665671",SPRF-PE,DEL01-PE,UOP01-DEL01-PE
421939,2022-03-21,segunda-feira,13:55:00,AL,316.0,65,MARAVILHA,Reação tardia ou ineficiente do condutor,Colisão com objeto,Sem Vítimas,Pleno dia,Decrescente,Céu Claro,Simples,Reta,Sim,2.0,0.0,0.0,0.0,1.0,1.0,0.0,2.0,"-9,27140816","-37,3922301",SPRF-AL,DEL03-AL,UOP02-DEL03-AL
421946,2022-03-21,segunda-feira,14:17:00,PE,101.0,46,IGARASSU,Velocidade Incompatível,Colisão lateral mesmo sentido,Com Vítimas Feridas,Pleno dia,Decrescente,Chuva,Múltipla,Reta,Sim,3.0,0.0,0.0,1.0,1.0,1.0,1.0,2.0,"-7,87406004","-34,90588126",SPRF-PE,DEL01-PE,UOP02-DEL01-PE
421948,2022-03-21,segunda-feira,15:35:00,PR,376.0,"490,6",PONTA GROSSA,Manobra de mudança de faixa,Colisão traseira,Sem Vítimas,Pleno dia,Crescente,Céu Claro,Dupla,Curva,Sim,3.0,0.0,0.0,0.0,1.0,3.0,0.0,4.0,"-25,14692309","-50,15072006",SPRF-PR,DEL03-PR,UOP01-DEL03-PR
421950,2022-03-21,segunda-feira,15:00:00,ES,101.0,276,SERRA,Reação tardia ou ineficiente do condutor,Capotamento,Com Vítimas Feridas,Pleno dia,Crescente,Sol,Dupla,Reta,Não,2.0,0.0,1.0,0.0,1.0,0.0,1.0,2.0,"-20,20788726","-40,3133509",SPRF-ES,DEL02-ES,UOP01-DEL02-ES
421952,2022-03-21,segunda-feira,13:00:00,PE,232.0,32,MORENO,Condutor Dormindo,Saída de leito carroçável,Com Vítimas Feridas,Pleno dia,Decrescente,Chuva,Dupla,Reta,Não,2.0,0.0,1.0,0.0,1.0,0.0,1.0,2.0,"-8,10541732","-35,1665671",SPRF-PE,DEL01-PE,UOP01-DEL01-PE
421955,2022-03-21,segunda-feira,12:10:00,MT,70.0,542,VARZEA GRANDE,Condutor deixou de manter distância do veículo da frente,Colisão traseira,Com Vítimas Feridas,Pleno dia,Decrescente,Céu Claro,Simples,Reta,Não,2.0,0.0,1.0,0.0,1.0,0.0,1.0,2.0,"-15,67791546","-56,32656097",SPRF-MT,DEL03-MT,UOP02-DEL03-MT
421957,2022-03-21,segunda-feira,16:10:00,PA,163.0,607,TRAIRAO,Demais falhas mecânicas ou elétricas,Tombamento,Sem Vítimas,Pleno dia,Crescente,Nublado,Simples,Aclive;Curva,Não,2.0,0.0,0.0,0.0,1.0,2.0,0.0,3.0,"-4,78803625","-56,11969281",SPRF-PA,DEL05-PA,UOP01-DEL05-PA
421958,2022-03-21,segunda-feira,14:00:00,RJ,101.0,92,CAMPOS DOS GOYTACAZES,Velocidade Incompatível,Colisão com objeto,Com Vítimas Feridas,Pleno dia,Crescente,Céu Claro,Dupla,Curva,Não,3.0,0.0,1.0,0.0,2.0,0.0,1.0,2.0,"-21,85456357","-41,52621893",SPRF-RJ,DEL08-RJ,UOP02-DEL08-RJ
421967,2022-03-21,segunda-feira,16:00:00,RJ,40.0,110,DUQUE DE CAXIAS,Condutor deixou de manter distância do veículo da frente,Colisão traseira,Com Vítimas Feridas,Pleno dia,Crescente,Nublado,Simples,Reta,Sim,4.0,0.0,0.0,1.0,3.0,0.0,1.0,2.0,"-22,686815","-43,286062",SPRF-RJ,DEL01-RJ,UOP01-DEL01-RJ
421968,2022-03-21,segunda-feira,16:50:00,RS,116.0,194,PICADA CAFE,Acessar a via sem observar a presença dos outros veículos,Colisão frontal,Com Vítimas Feridas,Pleno dia,Decrescente,Céu Claro,Dupla,Interseção de Vias,Sim,3.0,0.0,2.0,0.0,1.0,0.0,2.0,3.0,"-29,45426575","-51,13702297",SPRF-RS,DEL05-RS,UOP02-DEL05-RS
421969,2022-02-09,quarta-feira,08:30:00,RS,116.0,"70,6",CAMPESTRE DA SERRA,Acessar a via sem observar a presença dos outros veículos,Colisão transversal,Sem Vítimas,Pleno dia,Crescente,Sol,Simples,Reta,Não,4.0,0.0,0.0,0.0,3.0,1.0,0.0,4.0,"-28,71784397","-51,08742966",SPRF-RS,DEL05-RS,UOP03-DEL05-RS
421974,2022-03-21,segunda-feira,18:23:00,GO,153.0,502,GOIANIA,Condutor deixou de manter distância do veículo da frente,Engavetamento,Com Vítimas Feridas,Pleno dia,Crescente,Céu Claro,Dupla,Reta,Sim,5.0,0.0,1.0,0.0,4.0,0.0,1.0,3.0,"-16,7287","-49,2424",SPRF-GO,DEL01-GO,UOP01-DEL01-GO
421975,2022-03-21,segunda-feira,18:00:00,BA,116.0,857,VITORIA DA CONQUISTA,Ultrapassagem Indevida,Tombamento,Com Vítimas Feridas,Anoitecer,Decrescente,Céu Claro,Simples,Reta,Não,2.0,0.0,1.0,0.0,0.0,1.0,1.0,2.0,"-15,09993623","-41,0201259",SPRF-BA,DEL08-BA,UOP01-DEL08-BA
421977,2022-03-21,segunda-feira,18:20:00,RN,101.0,114,SAO JOSE DE MIPIBU,Acessar a via sem observar a presença dos outros veículos,Colisão traseira,Com Vítimas Feridas,Plena Noite,Decrescente,Nublado,Dupla,Reta,Não,2.0,0.0,1.0,0.0,0.0,1.0,1.0,2.0,"-5,982204","-35,264896",SPRF-RN,DEL01-RN,UOP01-DEL01-RN
421979,2022-03-21,segunda-feira,17:50:00,SC,470.0,97,APIUNA,Ultrapassagem Indevida,Colisão lateral mesmo sentido,Com Vítimas Feridas,Anoitecer,Decrescente,Chuva,Simples,Reta;Interseção de Vias,Sim,2.0,0.0,1.0,0.0,1.0,0.0,1.0,2.0,"-27,026621","-49,378124",SPRF-SC,DEL04-SC,UOP01-DEL04-SC
421980,2022-03-21,segunda-feira,13:00:00,MT,163.0,807,SINOP,Reação tardia ou ineficiente do condutor,Engavetamento,Com Vítimas Feridas,Pleno dia,Crescente,Céu Claro,Simples,Declive,Não,8.0,0.0,4.0,0.0,2.0,4.0,4.0,8.0,"-12,1039511","-55,51751696",SPRF-MT,DEL06-MT,UOP01-DEL06-MT
421982,2022-03-21,segunda-feira,18:15:00,PR,277.0,68,SAO JOSE DOS PINHAIS,Condutor Dormindo,Colisão traseira,Sem Vítimas,Plena Noite,Decrescente,Céu Claro,Dupla,Reta,Não,2.0,0.0,0.0,0.0,1.0,1.0,0.0,2.0,"-25,54112281","-49,06183391",SPRF-PR,DEL01-PR,UOP01-DEL01-PR
421990,2022-03-21,segunda-feira,17:45:00,SC,470.0,"317,3",CAMPOS NOVOS,Pedestre cruzava a pista fora da faixa,Atropelamento de Pedestre,Com Vítimas Feridas,Pleno dia,Crescente,Céu Claro,Simples,Reta,Sim,2.0,0.0,0.0,1.0,1.0,0.0,1.0,2.0,"-27,404869","-51,206257",SPRF-SC,DEL07-SC,UOP06-DEL07-SC
421994,2022-03-21,segunda-feira,16:30:00,SC,282.0,"610,3",MARAVILHA,Transitar na contramão,Colisão frontal,Com Vítimas Feridas,Pleno dia,Crescente,Sol,Simples,Aclive;Curva,Não,2.0,0.0,0.0,1.0,1.0,0.0,1.0,2.0,"-26,75499937","-53,2337594",SPRF-SC,DEL07-SC,UOP02-DEL07-SC
422001,2022-03-21,segunda-feira,17:50:00,MS,158.0,250,TRES LAGOAS,Reação tardia ou ineficiente do condutor,Tombamento,Com Vítimas Feridas,Anoitecer,Decrescente,Céu Claro,Simples,Curva,Não,2.0,0.0,1.0,0.0,0.0,2.0,1.0,3.0,"-20,64611767","-51,79195404",SPRF-MS,DEL07-MS,UOP01-DEL07-MS
422005,2022-03-21,segunda-feira,19:30:00,MT,163.0,"114,2",RONDONOPOLIS,Problema com o freio,Incêndio,Com Vítimas Feridas,Plena Noite,Crescente,Céu Claro,Dupla,Reta,Não,2.0,0.0,1.0,0.0,0.0,1.0,1.0,2.0,"-16,54595325","-54,67086252",SPRF-MT,DEL02-MT,UOP01-DEL02-MT
422006,2022-03-21,segunda-feira,20:15:00,SP,116.0,"363,9",MIRACATU,Velocidade Incompatível,Tombamento,Com Vítimas Feridas,Plena Noite,Crescente,Nublado,Dupla,Curva,Não,2.0,0.0,1.0,0.0,0.0,1.0,1.0,2.0,"-24,13855614","-47,2733671",SPRF-SP,DEL04-SP,UOP02-DEL04-SP
422007,2022-03-21,segunda-feira,16:50:00,MT,158.0,"578,9",AGUA BOA,Condutor Dormindo,Saída de leito carroçável,Sem Vítimas,Amanhecer,Crescente,Céu Claro,Simples,Curva,Não,2.0,0.0,0.0,0.0,1.0,2.0,0.0,3.0,"-14,13004291","-52,19589907",SPRF-MT,DEL07-MT,UOP02-DEL07-MT
422014,2022-03-21,segunda-feira,21:00:00,MT,364.0,491,JANGADA,Transitar na contramão,Colisão lateral sentido oposto,Com Vítimas Feridas,Plena Noite,Crescente,Céu Claro,Simples,Reta,Não,4.0,0.0,1.0,0.0,2.0,4.0,1.0,7.0,"-15,255241","-56,463107",SPRF-MT,DEL01-MT,UOP02-DEL01-MT
422015,2022-03-21,segunda-feira,22:45:00,RS,116.0,424,CRISTAL,Transitar na contramão,Colisão lateral sentido oposto,Com Vítimas Feridas,Plena Noite,Crescente,Céu Claro,Simples,Reta,Não,3.0,0.0,1.0,0.0,0.0,2.0,1.0,3.0,"-30,98121486","-52,01940536",SPRF-RS,DEL02-RS,UOP02-DEL02-RS
422017,2022-03-21,segunda-feira,21:30:00,MG,40.0,"822,8",SIMAO PEREIRA,Ausência de reação do condutor,Colisão traseira,Com Vítimas Feridas,Plena Noite,Decrescente,Ignorado,Dupla,Reta,Não,2.0,0.0,0.0,1.0,1.0,0.0,1.0,2.0,"-21,95323782","-43,3008627",SPRF-MG,DEL05-MG,UOP01-DEL05-MG
422019,2022-01-19,quarta-feira,14:35:00,MA,316.0,"83,2",MARANHAOZINHO,Transitar na contramão,Colisão frontal,Com Vítimas Feridas,Pleno dia,Crescente,Chuva,Simples,Reta,Não,10.0,0.0,4.0,5.0,0.0,1.0,9.0,3.0,"-2,269495","-45,849506",SPRF-MA,DEL02-MA,UOP02-DEL02-MA
422021,2022-03-22,terça-feira,00:20:00,ES,101.0,358,ANCHIETA,Condutor Dormindo,Colisão com objeto,Com Vítimas Fatais,Plena Noite,Crescente,Chuva,Simples,Reta,Não,2.0,2.0,0.0,0.0,0.0,0.0,0.0,1.0,"-20,691717","-40,704254",SPRF-ES,DEL03-ES,UOP01-DEL03-ES
422035,2022-03-22,terça-feira,06:35:00,CE,116.0,"161,5",RUSSAS,Condutor deixou de manter distância do veículo da frente,Colisão traseira,Com Vítimas Feridas,Pleno dia,Decrescente,Garoa/Chuvisco,Simples,Curva,Sim,3.0,0.0,1.0,0.0,1.0,1.0,1.0,3.0,"-4,92182572","-37,99428792",SPRF-CE,DEL03-CE,UOP01-DEL03-CE
422037,2022-03-22,terça-feira,07:00:00,SC,470.0,"120,5",IBIRAMA,Ultrapassagem Indevida,Colisão frontal,Com Vítimas Feridas,Pleno dia,Crescente,Chuva,Simples,Declive;Reta,Não,4.0,0.0,1.0,0.0,2.0,1.0,1.0,4.0,"-27,095861","-49,526859",SPRF-SC,DEL04-SC,UOP02-DEL04-SC
422045,2022-03-22,terça-feira,05:50:00,MG,381.0,755,TRES CORACOES,Ausência de reação do condutor,Atropelamento de Pedestre,Com Vítimas Feridas,Amanhecer,Crescente,Céu Claro,Dupla,Reta,Sim,3.0,0.0,0.0,1.0,0.0,2.0,1.0,3.0,"-21,66987868","-45,33161045",SPRF-MG,DEL16-MG,UOP02-DEL16-MG
422048,2022-03-22,terça-feira,07:44:00,RS,392.0,"18,2",RIO GRANDE,Reação tardia ou ineficiente do condutor,Colisão lateral mesmo sentido,Com Vítimas Fatais,Amanhecer,Crescente,Céu Claro,Dupla,Reta,Não,5.0,1.0,1.0,0.0,3.0,0.0,1.0,2.0,"-32,09017991","-52,17651198",SPRF-RS,DEL07-RS,UOP02-DEL07-RS
422050,2022-03-22,terça-feira,05:00:00,MG,354.0,"705,5",CAXAMBU,Velocidade Incompatível,Tombamento,Com Vítimas Feridas,Plena Noite,Crescente,Céu Claro,Simples,Curva,Sim,2.0,0.0,1.0,0.0,0.0,1.0,1.0,2.0,"-21,99436068","-44,92657553",SPRF-MG,DEL17-MG,UOP01-DEL17-MG
422054,2022-03-22,terça-feira,08:15:00,RS,116.0,"427,9",CRISTAL,Ausência de reação do condutor,Saída de leito carroçável,Com Vítimas Feridas,Pleno dia,Crescente,Céu Claro,Simples,Declive,Sim,2.0,0.0,1.0,0.0,0.0,1.0,1.0,2.0,"-30,99035","-52,038357",SPRF-RS,DEL02-RS,UOP02-DEL02-RS
422056,2022-03-22,terça-feira,08:10:00,MG,381.0,873,POUSO ALEGRE,Velocidade Incompatível,Tombamento,Com Vítimas Feridas,Pleno dia,Crescente,Céu Claro,Dupla,Curva,Sim,2.0,0.0,0.0,1.0,0.0,1.0,1.0,2.0,"-22,450796","-46,000139",SPRF-MG,DEL16-MG,UOP01-DEL16-MG
422057,2022-03-07,segunda-feira,03:00:00,PI,0.0,0,TERESINA,Demais Fenômenos da natureza,Eventos atípicos,Sem Vítimas,Amanhecer,Não Informado,Chuva,Simples,Reta,Sim,2.0,0.0,0.0,0.0,0.0,2.0,0.0,2.0,"-5,0812215","-42,7844906",SPRF-PI,,
422060,2022-03-22,terça-feira,07:10:00,PR,369.0,"18,9",CAMBARA,Ausência de reação do condutor,Tombamento,Com Vítimas Feridas,Amanhecer,Crescente,Céu Claro,Simples,Reta,Não,2.0,0.0,1.0,0.0,0.0,1.0,1.0,2.0,"-23,03664187","-50,06924629",SPRF-PR,DEL07-PR,UOP01-DEL07-PR
422062,2022-03-21,segunda-feira,13:50:00,CE,20.0,"201,6",BOA VIAGEM,Carga excessiva e/ou mal acondicionada,Eventos atípicos,Sem Vítimas,Pleno dia,Decrescente,Céu Claro,Simples,Reta,Sim,2.0,0.0,0.0,0.0,1.0,1.0,0.0,2.0,"-5,13185084","-39,73793507",SPRF-CE,DEL02-CE,UOP02-DEL02-CE
422063,2022-02-12,sábado,19:00:00,RJ,116.0,"99,3",TERESOPOLIS,Velocidade Incompatível,Saída de leito carroçável,Com Vítimas Feridas,Plena Noite,Crescente,Chuva,Simples,Curva,Não,1.0,0.0,1.0,0.0,0.0,0.0,1.0,1.0,"-22,48851488","-42,99935184",SPRF-RJ,DEL04-RJ,UOP01-DEL04-RJ
422066,2022-03-22,terça-feira,07:50:00,MG,40.0,"746,3",SANTOS DUMONT,Velocidade Incompatível,Tombamento,Com Vítimas Fatais,Pleno dia,Crescente,Céu Claro,Simples,Curva,Sim,2.0,1.0,0.0,0.0,0.0,1.0,0.0,2.0,"-21,43028197","-43,55615283",SPRF-MG,DEL05-MG,UOP01-DEL05-MG