id,data_inversa,dia_semana,horario,uf,br,km,municipio,causa_acidente,tipo_acidente,classificacao_acidente,fase_dia,sentido_via,condicao_metereologica,tipo_pista,tracado_via,uso_solo,pessoas,mortos,feridos_leves,feridos_graves,ilesos,ignorados,feridos,veiculos,latitude,longitude,regional,delegacia,uop
422652,2022-03-25,sexta-feira,14:53:00,BA,101.0,"225,6",CRUZ DAS ALMAS,Condutor deixou de manter distância do veículo da frente,Colisão traseira,Com Vítimas Fatais,Pleno dia,Crescente,Nublado,Simples,Reta,Não,7.0,4.0,0.0,0.0,3.0,0.0,0.0,3.0,"-12,69434672","-39,15081024",SPRF-BA,DEL01-BA,UOP02-DEL01-BA
422656,2022-03-25,sexta-feira,14:30:00,MG,40.0,275,TRES MARIAS,Ausência de reação do condutor,Colisão traseira,Com Vítimas Feridas,Pleno dia,Decrescente,Céu Claro,Simples,Reta,Sim,4.0,0.0,1.0,0.0,3.0,0.0,1.0,2.0,"-18,19945877","-45,23770577",SPRF-MG,DEL14-MG,UOP02-DEL14-MG
422657,2022-03-25,sexta-feira,16:30:00,CE,222.0,"5,5",CAUCAIA,Acostamento em desnível,Tombamento,Com Vítimas Feridas,Pleno dia,Crescente,Nublado,Dupla,Curva;Viaduto,Sim,3.0,0.0,2.0,0.0,0.0,1.0,2.0,2.0,"-3,74296918","-38,61330997",SPRF-CE,DEL01-CE,UOP01-DEL01-CE
422658,2022-03-25,sexta-feira,15:55:00,SP,116.0,545,BARRA DO TURVO,Avarias e/ou desgaste excessivo no pneu,Colisão traseira,Com Vítimas Feridas,Pleno dia,Crescente,Garoa/Chuvisco,Simples,Curva,Não,8.0,0.0,0.0,2.0,3.0,4.0,2.0,7.0,"-24,95016699","-48,42400302",SPRF-SP,DEL05-SP,UOP02-DEL05-SP
422665,2022-03-25,sexta-feira,16:30:00,SC,470.0,57,BLUMENAU,Trafegar com motocicleta (ou similar) entre as faixas,Colisão lateral mesmo sentido,Com Vítimas Feridas,Pleno dia,Crescente,Nublado,Simples,Rotatória,Sim,2.0,0.0,1.0,0.0,1.0,0.0,1.0,2.0,"-26,88253596","-49,14198518",SPRF-SC,DEL04-SC,UOP01-DEL04-SC
422670,2022-03-25,sexta-feira,16:20:00,RJ,101.0,165,MACAE,Condutor Dormindo,Colisão frontal,Com Vítimas Feridas,Pleno dia,Decrescente,Sol,Simples,Reta,Não,2.0,0.0,1.0,0.0,1.0,0.0,1.0,2.0,"-22,32158385","-41,90349311",SPRF-RJ,DEL08-RJ,UOP04-DEL08-RJ
422671,2022-03-11,sexta-feira,02:40:00,PE,101.0,"66,1",RECIFE,Reação tardia ou ineficiente do condutor,Tombamento,Com Vítimas Feridas,Plena Noite,Crescente,Nublado,Múltipla,Reta,Sim,1.0,0.0,1.0,0.0,0.0,0.0,1.0,1.0,"-8,03368534","-34,94184125",SPRF-PE,DEL01-PE,UOP01-DEL01-PE
422676,2022-03-25,sexta-feira,15:40:00,RO,364.0,"515,1",ARIQUEMES,Acessar a via sem observar a presença dos outros veículos,Colisão transversal,Com Vítimas Feridas,Pleno dia,Decrescente,Céu Claro,Simples,Reta,Sim,3.0,0.0,1.0,0.0,1.0,3.0,1.0,5.0,"-9,92497302","-63,05491046",SPRF-RO,DEL03-RO,UOP01-DEL03-RO
422678,2022-03-25,sexta-feira,17:00:00,PR,376.0,491,PONTA GROSSA,Reação tardia ou ineficiente do condutor,Colisão lateral mesmo sentido,Com Vítimas Feridas,Pleno dia,Crescente,Céu Claro,Dupla,Reta,Sim,5.0,0.0,0.0,1.0,3.0,6.0,1.0,10.0,"-25,112643","-50,1885",SPRF-PR,DEL03-PR,UOP01-DEL03-PR
422680,2022-03-25,sexta-feira,18:00:00,MG,381.0,333,NOVA ERA,Velocidade Incompatível,Colisão frontal,Com Vítimas Feridas,Plena Noite,Decrescente,Céu Claro,Simples,Curva,Não,3.0,0.0,0.0,1.0,2.0,0.0,1.0,3.0,"-19,80306599","-43,06083702",SPRF-MG,DEL03-MG,UOP01-DEL03-MG
422682,2022-03-25,sexta-feira,19:05:00,GO,414.0,430,ABADIANIA,Ultrapassagem Indevida,Colisão lateral mesmo sentido,Com Vítimas Feridas,Plena Noite,Crescente,Céu Claro,Simples,Reta,Não,3.0,0.0,1.0,0.0,1.0,1.0,1.0,3.0,"-16,20624369","-48,9136195",SPRF-GO,DEL02-GO,UOP01-DEL02-GO
422686,2022-03-25,sexta-feira,18:30:00,SC,101.0,134,BALNEARIO CAMBORIU,Manobra de mudança de faixa,Colisão lateral mesmo sentido,Com Vítimas Feridas,Plena Noite,Crescente,Nublado,Dupla,Reta,Sim,2.0,0.0,0.0,1.0,1.0,0.0,1.0,2.0,"-27,00218","-48,636433",SPRF-SC,DEL04-SC,UOP03-DEL04-SC
422695,2022-03-25,sexta-feira,19:00:00,RS,116.0,"349,8",TAPES,Acessar a via sem observar a presença dos outros veículos,Colisão transversal,Com Vítimas Feridas,Anoitecer,Crescente,Céu Claro,Dupla,Aclive;Reta;Em Obras,Não,3.0,0.0,1.0,1.0,1.0,0.0,2.0,2.0,"-30,53448256","-51,50122241",SPRF-RS,DEL02-RS,UOP02-DEL02-RS
422704,2022-03-25,sexta-feira,20:20:00,RS,290.0,"110,5",ELDORADO DO SUL,Manobra de mudança de faixa,Colisão lateral mesmo sentido,Sem Vítimas,Plena Noite,Decrescente,Céu Claro,Dupla,Reta,Sim,4.0,0.0,0.0,0.0,1.0,3.0,0.0,4.0,"-30,023552","-51,321091",SPRF-RS,DEL02-RS,UOP01-DEL02-RS
422709,2022-03-25,sexta-feira,19:30:00,SC,282.0,"571,8",PINHALZINHO,Iluminação deficiente,Colisão transversal,Com Vítimas Feridas,Plena Noite,Decrescente,Céu Claro,Simples,Reta,Não,3.0,0.0,2.0,0.0,1.0,0.0,2.0,2.0,"-26,883053","-52,939816",SPRF-SC,DEL07-SC,UOP02-DEL07-SC
422710,2022-03-25,sexta-feira,20:40:00,RS,158.0,250,JULIO DE CASTILHOS,Condutor Dormindo,Colisão traseira,Com Vítimas Feridas,Plena Noite,Crescente,Céu Claro,Simples,Reta,Não,2.0,0.0,1.0,0.0,1.0,0.0,1.0,2.0,"-29,11880497","-53,65012465",SPRF-RS,DEL10-RS,UOP02-DEL10-RS
422713,2022-03-25,sexta-feira,21:30:00,SC,101.0,"127,1",ITAJAI,Pedestre andava na pista,Atropelamento de Pedestre,Com Vítimas Feridas,Plena Noite,Decrescente,Céu Claro,Dupla,Reta,Sim,2.0,0.0,0.0,1.0,0.0,1.0,1.0,2.0,"-26,9639319","-48,68328024",SPRF-SC,DEL04-SC,UOP04-DEL04-SC
422716,2022-03-25,sexta-feira,16:30:00,MG,262.0,451,NOVA SERRANA,Manobra de mudança de faixa,Colisão transversal,Com Vítimas Fatais,Pleno dia,Crescente,Céu Claro,Simples,Reta,Não,4.0,1.0,0.0,1.0,1.0,1.0,1.0,3.0,"-19,86372828","-44,99796931",SPRF-MG,DEL08-MG,UOP03-DEL08-MG
422719,2022-03-25,sexta-feira,22:00:00,ES,101.0,"146,6",LINHARES,Condutor deixou de manter distância do veículo da frente,Colisão traseira,Com Vítimas Feridas,Plena Noite,Decrescente,Céu Claro,Simples,Reta,Sim,3.0,0.0,1.0,0.0,2.0,0.0,1.0,2.0,"-19,36990998","-40,06560718",SPRF-ES,DEL04-ES,UOP01-DEL04-ES
422724,2022-03-25,sexta-feira,21:45:00,SC,470.0,"144,9",RIO DO SUL,Condutor deixou de manter distância do veículo da frente,Colisão transversal,Sem Vítimas,Plena Noite,Crescente,Chuva,Simples,Reta,Não,3.0,0.0,0.0,0.0,2.0,1.0,0.0,3.0,"-27,235138","-49,677608",SPRF-SC,DEL04-SC,UOP02-DEL04-SC
422728,2022-03-25,sexta-feira,22:30:00,RJ,116.0,321,ITATIAIA,Deficiência do Sistema de Iluminação/Sinalização,Colisão traseira,Com Vítimas Feridas,Plena Noite,Crescente,Céu Claro,Dupla,Reta,Não,2.0,0.0,0.0,1.0,1.0,0.0,1.0,2.0,"-22,48093378","-44,53547807",SPRF-RJ,DEL07-RJ,UOP02-DEL07-RJ
422738,2022-01-21,sexta-feira,03:20:00,GO,40.0,73,CRISTALINA,Condutor Dormindo,Colisão traseira,Com Vítimas Feridas,Plena Noite,Decrescente,Céu Claro,Dupla,Reta,Não,9.0,0.0,7.0,0.0,1.0,1.0,7.0,3.0,"-16,621476","-47,748846",SPRF-DF,DEL01-DF,UOP02-DEL01-DF
422765,2022-03-26,sábado,00:00:00,SC,470.0,"144,8",RIO DO SUL,Ingestão de álcool pelo condutor,Colisão frontal,Com Vítimas Feridas,Plena Noite,Crescente,Nublado,Simples,Reta,Sim,3.0,0.0,0.0,1.0,1.0,1.0,1.0,3.0,"-27,235138","-49,677608",SPRF-SC,DEL04-SC,UOP02-DEL04-SC
422768,2022-03-26,sábado,06:00:00,SE,101.0,93,NOSSA SENHORA DO SOCORRO,Velocidade Incompatível,Tombamento,Com Vítimas Feridas,Pleno dia,Decrescente,Céu Claro,Dupla,Curva,Sim,1.0,0.0,1.0,0.0,0.0,0.0,1.0,1.0,"-10,90212319","-37,14494787",SPRF-SE,DEL01-SE,UOP01-DEL01-SE
422781,2022-03-26,sábado,01:00:00,TO,242.0,328,PEIXE,Ausência de reação do condutor,Colisão frontal,Com Vítimas Feridas,Plena Noite,Decrescente,Céu Claro,Simples,Reta,Não,3.0,0.0,1.0,1.0,0.0,1.0,2.0,2.0,"-11,95145709","-48,68131312",SPRF-TO,DEL01-TO,UOP02-DEL01-TO
422784,2022-03-26,sábado,07:20:00,DF,40.0,3,BRASILIA,Acessar a via sem observar a presença dos outros veículos,Colisão lateral mesmo sentido,Sem Vítimas,Amanhecer,Decrescente,Sol,Dupla,Reta,Sim,3.0,0.0,0.0,0.0,2.0,1.0,0.0,3.0,"-16,003145","-47,983944",SPRF-DF,DEL01-DF,UOP01-DEL01-DF
422792,2022-03-26,sábado,07:50:00,PE,101.0,"74,5",RECIFE,Acesso irregular,Colisão transversal,Com Vítimas Feridas,Pleno dia,Crescente,Nublado,Dupla,Curva,Sim,4.0,0.0,1.0,1.0,1.0,1.0,2.0,3.0,"-8,105822","-34,9483712",SPRF-PE,DEL01-PE,UOP01-DEL01-PE
422807,2022-03-26,sábado,09:00:00,RJ,393.0,132,SAPUCAIA,Condutor deixou de manter distância do veículo da frente,Colisão traseira,Com Vítimas Feridas,Pleno dia,Decrescente,Sol,Simples,Reta,Sim,4.0,0.0,1.0,0.0,2.0,1.0,1.0,3.0,"-21,97476198","-42,88418674",SPRF-RJ,DEL05-RJ,UOP01-DEL05-RJ
422810,2022-03-26,sábado,09:30:00,GO,40.0,12,LUZIANIA,Reação tardia ou ineficiente do condutor,Eventos atípicos,Com Vítimas Feridas,Pleno dia,Crescente,Céu Claro,Dupla,Reta,Sim,2.0,0.0,0.0,1.0,1.0,0.0,1.0,2.0,"-16,145123","-47,945382",SPRF-DF,DEL01-DF,UOP01-DEL01-DF
422811,2022-03-26,sábado,06:23:00,PE,232.0,"207,7",PESQUEIRA,Ingestão de álcool pelo condutor,Colisão traseira,Sem Vítimas,Pleno dia,Crescente,Céu Claro,Simples,Reta,Sim,2.0,0.0,0.0,0.0,2.0,0.0,0.0,2.0,"-8,2831328","-36,64434137",SPRF-PE,DEL03-PE,UOP02-DEL03-PE
422812,2022-03-26,sábado,09:30:00,RN,304.0,297,MACAIBA,Acumulo de água sobre o pavimento,Colisão com objeto,Sem Vítimas,Pleno dia,Crescente,Chuva,Dupla,Aclive,Não,1.0,0.0,0.0,0.0,1.0,0.0,0.0,1.0,"-5,8650021","-35,34228802",SPRF-RN,DEL01-RN,UOP02-DEL01-RN
422814,2022-03-18,sexta-feira,11:20:00,BA,101.0,287,LAJE,Velocidade Incompatível,Saída de leito carroçável,Com Vítimas Feridas,Pleno dia,Crescente,Chuva,Simples,Curva,Não,1.0,0.0,1.0,0.0,0.0,0.0,1.0,1.0,"-13,28488593","-39,32243808",SPRF-BA,DEL01-BA,UOP02-DEL01-BA
422817,2022-03-26,sábado,10:15:00,PB,230.0,42,SANTA RITA,Acessar a via sem observar a presença dos outros veículos,Colisão lateral mesmo sentido,Com Vítimas Feridas,Pleno dia,Crescente,Chuva,Múltipla,Curva,Sim,3.0,0.0,1.0,0.0,2.0,0.0,1.0,2.0,"-7,1426","-34,9956",SPRF-PB,DEL01-PB,UOP03-DEL01-PB
422819,2022-03-26,sábado,10:20:00,MG,251.0,"520,3",MONTES CLAROS,Ultrapassagem Indevida,Saída de leito carroçável,Com Vítimas Feridas,Pleno dia,Crescente,Céu Claro,Simples,Reta,Não,2.0,0.0,1.0,0.0,1.0,0.0,1.0,1.0,"-16,66570005","-43,78533097",SPRF-MG,DEL12-MG,UOP01-DEL12-MG
422821,2022-03-26,sábado,10:40:00,SC,470.0,66,INDAIAL,Pedestre andava na pista,Atropelamento de Pedestre,Com Vítimas Feridas,Pleno dia,Crescente,Céu Claro,Simples,Reta,Sim,3.0,0.0,0.0,1.0,1.0,2.0,1.0,4.0,"-26,870407","-49,221844",SPRF-SC,DEL04-SC,UOP01-DEL04-SC
422822,2022-03-26,sábado,07:45:00,MG,459.0,31,CALDAS,Ausência de reação do condutor,Incêndio,Sem Vítimas,Pleno dia,Crescente,Sol,Simples,Curva;Aclive,Não,2.0,0.0,0.0,0.0,1.0,1.0,0.0,2.0,"-21,93609915","-46,35359287",SPRF-MG,DEL09-MG,UOP01-DEL09-MG
422824,2022-03-26,sábado,09:45:00,MT,70.0,498,CUIABA,Demais falhas mecânicas ou elétricas,Colisão frontal,Com Vítimas Feridas,Pleno dia,Decrescente,Nublado,Simples,Reta,Não,2.0,0.0,0.0,1.0,1.0,0.0,1.0,2.0,"-15,68932746","-55,9068932",SPRF-MT,DEL01-MT,UOP02-DEL01-MT
422827,2022-03-26,sábado,12:10:00,ES,101.0,"139,2",LINHARES,Reação tardia ou ineficiente do condutor,Colisão traseira,Com Vítimas Feridas,Pleno dia,Crescente,Céu Claro,Dupla,Reta,Sim,5.0,0.0,1.0,1.0,2.0,1.0,2.0,3.0,"-19,3101728","-40,0799666",SPRF-ES,DEL04-ES,UOP01-DEL04-ES
422835,2022-03-26,sábado,10:45:00,GO,153.0,"665,5",GOIATUBA,Condutor Dormindo,Colisão lateral mesmo sentido,Com Vítimas Feridas,Pleno dia,Decrescente,Céu Claro,Dupla,Reta,Não,2.0,0.0,1.0,0.0,1.0,0.0,1.0,2.0,"-18,0987","-49,2738",SPRF-GO,DEL03-GO,UOP02-DEL03-GO
422847,2022-03-26,sábado,13:40:00,MG,40.0,"632,1",CONSELHEIRO LAFAIETE,Manobra de mudança de faixa,Colisão traseira,Com Vítimas Feridas,Pleno dia,Crescente,Céu Claro,Dupla,Reta,Não,2.0,0.0,0.0,1.0,1.0,0.0,1.0,2.0,"-20,67348593","-43,7968977",SPRF-MG,DEL05-MG,UOP02-DEL05-MG
422852,2022-03-26,sábado,13:40:00,GO,364.0,285,MINEIROS,Avarias e/ou desgaste excessivo no pneu,Colisão frontal,Com Vítimas Fatais,Pleno dia,Crescente,Chuva,Simples,Curva;Declive,Não,3.0,1.0,0.0,0.0,1.0,2.0,0.0,4.0,"-17,608778","-52,429692",SPRF-GO,DEL05-GO,UOP01-DEL05-GO
422855,2022-03-26,sábado,09:10:00,MT,163.0,809,SORRISO,Ingestão de álcool pelo condutor,Colisão lateral mesmo sentido,Com Vítimas Feridas,Amanhecer,Decrescente,Céu Claro,Simples,Reta,Não,3.0,0.0,1.0,0.0,1.0,2.0,1.0,4.0,"-12,31278582","-55,57874036",SPRF-MT,DEL06-MT,UOP01-DEL06-MT
422857,2022-03-26,sábado,14:30:00,RS,392.0,"15,5",RIO GRANDE,Manobra de mudança de faixa,Colisão lateral mesmo sentido,Sem Vítimas,Pleno dia,Crescente,Céu Claro,Dupla,Reta,Não,2.0,0.0,0.0,0.0,1.0,1.0,0.0,2.0,"-32,11079503","-52,15933006",SPRF-RS,DEL07-RS,UOP02-DEL07-RS
422860,2022-03-26,sábado,12:20:00,BA,101.0,"739,7",ITABELA,Ausência de reação do condutor,Saída de leito carroçável,Com Vítimas Feridas,Pleno dia,Decrescente,Céu Claro,Simples,Curva,Não,1.0,0.0,0.0,1.0,0.0,0.0,1.0,1.0,"-16,689233","-39,480426",SPRF-BA,DEL09-BA,UOP01-DEL09-BA
422863,2022-03-26,sábado,14:00:00,GO,364.0,68,CACHOEIRA ALTA,Condutor deixou de manter distância do veículo da frente,Colisão traseira,Com Vítimas Feridas,Pleno dia,Crescente,Sol,Simples,Declive,Não,5.0,0.0,0.0,1.0,3.0,2.0,1.0,5.0,"-18,670822","-50,988216",SPRF-GO,DEL05-GO,UOP02-DEL05-GO
422884,2022-03-26,sábado,16:45:00,RO,364.0,509,ARIQUEMES,Reação tardia ou ineficiente do condutor,Colisão lateral sentido oposto,Sem Vítimas,Pleno dia,Decrescente,Nublado,Simples,Reta,Não,1.0,0.0,0.0,0.0,1.0,0.0,0.0,1.0,"-9,97158975","-63,03721087",SPRF-RO,DEL03-RO,UOP01-DEL03-RO
422891,2022-03-26,sábado,15:00:00,RJ,116.0,267,BARRA MANSA,Acesso irregular,Atropelamento de Pedestre,Com Vítimas Feridas,Pleno dia,Crescente,Sol,Dupla,Curva,Sim,2.0,0.0,0.0,1.0,0.0,1.0,1.0,2.0,"-22,58964229","-44,10482516",SPRF-RJ,DEL07-RJ,UOP02-DEL07-RJ
422903,2022-03-26,sábado,14:50:00,SP,116.0,359,MIRACATU,Velocidade Incompatível,Tombamento,Com Vítimas Feridas,Pleno dia,Decrescente,Sol,Múltipla,Curva,Não,2.0,0.0,1.0,0.0,0.0,1.0,1.0,2.0,"-24,10862227","-47,26589989",SPRF-SP,DEL04-SP,UOP02-DEL04-SP
422907,2022-03-26,sábado,16:30:00,BA,116.0,267,TUCANO,Acessar a via sem observar a presença dos outros veículos,Colisão lateral mesmo sentido,Com Vítimas Feridas,Pleno dia,Crescente,Céu Claro,Simples,Aclive,Não,4.0,0.0,0.0,2.0,1.0,1.0,2.0,3.0,"-10,91454807","-38,83368207",SPRF-BA,DEL07-BA,UOP02-DEL07-BA
422910,2022-03-26,sábado,21:30:00,SC,101.0,"138,3",BALNEARIO CAMBORIU,Velocidade Incompatível,Colisão lateral mesmo sentido,Com Vítimas Feridas,Plena Noite,Decrescente,Céu Claro,Múltipla,Curva,Sim,5.0,0.0,0.0,2.0,1.0,3.0,2.0,5.0,"-27,02397426","-48,60761649",SPRF-SC,DEL04-SC,UOP03-DEL04-SC
422911,2022-03-26,sábado,19:45:00,MT,364.0,"367,7",SANTO ANTONIO DO LEVERGER,Acessar a via sem observar a presença dos outros veículos,Colisão transversal,Com Vítimas Feridas,Plena Noite,Crescente,Céu Claro,Dupla,Reta,Não,3.0,0.0,1.0,0.0,1.0,3.0,1.0,5.0,"-15,74210084","-55,66284162",SPRF-MT,DEL01-MT,UOP02-DEL01-MT
422916,2022-03-26,sábado,15:00:00,MT,158.0,557,AGUA BOA,Acostamento em desnível,Tombamento,Com Vítimas Feridas,Pleno dia,Crescente,Céu Claro,Simples,Reta,Não,2.0,0.0,1.0,0.0,0.0,2.0,1.0,3.0,"-13,96585002","-52,12248897",SPRF-MT,DEL07-MT,UOP02-DEL07-MT
422917,2022-03-26,sábado,20:15:00,MT,364.0,542,ROSARIO OESTE,Acessar a via sem observar a presença dos outros veículos,Colisão transversal,Com Vítimas Feridas,Plena Noite,Decrescente,Céu Claro,Simples,Reta,Sim,5.0,0.0,0.0,3.0,1.0,1.0,3.0,3.0,"-14,83861155","-56,43917084",SPRF-MT,DEL01-MT,UOP01-DEL01-MT
422922,2022-03-26,sábado,18:50:00,MS,60.0,"210,1",BANDEIRANTES,Transitar na contramão,Colisão lateral sentido oposto,Com Vítimas Feridas,Anoitecer,Crescente,Céu Claro,Simples,Reta,Não,4.0,0.0,0.0,1.0,2.0,2.0,1.0,4.0,"-19,6280432","-54,07197681",SPRF-MS,DEL06-MS,UOP02-DEL06-MS
422937,2022-03-26,sábado,21:25:00,TO,153.0,504,PARAISO DO TOCANTINS,Demais falhas mecânicas ou elétricas,Saída de leito carroçável,Com Vítimas Feridas,Plena Noite,Decrescente,Céu Claro,Simples,Reta;Interseção de Vias,Não,2.0,0.0,1.0,0.0,0.0,1.0,1.0,2.0,"-10,25992806","-48,8797456",SPRF-TO,DEL01-TO,UOP01-DEL01-TO
422954,2022-03-26,sábado,19:00:00,GO,158.0,239,JATAI,Ingestão de álcool pelo condutor,Colisão lateral sentido oposto,Sem Vítimas,Plena Noite,Crescente,Nublado,Simples,Reta,Não,4.0,0.0,0.0,0.0,3.0,3.0,0.0,5.0,"-17,63745783","-51,85095077",SPRF-GO,DEL05-GO,UOP01-DEL05-GO
422957,2022-03-26,sábado,16:10:00,RO,364.0,"132,7",PIMENTA BUENO,Demais falhas mecânicas ou elétricas,Incêndio,Sem Vítimas,Pleno dia,Decrescente,Céu Claro,Simples,Aclive,Não,2.0,0.0,0.0,0.0,2.0,0.0,0.0,1.0,"-12,026217","-60,781673",SPRF-RO,DEL02-RO,UOP02-DEL02-RO
422962,2022-03-27,domingo,01:00:00,BA,101.0,817,ITAMARAJU,Velocidade Incompatível,Tombamento,Com Vítimas Feridas,Plena Noite,Crescente,Céu Claro,Simples,Curva,Não,2.0,0.0,1.0,0.0,0.0,1.0,1.0,2.0,"-17,09300161","-39,57108021",SPRF-BA,DEL09-BA,UOP02-DEL09-BA
422969,2022-03-27,domingo,02:40:00,MG,40.0,443,PARAOPEBA,Condutor Dormindo,Saída de leito carroçável,Com Vítimas Feridas,Plena Noite,Crescente,Céu Claro,Dupla,Curva,Sim,2.0,0.0,0.0,1.0,0.0,1.0,1.0,2.0,"-19,28815","-44,392",SPRF-MG,DEL02-MG,UOP01-DEL02-MG
422982,2022-03-27,domingo,03:00:00,MT,163.0,1021,PEIXOTO DE AZEVEDO,Ausência de reação do condutor,Tombamento,Com Vítimas Feridas,Plena Noite,Decrescente,Chuva,Simples,Reta,Não,2.0,0.0,1.0,0.0,0.0,1.0,1.0,2.0,"-10,33684217","-55,03915966",SPRF-MT,DEL06-MT,NPF/DEL06-MT
423002,2022-03-26,sábado,21:20:00,MA,222.0,466,SANTA LUZIA,Animais na Pista,Colisão lateral sentido oposto,Com Vítimas Feridas,Plena Noite,Decrescente,Céu Claro,Simples,Curva,Não,4.0,0.0,1.0,0.0,1.0,5.0,1.0,7.0,"-4,18193306","-46,0475619",SPRF-MA,DEL02-MA,UOP01-DEL02-MA
423013,2022-03-27,domingo,07:20:00,BA,101.0,508,ITABUNA,Ausência de reação do condutor,Saída de leito carroçável,Com Vítimas Feridas,Pleno dia,Decrescente,Céu Claro,Simples,Reta;Declive,Sim,2.0,0.0,1.0,0.0,0.0,1.0,1.0,2.0,"-14,82068929","-39,2932999",SPRF-BA,DEL05-BA,UOP01-DEL05-BA
423015,2022-03-18,sexta-feira,19:05:00,MS,163.0,"13,7",MUNDO NOVO,Acessar a via sem observar a presença dos outros veículos,Colisão traseira,Com Vítimas Feridas,Plena Noite,Decrescente,Céu Claro,Simples,Reta,Não,5.0,0.0,2.0,0.0,2.0,1.0,2.0,3.0,"-23,95374032","-54,31622801",SPRF-MS,DEL09-MS,UOP02-DEL09-MS
423017,2022-03-13,domingo,17:20:00,MA,230.0,134,PASTOS BONS,Problema com o freio,Tombamento,Com Vítimas Fatais,Anoitecer,Crescente,Céu Claro,Simples,Curva,Não,3.0,1.0,0.0,1.0,0.0,2.0,1.0,3.0,"-6,58320288","-44,01724023",SPRF-MA,DEL05-MA,UOP01-DEL05-MA
423018,2022-03-27,domingo,09:15:00,MG,50.0,28,ARAGUARI,Problema com o freio,Saída de leito carroçável,Com Vítimas Feridas,Pleno dia,Crescente,Céu Claro,Dupla,Curva,Não,1.0,0.0,0.0,1.0,0.0,0.0,1.0,1.0,"-18,61851284","-48,1028889",SPRF-MG,DEL15-MG,UOP02-DEL15-MG
423035,2022-02-21,segunda-feira,06:00:00,RS,392.0,"232,6",CACAPAVA DO SUL,Condutor Dormindo,Colisão com objeto,Com Vítimas Feridas,Amanhecer,Decrescente,Céu Claro,Simples,Declive,Não,2.0,0.0,1.0,0.0,0.0,5.0,1.0,6.0,"-30,64533084","-53,29858487",SPRF-RS,DEL09-RS,UOP02-DEL09-RS
423051,2022-03-27,domingo,14:40:00,RS,116.0,300,GUAIBA,Ingestão de álcool pelo condutor,Colisão lateral mesmo sentido,Com Vítimas Feridas,Pleno dia,Decrescente,Céu Claro,Dupla,Viaduto,Sim,4.0,0.0,1.0,0.0,2.0,2.0,1.0,4.0,"-30,12368942","-51,34922543",SPRF-RS,DEL02-RS,UOP01-DEL02-RS
423052,2022-03-27,domingo,14:40:00,MG,251.0,"521,3",MONTES CLAROS,Ultrapassagem Indevida,Colisão frontal,Com Vítimas Feridas,Pleno dia,Crescente,Céu Claro,Simples,Reta,Não,6.0,0.0,2.0,1.0,2.0,3.0,3.0,6.0,"-16,67039297","-43,79223002",SPRF-MG,DEL12-MG,UOP01-DEL12-MG
423068,2022-03-27,domingo,16:40:00,PB,230.0,"159,5",CAMPINA GRANDE,Acessar a via sem observar a presença dos outros veículos,Colisão transversal,Com Vítimas Feridas,Pleno dia,Decrescente,Chuva,Simples,Reta,Sim,3.0,0.0,1.0,0.0,1.0,1.0,1.0,3.0,"-7,252","-35,9334",SPRF-PB,DEL02-PB,UOP01-DEL02-PB
423081,2022-03-27,domingo,18:20:00,PR,376.0,"671,5",GUARATUBA,Velocidade Incompatível,Colisão traseira,Com Vítimas Feridas,Plena Noite,Decrescente,Garoa/Chuvisco,Dupla,Reta,Não,3.0,0.0,0.0,1.0,1.0,1.0,1.0,3.0,"-25,885323","-48,935154",SPRF-PR,DEL01-PR,UOP04-DEL01-PR
423095,2022-03-17,quinta-feira,11:25:00,MA,10.0,130,ESTREITO,Acesso irregular,Colisão transversal,Com Vítimas Feridas,Pleno dia,Crescente,Céu Claro,Simples,Reta,Sim,2.0,0.0,0.0,1.0,1.0,0.0,1.0,2.0,"-6,553709","-47,440681",SPRF-MA,DEL04-MA,UOP02-DEL04-MA
423097,2022-03-27,domingo,19:15:00,MG,50.0,41,ARAGUARI,Velocidade Incompatível,Colisão traseira,Com Vítimas Feridas,Plena Noite,Crescente,Céu Claro,Dupla,Reta;Declive,Não,3.0,0.0,1.0,0.0,1.0,4.0,1.0,6.0,"-18,682136","-48,17887197",SPRF-MG,DEL15-MG,UOP02-DEL15-MG
423099,2022-03-27,domingo,18:40:00,CE,222.0,"327,7",TIANGUA,Obstrução na via,Colisão transversal,Com Vítimas Feridas,Plena Noite,Crescente,Nevoeiro/Neblina,Simples,Reta,Não,2.0,0.0,0.0,1.0,1.0,0.0,1.0,2.0,"-3,80970907","-41,08619895",SPRF-CE,DEL04-CE,UOP02-DEL04-CE
423100,2022-03-27,domingo,19:00:00,PR,116.0,152,MANDIRITUBA,Acessar a via sem observar a presença dos outros veículos,Colisão transversal,Com Vítimas Feridas,Plena Noite,Crescente,Nublado,Simples,Reta;Interseção de Vias,Não,3.0,0.0,0.0,1.0,1.0,1.0,1.0,3.0,"-25,862395","-49,361972",SPRF-PR,DEL01-PR,UOP03-DEL01-PR
423101,2022-03-27,domingo,20:20:00,SC,101.0,46,JOINVILLE,Manobra de mudança de faixa,Colisão lateral mesmo sentido,Sem Vítimas,Plena Noite,Crescente,Nublado,Dupla,Curva,Não,3.0,0.0,0.0,0.0,1.0,2.0,0.0,3.0,"-26,33150083","-48,86187762",SPRF-SC,DEL03-SC,UOP01-DEL03-SC
423110,2022-03-27,domingo,16:00:00,MT,163.0,604,NOVA MUTUM,Ausência de reação do condutor,Saída de leito carroçável,Sem Vítimas,Pleno dia,Crescente,Chuva,Simples,Reta,Não,2.0,0.0,0.0,0.0,2.0,0.0,0.0,1.0,"-13,77268311","-56,05708212",SPRF-MT,DEL01-MT,UOP01-DEL01-MT