id,data_inversa,dia_semana,horario,uf,br,km,municipio,causa_acidente,tipo_acidente,classificacao_acidente,fase_dia,sentido_via,condicao_metereologica,tipo_pista,tracado_via,uso_solo,pessoas,mortos,feridos_leves,feridos_graves,ilesos,ignorados,feridos,veiculos,latitude,longitude,regional,delegacia,uop
423633,2022-03-30,quarta-feira,19:00:00,SC,470.0,"200,2",PONTE ALTA,Velocidade Incompatível,Colisão transversal,Sem Vítimas,Plena Noite,Decrescente,Nublado,Simples,Reta,Não,6.0,0.0,0.0,0.0,5.0,1.0,0.0,3.0,"-27,305405","-50,136627",SPRF-SC,DEL05-SC,UOP03-DEL05-SC
423634,2022-03-30,quarta-feira,17:00:00,MT,174.0,"350,8",CONQUISTA DOESTE,Velocidade Incompatível,Tombamento,Sem Vítimas,Anoitecer,Decrescente,Nublado,Simples,Reta,Não,1.0,0.0,0.0,0.0,1.0,0.0,0.0,1.0,"-14,7264","-59,371838",SPRF-MT,DEL04-MT,UOP01-DEL04-MT
423642,2022-03-30,quarta-feira,22:50:00,PI,316.0,"133,6",ELESBAO VELOSO,Animais na Pista,Saída de leito carroçável,Com Vítimas Feridas,Plena Noite,Crescente,Nublado,Simples,Curva,Não,1.0,0.0,1.0,0.0,0.0,0.0,1.0,1.0,"-6,04530884","-42,28225708",SPRF-PI,DEL04-PI,UOP02-DEL04-PI
423643,2022-03-30,quarta-feira,22:50:00,GO,60.0,449,JATAI,Ingestão de álcool pelo condutor,Eventos atípicos,Sem Vítimas,Plena Noite,Decrescente,Céu Claro,Dupla,Reta;Aclive,Não,2.0,0.0,0.0,0.0,1.0,2.0,0.0,3.0,"-17,8514","-51,5158",SPRF-GO,DEL05-GO,UOP01-DEL05-GO
423644,2022-03-30,quarta-feira,19:00:00,SC,280.0,"13,4",SAO FRANCISCO DO SUL,Ultrapassagem Indevida,Colisão frontal,Com Vítimas Fatais,Plena Noite,Crescente,Nublado,Simples,Reta,Não,4.0,1.0,0.0,0.0,2.0,4.0,0.0,7.0,"-26,32171113","-48,64798666",SPRF-SC,DEL03-SC,UOP03-DEL03-SC
423646,2022-03-30,quarta-feira,17:00:00,SC,280.0,"21,7",ARAQUARI,Condutor deixou de manter distância do veículo da frente,Colisão traseira,Com Vítimas Feridas,Pleno dia,Crescente,Céu Claro,Simples,Reta,Sim,3.0,0.0,0.0,1.0,1.0,3.0,1.0,5.0,"-26,37043169","-48,69219602",SPRF-SC,DEL03-SC,UOP03-DEL03-SC
423648,2022-03-28,segunda-feira,20:15:00,PI,135.0,553,SAO GONCALO DO GURGUEIA,Reação tardia ou ineficiente do condutor,Saída de leito carroçável,Sem Vítimas,Plena Noite,Crescente,Nublado,Simples,Declive,Não,2.0,0.0,0.0,0.0,1.0,1.0,0.0,2.0,"-10,12697426","-45,224383",SPRF-PI,DEL03-PI,UOP02-DEL03-PI
423650,2022-03-30,quarta-feira,18:45:00,PR,376.0,90,PARANAVAI,Demais falhas mecânicas ou elétricas,Tombamento,Com Vítimas Feridas,Plena Noite,Decrescente,Chuva,Simples,Declive,Não,2.0,0.0,1.0,0.0,0.0,2.0,1.0,3.0,"-22,99984987","-52,56604796",SPRF-PR,DEL09-PR,UOP02-DEL09-PR
423653,2022-03-17,quinta-feira,05:30:00,PR,163.0,"131,6",CAPITAO LEONIDAS MARQUES,Demais falhas na via,Colisão lateral mesmo sentido,Sem Vítimas,Amanhecer,Decrescente,Céu Claro,Simples,Em Obras;Aclive;Reta,Não,3.0,0.0,0.0,0.0,2.0,2.0,0.0,4.0,"-25,55336","-53,5888",SPRF-PR,DEL05-PR,UOP05-DEL05-PR
423655,2022-03-31,quinta-feira,01:45:00,ES,262.0,"62,5",MARECHAL FLORIANO,Pedestre andava na pista,Tombamento,Com Vítimas Feridas,Plena Noite,Decrescente,Céu Claro,Simples,Curva;Aclive,Não,3.0,0.0,1.0,0.0,0.0,3.0,1.0,4.0,"-20,42817313","-40,79159629",SPRF-ES,DEL01-ES,UOP02-DEL01-ES
423658,2022-03-30,quarta-feira,11:20:00,MG,381.0,404,BOM JESUS DO AMPARO,Problema com o freio,Colisão com objeto,Sem Vítimas,Pleno dia,Decrescente,Céu Claro,Simples,Reta,Não,1.0,0.0,0.0,0.0,1.0,0.0,0.0,1.0,"-19,7490622","-43,54398027",SPRF-MG,DEL01-MG,UOP01-DEL01-MG
423659,2022-03-31,quinta-feira,05:20:00,ES,101.0,61,SAO MATEUS,Condutor deixou de manter distância do veículo da frente,Colisão traseira,Com Vítimas Feridas,Amanhecer,Crescente,Céu Claro,Simples,Reta,Sim,2.0,0.0,1.0,0.0,0.0,1.0,1.0,2.0,"-18,68153217","-39,86364755",SPRF-ES,DEL04-ES,UOP02-DEL04-ES
423661,2022-03-31,quinta-feira,05:30:00,RN,304.0,118,ITAJA,Ausência de reação do condutor,Atropelamento de Pedestre,Com Vítimas Fatais,Pleno dia,Crescente,Céu Claro,Simples,Reta,Não,2.0,1.0,0.0,0.0,0.0,1.0,0.0,2.0,"-5,6259351","-36,87237305",SPRF-RN,DEL04-RN,UOP01-DEL04-RN
423662,2022-03-31,quinta-feira,01:10:00,SC,101.0,451,SAO JOAO DO SUL,Ingestão de álcool pelo condutor,Colisão frontal,Com Vítimas Feridas,Plena Noite,Crescente,Nublado,Dupla,Interseção de Vias;Curva,Não,2.0,0.0,1.0,0.0,1.0,0.0,1.0,2.0,"-29,17982211","-49,75464372",SPRF-SC,DEL02-SC,UOP02-DEL02-SC
423664,2022-03-31,quinta-feira,05:30:00,RJ,40.0,82,PETROPOLIS,Chuva,Tombamento,Com Vítimas Feridas,Amanhecer,Crescente,Chuva,Simples,Curva,Não,2.0,0.0,1.0,0.0,1.0,0.0,1.0,1.0,"-22,51183137","-43,23076171",SPRF-RJ,DEL06-RJ,UOP01-DEL06-RJ
423666,2022-03-31,quinta-feira,04:15:00,PR,116.0,16,CAMPINA GRANDE DO SUL,Condutor deixou de manter distância do veículo da frente,Colisão traseira,Sem Vítimas,Plena Noite,Decrescente,Garoa/Chuvisco,Dupla,Reta,Não,2.0,0.0,0.0,0.0,0.0,2.0,0.0,2.0,"-25,09969807","-48,692225",SPRF-PR,DEL01-PR,UOP02-DEL01-PR
423668,2022-03-31,quinta-feira,00:10:00,BA,235.0,253,CURACA,Animais na Pista,Saída de leito carroçável,Com Vítimas Feridas,Plena Noite,Decrescente,Céu Claro,Simples,Reta,Não,2.0,0.0,1.0,0.0,0.0,3.0,1.0,4.0,"-9,70917764","-39,69136066",SPRF-BA,DEL07-BA,UOP01-DEL07-BA
423670,2022-03-30,quarta-feira,19:00:00,MA,222.0,"545,2",BOM JESUS DAS SELVAS,Curva acentuada,Saída de leito carroçável,Com Vítimas Feridas,Plena Noite,Decrescente,Chuva,Simples,Curva,Não,1.0,0.0,1.0,0.0,0.0,0.0,1.0,1.0,"-4,36784","-46,595765",SPRF-MA,DEL04-MA,UOP03-DEL04-MA
423675,2022-03-25,sexta-feira,08:30:00,PR,369.0,"165,5",CAMBE,Velocidade Incompatível,Colisão traseira,Sem Vítimas,Pleno dia,Decrescente,Chuva,Dupla,Reta,Sim,7.0,0.0,0.0,0.0,6.0,2.0,0.0,8.0,"-23,29559459","-51,29593849",SPRF-PR,DEL07-PR,UOP01-DEL07-PR
423680,2022-03-31,quinta-feira,00:30:00,BA,324.0,374,SAO JOSE DO JACUIPE,Problema com o freio,Incêndio,Sem Vítimas,Plena Noite,Decrescente,Céu Claro,Simples,Reta,Não,2.0,0.0,0.0,0.0,1.0,1.0,0.0,2.0,"-11,44015915","-39,84586805",SPRF-BA,DEL04-BA,UOP02-DEL04-BA
423682,2022-03-31,quinta-feira,05:15:00,MT,163.0,937,ITAUBA,Demais falhas mecânicas ou elétricas,Tombamento,Com Vítimas Feridas,Amanhecer,Crescente,Nublado,Simples,Reta;Aclive,Sim,2.0,0.0,1.0,0.0,0.0,2.0,1.0,3.0,"-10,99855059","-55,24436145",SPRF-MT,DEL06-MT,NPF/DEL06-MT
423685,2022-03-31,quinta-feira,04:45:00,MS,262.0,"460,1",ANASTACIO,Manobra de mudança de faixa,Saída de leito carroçável,Com Vítimas Feridas,Amanhecer,Crescente,Garoa/Chuvisco,Simples,Reta,Não,1.0,0.0,1.0,0.0,0.0,0.0,1.0,1.0,"-20,55176906","-55,54578297",SPRF-MS,DEL03-MS,UOP01-DEL03-MS
423686,2022-03-31,quinta-feira,07:20:00,RS,116.0,"517,8",PELOTAS,Acessar a via sem observar a presença dos outros veículos,Colisão traseira,Com Vítimas Feridas,Pleno dia,Crescente,Céu Claro,Dupla,Reta,Sim,5.0,0.0,3.0,0.0,1.0,1.0,3.0,3.0,"-31,67908686","-52,34256731",SPRF-RS,DEL07-RS,UOP01-DEL07-RS
423693,2022-02-20,domingo,13:00:00,PA,10.0,220,IPIXUNA DO PARA,Reação tardia ou ineficiente do condutor,Colisão lateral mesmo sentido,Com Vítimas Fatais,Pleno dia,Crescente,Sol,Simples,Reta;Declive,Não,4.0,1.0,1.0,0.0,1.0,1.0,1.0,3.0,"-2,55659601","-47,4943411",SPRF-PA,DEL02-PA,UOP01-DEL02-PA
423695,2022-03-31,quinta-feira,08:20:00,ES,482.0,64,JERONIMO MONTEIRO,Condutor deixou de manter distância do veículo da frente,Colisão traseira,Com Vítimas Feridas,Pleno dia,Crescente,Sol,Simples,Reta,Não,2.0,0.0,1.0,0.0,1.0,0.0,1.0,2.0,"-20,79315184","-41,39670712",SPRF-ES,DEL03-ES,UOP02-DEL03-ES
423697,2022-03-31,quinta-feira,08:30:00,PR,369.0,"149,1",LONDRINA,Reação tardia ou ineficiente do condutor,Colisão lateral mesmo sentido,Com Vítimas Feridas,Pleno dia,Decrescente,Céu Claro,Dupla,Declive,Sim,2.0,0.0,1.0,0.0,1.0,0.0,1.0,2.0,"-23,293053","-51,152198",SPRF-PR,DEL07-PR,UOP01-DEL07-PR
423698,2022-03-31,quinta-feira,09:05:00,PR,116.0,"50,2",CAMPINA GRANDE DO SUL,Mal súbito do condutor,Saída de leito carroçável,Com Vítimas Fatais,Pleno dia,Crescente,Nublado,Dupla,Curva,Não,2.0,1.0,0.0,0.0,0.0,1.0,0.0,2.0,"-25,23481696","-48,90807771",SPRF-PR,DEL01-PR,UOP02-DEL01-PR
423703,2022-03-31,quinta-feira,09:30:00,MG,40.0,"780,8",JUIZ DE FORA,Ausência de reação do condutor,Colisão lateral mesmo sentido,Com Vítimas Feridas,Pleno dia,Crescente,Céu Claro,Dupla,Reta,Não,2.0,0.0,0.0,1.0,1.0,0.0,1.0,2.0,"-21,67939981","-43,44987329",SPRF-MG,DEL05-MG,UOP01-DEL05-MG
423710,2022-03-31,quinta-feira,07:05:00,SC,116.0,176,SAO CRISTOVAO DO SUL,Demais falhas mecânicas ou elétricas,Tombamento,Sem Vítimas,Pleno dia,Crescente,Nublado,Simples,Curva,Não,2.0,0.0,0.0,0.0,1.0,2.0,0.0,3.0,"-27,24164321","-50,46329137",SPRF-SC,DEL05-SC,UOP03-DEL05-SC
423717,2022-03-31,quinta-feira,10:45:00,MG,381.0,"438,5",SABARA,Transitar na contramão,Colisão frontal,Com Vítimas Feridas,Pleno dia,Decrescente,Céu Claro,Simples,Curva,Sim,5.0,0.0,1.0,2.0,1.0,1.0,3.0,3.0,"-19,80934407","-43,777791",SPRF-MG,DEL01-MG,UOP01-DEL01-MG
423718,2022-02-17,quinta-feira,22:00:00,MT,163.0,1112,GUARANTA DO NORTE,Reação tardia ou ineficiente do condutor,Saída de leito carroçável,Com Vítimas Feridas,Plena Noite,Decrescente,Céu Claro,Simples,Curva,Não,3.0,0.0,1.0,2.0,0.0,0.0,3.0,1.0,"-9,70020602","-54,87588757",SPRF-MT,DEL06-MT,NPF/DEL06-MT
423725,2022-03-31,quinta-feira,09:20:00,MG,381.0,"929,8",ITAPEVA,Demais falhas mecânicas ou elétricas,Tombamento,Sem Vítimas,Pleno dia,Crescente,Nublado,Dupla,Curva,Não,3.0,0.0,0.0,0.0,2.0,2.0,0.0,4.0,"-22,79911462","-46,26123692",SPRF-MG,DEL16-MG,UOP03-DEL16-MG
423726,2022-03-31,quinta-feira,12:35:00,ES,101.0,"66,5",SAO MATEUS,Acessar a via sem observar a presença dos outros veículos,Atropelamento de Pedestre,Com Vítimas Feridas,Pleno dia,Crescente,Céu Claro,Simples,Interseção de Vias,Sim,2.0,0.0,0.0,1.0,1.0,0.0,1.0,2.0,"-18,7165195","-39,87436378",SPRF-ES,DEL04-ES,UOP02-DEL04-ES
423728,2022-03-31,quinta-feira,12:20:00,RN,304.0,285,MACAIBA,Condutor Dormindo,Colisão lateral sentido oposto,Com Vítimas Feridas,Pleno dia,Crescente,Nublado,Simples,Em Obras;Reta,Não,3.0,0.0,1.0,0.0,1.0,1.0,1.0,3.0,"-5,87647408","-35,44649998",SPRF-RN,DEL01-RN,UOP02-DEL01-RN
423733,2022-03-31,quinta-feira,13:00:00,BA,415.0,24,ILHEUS,Acostamento em desnível,Saída de leito carroçável,Com Vítimas Feridas,Pleno dia,Crescente,Céu Claro,Simples,Curva;Declive,Sim,3.0,0.0,1.0,0.0,2.0,0.0,1.0,1.0,"-14,8482","-39,281986",SPRF-BA,DEL05-BA,UOP01-DEL05-BA
423734,2022-03-31,quinta-feira,12:30:00,RS,285.0,386,SANTA BARBARA DO SUL,Ultrapassagem Indevida,Colisão frontal,Com Vítimas Feridas,Pleno dia,Decrescente,Céu Claro,Simples,Reta,Não,5.0,0.0,3.0,0.0,1.0,1.0,3.0,3.0,"-28,414564","-53,208912",SPRF-RS,DEL10-RS,UOP02-DEL10-RS
423737,2022-03-27,domingo,04:30:00,MG,365.0,"176,8",BURITIZEIRO,Demais falhas mecânicas ou elétricas,Incêndio,Sem Vítimas,Amanhecer,Decrescente,Céu Claro,Simples,Reta,Não,2.0,0.0,0.0,0.0,1.0,1.0,0.0,2.0,"-17,40869483","-45,05136795",SPRF-MG,DEL12-MG,UOP01-DEL12-MG
423740,2022-03-31,quinta-feira,09:45:00,GO,452.0,162,ITUMBIARA,Demais falhas mecânicas ou elétricas,Incêndio,Sem Vítimas,Pleno dia,Decrescente,Céu Claro,Simples,Reta,Não,2.0,0.0,0.0,0.0,1.0,2.0,0.0,3.0,"-18,31589939","-49,49061016",SPRF-GO,DEL03-GO,UOP02-DEL03-GO
423749,2022-03-31,quinta-feira,14:00:00,ES,101.0,264,SERRA,Acessar a via sem observar a presença dos outros veículos,Colisão lateral mesmo sentido,Com Vítimas Feridas,Pleno dia,Crescente,Céu Claro,Múltipla,Reta,Sim,2.0,0.0,1.0,0.0,1.0,0.0,1.0,2.0,"-20,17292791","-40,26736384",SPRF-ES,DEL02-ES,UOP01-DEL02-ES
423754,2022-03-31,quinta-feira,15:15:00,CE,0.0,0,FORTALEZA,Acessar a via sem observar a presença dos outros veículos,Colisão com objeto,Sem Vítimas,Pleno dia,Não Informado,Céu Claro,Simples,Reta,Sim,2.0,0.0,0.0,0.0,1.0,1.0,0.0,2.0,"-3,803906","-38,5049145",SPRF-CE,DEL01-CE,UOP02-DEL01-CE
423757,2022-03-31,quinta-feira,12:00:00,BA,242.0,685,MUQUEM DE SAO FRANCISCO,Reação tardia ou ineficiente do condutor,Colisão frontal,Com Vítimas Feridas,Pleno dia,Crescente,Nublado,Simples,Reta,Sim,3.0,0.0,1.0,0.0,1.0,2.0,1.0,4.0,"-12,21621626","-43,86072402",SPRF-BA,DEL10-BA,UOP02-DEL10-BA
423758,2022-03-31,quinta-feira,16:00:00,SP,381.0,70,MAIRIPORA,Acumulo de óleo sobre o pavimento,Saída de leito carroçável,Com Vítimas Feridas,Pleno dia,Decrescente,Chuva,Dupla,Reta,Não,8.0,0.0,1.0,0.0,6.0,1.0,1.0,7.0,"-23,34972978","-46,56070474",SPRF-SP,DEL03-SP,UOP01-DEL03-SP
423765,2022-03-31,quinta-feira,15:50:00,PR,116.0,18,ANTONINA,Velocidade Incompatível,Saída de leito carroçável,Sem Vítimas,Pleno dia,Decrescente,Chuva,Dupla,Reta;Declive,Não,2.0,0.0,0.0,0.0,1.0,1.0,0.0,2.0,"-25,103973","-48,710786",SPRF-PR,DEL01-PR,UOP02-DEL01-PR
423766,2022-03-31,quinta-feira,11:40:00,PB,434.0,3,UIRAUNA,Ausência de reação do condutor,Saída de leito carroçável,Sem Vítimas,Pleno dia,Crescente,Nublado,Simples,Reta,Não,1.0,0.0,0.0,0.0,0.0,1.0,0.0,1.0,"-6,488414","-38,42081697",SPRF-PB,DEL03-PB,UOP03-DEL03-PB
423767,2022-03-31,quinta-feira,16:20:00,SC,101.0,215,PALHOCA,Manobra de mudança de faixa,Colisão lateral mesmo sentido,Com Vítimas Feridas,Pleno dia,Crescente,Céu Claro,Dupla,Declive,Sim,2.0,0.0,1.0,0.0,1.0,0.0,1.0,2.0,"-27,65184843","-48,67604941",SPRF-SC,DEL01-SC,UOP02-DEL01-SC
423769,2022-02-28,segunda-feira,03:55:00,CE,222.0,"209,1",FORQUILHA,Ingestão de álcool pelo condutor,Colisão lateral sentido oposto,Sem Vítimas,Plena Noite,Decrescente,Céu Claro,Simples,Curva,Sim,4.0,0.0,0.0,0.0,2.0,2.0,0.0,4.0,"-3,79796009","-40,25863302",SPRF-CE,DEL04-CE,UOP01-DEL04-CE
423770,2022-03-31,quinta-feira,14:55:00,SC,282.0,"377,5",HERVAL DOESTE,Condutor deixou de manter distância do veículo da frente,Colisão traseira,Com Vítimas Feridas,Pleno dia,Decrescente,Nublado,Simples,Reta,Não,3.0,0.0,1.0,0.0,1.0,1.0,1.0,3.0,"-27,217245","-51,46933",SPRF-SC,DEL07-SC,UOP05-DEL07-SC
423781,2022-03-31,quinta-feira,19:30:00,ES,101.0,253,SERRA,Reação tardia ou ineficiente do condutor,Colisão lateral sentido oposto,Com Vítimas Feridas,Plena Noite,Crescente,Céu Claro,Dupla,Reta,Sim,3.0,0.0,1.0,0.0,1.0,1.0,1.0,3.0,"-20,11419271","-40,32390476",SPRF-ES,DEL02-ES,UOP01-DEL02-ES
423782,2022-03-31,quinta-feira,10:30:00,RJ,40.0,109,DUQUE DE CAXIAS,Carga excessiva e/ou mal acondicionada,Tombamento,Com Vítimas Feridas,Pleno dia,Decrescente,Sol,Simples,Curva,Sim,2.0,0.0,2.0,0.0,0.0,0.0,2.0,2.0,"-22,67185765","-43,28458786",SPRF-RJ,DEL01-RJ,UOP01-DEL01-RJ
423785,2022-03-31,quinta-feira,18:08:00,RS,285.0,"338,7",CARAZINHO,Condutor deixou de manter distância do veículo da frente,Colisão traseira,Com Vítimas Feridas,Anoitecer,Crescente,Céu Claro,Simples,Aclive,Sim,3.0,0.0,1.0,0.0,2.0,0.0,1.0,3.0,"-28,315704","-52,779015",SPRF-RS,DEL08-RS,UOP03-DEL08-RS
423792,2022-03-20,domingo,04:30:00,PE,101.0,"185,8",PALMARES,Estacionar ou parar em local proibido,Colisão traseira,Com Vítimas Fatais,Plena Noite,Crescente,Céu Claro,Simples,Reta,Sim,3.0,1.0,0.0,0.0,1.0,2.0,0.0,4.0,"-8,675761","-35,576893",SPRF-PE,DEL01-PE,UOP01-DEL01-PE
423794,2022-03-31,quinta-feira,19:20:00,GO,60.0,212,VARJAO,Carga excessiva e/ou mal acondicionada,Colisão traseira,Com Vítimas Feridas,Plena Noite,Crescente,Nublado,Dupla,Aclive,Não,2.0,0.0,0.0,1.0,0.0,1.0,1.0,2.0,"-16,9521","-49,6829",SPRF-GO,DEL01-GO,UOP02-DEL01-GO
423795,2022-03-31,quinta-feira,19:20:00,SP,116.0,230,SAO PAULO,Deficiência do Sistema de Iluminação/Sinalização,Colisão traseira,Com Vítimas Feridas,Plena Noite,Decrescente,Garoa/Chuvisco,Múltipla,Reta,Sim,2.0,0.0,1.0,0.0,1.0,0.0,1.0,2.0,"-23,52251783","-46,5855702",SPRF-SP,DEL01-SP,UOP01-DEL01-SP
423796,2022-03-31,quinta-feira,18:50:00,RJ,356.0,13,ITAPERUNA,Demais falhas na via,Colisão com objeto,Com Vítimas Fatais,Plena Noite,Decrescente,Céu Claro,Simples,Curva,Não,3.0,1.0,0.0,0.0,0.0,2.0,0.0,2.0,"-21,17470701","-42,07275",SPRF-RJ,DEL08-RJ,UOP03-DEL08-RJ
423800,2022-03-31,quinta-feira,18:45:00,MS,163.0,486,CAMPO GRANDE,Condutor deixou de manter distância do veículo da frente,Engavetamento,Com Vítimas Feridas,Plena Noite,Decrescente,Nevoeiro/Neblina,Simples,Aclive,Sim,5.0,0.0,1.0,1.0,2.0,1.0,2.0,4.0,"-20,4336361","-54,54376745",SPRF-MS,DEL01-MS,UOP02-DEL01-MS
423804,2022-01-31,segunda-feira,06:30:00,RJ,40.0,123,DUQUE DE CAXIAS,Reação tardia ou ineficiente do condutor,Colisão traseira,Com Vítimas Feridas,Pleno dia,Crescente,Chuva,Múltipla,Reta,Sim,3.0,0.0,0.0,1.0,0.0,2.0,1.0,3.0,"-22,8041338","-43,29020012",SPRF-RJ,DEL01-RJ,UOP01-DEL01-RJ
423806,2022-03-31,quinta-feira,19:10:00,PE,424.0,"83,4",GARANHUNS,Reação tardia ou ineficiente do condutor,Saída de leito carroçável,Com Vítimas Feridas,Plena Noite,Decrescente,Nublado,Simples,Reta,Não,1.0,0.0,1.0,0.0,0.0,0.0,1.0,1.0,"-8,84593423","-36,52457016",SPRF-PE,DEL03-PE,UOP01-DEL03-PE
423807,2022-03-31,quinta-feira,19:30:00,PR,277.0,41,MORRETES,Reação tardia ou ineficiente do condutor,Colisão traseira,Com Vítimas Feridas,Plena Noite,Decrescente,Garoa/Chuvisco,Dupla,Curva,Não,2.0,0.0,1.0,0.0,0.0,1.0,1.0,2.0,"-25,57183811","-48,83586205",SPRF-PR,DEL01-PR,UOP05-DEL01-PR
423808,2022-03-31,quinta-feira,18:00:00,ES,101.0,442,MIMOSO DO SUL,Condutor deixou de manter distância do veículo da frente,Colisão lateral mesmo sentido,Com Vítimas Feridas,Anoitecer,Crescente,Céu Claro,Simples,Reta,Não,2.0,0.0,1.0,0.0,1.0,0.0,1.0,2.0,"-21,09042295","-41,24777308",SPRF-ES,DEL03-ES,UOP02-DEL03-ES
423809,2022-03-31,quinta-feira,20:20:00,PR,116.0,"107,9",SAO JOSE DOS PINHAIS,Condutor deixou de manter distância do veículo da frente,Colisão traseira,Sem Vítimas,Plena Noite,Decrescente,Chuva,Dupla,Reta,Não,3.0,0.0,0.0,0.0,2.0,3.0,0.0,5.0,"-25,56989668","-49,18778205",SPRF-PR,DEL01-PR,UOP01-DEL01-PR
423810,2022-03-31,quinta-feira,09:55:00,BA,101.0,620,MASCOTE,Velocidade Incompatível,Colisão lateral sentido oposto,Com Vítimas Fatais,Pleno dia,Crescente,Céu Claro,Simples,Declive;Curva,Não,10.0,2.0,0.0,2.0,5.0,1.0,2.0,6.0,"-15,858785","-39,520394",SPRF-BA,DEL05-BA,UOP02-DEL05-BA
423811,2022-03-31,quinta-feira,19:20:00,MT,70.0,276,PRIMAVERA DO LESTE,Deixar de acionar o farol da motocicleta (ou similar),Colisão lateral sentido oposto,Com Vítimas Feridas,Plena Noite,Crescente,Nevoeiro/Neblina,Simples,Reta,Não,5.0,0.0,1.0,0.0,3.0,1.0,1.0,3.0,"-15,55357814","-54,26204493",SPRF-MT,DEL05-MT,UOP01-DEL05-MT
423813,2022-03-31,quinta-feira,19:10:00,MA,10.0,"258,9",IMPERATRIZ,Acessar a via sem observar a presença dos outros veículos,Colisão transversal,Com Vítimas Feridas,Plena Noite,Decrescente,Céu Claro,Simples,Interseção de Vias,Sim,3.0,0.0,0.0,1.0,1.0,3.0,1.0,5.0,"-5,481554","-47,472092",SPRF-MA,DEL04-MA,UOP01-DEL04-MA
423814,2022-03-31,quinta-feira,13:40:00,MT,163.0,"560,5",NOVA MUTUM,Chuva,Tombamento,Com Vítimas Feridas,Pleno dia,Crescente,Chuva,Simples,Reta,Não,3.0,0.0,1.0,0.0,1.0,5.0,1.0,7.0,"-14,14789484","-56,09825134",SPRF-MT,DEL01-MT,UOP01-DEL01-MT
423816,2022-03-31,quinta-feira,18:00:00,PR,153.0,"5,6",JACAREZINHO,Chuva,Colisão frontal,Com Vítimas Feridas,Anoitecer,Crescente,Chuva,Simples,Reta,Não,3.0,0.0,1.0,0.0,1.0,1.0,1.0,3.0,"-23,04288409","-49,92505074",SPRF-PR,DEL07-PR,UOP04-DEL07-PR
423817,2022-03-31,quinta-feira,22:00:00,CE,222.0,81,UMIRIM,Ingestão de álcool pelo condutor,Colisão frontal,Com Vítimas Fatais,Plena Noite,Decrescente,Nublado,Simples,Reta,Não,2.0,1.0,0.0,0.0,1.0,0.0,0.0,2.0,"-3,675722","-39,268305",SPRF-CE,DEL04-CE,UOP03-DEL04-CE
423819,2022-03-31,quinta-feira,18:45:00,PR,376.0,"488,7",PONTA GROSSA,Acessar a via sem observar a presença dos outros veículos,Colisão transversal,Sem Vítimas,Anoitecer,Crescente,Garoa/Chuvisco,Dupla,Declive,Sim,3.0,0.0,0.0,0.0,2.0,2.0,0.0,4.0,"-25,08973532","-50,19600213",SPRF-PR,DEL03-PR,UOP01-DEL03-PR
423822,2022-03-31,quinta-feira,18:00:00,MT,163.0,656,LUCAS DO RIO VERDE,Reação tardia ou ineficiente do condutor,Saída de leito carroçável,Com Vítimas Feridas,Anoitecer,Crescente,Garoa/Chuvisco,Simples,Reta,Não,1.0,0.0,1.0,0.0,0.0,0.0,1.0,1.0,"-13,328533","-56,05032",SPRF-MT,DEL06-MT,UOP01-DEL06-MT
423823,2022-03-31,quinta-feira,22:00:00,CE,116.0,"495,1",BREJO SANTO,Pista esburacada,Colisão traseira,Sem Vítimas,Plena Noite,Crescente,Céu Claro,Simples,Reta,Não,3.0,0.0,0.0,0.0,2.0,1.0,0.0,3.0,"-7,40167384","-38,96238817",SPRF-CE,DEL05-CE,UOP03-DEL05-CE
423826,2022-03-31,quinta-feira,21:50:00,MS,163.0,"263,6",DOURADOS,Ingestão de álcool pelo condutor,Colisão traseira,Com Vítimas Feridas,Plena Noite,Decrescente,Garoa/Chuvisco,Dupla,Reta,Sim,3.0,0.0,1.0,0.0,1.0,1.0,1.0,3.0,"-22,2316424","-54,7478208",SPRF-MS,DEL04-MS,UOP01-DEL04-MS
423828,2022-03-31,quinta-feira,23:55:00,SC,470.0,20,ILHOTA,Condutor Dormindo,Tombamento,Com Vítimas Feridas,Plena Noite,Decrescente,Garoa/Chuvisco,Dupla,Reta,Não,2.0,0.0,1.0,0.0,0.0,1.0,1.0,2.0,"-26,870115","-48,820484",SPRF-SC,DEL04-SC,UOP04-DEL04-SC
423832,2022-04-01,sexta-feira,01:00:00,RS,116.0,270,CANOAS,Carga excessiva e/ou mal acondicionada,Derramamento de carga,Com Vítimas Feridas,Plena Noite,Decrescente,Chuva,Dupla,Curva,Sim,4.0,0.0,1.0,0.0,2.0,1.0,1.0,4.0,"-29,96839095","-51,17623895",SPRF-RS,DEL01-RS,UOP01-DEL01-RS
423836,2022-04-01,sexta-feira,02:30:00,SP,116.0,186,SANTA ISABEL,Transitar na contramão,Colisão frontal,Com Vítimas Feridas,Plena Noite,Crescente,Garoa/Chuvisco,Dupla,Aclive,Não,4.0,0.0,1.0,1.0,1.0,1.0,2.0,4.0,"-23,35220682","-46,19934905",SPRF-SP,DEL01-SP,UOP01-DEL01-SP
423839,2022-04-01,sexta-feira,03:45:00,MG,40.0,"527,1",CONTAGEM,Pista Escorregadia,Atropelamento de Pedestre,Com Vítimas Feridas,Amanhecer,Decrescente,Chuva,Dupla,Curva,Sim,2.0,0.0,0.0,1.0,1.0,0.0,1.0,2.0,"-19,90149502","-44,04938939",SPRF-MG,DEL01-MG,UOP02-DEL01-MG