id,data_inversa,dia_semana,horario,uf,br,km,municipio,causa_acidente,tipo_acidente,classificacao_acidente,fase_dia,sentido_via,condicao_metereologica,tipo_pista,tracado_via,uso_solo,pessoas,mortos,feridos_leves,feridos_graves,ilesos,ignorados,feridos,veiculos,latitude,longitude,regional,delegacia,uop
424110,2022-03-17,quinta-feira,22:30:00,MG,153.0,59,MONTE ALEGRE DE MINAS,Ausência de sinalização,Saída de leito carroçável,Com Vítimas Feridas,Plena Noite,Decrescente,Ignorado,Simples,Reta,Não,2.0,0.0,0.0,1.0,0.0,1.0,1.0,2.0,"-18,88622703","-49,05195006",SPRF-MG,DEL15-MG,UOP03-DEL15-MG
424114,2022-04-02,sábado,11:20:00,PR,376.0,493,PONTA GROSSA,Objeto estático sobre o leito carroçável,Colisão com objeto,Sem Vítimas,Pleno dia,Decrescente,Céu Claro,Dupla,Reta,Sim,2.0,0.0,0.0,0.0,2.0,0.0,0.0,2.0,"-25,16001091","-50,12436895",SPRF-PR,DEL03-PR,UOP01-DEL03-PR
424124,2022-04-02,sábado,08:30:00,MG,116.0,"517,5",UBAPORANGA,Condutor deixou de manter distância do veículo da frente,Colisão traseira,Com Vítimas Feridas,Pleno dia,Decrescente,Nublado,Simples,Reta,Não,3.0,0.0,2.0,0.0,0.0,1.0,2.0,3.0,"-19,70492713","-42,11720373",SPRF-MG,DEL06-MG,UOP02-DEL06-MG
424131,2022-04-02,sábado,12:15:00,GO,40.0,128,CRISTALINA,Condutor Dormindo,Colisão traseira,Com Vítimas Feridas,Pleno dia,Crescente,Nublado,Dupla,Reta,Não,5.0,0.0,0.0,5.0,0.0,0.0,5.0,2.0,"-16,893073","-47,359216",SPRF-DF,DEL01-DF,UOP02-DEL01-DF
424133,2022-04-02,sábado,12:25:00,RR,174.0,501,BOA VISTA,Reação tardia ou ineficiente do condutor,Queda de ocupante de veículo,Com Vítimas Feridas,Pleno dia,Decrescente,Céu Claro,Dupla,Reta,Sim,4.0,0.0,1.0,0.0,3.0,0.0,1.0,2.0,"2,798621","-60,697533",SPRF-RR,DEL01-RR,UOP01-DEL01-RR
424137,2022-04-02,sábado,13:20:00,PR,376.0,539,PALMEIRA,Demais falhas mecânicas ou elétricas,Incêndio,Sem Vítimas,Pleno dia,Decrescente,Nublado,Dupla,Reta,Não,2.0,0.0,0.0,0.0,1.0,2.0,0.0,3.0,"-25,4068899","-49,78236491",SPRF-PR,DEL01-PR,UOP03-DEL03-PR
424143,2022-04-02,sábado,14:40:00,MG,381.0,"204,1",PERIQUITO,Velocidade Incompatível,Saída de leito carroçável,Com Vítimas Feridas,Pleno dia,Crescente,Céu Claro,Simples,Reta,Não,4.0,0.0,1.0,0.0,2.0,1.0,1.0,4.0,"-19,19727457","-42,28387924",SPRF-MG,DEL06-MG,UOP01-DEL06-MG
424146,2022-04-02,sábado,03:00:00,PR,476.0,39,TUNAS DO PARANA,Condutor Dormindo,Saída de leito carroçável,Com Vítimas Feridas,Plena Noite,Crescente,Nublado,Simples,Reta,Não,1.0,0.0,1.0,0.0,0.0,0.0,1.0,1.0,"-24,884062","-49,066864",SPRF-PR,DEL01-PR,UOP02-DEL01-PR
424150,2022-04-02,sábado,15:00:00,GO,20.0,"24,1",FORMOSA,Manobra de mudança de faixa,Colisão lateral mesmo sentido,Com Vítimas Feridas,Pleno dia,Crescente,Céu Claro,Simples,Reta,Não,4.0,0.0,1.0,0.0,1.0,2.0,1.0,4.0,"-15,54017","-47,142769",SPRF-DF,DEL02-DF,UOP01-DEL02-DF
424151,2022-04-02,sábado,14:45:00,SP,116.0,191,SANTA ISABEL,Frear bruscamente,Eventos atípicos,Com Vítimas Feridas,Pleno dia,Decrescente,Céu Claro,Dupla,Declive,Sim,2.0,0.0,1.0,0.0,0.0,1.0,1.0,2.0,"-23,37124281","-46,2426022",SPRF-SP,DEL01-SP,UOP01-DEL01-SP
424153,2022-04-02,sábado,15:30:00,MG,381.0,519,IGARAPE,Velocidade Incompatível,Colisão traseira,Com Vítimas Feridas,Pleno dia,Crescente,Chuva,Dupla,Curva;Aclive,Não,7.0,0.0,1.0,3.0,2.0,2.0,4.0,4.0,"-20,12834104","-44,30330781",SPRF-MG,DEL04-MG,UOP03-DEL04-MG
424186,2022-04-02,sábado,17:15:00,BA,116.0,10,VITORIA DA CONQUISTA,Transitar na contramão,Colisão frontal,Sem Vítimas,Pleno dia,Crescente,Sol,Simples,Reta,Sim,3.0,0.0,0.0,0.0,2.0,1.0,0.0,3.0,"-14,856547","-40,878573",SPRF-PE,DEL05-PE,UOP01-DEL05-PE
424188,2022-04-02,sábado,09:00:00,MG,116.0,729,MURIAE,Reação tardia ou ineficiente do condutor,Colisão traseira,Com Vítimas Feridas,Pleno dia,Decrescente,Nublado,Simples,Reta,Não,7.0,0.0,1.0,2.0,1.0,3.0,3.0,5.0,"-21,30969372","-42,43657622",SPRF-MG,DEL07-MG,UOP02-DEL07-MG
424189,2022-04-02,sábado,13:50:00,MA,135.0,"187,9",SAO MATEUS DO MARANHAO,Ausência de reação do condutor,Colisão traseira,Com Vítimas Feridas,Pleno dia,Decrescente,Garoa/Chuvisco,Simples,Reta,Não,2.0,0.0,2.0,0.0,0.0,0.0,2.0,2.0,"-4,08230598","-44,47335553",SPRF-MA,DEL03-MA,UOP01-DEL03-MA
424191,2022-04-02,sábado,17:30:00,RS,285.0,556,SAO LUIZ GONZAGA,Velocidade Incompatível,Colisão lateral sentido oposto,Com Vítimas Feridas,Anoitecer,Decrescente,Céu Claro,Simples,Reta,Não,3.0,0.0,1.0,0.0,1.0,2.0,1.0,4.0,"-28,418262","-54,844631",SPRF-RS,DEL10-RS,UOP01-DEL10-RS
424196,2022-04-02,sábado,18:30:00,PI,316.0,"2,4",TERESINA,Entrada inopinada do pedestre,Atropelamento de Pedestre,Com Vítimas Feridas,Plena Noite,Crescente,Nublado,Múltipla,Reta,Sim,2.0,0.0,0.0,1.0,1.0,0.0,1.0,2.0,"-5,12477477","-42,79848465",SPRF-PI,DEL01-PI,UOP02-DEL01-PI
424197,2022-04-02,sábado,17:40:00,RO,364.0,"259,6",CACOAL,Condutor Dormindo,Colisão lateral sentido oposto,Com Vítimas Feridas,Anoitecer,Decrescente,Nublado,Simples,Reta,Não,3.0,0.0,1.0,0.0,1.0,3.0,1.0,5.0,"-11,42032613","-61,64160674",SPRF-RO,DEL02-RO,UOP02-DEL02-RO
424201,2022-04-02,sábado,19:10:00,MS,163.0,"190,8",JUTI,Ultrapassagem Indevida,Colisão lateral sentido oposto,Com Vítimas Feridas,Plena Noite,Crescente,Nublado,Simples,Aclive,Não,7.0,0.0,1.0,0.0,5.0,1.0,1.0,4.0,"-22,78368194","-54,75960195",SPRF-MS,DEL04-MS,UOP02-DEL04-MS
424204,2022-04-02,sábado,16:00:00,BA,242.0,474,IBITIARA,Demais falhas mecânicas ou elétricas,Incêndio,Sem Vítimas,Anoitecer,Decrescente,Céu Claro,Simples,Aclive,Não,1.0,0.0,0.0,0.0,1.0,0.0,0.0,1.0,"-12,466923","-42,264272",SPRF-BA,DEL06-BA,UOP01-DEL06-BA
424210,2022-04-02,sábado,18:20:00,SC,470.0,"174,4",POUSO REDONDO,Manobra de mudança de faixa,Colisão lateral mesmo sentido,Sem Vítimas,Plena Noite,Decrescente,Chuva,Simples,Reta,Sim,3.0,0.0,0.0,0.0,2.0,1.0,0.0,3.0,"-27,258179","-49,929146",SPRF-SC,DEL04-SC,UOP02-DEL04-SC
424215,2022-04-02,sábado,20:40:00,GO,80.0,374,SAO MIGUEL DO ARAGUAIA,Ingestão de álcool pelo condutor,Colisão frontal,Com Vítimas Feridas,Plena Noite,Crescente,Céu Claro,Simples,Reta,Não,3.0,0.0,1.0,1.0,0.0,1.0,2.0,3.0,"-13,28706272","-50,19241333",SPRF-GO,DEL07-GO,UOP02-DEL07-GO
424221,2022-04-02,sábado,12:30:00,MA,10.0,142,PORTO FRANCO,Ingestão de álcool pelo condutor,Colisão frontal,Com Vítimas Fatais,Pleno dia,Crescente,Céu Claro,Simples,Curva,Não,4.0,1.0,0.0,0.0,2.0,4.0,0.0,7.0,"-6,477829","-47,392159",SPRF-MA,DEL04-MA,UOP02-DEL04-MA
424223,2022-04-02,sábado,20:20:00,PE,428.0,"166,4",PETROLINA,Reação tardia ou ineficiente do condutor,Colisão traseira,Com Vítimas Fatais,Plena Noite,Decrescente,Céu Claro,Simples,Reta,Não,2.0,1.0,0.0,0.0,0.0,1.0,0.0,2.0,"-9,19296591","-40,38530011",SPRF-PE,DEL06-PE,UOP01-DEL06-PE
424227,2022-04-02,sábado,19:15:00,GO,364.0,220,JATAI,Chuva,Saída de leito carroçável,Sem Vítimas,Plena Noite,Crescente,Chuva,Simples,Reta,Não,1.0,0.0,0.0,0.0,0.0,1.0,0.0,1.0,"-17,845852","-51,918404",SPRF-GO,DEL05-GO,UOP01-DEL05-GO
424233,2022-04-02,sábado,07:00:00,AC,364.0,76,SENADOR GUIOMARD,Pista esburacada,Saída de leito carroçável,Com Vítimas Feridas,Amanhecer,Crescente,Céu Claro,Simples,Reta,Não,2.0,0.0,1.0,0.0,0.0,2.0,1.0,3.0,"-10,08052901","-67,39139899",SPRF-AC,DEL01-AC,UOP01-DEL01-AC
424236,2022-04-02,sábado,21:10:00,TO,153.0,"334,5",GUARAI,Velocidade Incompatível,Colisão com objeto,Com Vítimas Feridas,Plena Noite,Crescente,Céu Claro,Múltipla,Reta,Sim,3.0,0.0,0.0,1.0,0.0,3.0,1.0,4.0,"-8,84089842","-48,51181626",SPRF-TO,DEL02-TO,UOP02-DEL02-TO
424243,2022-04-02,sábado,16:45:00,MG,262.0,"714,5",ARAXA,Demais Fenômenos da natureza,Colisão com objeto,Com Vítimas Feridas,Plena Noite,Crescente,Chuva,Simples,Curva,Não,2.0,0.0,1.0,0.0,0.0,1.0,1.0,2.0,"-19,59860672","-47,15023041",SPRF-MG,DEL08-MG,UOP01-DEL08-MG
424255,2022-04-02,sábado,22:10:00,SC,116.0,"8,8",MAFRA,Condutor deixou de manter distância do veículo da frente,Colisão lateral mesmo sentido,Com Vítimas Feridas,Plena Noite,Crescente,Nublado,Simples,Reta,Não,5.0,0.0,2.0,0.0,2.0,2.0,2.0,4.0,"-26,15748603","-49,83898198",SPRF-SC,DEL06-SC,UOP01-DEL06-SC
424257,2022-04-03,domingo,00:10:00,CE,116.0,"526,5",JATI,Acesso irregular,Colisão frontal,Com Vítimas Fatais,Plena Noite,Crescente,Nublado,Simples,Curva,Sim,3.0,1.0,0.0,0.0,1.0,1.0,0.0,3.0,"-7,66030304","-39,01820218",SPRF-CE,DEL05-CE,UOP03-DEL05-CE
424262,2022-04-03,domingo,00:00:00,BA,101.0,386,IBIRAPITANGA,Reação tardia ou ineficiente do condutor,Tombamento,Com Vítimas Feridas,Plena Noite,Decrescente,Nevoeiro/Neblina,Simples,Curva,Não,2.0,0.0,1.0,0.0,0.0,1.0,1.0,2.0,"-14,01428272","-39,4410289",SPRF-BA,DEL05-BA,UOP03-DEL05-BA
424283,2022-04-03,domingo,03:00:00,SC,101.0,"136,9",BALNEARIO CAMBORIU,Ingestão de álcool pelo condutor,Colisão traseira,Com Vítimas Feridas,Plena Noite,Decrescente,Nublado,Dupla,Reta,Sim,5.0,0.0,3.0,0.0,1.0,1.0,3.0,3.0,"-27,008113","-48,617245",SPRF-SC,DEL04-SC,UOP03-DEL04-SC
424287,2022-04-03,domingo,02:55:00,SC,101.0,"136,6",BALNEARIO CAMBORIU,Ausência de reação do condutor,Colisão traseira,Com Vítimas Feridas,Plena Noite,Decrescente,Nublado,Dupla,Reta,Sim,4.0,0.0,0.0,3.0,1.0,0.0,3.0,2.0,"-27,008113","-48,617245",SPRF-SC,DEL04-SC,UOP03-DEL04-SC
424290,2022-04-03,domingo,05:00:00,SP,116.0,"48,7",CANAS,Condutor deixou de manter distância do veículo da frente,Colisão traseira,Com Vítimas Feridas,Amanhecer,Crescente,Chuva,Dupla,Declive,Não,2.0,0.0,1.0,0.0,1.0,0.0,1.0,2.0,"-22,72498915","-45,06884189",SPRF-SP,DEL08-SP,UOP02-DEL08-SP
424297,2022-04-03,domingo,05:15:00,TO,153.0,217,NOVA OLINDA,Transitar na contramão,Colisão frontal,Com Vítimas Fatais,Amanhecer,Crescente,Ignorado,Simples,Aclive,Não,4.0,2.0,1.0,0.0,0.0,1.0,1.0,3.0,"-7,79378479","-48,461259",SPRF-TO,DEL02-TO,UOP01-DEL02-TO
424300,2022-04-02,sábado,21:35:00,BA,101.0,473,URUCUCA,Transitar na contramão,Colisão lateral sentido oposto,Com Vítimas Feridas,Plena Noite,Decrescente,Céu Claro,Simples,Curva,Não,2.0,0.0,1.0,0.0,1.0,0.0,1.0,2.0,"-14,562908","-39,332839",SPRF-BA,DEL05-BA,UOP01-DEL05-BA
424302,2022-04-03,domingo,04:50:00,MT,364.0,8,ALTO ARAGUAIA,Animais na Pista,Atropelamento de Animal,Com Vítimas Fatais,Plena Noite,Decrescente,Céu Claro,Simples,Reta,Não,2.0,1.0,0.0,0.0,0.0,1.0,0.0,2.0,"-17,27669043","-53,26958211",SPRF-MT,DEL02-MT,UOP02-DEL02-MT
424303,2022-04-03,domingo,00:30:00,MG,116.0,"495,1",INHAPIM,Transitar na contramão,Colisão frontal,Com Vítimas Fatais,Plena Noite,Crescente,Nublado,Simples,Reta,Não,3.0,1.0,0.0,0.0,1.0,1.0,0.0,3.0,"-19,51892699","-42,12765395",SPRF-MG,DEL06-MG,UOP02-DEL06-MG
424306,2022-04-03,domingo,06:50:00,MG,381.0,496,BETIM,Ausência de reação do condutor,Colisão traseira,Com Vítimas Feridas,Pleno dia,Decrescente,Céu Claro,Dupla,Reta,Não,2.0,0.0,0.0,1.0,1.0,0.0,1.0,2.0,"-19,99676497","-44,20958506",SPRF-MG,DEL01-MG,UOP03-DEL01-MG
424307,2022-04-03,domingo,05:00:00,PR,116.0,"71,2",QUATRO BARRAS,Demais falhas mecânicas ou elétricas,Incêndio,Sem Vítimas,Amanhecer,Decrescente,Nublado,Dupla,Curva,Não,2.0,0.0,0.0,0.0,1.0,1.0,0.0,2.0,"-25,34541756","-49,04488757",SPRF-PR,DEL01-PR,UOP01-DEL01-PR
424311,2022-04-03,domingo,07:45:00,AL,104.0,87,RIO LARGO,Reação tardia ou ineficiente do condutor,Colisão lateral mesmo sentido,Com Vítimas Feridas,Pleno dia,Decrescente,Nublado,Dupla,Reta,Sim,3.0,0.0,1.0,0.0,1.0,1.0,1.0,3.0,"-9,47532901","-35,82160002",SPRF-AL,DEL01-AL,UOP01-DEL01-AL
424313,2022-04-03,domingo,07:00:00,RO,364.0,"239,1",CACOAL,Ingestão de álcool pelo condutor,Colisão traseira,Com Vítimas Feridas,Pleno dia,Crescente,Céu Claro,Simples,Declive,Sim,3.0,0.0,1.0,0.0,1.0,3.0,1.0,5.0,"-11,43425083","-61,46267289",SPRF-RO,DEL02-RO,UOP02-DEL02-RO
424320,2022-04-03,domingo,04:30:00,MA,316.0,408,ALTO ALEGRE DO MARANHAO,Ingestão de álcool pelo condutor,Colisão lateral sentido oposto,Sem Vítimas,Amanhecer,Decrescente,Nublado,Simples,Reta,Não,2.0,0.0,0.0,0.0,2.0,0.0,0.0,2.0,"-4,264746","-44,428764",SPRF-MA,DEL03-MA,UOP01-DEL03-MA
424323,2022-04-03,domingo,06:30:00,RJ,40.0,52,PETROPOLIS,Velocidade Incompatível,Colisão com objeto,Sem Vítimas,Pleno dia,Decrescente,Chuva,Dupla,Curva,Não,1.0,0.0,0.0,0.0,1.0,0.0,0.0,1.0,"-22,33571319","-43,13320403",SPRF-RJ,DEL05-RJ,UOP02-DEL05-RJ
424325,2022-04-03,domingo,06:30:00,SP,116.0,"469,9",JACUPIRANGA,Ausência de reação do condutor,Saída de leito carroçável,Com Vítimas Feridas,Amanhecer,Decrescente,Chuva,Dupla,Curva,Não,2.0,0.0,1.0,0.0,0.0,1.0,1.0,2.0,"-24,65403826","-47,95945895",SPRF-SP,DEL05-SP,UOP01-DEL05-SP
424326,2022-04-03,domingo,07:10:00,PE,423.0,107,CAETES,Retorno proibido,Colisão transversal,Com Vítimas Feridas,Pleno dia,Crescente,Céu Claro,Simples,Declive,Não,4.0,0.0,0.0,2.0,1.0,2.0,2.0,4.0,"-8,8839803","-36,58154392",SPRF-PE,DEL03-PE,UOP01-DEL03-PE
424327,2022-04-03,domingo,03:55:00,MA,10.0,362,ITINGA DO MARANHAO,Reação tardia ou ineficiente do condutor,Colisão traseira,Com Vítimas Feridas,Amanhecer,Decrescente,Nevoeiro/Neblina,Simples,Reta,Não,3.0,0.0,1.0,0.0,1.0,4.0,1.0,6.0,"-4,584137","-47,490971",SPRF-MA,DEL04-MA,UOP03-DEL04-MA
424329,2022-03-26,sábado,15:27:00,MG,262.0,"774,2",UBERABA,Ultrapassagem Indevida,Colisão traseira,Sem Vítimas,Pleno dia,Crescente,Chuva,Simples,Curva,Não,3.0,0.0,0.0,0.0,2.0,1.0,0.0,3.0,"-19,68735686","-47,68250942",SPRF-MG,DEL13-MG,UOP01-DEL13-MG
424338,2022-04-03,domingo,10:20:00,PR,376.0,"326,8",ORTIGUEIRA,Velocidade Incompatível,Colisão com objeto,Sem Vítimas,Pleno dia,Crescente,Céu Claro,Dupla,Curva;Declive,Não,2.0,0.0,0.0,0.0,1.0,3.0,0.0,4.0,"-24,06638983","-51,06447961",SPRF-PR,DEL07-PR,UOP02-DEL07-PR
424339,2022-04-03,domingo,11:50:00,PR,376.0,"551,4",BALSA NOVA,Reação tardia ou ineficiente do condutor,Colisão com objeto,Com Vítimas Fatais,Pleno dia,Decrescente,Céu Claro,Dupla,Curva;Aclive,Não,2.0,1.0,0.0,0.0,0.0,1.0,0.0,2.0,"-25,441085","-49,748845",SPRF-PR,DEL01-PR,UOP03-DEL03-PR
424341,2022-04-03,domingo,11:45:00,TO,153.0,"489,7",PARAISO DO TOCANTINS,Reação tardia ou ineficiente do condutor,Colisão traseira,Com Vítimas Feridas,Pleno dia,Decrescente,Céu Claro,Simples,Reta;Declive,Não,3.0,0.0,1.0,0.0,1.0,2.0,1.0,4.0,"-10,12753646","-48,88587177",SPRF-TO,DEL01-TO,UOP01-DEL01-TO
424361,2022-04-03,domingo,13:35:00,MG,116.0,"516,3",UBAPORANGA,Ausência de reação do condutor,Colisão traseira,Com Vítimas Feridas,Pleno dia,Crescente,Céu Claro,Simples,Reta,Não,2.0,0.0,1.0,0.0,1.0,0.0,1.0,2.0,"-19,69633994","-42,11689689",SPRF-MG,DEL06-MG,UOP02-DEL06-MG
424362,2022-04-03,domingo,13:20:00,RS,471.0,"164,5",RIO PARDO,Acumulo de água sobre o pavimento,Colisão lateral sentido oposto,Com Vítimas Feridas,Pleno dia,Decrescente,Chuva,Simples,Aclive,Não,3.0,0.0,1.0,0.0,2.0,0.0,1.0,2.0,"-29,89921935","-52,39233971",SPRF-RS,DEL02-RS,UOP03-DEL02-RS
424366,2022-04-03,domingo,14:20:00,CE,116.0,"504,2",BREJO SANTO,Reação tardia ou ineficiente do condutor,Colisão lateral sentido oposto,Com Vítimas Feridas,Pleno dia,Decrescente,Sol,Simples,Curva,Sim,3.0,0.0,1.0,0.0,1.0,1.0,1.0,3.0,"-7,47977281","-38,9815676",SPRF-CE,DEL05-CE,UOP03-DEL05-CE
424373,2022-03-28,segunda-feira,20:00:00,PR,373.0,213,IMBITUVA,Ausência de reação do condutor,Tombamento,Com Vítimas Feridas,Plena Noite,Decrescente,Céu Claro,Simples,Curva,Não,2.0,0.0,0.0,1.0,,,,,,,,,
571789,2024-01-01,segunda-feira,03:56:00,ES,101.0,38,CONCEICAO DA BARRA,Ultrapassagem Indevida,Colisão lateral sentido oposto,,Plena Noite,Crescente,Céu Claro,Simples,Reta,Não,3.0,0.0,0.0,1.0,1.0,1.0,1.0,3.0,"-18,48261","-39,92379",SPRF-ES,DEL04-ES,UOP02-DEL04-ES
571804,2024-01-01,segunda-feira,04:50:00,PI,343.0,185,PIRIPIRI,Manobra de mudança de faixa,Colisão frontal,Com Vítimas Fatais,Amanhecer,Decrescente,Céu Claro,Simples,Reta,Sim,2.0,1.0,0.0,0.0,1.0,0.0,0.0,2.0,"-4,29603281","-41,76732659",SPRF-PI,DEL02-PI,UOP01-DEL02-PI
571806,2024-01-01,segunda-feira,04:30:00,BA,116.0,578,BREJOES,Ingestão de álcool pelo condutor,Colisão frontal,Com Vítimas Fatais,Plena Noite,Decrescente,Céu Claro,Simples,Curva,Não,3.0,1.0,0.0,0.0,1.0,2.0,0.0,4.0,"-13,07158302","-39,9611107",SPRF-BA,DEL03-BA,UOP02-DEL03-BA
571818,2024-01-01,segunda-feira,06:30:00,SE,101.0,18,MALHADA DOS BOIS,Reação tardia ou ineficiente do condutor,Saída de leito carroçável,Com Vítimas Feridas,Amanhecer,Crescente,Céu Claro,Dupla,Declive;Reta,Não,2.0,0.0,0.0,1.0,0.0,2.0,1.0,3.0,"-10,35601949","-36,90552235",SPRF-SE,DEL02-SE,UOP02-DEL02-SE
571838,2024-01-01,segunda-feira,05:00:00,MT,364.0,240,RONDONOPOLIS,Condutor deixou de manter distância do veículo da frente,Colisão traseira,Sem Vítimas,Pleno dia,Crescente,Céu Claro,Dupla,Reta,Não,3.0,0.0,0.0,0.0,2.0,1.0,0.0,3.0,"-16,17914141","-54,78905337",SPRF-MT,DEL02-MT,UOP01-DEL02-MT
571855,2024-01-01,segunda-feira,11:50:00,MG,251.0,447,GRAO MOGOL,Velocidade Incompatível,Colisão traseira,Com Vítimas Feridas,Pleno dia,Crescente,Chuva,Simples,Aclive;Curva,Não,3.0,0.0,1.0,0.0,1.0,1.0,1.0,3.0,"-16,43408996","-43,27992195",SPRF-MG,DEL12-MG,UOP01-DEL12-MG
571910,2024-01-01,segunda-feira,15:45:00,BA,116.0,"852,9",VITORIA DA CONQUISTA,Chuva,Colisão frontal,Com Vítimas Fatais,Pleno dia,Decrescente,Chuva,Simples,Aclive;Curva,Não,4.0,2.0,0.0,0.0,2.0,0.0,0.0,2.0,"-15,0196651","-40,94931289",SPRF-BA,DEL08-BA,UOP01-DEL08-BA
571922,2024-01-01,segunda-feira,15:30:00,MG,251.0,"459,7",GRAO MOGOL,Condutor Dormindo,Colisão frontal,Com Vítimas Feridas,Pleno dia,Crescente,Céu Claro,Simples,Curva,Não,4.0,0.0,2.0,0.0,1.0,3.0,2.0,5.0,"-16,41473399","-43,368613",SPRF-MG,DEL12-MG,UOP01-DEL12-MG
571949,2024-01-01,segunda-feira,18:10:00,SP,116.0,550,BARRA DO TURVO,Reação tardia ou ineficiente do condutor,Tombamento,Com Vítimas Feridas,Pleno dia,Decrescente,Sol,Simples,Curva,Não,2.0,0.0,1.0,0.0,0.0,1.0,1.0,2.0,"-24,95749618","-48,46440871",SPRF-SP,DEL05-SP,UOP02-DEL05-SP
571957,2024-01-01,segunda-feira,13:30:00,MG,262.0,"594,4",CAMPOS ALTOS,Pista Escorregadia,Tombamento,Sem Vítimas,Pleno dia,Decrescente,Chuva,Simples,Reta;Declive,Não,1.0,0.0,0.0,0.0,1.0,0.0,0.0,1.0,"-19,66568189","-46,16901785",SPRF-MG,DEL08-MG,UOP02-DEL08-MG
571963,2024-01-01,segunda-feira,17:30:00,MT,364.0,396,CUIABA,Ultrapassagem Indevida,Colisão lateral mesmo sentido,Sem Vítimas,Pleno dia,Decrescente,Nublado,Dupla,Retorno Regulamentado,Sim,4.0,0.0,0.0,0.0,3.0,1.0,0.0,3.0,"-15,69004774","-55,90523988",SPRF-MT,DEL01-MT,UOP02-DEL01-MT
571976,2024-01-01,segunda-feira,15:00:00,PR,376.0,327,ORTIGUEIRA,Reação tardia ou ineficiente do condutor,Tombamento,Com Vítimas Feridas,Pleno dia,Crescente,Céu Claro,Simples,Curva;Declive,Não,3.0,0.0,1.0,0.0,1.0,1.0,1.0,2.0,"-24,06593407","-51,0643217",SPRF-PR,DEL07-PR,UOP02-DEL07-PR
571998,2024-01-01,segunda-feira,19:00:00,MS,163.0,551,BANDEIRANTES,Ausência de reação do condutor,Colisão lateral mesmo sentido,Sem Vítimas,Plena Noite,Crescente,Céu Claro,Simples,Reta,Não,3.0,0.0,0.0,0.0,3.0,0.0,0.0,2.0,"-19,89996489","-54,37326248",SPRF-MS,DEL01-MS,UOP02-DEL01-MS
572011,2024-01-01,segunda-feira,21:40:00,MT,364.0,542,ROSARIO OESTE,Acessar a via sem observar a presença dos outros veículos,Colisão transversal,Com Vítimas Feridas,Plena Noite,Crescente,Chuva,Simples,Reta,Sim,2.0,0.0,0.0,1.0,1.0,0.0,1.0,2.0,"-14,84114829","-56,44175649",SPRF-MT,DEL01-MT,UOP01-DEL01-MT
572014,2024-01-01,segunda-feira,23:50:00,BA,101.0,733,ITABELA,Transitar na contramão,Colisão lateral sentido oposto,Com Vítimas Feridas,Plena Noite,Crescente,Nublado,Simples,Declive;Curva,Não,8.0,0.0,1.0,0.0,7.0,0.0,1.0,2.0,"-16,489273","-39,577433",SPRF-BA,DEL09-BA,UOP01-DEL09-BA
572015,2024-01-01,segunda-feira,22:30:00,RS,101.0,22,TRES CACHOEIRAS,Ausência de reação do condutor,Colisão lateral mesmo sentido,Sem Vítimas,Plena Noite,Crescente,Nublado,Dupla,Reta,Sim,4.0,0.0,0.0,0.0,3.0,2.0,0.0,4.0,"-29,4398072","-49,90113887",SPRF-RS,DEL03-RS,UOP02-DEL03-RS
572017,2024-01-01,segunda-feira,17:30:00,PA,10.0,"83,3",ULIANOPOLIS,Demais falhas mecânicas ou elétricas,Saída de leito carroçável,Com Vítimas Feridas,Pleno dia,Decrescente,Céu Claro,Simples,Reta,Não,3.0,0.0,2.0,0.0,0.0,2.0,2.0,4.0,"-3,721266","-47,48965",SPRF-PA,DEL02-PA,UOP02-DEL02-PA
572029,2024-01-02,terça-feira,03:30:00,GO,153.0,356,JARAGUA,Ausência de reação do condutor,Colisão transversal,Com Vítimas Feridas,Plena Noite,Crescente,Chuva,Dupla,Reta,Sim,5.0,0.0,3.0,0.0,1.0,1.0,3.0,3.0,"-15,716531","-49,329445",SPRF-GO,DEL02-GO,UOP02-DEL02-GO
572031,2024-01-02,terça-feira,04:37:00,SP,116.0,134,SAO JOSE DOS CAMPOS,Manobra de mudança de faixa,Colisão lateral mesmo sentido,Com Vítimas Feridas,Plena Noite,Decrescente,Céu Claro,Dupla,Reta,Não,3.0,0.0,0.0,1.0,1.0,1.0,1.0,3.0,"-23,1402216","-45,7617252",SPRF-SP,DEL02-SP,UOP02-DEL02-SP
572033,2024-01-02,terça-feira,04:00:00,RJ,40.0,84,DUQUE DE CAXIAS,Pista Escorregadia,Colisão traseira,Com Vítimas Feridas,Plena Noite,Crescente,Garoa/Chuvisco,Simples,Curva,Não,3.0,0.0,2.0,0.0,1.0,0.0,2.0,2.0,"-22,52145512","-43,23707996",SPRF-RJ,DEL01-RJ,UOP01-DEL01-RJ
572035,2024-01-02,terça-feira,02:30:00,BA,324.0,470,TANQUINHO,Condutor Dormindo,Saída de leito carroçável,Com Vítimas Feridas,Plena Noite,Decrescente,Céu Claro,Simples,Reta,Não,1.0,0.0,1.0,0.0,0.0,0.0,1.0,1.0,"-11,96401516","-39,14447808",SPRF-BA,DEL02-BA,UOP01-DEL02-BA
572038,2024-01-02,terça-feira,01:50:00,MS,158.0,56,PARANAIBA,Carga excessiva e/ou mal acondicionada,Incêndio,Sem Vítimas,Plena Noite,Crescente,Céu Claro,Simples,Curva,Não,2.0,0.0,0.0,0.0,1.0,3.0,0.0,4.0,"-19,41028002","-51,39686402",SPRF-MS,DEL08-MS,UOP01-DEL08-MS
572048,2024-01-02,terça-feira,05:00:00,MG,146.0,483,POCOS DE CALDAS,Problema com o freio,Saída de leito carroçável,Com Vítimas Feridas,Amanhecer,Decrescente,Céu Claro,Simples,Declive;Curva,Não,1.0,0.0,1.0,0.0,0.0,0.0,1.0,1.0,"-21,775688","-46,432278",SPRF-MG,DEL09-MG,UOP01-DEL09-MG