id,data_inversa,dia_semana,horario,uf,br,km,municipio,causa_acidente,tipo_acidente,classificacao_acidente,fase_dia,sentido_via,condicao_metereologica,tipo_pista,tracado_via,uso_solo,pessoas,mortos,feridos_leves,feridos_graves,ilesos,ignorados,feridos,veiculos,latitude,longitude,regional,delegacia,uop
572801,2024-01-05,sexta-feira,17:50:00,PR,376.0,"307,7",MAUA DA SERRA,Velocidade Incompatível,Tombamento,Com Vítimas Feridas,Pleno dia,Decrescente,Céu Claro,Dupla,Curva,Não,2.0,0.0,1.0,0.0,0.0,1.0,1.0,2.0,"-23,95032206","-51,1190629",SPRF-PR,DEL07-PR,UOP02-DEL07-PR
572804,2024-01-05,sexta-feira,17:30:00,GO,60.0,"173,7",ABADIA DE GOIAS,Frear bruscamente,Colisão traseira,Com Vítimas Feridas,Pleno dia,Crescente,Chuva,Dupla,Declive;Reta,Sim,4.0,0.0,0.0,1.0,3.0,0.0,1.0,2.0,"-16,74630768","-49,42199707",SPRF-GO,DEL01-GO,UOP02-DEL01-GO
572805,2024-01-05,sexta-feira,17:10:00,GO,50.0,273,CATALAO,Carga excessiva e/ou mal acondicionada,Derramamento de carga,Sem Vítimas,Pleno dia,Crescente,Céu Claro,Simples,Interseção de Vias,Sim,1.0,0.0,0.0,0.0,1.0,0.0,0.0,1.0,"-18,1302","-47,9047",SPRF-GO,DEL06-GO,UOP01-DEL06-GO
572826,2024-01-05,sexta-feira,16:35:00,PR,376.0,308,ORTIGUEIRA,Reação tardia ou ineficiente do condutor,Engavetamento,Com Vítimas Feridas,Pleno dia,Decrescente,Céu Claro,Dupla,Reta;Declive,Não,6.0,0.0,0.0,1.0,4.0,2.0,1.0,5.0,"-23,97857518","-51,09540715",SPRF-PR,DEL07-PR,UOP02-DEL07-PR
572827,2024-01-05,sexta-feira,19:10:00,MT,364.0,118,ALTO GARCAS,Acostamento em desnível,Saída de leito carroçável,Com Vítimas Feridas,Plena Noite,Crescente,Céu Claro,Simples,Declive,Não,1.0,0.0,1.0,0.0,0.0,0.0,1.0,1.0,"-16,86779789","-53,88686657",SPRF-MT,DEL02-MT,UOP02-DEL02-MT
572843,2024-01-05,sexta-feira,21:00:00,SC,101.0,"12,2",GARUVA,Ingestão de álcool pelo condutor,Colisão com objeto,Sem Vítimas,Plena Noite,Decrescente,Nublado,Dupla,Declive;Reta,Não,1.0,0.0,0.0,0.0,1.0,0.0,0.0,1.0,"-26,09803515","-48,86773972",SPRF-SC,DEL03-SC,UOP01-DEL03-SC
572870,2024-01-06,sábado,04:00:00,GO,364.0,208,JATAI,Ausência de reação do condutor,Saída de leito carroçável,Com Vítimas Feridas,Plena Noite,Crescente,Céu Claro,Simples,Aclive;Curva,Não,1.0,0.0,0.0,1.0,0.0,0.0,1.0,1.0,"-17,904121","-51,828594",SPRF-GO,DEL05-GO,UOP01-DEL05-GO
572880,2024-01-06,sábado,05:40:00,AL,101.0,"165,9",TEOTONIO VILELA,Ausência de reação do condutor,Tombamento,Com Vítimas Feridas,Pleno dia,Crescente,Céu Claro,Dupla,Reta,Não,2.0,0.0,1.0,0.0,0.0,1.0,1.0,2.0,"-9,8996779","-36,283047",SPRF-AL,DEL02-AL,UOP02-DEL02-AL
572884,2024-01-06,sábado,05:50:00,MG,365.0,"441,6",GUIMARANIA,Reação tardia ou ineficiente do condutor,Colisão lateral sentido oposto,Com Vítimas Feridas,Amanhecer,Crescente,Céu Claro,Simples,Reta,Não,3.0,0.0,0.0,1.0,1.0,1.0,1.0,3.0,"-18,79969152","-46,75281307",SPRF-MG,DEL10-MG,UOP01-DEL10-MG
572892,2024-01-06,sábado,07:00:00,MG,116.0,199,CARAI,Pista Escorregadia,Colisão traseira,Com Vítimas Feridas,Pleno dia,Crescente,Garoa/Chuvisco,Simples,Reta,Não,5.0,0.0,1.0,0.0,3.0,1.0,1.0,4.0,"-17,23536898","-41,49650703",SPRF-MG,DEL11-MG,UOP01-DEL11-MG
572901,2024-01-06,sábado,05:45:00,GO,153.0,670,GOIATUBA,Condutor deixou de manter distância do veículo da frente,Saída de leito carroçável,Sem Vítimas,Amanhecer,Crescente,Céu Claro,Dupla,Reta,Não,1.0,0.0,0.0,0.0,1.0,0.0,0.0,1.0,"-18,1413","-49,2886",SPRF-GO,DEL03-GO,UOP02-DEL03-GO
572902,2024-01-06,sábado,02:25:00,MA,230.0,"83,4",SAO JOAO DOS PATOS,Condutor Dormindo,Tombamento,Com Vítimas Feridas,Plena Noite,Crescente,Céu Claro,Simples,Reta,Não,3.0,0.0,1.0,0.0,2.0,0.0,1.0,1.0,"-6,49053762","-43,62915604",SPRF-PI,DEL03-PI,UOP01-DEL03-PI
572903,2024-01-06,sábado,06:00:00,BA,101.0,230,CONCEICAO DO ALMEIDA,Acumulo de água sobre o pavimento,Saída de leito carroçável,Com Vítimas Feridas,Amanhecer,Crescente,Chuva,Simples,Declive;Curva,Não,2.0,0.0,1.0,0.0,0.0,1.0,1.0,2.0,"-12,83551106","-39,20129659",SPRF-BA,DEL01-BA,UOP02-DEL01-BA
572908,2024-01-06,sábado,09:45:00,SP,381.0,57,MAIRIPORA,Ausência de reação do condutor,Colisão traseira,Sem Vítimas,Pleno dia,Crescente,Céu Claro,Dupla,Reta,Não,3.0,0.0,0.0,0.0,2.0,1.0,0.0,3.0,"-23,2658219","-46,5839857",SPRF-SP,DEL03-SP,UOP01-DEL03-SP
572911,2024-01-06,sábado,08:50:00,SC,116.0,"218,5",CORREIA PINTO,Reação tardia ou ineficiente do condutor,Colisão traseira,Com Vítimas Feridas,Pleno dia,Crescente,Nublado,Simples,Reta,Não,5.0,0.0,4.0,0.0,1.0,0.0,4.0,2.0,"-27,57407","-50,37174",SPRF-SC,DEL05-SC,UOP03-DEL05-SC
572916,2024-01-06,sábado,08:30:00,BA,116.0,909,CANDIDO SALES,Problema com o freio,Colisão traseira,Com Vítimas Feridas,Pleno dia,Decrescente,Céu Claro,Simples,Declive;Reta;Ponte,Não,7.0,0.0,2.0,2.0,3.0,0.0,4.0,2.0,"-15,51216036","-41,23666763",SPRF-BA,DEL08-BA,UOP03-DEL08-BA
572925,2024-01-06,sábado,08:26:00,GO,364.0,"379,7",SANTA RITA DO ARAGUAIA,Reação tardia ou ineficiente do condutor,Tombamento,Sem Vítimas,Pleno dia,Decrescente,Céu Claro,Simples,Reta,Não,2.0,0.0,0.0,0.0,1.0,3.0,0.0,4.0,"-17,361963","-53,149731",SPRF-GO,DEL05-GO,UOP01-DEL05-GO
572928,2024-01-06,sábado,10:55:00,RS,392.0,"673,7",SALVADOR DAS MISSOES,Acesso irregular,Colisão transversal,Com Vítimas Feridas,Pleno dia,Decrescente,Céu Claro,Simples,Reta;Interseção de Vias;Em Obras,Sim,4.0,0.0,2.0,0.0,1.0,1.0,2.0,3.0,"-28,11989652","-54,84627664",SPRF-RS,DEL10-RS,UOP01-DEL10-RS
572936,2024-01-06,sábado,10:20:00,MA,10.0,119,ESTREITO,Manobra de mudança de faixa,Colisão frontal,Sem Vítimas,Pleno dia,Crescente,Céu Claro,Simples,Reta,Não,3.0,0.0,0.0,0.0,3.0,0.0,0.0,2.0,"-6,6282912","-47,42359132",SPRF-MA,DEL04-MA,UOP02-DEL04-MA
572938,2024-01-06,sábado,07:30:00,BA,235.0,60,JEREMOABO,Ausência de reação do condutor,Saída de leito carroçável,Com Vítimas Feridas,Pleno dia,Crescente,Céu Claro,Simples,Curva,Não,2.0,0.0,1.0,0.0,0.0,1.0,1.0,2.0,"-10,08929173","-38,18273974",SPRF-SE,DEL01-SE,UOP02-DEL01-SE
572939,2024-01-06,sábado,13:20:00,MG,381.0,444,SANTA LUZIA,Avarias e/ou desgaste excessivo no pneu,Colisão traseira,Com Vítimas Fatais,Pleno dia,Crescente,Céu Claro,Simples,Reta,Não,4.0,1.0,1.0,2.0,0.0,0.0,3.0,3.0,"-19,82360393","-43,82539293",SPRF-MG,DEL01-MG,UOP01-DEL01-MG
572945,2024-01-06,sábado,12:40:00,CE,222.0,62,SAO GONCALO DO AMARANTE,Condutor deixou de manter distância do veículo da frente,Colisão traseira,Sem Vítimas,Pleno dia,Crescente,Céu Claro,Simples,Reta,Não,3.0,0.0,0.0,0.0,1.0,4.0,0.0,5.0,"-3,67147075","-39,09840501",SPRF-CE,DEL01-CE,UOP03-DEL01-CE
572947,2024-01-06,sábado,13:00:00,PE,232.0,139,CARUARU,Carga excessiva e/ou mal acondicionada,Tombamento,Com Vítimas Feridas,Pleno dia,Decrescente,Céu Claro,Dupla,Aclive;Retorno Regulamentado,Não,2.0,0.0,2.0,0.0,0.0,0.0,2.0,1.0,"-8,31947086","-36,06799801",SPRF-PE,DEL02-PE,UOP01-DEL02-PE
572955,2024-01-06,sábado,14:00:00,SP,381.0,43,ATIBAIA,Demais falhas mecânicas ou elétricas,Colisão com objeto,Com Vítimas Feridas,Pleno dia,Decrescente,Céu Claro,Dupla,Reta;Aclive,Sim,2.0,0.0,1.0,0.0,0.0,1.0,1.0,2.0,"-23,15597105","-46,5740155",SPRF-SP,DEL03-SP,UOP01-DEL03-SP
572958,2024-01-06,sábado,12:30:00,MG,381.0,483,BETIM,Condutor deixou de manter distância do veículo da frente,Colisão traseira,Sem Vítimas,Pleno dia,Crescente,Nublado,Dupla,Declive;Reta,Não,2.0,0.0,0.0,0.0,1.0,1.0,0.0,2.0,"-19,95963614","-44,08476988",SPRF-MG,DEL01-MG,UOP03-DEL01-MG
572960,2024-01-06,sábado,13:30:00,RJ,116.0,55,TERESOPOLIS,Reação tardia ou ineficiente do condutor,Colisão frontal,Com Vítimas Feridas,Pleno dia,Crescente,Céu Claro,Simples,Curva;Declive,Não,4.0,0.0,2.0,0.0,1.0,1.0,2.0,3.0,"-22,20348855","-42,88843108",SPRF-RJ,DEL04-RJ,UOP01-DEL04-RJ
572962,2024-01-06,sábado,16:15:00,RS,392.0,119,CANGUCU,Ausência de reação do condutor,Tombamento,Com Vítimas Fatais,Pleno dia,Crescente,Céu Claro,Simples,Curva;Declive,Não,4.0,1.0,0.0,0.0,1.0,3.0,0.0,5.0,"-31,39884811","-52,68472032",SPRF-RS,DEL07-RS,UOP01-DEL07-RS
572966,2024-01-06,sábado,14:20:00,AL,101.0,"86,6",RIO LARGO,Condutor Dormindo,Colisão traseira,Com Vítimas Feridas,Pleno dia,Crescente,Céu Claro,Dupla,Reta;Aclive,Não,3.0,0.0,1.0,0.0,1.0,1.0,1.0,3.0,"-9,47238667","-35,88083026",SPRF-AL,DEL01-AL,UOP01-DEL01-AL
572970,2024-01-06,sábado,15:00:00,TO,235.0,187,TUPIRAMA,Conversão proibida,Colisão transversal,Com Vítimas Fatais,Pleno dia,Decrescente,Nublado,Simples,Reta,Não,3.0,1.0,0.0,0.0,2.0,0.0,0.0,2.0,"-8,97492336","-48,358959",SPRF-TO,DEL02-TO,UOP02-DEL02-TO
572983,2024-01-06,sábado,16:45:00,RJ,116.0,285,BARRA MANSA,Reação tardia ou ineficiente do condutor,Colisão com objeto,Com Vítimas Feridas,Pleno dia,Decrescente,Céu Claro,Dupla,Reta,Não,3.0,0.0,0.0,1.0,1.0,2.0,1.0,4.0,"-22,50496778","-44,22509483",SPRF-RJ,DEL07-RJ,UOP02-DEL07-RJ
572989,2024-01-06,sábado,17:00:00,PR,277.0,"413,9",CANTAGALO,Condutor Dormindo,Saída de leito carroçável,Com Vítimas Feridas,Pleno dia,Crescente,Sol,Simples,Aclive;Reta,Não,5.0,0.0,1.0,0.0,4.0,0.0,1.0,1.0,"-25,41534","-52,074921",SPRF-PR,DEL04-PR,UOP02-DEL04-PR
572990,2024-01-06,sábado,17:00:00,MG,262.0,381,MATEUS LEME,Velocidade Incompatível,Colisão traseira,Com Vítimas Feridas,Pleno dia,Crescente,Céu Claro,Dupla,Curva;Declive,Sim,3.0,0.0,0.0,1.0,1.0,2.0,1.0,4.0,"-19,940622","-44,386969",SPRF-MG,DEL01-MG,UOP03-DEL01-MG
572997,2024-01-06,sábado,15:20:00,MG,381.0,"432,8",CAETE,Mal súbito do condutor,Colisão frontal,Com Vítimas Feridas,Pleno dia,Crescente,Céu Claro,Simples,Curva,Não,10.0,0.0,8.0,0.0,1.0,1.0,8.0,5.0,"-19,786624","-43,714648",SPRF-MG,DEL01-MG,UOP01-DEL01-MG
573000,2024-01-06,sábado,16:00:00,BA,242.0,245,ITABERABA,Reação tardia ou ineficiente do condutor,Tombamento,Com Vítimas Feridas,Pleno dia,Crescente,Sol,Simples,Curva,Não,1.0,0.0,0.0,1.0,0.0,0.0,1.0,1.0,"-12,501217","-40,428325",SPRF-BA,DEL06-BA,UOP02-DEL06-BA
573004,2024-01-06,sábado,16:50:00,RO,364.0,530,ARIQUEMES,Manobra de mudança de faixa,Colisão lateral mesmo sentido,Sem Vítimas,Pleno dia,Decrescente,Céu Claro,Simples,Reta,Não,3.0,0.0,0.0,0.0,2.0,4.0,0.0,6.0,"-9,798182","-63,08591499",SPRF-RO,DEL03-RO,UOP01-DEL03-RO
573010,2024-01-06,sábado,18:35:00,PB,230.0,"256,2",ASSUNCAO,Acessar a via sem observar a presença dos outros veículos,Colisão transversal,Sem Vítimas,Plena Noite,Decrescente,Céu Claro,Simples,Retorno Regulamentado;Reta;Interseção de Vias,Não,6.0,0.0,0.0,0.0,6.0,0.0,0.0,2.0,"-7,0177","-36,6742",SPRF-PB,DEL03-PB,UOP01-DEL03-PB
573023,2024-01-06,sábado,20:00:00,MT,163.0,838,SINOP,Acesso irregular,Colisão lateral mesmo sentido,Sem Vítimas,Plena Noite,Decrescente,Céu Claro,Dupla,Retorno Regulamentado;Reta,Sim,7.0,0.0,0.0,0.0,6.0,1.0,0.0,3.0,"-11,83003306","-55,48726559",SPRF-MT,DEL06-MT,UOP02-DEL06-MT
573024,2024-01-06,sábado,19:00:00,MA,316.0,567,CAXIAS,Ingestão de álcool pelo condutor,Colisão lateral sentido oposto,Sem Vítimas,Plena Noite,Crescente,Céu Claro,Simples,Reta,Não,3.0,0.0,0.0,0.0,3.0,0.0,0.0,3.0,"-4,911043","-43,225277",SPRF-MA,DEL03-MA,UOP02-DEL03-MA
573039,2024-01-06,sábado,21:20:00,SP,116.0,513,CAJATI,Reação tardia ou ineficiente do condutor,Tombamento,Com Vítimas Feridas,Plena Noite,Decrescente,Nublado,Dupla,Curva;Declive,Não,2.0,0.0,1.0,0.0,0.0,1.0,1.0,2.0,"-24,85109616","-48,21802405",SPRF-SP,DEL05-SP,UOP02-DEL05-SP
573046,2024-01-06,sábado,21:00:00,RO,364.0,14,VILHENA,Ausência de reação do condutor,Colisão com objeto,Com Vítimas Feridas,Plena Noite,Crescente,Garoa/Chuvisco,Dupla,Reta,Sim,3.0,0.0,0.0,1.0,1.0,2.0,1.0,4.0,"-12,73898138","-60,13911417",SPRF-RO,DEL04-RO,UOP01-DEL04-RO
573047,2024-01-06,sábado,22:00:00,MG,365.0,622,UBERLANDIA,Ausência de reação do condutor,Colisão traseira,Com Vítimas Feridas,Plena Noite,Decrescente,Céu Claro,Dupla,Reta,Sim,3.0,0.0,1.0,0.0,2.0,0.0,1.0,2.0,"-18,89589256","-48,27156544",SPRF-MG,DEL15-MG,UOP01-DEL15-MG
573053,2024-01-06,sábado,11:45:00,MT,364.0,136,PEDRA PRETA,Velocidade Incompatível,Tombamento,Com Vítimas Feridas,Pleno dia,Decrescente,Céu Claro,Simples,Curva,Não,2.0,0.0,0.0,1.0,0.0,1.0,1.0,2.0,"-16,8143072","-54,07950613",SPRF-MT,DEL02-MT,UOP01-DEL02-MT
573058,2024-01-06,sábado,22:40:00,MG,40.0,"505,4",RIBEIRAO DAS NEVES,Ingestão de álcool pelo condutor,Colisão lateral mesmo sentido,Sem Vítimas,Plena Noite,Decrescente,Nublado,Dupla,Aclive;Reta,Não,2.0,0.0,0.0,0.0,2.0,0.0,0.0,2.0,"-19,74053","-44,14891",SPRF-MG,DEL02-MG,UOP01-DEL02-MG
573062,2024-01-06,sábado,23:40:00,MS,163.0,678,RIO VERDE DE MATO GROSSO,Ausência de reação do condutor,Colisão traseira,Com Vítimas Feridas,Plena Noite,Decrescente,Céu Claro,Simples,Reta;Aclive,Não,3.0,0.0,0.0,2.0,1.0,0.0,2.0,2.0,"-18,94110596","-54,82984864",SPRF-MS,DEL06-MS,UOP02-DEL06-MS
573073,2024-01-07,domingo,01:20:00,PR,163.0,"294,5",MARECHAL CANDIDO RONDON,Condutor Dormindo,Colisão transversal,Com Vítimas Feridas,Pleno dia,Crescente,Céu Claro,Simples,Curva,Não,3.0,0.0,0.0,1.0,1.0,1.0,1.0,3.0,"-24,500189","-54,125806",SPRF-PR,DEL06-PR,UOP02-DEL06-PR
573075,2024-01-07,domingo,01:45:00,TO,153.0,"428,8",MIRACEMA DO TOCANTINS,Manobra de mudança de faixa,Colisão lateral mesmo sentido,Com Vítimas Feridas,Plena Noite,Crescente,Nublado,Simples,Reta;Declive,Não,8.0,0.0,2.0,0.0,4.0,2.0,2.0,4.0,"-9,65283","-48,64251",SPRF-TO,DEL01-TO,UOP01-DEL01-TO
573083,2024-01-07,domingo,01:32:00,MA,10.0,316,ACAILANDIA,Ingestão de álcool pelo condutor,Colisão lateral sentido oposto,Sem Vítimas,Plena Noite,Decrescente,Céu Claro,Simples,Reta,Não,3.0,0.0,0.0,0.0,1.0,4.0,0.0,5.0,"-4,982702","-47,522224",SPRF-MA,DEL04-MA,UOP03-DEL04-MA
573107,2024-01-07,domingo,06:22:00,TO,153.0,"716,2",CARIRI DO TOCANTINS,Avarias e/ou desgaste excessivo no pneu,Colisão lateral sentido oposto,Com Vítimas Feridas,Pleno dia,Crescente,Céu Claro,Simples,Reta,Não,6.0,0.0,6.0,0.0,0.0,0.0,6.0,2.0,"-12,09169576","-49,19398785",SPRF-TO,DEL01-TO,UOP02-DEL01-TO
573119,2024-01-07,domingo,05:50:00,MG,116.0,"221,7",CATUJI,Reação tardia ou ineficiente do condutor,Tombamento,Com Vítimas Fatais,Amanhecer,Decrescente,Nublado,Simples,Declive;Curva,Não,2.0,2.0,0.0,0.0,0.0,0.0,0.0,1.0,"-17,41543302","-41,51420574",SPRF-MG,DEL11-MG,UOP01-DEL11-MG
573127,2024-01-06,sábado,20:55:00,RS,158.0,"211,2",CRUZ ALTA,Ingestão de álcool pelo condutor,Saída de leito carroçável,Sem Vítimas,Plena Noite,Decrescente,Céu Claro,Simples,Reta,Não,2.0,0.0,0.0,0.0,1.0,1.0,0.0,2.0,"-28,78294784","-53,59925344",SPRF-RS,DEL10-RS,UOP02-DEL10-RS
573136,2024-01-07,domingo,11:00:00,MG,381.0,"864,5",POUSO ALEGRE,Condutor Dormindo,Colisão traseira,Com Vítimas Feridas,Pleno dia,Crescente,Céu Claro,Dupla,Reta;Aclive,Não,2.0,0.0,1.0,0.0,1.0,0.0,1.0,2.0,"-22,38483528","-45,95062148",SPRF-MG,DEL16-MG,UOP01-DEL16-MG
573141,2024-01-07,domingo,10:20:00,GO,153.0,653,GOIATUBA,Condutor Dormindo,Colisão traseira,Com Vítimas Feridas,Pleno dia,Decrescente,Céu Claro,Dupla,Reta,Não,4.0,0.0,1.0,0.0,2.0,2.0,1.0,4.0,"-17,9926","-49,2601",SPRF-GO,DEL03-GO,UOP01-DEL03-GO
573148,2024-01-07,domingo,09:50:00,MA,222.0,652,ACAILANDIA,Transitar na contramão,Tombamento,Com Vítimas Feridas,Pleno dia,Crescente,Nublado,Simples,Curva;Aclive,Não,10.0,0.0,3.0,1.0,5.0,1.0,4.0,4.0,"-4,83750775","-47,28653915",SPRF-MA,DEL04-MA,UOP03-DEL04-MA
573157,2024-01-07,domingo,12:30:00,GO,364.0,248,JATAI,Acostamento em desnível,Tombamento,Com Vítimas Feridas,Pleno dia,Decrescente,Céu Claro,Simples,Reta,Não,8.0,0.0,2.0,0.0,5.0,1.0,2.0,3.0,"-17,734665","-52,137199",SPRF-GO,DEL05-GO,UOP01-DEL05-GO
573160,2024-01-07,domingo,12:00:00,SP,116.0,364,MIRACATU,Demais falhas mecânicas ou elétricas,Tombamento,Com Vítimas Feridas,Pleno dia,Decrescente,Sol,Dupla,Reta,Não,5.0,0.0,4.0,0.0,0.0,1.0,4.0,2.0,"-24,13881806","-47,27310246",SPRF-SP,DEL04-SP,UOP02-DEL04-SP
573162,2024-01-07,domingo,13:00:00,MG,251.0,"471,5",FRANCISCO SA,Velocidade Incompatível,Colisão traseira,Com Vítimas Feridas,Pleno dia,Crescente,Chuva,Simples,Declive;Reta,Não,4.0,0.0,1.0,0.0,2.0,1.0,1.0,3.0,"-16,46801304","-43,43121303",SPRF-MG,DEL12-MG,UOP01-DEL12-MG
573164,2024-01-07,domingo,13:25:00,RS,386.0,"110,2",SARANDI,Curva acentuada,Saída de leito carroçável,Com Vítimas Feridas,Pleno dia,Decrescente,Céu Claro,Simples,Curva,Não,2.0,0.0,1.0,0.0,0.0,1.0,1.0,2.0,"-27,79747664","-53,05267811",SPRF-RS,DEL08-RS,UOP01-DEL08-RS
573192,2024-01-07,domingo,16:20:00,RJ,393.0,151,TRES RIOS,Velocidade Incompatível,Tombamento,Com Vítimas Feridas,Pleno dia,Crescente,Céu Claro,Simples,Curva,Não,2.0,0.0,1.0,0.0,0.0,1.0,1.0,2.0,"-22,06019504","-43,02885795",SPRF-RJ,DEL05-RJ,UOP01-DEL05-RJ
573195,2024-01-07,domingo,17:20:00,GO,364.0,199,JATAI,Ingestão de álcool pelo condutor,Colisão traseira,Sem Vítimas,Pleno dia,Decrescente,Céu Claro,Dupla,Declive,Não,3.0,0.0,0.0,0.0,2.0,3.0,0.0,5.0,"-17,920801","-51,748596",SPRF-GO,DEL05-GO,UOP01-DEL05-GO
573216,2024-01-07,domingo,17:30:00,BA,101.0,"396,2",IBIRAPITANGA,Reação tardia ou ineficiente do condutor,Saída de leito carroçável,Com Vítimas Feridas,Anoitecer,Crescente,Nublado,Simples,Curva,Não,2.0,0.0,1.0,0.0,0.0,1.0,1.0,2.0,"-13,988666","-39,4644",SPRF-BA,DEL05-BA,UOP03-DEL05-BA
573218,2024-01-07,domingo,16:50:00,RO,364.0,"12,8",VILHENA,Ingestão de álcool pelo condutor,Colisão lateral sentido oposto,Sem Vítimas,Pleno dia,Decrescente,Céu Claro,Dupla,Reta,Sim,3.0,0.0,0.0,0.0,2.0,3.0,0.0,5.0,"-12,74370233","-60,12147609",SPRF-RO,DEL04-RO,UOP01-DEL04-RO
573225,2024-01-07,domingo,20:30:00,MG,40.0,426,PARAOPEBA,Acessar a via sem observar a presença dos outros veículos,Colisão traseira,Com Vítimas Feridas,Plena Noite,Crescente,Nublado,Dupla,Reta,Não,2.0,0.0,0.0,1.0,0.0,1.0,1.0,2.0,"-19,16811528","-44,51542722",SPRF-MG,DEL02-MG,UOP01-DEL02-MG
573228,2024-01-07,domingo,17:20:00,GO,20.0,"143,9",FLORES DE GOIAS,Ingestão de substâncias psicoativas pelo condutor,Colisão frontal,Com Vítimas Fatais,Pleno dia,Decrescente,Nublado,Simples,Curva,Não,7.0,1.0,1.0,2.0,1.0,3.0,3.0,5.0,"-14,751895","-46,65666",SPRF-DF,DEL02-DF,UOP03-DEL02-DF
573234,2024-01-07,domingo,19:30:00,PR,376.0,"181,9",MARINGA,Manobra de mudança de faixa,Colisão lateral mesmo sentido,Com Vítimas Feridas,Plena Noite,Decrescente,Céu Claro,Dupla,Rotatória,Sim,4.0,0.0,1.0,0.0,2.0,1.0,1.0,3.0,"-23,43111902","-51,88842773",SPRF-PR,DEL09-PR,UOP01-DEL09-PR
573268,2024-01-07,domingo,23:30:00,MG,381.0,"525,5",BRUMADINHO,Problema com o freio,Colisão traseira,Com Vítimas Feridas,Plena Noite,Crescente,Céu Claro,Dupla,Curva;Declive,Não,2.0,0.0,2.0,0.0,0.0,0.0,2.0,2.0,"-20,16710798","-44,33422398",SPRF-MG,DEL04-MG,UOP03-DEL04-MG
573273,2024-01-07,domingo,21:00:00,GO,452.0,"154,5",BOM JESUS DE GOIAS,Mal súbito do condutor,Saída de leito carroçável,Com Vítimas Feridas,Plena Noite,Crescente,Céu Claro,Simples,Ponte,Não,2.0,0.0,1.0,0.0,0.0,2.0,1.0,3.0,"-18,29856164","-49,55412505",SPRF-GO,DEL03-GO,UOP02-DEL03-GO
573275,2024-01-08,segunda-feira,00:46:00,MG,381.0,"524,5",BRUMADINHO,Problema com o freio,Colisão traseira,Com Vítimas Feridas,Plena Noite,Crescente,Nublado,Dupla,Reta,Não,3.0,0.0,0.0,1.0,1.0,2.0,1.0,4.0,"-20,160736","-44,329843",SPRF-MG,DEL04-MG,UOP03-DEL04-MG
573279,2024-01-08,segunda-feira,01:10:00,MG,381.0,358,JOAO MONLEVADE,Ingestão de álcool pelo condutor,Colisão lateral mesmo sentido,Sem Vítimas,Plena Noite,Crescente,Nublado,Simples,Reta,Sim,4.0,0.0,0.0,0.0,3.0,2.0,0.0,4.0,"-19,8381719","-43,18513155",SPRF-MG,DEL03-MG,UOP01-DEL03-MG
573299,2024-01-08,segunda-feira,06:30:00,MG,50.0,136,UBERABA,Demais falhas mecânicas ou elétricas,Saída de leito carroçável,Com Vítimas Feridas,Pleno dia,Decrescente,Céu Claro,Dupla,Reta,Não,3.0,0.0,2.0,0.0,0.0,3.0,2.0,5.0,"-19,44189098","-48,06412595",SPRF-MG,DEL13-MG,UOP01-DEL13-MG
573306,2024-01-08,segunda-feira,07:30:00,MG,354.0,"710,6",CAXAMBU,Velocidade Incompatível,Saída de leito carroçável,Com Vítimas Feridas,Pleno dia,Crescente,Nublado,Simples,Aclive;Curva,Sim,3.0,0.0,1.0,0.0,1.0,2.0,1.0,4.0,"-22,03251698","-44,92520109",SPRF-MG,DEL17-MG,UOP01-DEL17-MG
573311,2024-01-08,segunda-feira,07:00:00,ES,101.0,"271,8",SERRA,Condutor deixou de manter distância do veículo da frente,Colisão traseira,Com Vítimas Feridas,Pleno dia,Crescente,Sol,Dupla,Reta,Sim,2.0,0.0,1.0,0.0,1.0,0.0,1.0,2.0,"-20,23267","-40,27658",SPRF-ES,DEL02-ES,UOP01-DEL02-ES
573325,2024-01-08,segunda-feira,08:46:00,MG,40.0,"638,2",CONSELHEIRO LAFAIETE,Conversão proibida,Colisão transversal,Com Vítimas Feridas,Pleno dia,Crescente,Céu Claro,Simples,Reta,Não,3.0,0.0,1.0,0.0,1.0,1.0,1.0,3.0,"-20,73016759","-43,80036592",SPRF-MG,DEL05-MG,UOP02-DEL05-MG
573330,2024-01-08,segunda-feira,09:05:00,PR,373.0,"228,1",IMBITUVA,Ausência de reação do condutor,Colisão traseira,Com Vítimas Feridas,Pleno dia,Crescente,Sol,Simples,Aclive;Reta,Não,3.0,0.0,1.0,0.0,1.0,2.0,1.0,4.0,"-25,174608","-50,639412",SPRF-PR,DEL03-PR,UOP01-DEL03-PR
573332,2024-01-08,segunda-feira,10:00:00,PA,316.0,"36,4",SANTA IZABEL DO PARA,Desvio temporário,Colisão transversal,Com Vítimas Feridas,Pleno dia,Crescente,Céu Claro,Dupla,Reta;Em Obras;Desvio Temporário,Sim,4.0,0.0,0.0,3.0,1.0,0.0,3.0,2.0,"-1,29009976","-48,15602469",SPRF-PA,DEL01-PA,UOP01-DEL01-PA
573335,2024-01-08,segunda-feira,10:40:00,PI,316.0,7,TERESINA,Condutor deixou de manter distância do veículo da frente,Colisão traseira,Com Vítimas Feridas,Pleno dia,Crescente,Sol,Dupla,Reta;Declive,Sim,5.0,0.0,2.0,2.0,1.0,0.0,4.0,2.0,"-5,15584638","-42,77173332",SPRF-PI,DEL01-PI,UOP02-DEL01-PI
573337,2024-01-08,segunda-feira,11:30:00,RS,116.0,238,NOVO HAMBURGO,Ausência de reação do condutor,Colisão traseira,Com Vítimas Feridas,Pleno dia,Crescente,Céu Claro,Simples,Reta,Sim,2.0,0.0,1.0,0.0,1.0,0.0,1.0,2.0,"-29,68954125","-51,14299357",SPRF-RS,DEL01-RS,UOP02-DEL01-RS