id,data_inversa,dia_semana,horario,uf,br,km,municipio,causa_acidente,tipo_acidente,classificacao_acidente,fase_dia,sentido_via,condicao_metereologica,tipo_pista,tracado_via,uso_solo,pessoas,mortos,feridos_leves,feridos_graves,ilesos,ignorados,feridos,veiculos,latitude,longitude,regional,delegacia,uop
573672,2024-01-09,terça-feira,23:00:00,GO,80.0,3,PADRE BERNARDO,Velocidade Incompatível,Tombamento,Com Vítimas Feridas,Plena Noite,Crescente,Nublado,Dupla,Curva;Interseção de Vias,Não,3.0,0.0,2.0,0.0,0.0,1.0,2.0,2.0,"-15,50163599","-48,2160759",SPRF-DF,DEL03-DF,UOP02-DEL03-DF
573675,2024-01-09,terça-feira,21:20:00,PI,230.0,195,OEIRAS,Ausência de reação do condutor,Colisão traseira,Com Vítimas Feridas,Plena Noite,Crescente,Céu Claro,Simples,Reta,Sim,2.0,0.0,1.0,0.0,0.0,1.0,1.0,2.0,"-7,002869","-42,116242",SPRF-PI,DEL04-PI,UOP01-DEL04-PI
573678,2024-01-10,quarta-feira,03:10:00,PB,101.0,"42,2",MAMANGUAPE,Ausência de reação do condutor,Saída de leito carroçável,Com Vítimas Fatais,Plena Noite,Crescente,Céu Claro,Dupla,Reta,Não,2.0,1.0,0.0,0.0,0.0,1.0,0.0,2.0,"-6,85879418","-35,13429236",SPRF-PB,DEL01-PB,UOP04-DEL01-PB
573679,2024-01-10,quarta-feira,00:20:00,SC,116.0,308,CAPAO ALTO,Reação tardia ou ineficiente do condutor,Tombamento,Com Vítimas Feridas,Plena Noite,Decrescente,Nublado,Simples,Aclive;Curva,Não,2.0,0.0,1.0,0.0,0.0,1.0,1.0,2.0,"-28,19824113","-50,75066799",SPRF-SC,DEL05-SC,UOP02-DEL05-SC
573682,2024-01-10,quarta-feira,02:00:00,RS,116.0,332,BARRA DO RIBEIRO,Ausência de reação do condutor,Saída de leito carroçável,Com Vítimas Feridas,Plena Noite,Crescente,Céu Claro,Dupla,Reta,Não,2.0,0.0,1.0,0.0,0.0,1.0,1.0,2.0,"-30,39620212","-51,44091884",SPRF-RS,DEL02-RS,UOP02-DEL02-RS
573683,2024-01-10,quarta-feira,05:00:00,CE,20.0,389,CAUCAIA,Condutor deixou de manter distância do veículo da frente,Colisão traseira,Com Vítimas Feridas,Amanhecer,Crescente,Vento,Simples,Reta,Não,4.0,0.0,0.0,2.0,2.0,0.0,2.0,2.0,"-3,86034807","-38,79324995",SPRF-CE,DEL01-CE,UOP01-DEL01-CE
573684,2024-01-10,quarta-feira,04:40:00,MG,381.0,"417,2",CAETE,Manobra de mudança de faixa,Colisão traseira,Com Vítimas Feridas,Plena Noite,Decrescente,Céu Claro,Dupla,Reta,Não,3.0,0.0,1.0,0.0,1.0,2.0,1.0,4.0,"-19,75815121","-43,63601756",SPRF-MG,DEL01-MG,UOP01-DEL01-MG
573685,2024-01-10,quarta-feira,02:30:00,MT,163.0,997,TERRA NOVA DO NORTE,Ingestão de álcool pelo condutor,Saída de leito carroçável,Sem Vítimas,Plena Noite,Decrescente,Nublado,Simples,Reta,Não,2.0,0.0,0.0,0.0,1.0,3.0,0.0,4.0,"-10,63575696","-55,13301514",SPRF-MT,DEL06-MT,UOP03-DEL06-MT
573694,2024-01-10,quarta-feira,06:45:00,RJ,116.0,184,NOVA IGUACU,Demais falhas mecânicas ou elétricas,Queda de ocupante de veículo,Com Vítimas Feridas,Pleno dia,Crescente,Céu Claro,Dupla,Reta,Sim,2.0,0.0,1.0,0.0,0.0,1.0,1.0,2.0,"-22,74647215","-43,44594311",SPRF-RJ,DEL06-RJ,UOP01-DEL06-RJ
573695,2024-01-10,quarta-feira,05:50:00,MG,50.0,155,UBERABA,Acumulo de água sobre o pavimento,Saída de leito carroçável,Com Vítimas Fatais,Amanhecer,Crescente,Chuva,Dupla,Declive;Reta,Não,10.0,2.0,0.0,0.0,7.0,2.0,0.0,7.0,"-19,60825703","-48,02198508",SPRF-MG,DEL13-MG,UOP01-DEL13-MG
573697,2024-01-10,quarta-feira,06:00:00,SP,116.0,276,EMBU DAS ARTES,Condutor deixou de manter distância do veículo da frente,Colisão traseira,Com Vítimas Feridas,Pleno dia,Decrescente,Céu Claro,Dupla,Reta;Declive,Não,4.0,0.0,2.0,0.0,1.0,1.0,2.0,3.0,"-23,62643913","-46,81720734",SPRF-SP,DEL04-SP,UOP01-DEL04-SP
573704,2024-01-10,quarta-feira,06:25:00,PE,423.0,18,SAO CAITANO,Conversão proibida,Colisão lateral mesmo sentido,Com Vítimas Feridas,Pleno dia,Crescente,Céu Claro,Simples,Reta;Viaduto,Sim,4.0,0.0,1.0,1.0,1.0,1.0,2.0,2.0,"-8,33033097","-36,14470299",SPRF-PE,DEL03-PE,UOP02-DEL03-PE
573705,2024-01-09,terça-feira,17:00:00,BA,116.0,"382,4",SANTA BARBARA,Reação tardia ou ineficiente do condutor,Colisão frontal,Com Vítimas Feridas,Pleno dia,Decrescente,Céu Claro,Simples,Declive;Reta,Não,3.0,0.0,1.0,1.0,0.0,1.0,2.0,3.0,"-11,8732","-38,9788",SPRF-BA,DEL02-BA,UOP01-DEL02-BA
573715,2024-01-10,quarta-feira,07:30:00,RS,392.0,"3,5",RIO GRANDE,Ausência de reação do condutor,Colisão transversal,Com Vítimas Feridas,Pleno dia,Crescente,Céu Claro,Simples,Reta,Não,3.0,0.0,0.0,1.0,1.0,1.0,1.0,3.0,"-32,06221202","-52,08949696",SPRF-RS,DEL07-RS,UOP02-DEL07-RS
573717,2024-01-10,quarta-feira,07:15:00,SC,101.0,43,JOINVILLE,Acessar a via sem observar a presença dos outros veículos,Colisão lateral mesmo sentido,Sem Vítimas,Pleno dia,Decrescente,Céu Claro,Dupla,Interseção de Vias,Sim,4.0,0.0,0.0,0.0,3.0,1.0,0.0,4.0,"-26,30357106","-48,88225609",SPRF-SC,DEL03-SC,UOP01-DEL03-SC
573719,2024-01-10,quarta-feira,02:00:00,RJ,493.0,81,JAPERI,Ausência de reação do condutor,Saída de leito carroçável,Com Vítimas Feridas,Pleno dia,Decrescente,Céu Claro,Dupla,Reta,Não,1.0,0.0,1.0,0.0,0.0,0.0,1.0,1.0,"-22,6619872","-43,62773895",SPRF-RJ,DEL01-RJ,UOP03-DEL01-RJ
573724,2024-01-09,terça-feira,21:20:00,PR,376.0,441,TIBAGI,Demais falhas mecânicas ou elétricas,Incêndio,Sem Vítimas,Plena Noite,Crescente,Garoa/Chuvisco,Dupla,Reta,Não,2.0,0.0,0.0,0.0,1.0,2.0,0.0,3.0,"-24,86560694","-50,44632287",SPRF-PR,DEL03-PR,UOP02-DEL03-PR
573730,2024-01-10,quarta-feira,09:21:00,SP,116.0,"22,2",LAVRINHAS,Reação tardia ou ineficiente do condutor,Tombamento,Com Vítimas Feridas,Pleno dia,Crescente,Céu Claro,Dupla,Curva,Não,2.0,0.0,1.0,0.0,0.0,1.0,1.0,2.0,"-22,57958039","-44,87696171",SPRF-SP,DEL08-SP,UOP02-DEL08-SP
573731,2024-01-10,quarta-feira,09:10:00,SP,116.0,380,MIRACATU,Problema com o freio,Incêndio,Sem Vítimas,Pleno dia,Crescente,Sol,Dupla,Reta,Não,2.0,0.0,0.0,0.0,1.0,1.0,0.0,2.0,"-24,21753686","-47,36651776",SPRF-SP,DEL04-SP,UOP02-DEL04-SP
573749,2024-01-10,quarta-feira,10:30:00,MG,381.0,"454,3",BELO HORIZONTE,Manobra de mudança de faixa,Colisão lateral mesmo sentido,Com Vítimas Feridas,Pleno dia,Crescente,Céu Claro,Simples,Reta,Sim,2.0,0.0,0.0,1.0,1.0,0.0,1.0,2.0,"-19,85593827","-43,89662047",SPRF-MG,DEL01-MG,UOP01-DEL01-MG
573750,2024-01-10,quarta-feira,09:58:00,RJ,493.0,92,SEROPEDICA,Mal súbito do condutor,Colisão traseira,Sem Vítimas,Pleno dia,Crescente,Céu Claro,Dupla,Reta,Não,2.0,0.0,0.0,0.0,2.0,0.0,0.0,2.0,"-22,69892101","-43,69262695",SPRF-RJ,DEL01-RJ,UOP03-DEL01-RJ
573754,2024-01-10,quarta-feira,11:00:00,GO,414.0,"439,7",ANAPOLIS,Conversão proibida,Colisão transversal,Com Vítimas Feridas,Pleno dia,Decrescente,Nublado,Simples,Declive;Interseção de Vias,Não,2.0,0.0,0.0,1.0,1.0,0.0,1.0,2.0,"-16,27764467","-48,94156071",SPRF-GO,DEL02-GO,UOP01-DEL02-GO
573761,2024-01-10,quarta-feira,08:01:00,RO,364.0,425,JARU,Ultrapassagem Indevida,Colisão lateral mesmo sentido,Com Vítimas Feridas,Pleno dia,Decrescente,Céu Claro,Simples,Reta,Não,4.0,0.0,2.0,0.0,1.0,1.0,2.0,3.0,"-10,43752488","-62,47169791",SPRF-RO,DEL03-RO,UOP02-DEL03-RO
573762,2024-01-10,quarta-feira,11:57:00,RJ,101.0,323,NITEROI,Reação tardia ou ineficiente do condutor,Colisão traseira,Com Vítimas Feridas,Pleno dia,Decrescente,Céu Claro,Múltipla,Reta,Não,3.0,0.0,1.0,0.0,1.0,1.0,1.0,3.0,"-22,87684786","-43,11728689",SPRF-RJ,DEL02-RJ,UOP01-DEL02-RJ
573764,2024-01-10,quarta-feira,11:25:00,PR,277.0,38,MORRETES,Demais falhas mecânicas ou elétricas,Colisão lateral mesmo sentido,Com Vítimas Feridas,Pleno dia,Decrescente,Céu Claro,Dupla,Curva,Não,5.0,0.0,2.0,0.0,2.0,1.0,2.0,4.0,"-25,56584471","-48,81116269",SPRF-PR,DEL01-PR,UOP05-DEL01-PR
573767,2024-01-10,quarta-feira,10:30:00,MA,222.0,676,ACAILANDIA,Ausência de reação do condutor,Colisão transversal,Com Vítimas Fatais,Pleno dia,Crescente,Sol,Simples,Reta,Sim,2.0,1.0,0.0,0.0,1.0,0.0,0.0,2.0,"-4,95662219","-47,49447584",SPRF-MA,DEL04-MA,UOP03-DEL04-MA
573769,2024-01-10,quarta-feira,12:40:00,ES,101.0,"258,8",SERRA,Ausência de reação do condutor,Colisão traseira,Com Vítimas Feridas,Pleno dia,Decrescente,Céu Claro,Dupla,Reta,Sim,3.0,0.0,0.0,1.0,1.0,2.0,1.0,4.0,"-20,13059888","-40,2961019",SPRF-ES,DEL02-ES,UOP01-DEL02-ES
573779,2024-01-10,quarta-feira,13:00:00,PI,343.0,"266,7",CAMPO MAIOR,Acessar a via sem observar a presença dos outros veículos,Colisão transversal,Com Vítimas Feridas,Pleno dia,Decrescente,Nublado,Simples,Reta,Sim,3.0,0.0,1.0,1.0,1.0,0.0,2.0,2.0,"-4,840245","-42,174171",SPRF-PI,DEL01-PI,UOP03-DEL01-PI
573783,2024-01-10,quarta-feira,09:50:00,MT,163.0,640,NOVA MUTUM,Velocidade Incompatível,Colisão lateral mesmo sentido,Com Vítimas Feridas,Pleno dia,Decrescente,Céu Claro,Simples,Reta,Não,3.0,0.0,0.0,1.0,1.0,3.0,1.0,5.0,"-13,557704","-56,02814897",SPRF-MT,DEL01-MT,UOP01-DEL01-MT
573788,2024-01-10,quarta-feira,15:03:00,SP,116.0,519,CAJATI,Reação tardia ou ineficiente do condutor,Tombamento,Com Vítimas Feridas,Pleno dia,Decrescente,Céu Claro,Simples,Reta;Retorno Regulamentado,Não,2.0,0.0,1.0,0.0,0.0,1.0,1.0,2.0,"-24,88932071","-48,23326417",SPRF-SP,DEL05-SP,UOP02-DEL05-SP
573789,2024-01-10,quarta-feira,16:39:00,CE,116.0,"9,3",FORTALEZA,Manobra de mudança de faixa,Colisão lateral mesmo sentido,Com Vítimas Feridas,Pleno dia,Decrescente,Céu Claro,Múltipla,Curva,Sim,2.0,0.0,1.0,0.0,1.0,0.0,1.0,2.0,"-3,82779096","-38,50486117",SPRF-CE,DEL01-CE,UOP02-DEL01-CE
573794,2024-01-10,quarta-feira,09:40:00,BA,101.0,240,CONCEICAO DO ALMEIDA,Mal súbito do condutor,Colisão lateral sentido oposto,Com Vítimas Feridas,Pleno dia,Decrescente,Céu Claro,Simples,Reta,Não,3.0,0.0,1.0,0.0,1.0,1.0,1.0,3.0,"-12,88117996","-39,21999041",SPRF-BA,DEL01-BA,UOP02-DEL01-BA
573797,2024-01-10,quarta-feira,16:30:00,ES,101.0,"457,8",MIMOSO DO SUL,Acessar a via sem observar a presença dos outros veículos,Colisão transversal,Com Vítimas Feridas,Pleno dia,Decrescente,Céu Claro,Simples,Reta;Rotatória,Não,4.0,0.0,0.0,2.0,1.0,1.0,2.0,3.0,"-21,19995092","-41,30085122",SPRF-ES,DEL03-ES,UOP02-DEL03-ES
573809,2024-01-10,quarta-feira,16:20:00,RS,386.0,251,SOLEDADE,Condutor Dormindo,Colisão traseira,Com Vítimas Feridas,Pleno dia,Decrescente,Nublado,Dupla,Reta;Aclive,Não,4.0,0.0,1.0,0.0,2.0,1.0,1.0,3.0,"-28,830132","-52,460941",SPRF-RS,DEL04-RS,UOP03-DEL04-RS
573812,2024-01-10,quarta-feira,18:10:00,SP,116.0,229,GUARULHOS,Reação tardia ou ineficiente do condutor,Colisão lateral mesmo sentido,Com Vítimas Feridas,Anoitecer,Crescente,Nublado,Múltipla,Reta;Aclive,Sim,2.0,0.0,1.0,0.0,0.0,1.0,1.0,2.0,"-23,51291902","-46,57604698",SPRF-SP,DEL01-SP,UOP01-DEL01-SP
573817,2024-01-10,quarta-feira,17:10:00,RS,285.0,"395,2",SANTA BARBARA DO SUL,Ultrapassagem Indevida,Colisão frontal,Com Vítimas Feridas,Pleno dia,Crescente,Céu Claro,Simples,Reta,Não,5.0,0.0,1.0,2.0,1.0,1.0,3.0,3.0,"-28,38822904","-53,27493668",SPRF-RS,DEL10-RS,UOP02-DEL10-RS
573838,2024-01-10,quarta-feira,17:40:00,MG,381.0,"674,5",PERDOES,Velocidade Incompatível,Tombamento,Com Vítimas Feridas,Pleno dia,Crescente,Nublado,Dupla,Curva;Declive,Não,4.0,0.0,3.0,0.0,0.0,2.0,3.0,3.0,"-21,107021","-45,09114",SPRF-MG,DEL04-MG,UOP02-DEL04-MG
573852,2024-01-10,quarta-feira,20:00:00,DF,80.0,13,BRASILIA,Pista esburacada,Colisão frontal,Com Vítimas Feridas,Plena Noite,Decrescente,Nublado,Simples,Reta;Aclive,Não,2.0,0.0,1.0,0.0,1.0,0.0,1.0,2.0,"-15,728034","-48,193768",SPRF-DF,DEL03-DF,UOP02-DEL03-DF
573855,2024-01-03,quarta-feira,03:47:00,MS,163.0,99,ITAQUIRAI,Acessar a via sem observar a presença dos outros veículos,Colisão transversal,Com Vítimas Feridas,Plena Noite,Crescente,Céu Claro,Simples,Reta,Não,4.0,0.0,1.0,1.0,1.0,3.0,2.0,5.0,"-23,28969397","-54,2245658",SPRF-MS,DEL09-MS,UOP01-DEL09-MS
573864,2024-01-10,quarta-feira,21:35:00,RJ,101.0,271,TANGUA,Condutor deixou de manter distância do veículo da frente,Colisão traseira,Com Vítimas Feridas,Plena Noite,Crescente,Céu Claro,Dupla,Curva,Não,3.0,0.0,1.0,0.0,1.0,1.0,1.0,3.0,"-22,72443147","-42,69368143",SPRF-RJ,DEL02-RJ,UOP03-DEL02-RJ
573874,2024-01-10,quarta-feira,23:30:00,GO,20.0,"185,3",SIMOLANDIA,Condutor Dormindo,Tombamento,Com Vítimas Feridas,Plena Noite,Crescente,Nublado,Dupla,Reta,Não,2.0,0.0,1.0,0.0,0.0,2.0,1.0,3.0,"-14,443042","-46,462242",SPRF-DF,DEL02-DF,UOP03-DEL02-DF
573882,2024-01-11,quinta-feira,01:30:00,BA,235.0,"33,3",PEDRO ALEXANDRE,Ausência de reação do condutor,Saída de leito carroçável,Com Vítimas Fatais,Plena Noite,Crescente,Garoa/Chuvisco,Simples,Reta,Não,2.0,1.0,0.0,0.0,0.0,1.0,0.0,1.0,"-10,14946994","-37,96276994",SPRF-SE,DEL01-SE,UOP02-DEL01-SE
573885,2024-01-11,quinta-feira,02:30:00,PB,361.0,"75,5",PIANCO,Reação tardia ou ineficiente do condutor,Saída de leito carroçável,Com Vítimas Feridas,Plena Noite,Crescente,Ignorado,Simples,Curva,Não,4.0,0.0,0.0,1.0,3.0,0.0,1.0,1.0,"-7,190908","-37,85121",SPRF-PB,DEL03-PB,UOP01-DEL03-PB
573887,2024-01-11,quinta-feira,05:45:00,SP,116.0,297,ITAPECERICA DA SERRA,Ausência de reação do condutor,Colisão lateral mesmo sentido,Com Vítimas Feridas,Amanhecer,Decrescente,Céu Claro,Dupla,Reta,Sim,3.0,0.0,1.0,0.0,1.0,1.0,1.0,2.0,"-23,78323219","-46,91437053",SPRF-SP,DEL04-SP,UOP01-DEL04-SP
573888,2024-01-11,quinta-feira,03:47:00,PI,343.0,"304,4",ALTOS,Desrespeitar a preferência no cruzamento,Colisão transversal,Sem Vítimas,Plena Noite,Crescente,Céu Claro,Simples,Reta,Sim,3.0,0.0,0.0,0.0,1.0,3.0,0.0,4.0,"-5,03109693","-42,43846893",SPRF-PI,DEL01-PI,UOP01-DEL01-PI
573894,2024-01-11,quinta-feira,06:30:00,BA,324.0,622,SALVADOR,Manobra de mudança de faixa,Colisão lateral mesmo sentido,Com Vítimas Feridas,Pleno dia,Crescente,Céu Claro,Dupla,Reta,Não,3.0,0.0,1.0,0.0,1.0,1.0,1.0,3.0,"-12,91888605","-38,46502095",SPRF-BA,DEL01-BA,UOP01-DEL01-BA
573896,2024-01-11,quinta-feira,04:50:00,CE,116.0,267,ALTO SANTO,Demais falhas mecânicas ou elétricas,Incêndio,Sem Vítimas,Pleno dia,Decrescente,Céu Claro,Simples,Reta,Não,2.0,0.0,0.0,0.0,1.0,2.0,0.0,3.0,"-5,62048178","-38,41070004",SPRF-CE,DEL05-CE,UOP02-DEL05-CE
573897,2024-01-11,quinta-feira,06:45:00,BA,116.0,"785,5",PLANALTO,Condutor Dormindo,Colisão frontal,Com Vítimas Fatais,Pleno dia,Crescente,Céu Claro,Simples,Curva,Não,5.0,4.0,0.0,0.0,1.0,0.0,0.0,2.0,"-14,68683206","-40,55656087",SPRF-BA,DEL08-BA,UOP02-DEL08-BA
573899,2024-01-11,quinta-feira,05:50:00,MG,262.0,430,SAO GONCALO DO PARA,Reação tardia ou ineficiente do condutor,Colisão traseira,Com Vítimas Feridas,Pleno dia,Decrescente,Céu Claro,Dupla,Reta,Não,4.0,0.0,1.0,0.0,2.0,1.0,1.0,3.0,"-19,89011218","-44,80551997",SPRF-MG,DEL08-MG,UOP03-DEL08-MG
573909,2024-01-11,quinta-feira,07:50:00,PE,232.0,"9,2",JABOATAO DOS GUARARAPES,Ausência de reação do condutor,Colisão traseira,Sem Vítimas,Pleno dia,Crescente,Nublado,Múltipla,Declive,Sim,2.0,0.0,0.0,0.0,1.0,1.0,0.0,2.0,"-8,07764447","-34,97863609",SPRF-PE,DEL01-PE,UOP01-DEL01-PE
573910,2024-01-11,quinta-feira,08:30:00,MG,251.0,"512,8",FRANCISCO SA,Transitar na contramão,Colisão lateral sentido oposto,Com Vítimas Feridas,Pleno dia,Crescente,Céu Claro,Simples,Curva,Não,2.0,0.0,1.0,0.0,0.0,1.0,1.0,2.0,"-16,6553239","-43,71906108",SPRF-MG,DEL12-MG,UOP01-DEL12-MG
573913,2024-01-11,quinta-feira,07:00:00,MT,163.0,930,ITAUBA,Velocidade Incompatível,Saída de leito carroçável,Com Vítimas Feridas,Pleno dia,Decrescente,Céu Claro,Simples,Curva,Não,3.0,0.0,1.0,0.0,0.0,4.0,1.0,5.0,"-11,17218194","-55,31169576",SPRF-MT,DEL06-MT,UOP02-DEL06-MT
573914,2024-01-03,quarta-feira,09:40:00,MG,267.0,"59,2",BICAS,Ausência de reação do condutor,Colisão lateral sentido oposto,Com Vítimas Fatais,Pleno dia,Decrescente,Céu Claro,Simples,Curva,Não,2.0,1.0,0.0,0.0,1.0,0.0,0.0,2.0,"-21,7245573","-43,04402678",SPRF-MG,DEL07-MG,UOP01-DEL07-MG
573918,2024-01-11,quinta-feira,09:05:00,PE,232.0,9,RECIFE,Ausência de reação do condutor,Colisão traseira,Com Vítimas Feridas,Pleno dia,Crescente,Garoa/Chuvisco,Dupla,Reta;Aclive,Não,3.0,0.0,1.0,0.0,1.0,1.0,1.0,3.0,"-8,07764447","-34,97863609",SPRF-PE,DEL01-PE,UOP01-DEL01-PE
573922,2024-01-06,sábado,04:30:00,SC,480.0,"123,9",CHAPECO,Estacionar ou parar em local proibido,Colisão traseira,Com Vítimas Feridas,Amanhecer,Decrescente,Céu Claro,Dupla,Aclive;Reta,Sim,6.0,0.0,1.0,1.0,4.0,0.0,2.0,2.0,"-27,001992","-52,644768",SPRF-SC,DEL07-SC,UOP01-DEL07-SC
573927,2024-01-11,quinta-feira,07:30:00,PR,376.0,"305,9",MAUA DA SERRA,Velocidade Incompatível,Derramamento de carga,Com Vítimas Feridas,Amanhecer,Decrescente,Céu Claro,Dupla,Curva,Não,3.0,0.0,1.0,0.0,1.0,2.0,1.0,3.0,"-23,93937915","-51,12126231",SPRF-PR,DEL07-PR,UOP02-DEL07-PR
573930,2024-01-11,quinta-feira,09:40:00,GO,40.0,92,CRISTALINA,Acessar a via sem observar a presença dos outros veículos,Colisão transversal,Com Vítimas Feridas,Pleno dia,Decrescente,Céu Claro,Simples,Interseção de Vias,Não,4.0,0.0,1.0,0.0,3.0,0.0,1.0,2.0,"-16,730814","-47,626211",SPRF-DF,DEL01-DF,UOP02-DEL01-DF
573936,2024-01-11,quinta-feira,10:35:00,RS,116.0,296,GUAIBA,Ausência de reação do condutor,Colisão com objeto,Sem Vítimas,Pleno dia,Crescente,Chuva,Dupla,Reta;Viaduto,Não,2.0,0.0,0.0,0.0,2.0,0.0,0.0,2.0,"-30,08861201","-51,34229993",SPRF-RS,DEL02-RS,UOP01-DEL02-RS
573937,2024-01-11,quinta-feira,09:20:00,SC,101.0,97,BALNEARIO PICARRAS,Manobra de mudança de faixa,Colisão lateral sentido oposto,Com Vítimas Feridas,Pleno dia,Crescente,Sol,Múltipla,Reta,Não,2.0,0.0,1.0,0.0,0.0,1.0,1.0,2.0,"-26,72823703","-48,70224928",SPRF-SC,DEL03-SC,UOP02-DEL03-SC
573939,2024-01-11,quinta-feira,11:10:00,SC,101.0,151,ITAPEMA,Trafegar com motocicleta (ou similar) entre as faixas,Colisão lateral mesmo sentido,Com Vítimas Feridas,Pleno dia,Decrescente,Céu Claro,Múltipla,Reta,Sim,4.0,0.0,0.0,1.0,3.0,0.0,1.0,4.0,"-27,126536","-48,609642",SPRF-SC,DEL04-SC,UOP03-DEL04-SC
573947,2024-01-11,quinta-feira,11:00:00,MG,381.0,484,BETIM,Objeto estático sobre o leito carroçável,Colisão traseira,Com Vítimas Feridas,Pleno dia,Crescente,Céu Claro,Dupla,Reta,Não,3.0,0.0,1.0,0.0,2.0,0.0,1.0,2.0,"-19,95531717","-44,11722196",SPRF-MG,DEL01-MG,UOP03-DEL01-MG
573953,2024-01-11,quinta-feira,11:45:00,RS,386.0,166,CARAZINHO,Reação tardia ou ineficiente do condutor,Tombamento,Com Vítimas Feridas,Pleno dia,Decrescente,Céu Claro,Simples,Curva;Declive,Não,2.0,0.0,2.0,0.0,0.0,0.0,2.0,1.0,"-28,205965","-52,827972",SPRF-RS,DEL08-RS,UOP01-DEL08-RS
573955,2024-01-11,quinta-feira,13:00:00,BA,324.0,517,FEIRA DE SANTANA,Condutor deixou de manter distância do veículo da frente,Capotamento,Com Vítimas Feridas,Pleno dia,Decrescente,Sol,Simples,Reta,Sim,3.0,0.0,2.0,0.0,1.0,0.0,2.0,2.0,"-12,24953308","-38,93362525",SPRF-BA,DEL02-BA,UOP01-DEL02-BA
573971,2024-01-11,quinta-feira,07:20:00,PI,316.0,333,GEMINIANO,Acessar a via sem observar a presença dos outros veículos,Colisão transversal,Com Vítimas Fatais,Pleno dia,Decrescente,Chuva,Simples,Interseção de Vias,Não,2.0,1.0,0.0,0.0,1.0,0.0,0.0,2.0,"-7,1066551","-41,27195001",SPRF-PI,DEL04-PI,UOP01-DEL04-PI
573973,2024-01-11,quinta-feira,14:20:00,SP,116.0,198,ARUJA,Reação tardia ou ineficiente do condutor,Colisão traseira,Com Vítimas Feridas,Pleno dia,Crescente,Céu Claro,Dupla,Reta,Sim,2.0,0.0,1.0,0.0,1.0,0.0,1.0,2.0,"-23,39721625","-46,29284287",SPRF-SP,DEL01-SP,UOP01-DEL01-SP
573977,2024-01-11,quinta-feira,14:05:00,RJ,40.0,112,DUQUE DE CAXIAS,Condutor Dormindo,Colisão traseira,Com Vítimas Feridas,Pleno dia,Decrescente,Céu Claro,Dupla,Reta;Aclive,Sim,3.0,0.0,0.0,1.0,2.0,0.0,1.0,2.0,"-22,7004454","-43,29014851",SPRF-RJ,DEL01-RJ,UOP02-DEL01-RJ
573978,2024-01-11,quinta-feira,08:00:00,SC,282.0,"504,5",XANXERE,Acessar a via sem observar a presença dos outros veículos,Queda de ocupante de veículo,Com Vítimas Feridas,Pleno dia,Crescente,Nublado,Simples,Reta;Interseção de Vias,Sim,3.0,0.0,0.0,1.0,1.0,1.0,1.0,3.0,"-26,884279","-52,408466",SPRF-SC,DEL07-SC,UOP01-DEL07-SC
573981,2024-01-11,quinta-feira,10:40:00,MT,70.0,281,PRIMAVERA DO LESTE,Demais falhas mecânicas ou elétricas,Tombamento,Sem Vítimas,Pleno dia,Decrescente,Céu Claro,Dupla,Curva,Sim,1.0,0.0,0.0,0.0,1.0,0.0,0.0,1.0,"-15,56702889","-54,30512706",SPRF-MT,DEL05-MT,UOP01-DEL05-MT
573990,2024-01-11,quinta-feira,14:15:00,BA,116.0,637,JAGUAQUARA,Ultrapassagem Indevida,Tombamento,Com Vítimas Feridas,Pleno dia,Decrescente,Céu Claro,Simples,Reta,Não,3.0,0.0,1.0,0.0,1.0,1.0,1.0,3.0,"-13,50672946","-40,05364095",SPRF-BA,DEL03-BA,UOP01-DEL03-BA
573993,2024-01-11,quinta-feira,15:40:00,RN,406.0,171,SAO GONCALO DO AMARANTE,Reação tardia ou ineficiente do condutor,Colisão traseira,Com Vítimas Feridas,Pleno dia,Crescente,Céu Claro,Múltipla,Rotatória,Sim,2.0,0.0,1.0,0.0,1.0,0.0,1.0,2.0,"-5,76337202","-35,28717399",SPRF-RN,DEL02-RN,UOP01-DEL02-RN
573994,2024-01-11,quinta-feira,15:50:00,RS,285.0,"296,6",PASSO FUNDO,Reação tardia ou ineficiente do condutor,Saída de leito carroçável,Com Vítimas Feridas,Pleno dia,Decrescente,Céu Claro,Simples,Aclive;Curva,Não,2.0,0.0,1.0,0.0,0.0,1.0,1.0,2.0,"-28,2339272","-52,40753174",SPRF-RS,DEL08-RS,UOP03-DEL08-RS
573999,2024-01-11,quinta-feira,16:40:00,BA,324.0,"515,5",FEIRA DE SANTANA,Condutor deixou de manter distância do veículo da frente,Colisão traseira,Com Vítimas Feridas,Pleno dia,Crescente,Sol,Simples,Reta,Sim,3.0,0.0,1.0,0.0,2.0,0.0,1.0,2.0,"-12,23547809","-38,94396807",SPRF-BA,DEL02-BA,UOP01-DEL02-BA
574000,2024-01-11,quinta-feira,10:35:00,SP,116.0,"19,4",LAVRINHAS,Mal súbito do condutor,Capotamento,Com Vítimas Feridas,Pleno dia,Crescente,Céu Claro,Dupla,Reta,Não,4.0,0.0,2.0,0.0,1.0,1.0,2.0,3.0,"-22,56334703","-44,86497596",SPRF-SP,DEL08-SP,UOP02-DEL08-SP
574001,2024-01-11,quinta-feira,15:20:00,AL,104.0,"91,3",RIO LARGO,Acessar a via sem observar a presença dos outros veículos,Colisão lateral mesmo sentido,Sem Vítimas,Pleno dia,Decrescente,Nublado,Dupla,Reta,Sim,3.0,0.0,0.0,0.0,3.0,0.0,0.0,2.0,"-9,50898856","-35,80777135",SPRF-AL,DEL01-AL,UOP01-DEL01-AL