id,data_inversa,dia_semana,horario,uf,br,km,municipio,causa_acidente,tipo_acidente,classificacao_acidente,fase_dia,sentido_via,condicao_metereologica,tipo_pista,tracado_via,uso_solo,pessoas,mortos,feridos_leves,feridos_graves,ilesos,ignorados,feridos,veiculos,latitude,longitude,regional,delegacia,uop
574002,2024-01-11,quinta-feira,15:20:00,SC,101.0,"101,4",BALNEARIO PICARRAS,Reação tardia ou ineficiente do condutor,Colisão traseira,Com Vítimas Feridas,Pleno dia,Crescente,Nublado,Múltipla,Reta;Declive,Sim,4.0,0.0,1.0,0.0,2.0,1.0,1.0,3.0,"-26,77241069","-48,68604165",SPRF-SC,DEL03-SC,UOP02-DEL03-SC
574004,2024-01-11,quinta-feira,16:50:00,SC,470.0,"47,2",BLUMENAU,Condutor deixou de manter distância do veículo da frente,Colisão traseira,Com Vítimas Feridas,Pleno dia,Decrescente,Chuva,Simples,Reta;Viaduto,Sim,3.0,0.0,1.0,0.0,1.0,1.0,1.0,3.0,"-26,864044","-49,046516",SPRF-SC,DEL04-SC,UOP01-DEL04-SC
574005,2024-01-11,quinta-feira,12:40:00,MT,174.0,344,CONQUISTA DOESTE,Mal súbito do condutor,Saída de leito carroçável,Com Vítimas Feridas,Pleno dia,Crescente,Nublado,Simples,Reta,Não,1.0,0.0,1.0,0.0,0.0,0.0,1.0,1.0,"-14,77008585","-59,34019777",SPRF-MT,DEL04-MT,UOP01-DEL04-MT
574011,2024-01-11,quinta-feira,17:05:00,PR,163.0,"26,5",SANTO ANTONIO DO SUDOESTE,Velocidade Incompatível,Engavetamento,Com Vítimas Fatais,Pleno dia,Crescente,Céu Claro,Simples,Aclive;Rotatória;Curva,Não,9.0,1.0,0.0,0.0,4.0,9.0,0.0,11.0,"-26,11976219","-53,67907047",SPRF-PR,DEL02-PR,UOP02-DEL02-PR
574012,2024-01-11,quinta-feira,16:30:00,TO,153.0,248,COLINAS DO TOCANTINS,Chuva,Colisão com objeto,Sem Vítimas,Anoitecer,Decrescente,Chuva,Dupla,Reta,Sim,2.0,0.0,0.0,0.0,1.0,1.0,0.0,2.0,"-8,06220097","-48,46672098",SPRF-TO,DEL02-TO,UOP02-DEL02-TO
574016,2024-01-11,quinta-feira,08:30:00,MG,365.0,218,BURITIZEIRO,Demais falhas mecânicas ou elétricas,Incêndio,Sem Vítimas,Pleno dia,Decrescente,Céu Claro,Simples,Reta,Não,2.0,0.0,0.0,0.0,1.0,1.0,0.0,2.0,"-17,59130864","-45,35991523",SPRF-MG,DEL10-MG,UOP02-DEL010-MG
574022,2024-01-11,quinta-feira,16:20:00,ES,101.0,188,ARACRUZ,Ingestão de álcool pelo condutor,Colisão traseira,Sem Vítimas,Pleno dia,Crescente,Céu Claro,Simples,Reta,Não,3.0,0.0,0.0,0.0,2.0,1.0,0.0,3.0,"-19,67835348","-40,26799321",SPRF-ES,DEL04-ES,UOP01-DEL04-ES
574026,2024-01-11,quinta-feira,07:45:00,SC,282.0,476,VARGEAO,Transitar na contramão,Colisão frontal,Com Vítimas Feridas,Pleno dia,Decrescente,Céu Claro,Simples,Rotatória;Reta,Não,2.0,0.0,1.0,1.0,0.0,0.0,2.0,2.0,"-26,882666","-52,169231",SPRF-SC,DEL07-SC,UOP01-DEL07-SC
574029,2024-01-11,quinta-feira,17:30:00,PB,230.0,159,CAMPINA GRANDE,Desrespeitar a preferência no cruzamento,Colisão transversal,Sem Vítimas,Anoitecer,Crescente,Chuva,Simples,Interseção de Vias,Sim,2.0,0.0,0.0,0.0,2.0,0.0,0.0,2.0,"-7,252","-35,9334",SPRF-PB,DEL02-PB,UOP01-DEL02-PB
574033,2024-01-11,quinta-feira,18:45:00,PR,277.0,718,SANTA TEREZINHA DE ITAIPU,Demais falhas mecânicas ou elétricas,Incêndio,Sem Vítimas,Pleno dia,Decrescente,Céu Claro,Dupla,Aclive,Não,2.0,0.0,0.0,0.0,1.0,1.0,0.0,2.0,"-25,48013487","-54,48530406",SPRF-PR,DEL05-PR,UOP03-DEL05-PR
574036,2024-01-11,quinta-feira,17:00:00,CE,116.0,466,BARRO,Demais falhas mecânicas ou elétricas,Engavetamento,Sem Vítimas,Pleno dia,Crescente,Sol,Simples,Reta;Aclive,Não,6.0,0.0,0.0,0.0,5.0,4.0,0.0,9.0,"-7,237718","-38,84282",SPRF-CE,DEL05-CE,UOP03-DEL05-CE
574037,2024-01-11,quinta-feira,18:52:00,PB,101.0,"45,2",MAMANGUAPE,Acessar a via sem observar a presença dos outros veículos,Colisão traseira,Sem Vítimas,Plena Noite,Crescente,Céu Claro,Dupla,Reta,Não,2.0,0.0,0.0,0.0,2.0,0.0,0.0,2.0,"-6,88322894","-35,1303459",SPRF-PB,DEL01-PB,UOP04-DEL01-PB
574040,2024-01-11,quinta-feira,17:00:00,SC,470.0,"341,7",CAMPOS NOVOS,Acessar a via sem observar a presença dos outros veículos,Colisão transversal,Com Vítimas Feridas,Pleno dia,Crescente,Céu Claro,Simples,Reta,Não,4.0,0.0,1.0,2.0,1.0,0.0,3.0,2.0,"-27,527861","-51,380497",SPRF-SC,DEL07-SC,UOP06-DEL07-SC
574042,2024-01-11,quinta-feira,10:00:00,PR,153.0,"518,9",GENERAL CARNEIRO,Reação tardia ou ineficiente do condutor,Saída de leito carroçável,Com Vítimas Feridas,Pleno dia,Crescente,Nublado,Simples,Curva,Não,2.0,0.0,0.0,1.0,0.0,1.0,1.0,2.0,"-26,59244151","-51,45618439",SPRF-PR,DEL02-PR,UOP03-DEL02-PR
574043,2024-01-11,quinta-feira,14:30:00,PA,10.0,"191,4",IPIXUNA DO PARA,Ausência de reação do condutor,Tombamento,Com Vítimas Feridas,Pleno dia,Crescente,Nublado,Simples,Reta,Não,2.0,0.0,1.0,0.0,0.0,1.0,1.0,2.0,"-2,75791","-47,45823",SPRF-PA,DEL02-PA,UOP01-DEL02-PA
574049,2024-01-11,quinta-feira,17:15:00,MA,402.0,"2,9",BACABEIRA,Transitar na contramão,Colisão frontal,Com Vítimas Fatais,Anoitecer,Decrescente,Garoa/Chuvisco,Simples,Reta,Não,2.0,1.0,0.0,0.0,1.0,0.0,0.0,2.0,"-2,964762","-44,309975",SPRF-MA,DEL01-MA,UOP01-DEL01-MA
574050,2024-01-11,quinta-feira,19:40:00,AL,101.0,92,RIO LARGO,Problema com o freio,Atropelamento de Pedestre,Com Vítimas Feridas,Plena Noite,Crescente,Céu Claro,Dupla,Aclive,Não,2.0,0.0,0.0,1.0,0.0,1.0,1.0,2.0,"-9,50397895","-35,91844603",SPRF-AL,DEL01-AL,UOP01-DEL01-AL
574052,2024-01-11,quinta-feira,19:55:00,RS,290.0,"496,6",ROSARIO DO SUL,Ausência de reação do condutor,Colisão transversal,Com Vítimas Feridas,Anoitecer,Decrescente,Céu Claro,Simples,Reta,Não,3.0,0.0,1.0,0.0,1.0,2.0,1.0,4.0,"-30,20376","-55,071381",SPRF-RS,DEL11-RS,UOP02-DEL11-RS
574071,2024-01-11,quinta-feira,17:40:00,PI,316.0,101,BARRO DURO,Manobra de mudança de faixa,Colisão lateral mesmo sentido,Com Vítimas Feridas,Anoitecer,Crescente,Nublado,Simples,Aclive;Curva,Não,2.0,0.0,0.0,1.0,1.0,0.0,1.0,2.0,"-5,83803464","-42,47945107",SPRF-PI,DEL04-PI,UOP02-DEL04-PI
574072,2024-01-11,quinta-feira,18:40:00,PB,104.0,143,QUEIMADAS,Acessar a via sem observar a presença dos outros veículos,Colisão frontal,Com Vítimas Feridas,Plena Noite,Crescente,Nublado,Simples,Reta,Não,3.0,0.0,0.0,1.0,2.0,0.0,1.0,2.0,"-7,40477903","-35,89667929",SPRF-PB,DEL02-PB,UOP03-DEL02-PB
574090,2024-01-11,quinta-feira,23:30:00,PB,230.0,57,CRUZ DO ESPIRITO SANTO,Ingestão de álcool pelo condutor,Colisão com objeto,Sem Vítimas,Plena Noite,Decrescente,Chuva,Dupla,Reta,Não,3.0,0.0,0.0,0.0,2.0,2.0,0.0,4.0,"-7,2028","-35,1125",SPRF-PB,DEL01-PB,UOP03-DEL01-PB
574091,2024-01-11,quinta-feira,19:30:00,PR,153.0,394,MALLET,Transitar na contramão,Colisão frontal,Com Vítimas Feridas,Plena Noite,Crescente,Nublado,Simples,Reta,Não,3.0,0.0,2.0,0.0,1.0,0.0,2.0,2.0,"-25,91286173","-50,84605212",SPRF-PR,DEL08-PR,UOP02-DEL08-PR
574094,2024-01-11,quinta-feira,23:30:00,MG,40.0,"143,5",JOAO PINHEIRO,Reação tardia ou ineficiente do condutor,Colisão traseira,Com Vítimas Feridas,Plena Noite,Crescente,Céu Claro,Simples,Reta,Sim,3.0,0.0,1.0,0.0,0.0,4.0,1.0,5.0,"-17,747998","-46,173903",SPRF-MG,DEL14-MG,UOP01-DEL14-MG
574095,2024-01-11,quinta-feira,21:40:00,PR,277.0,40,MORRETES,Reação tardia ou ineficiente do condutor,Tombamento,Sem Vítimas,Plena Noite,Crescente,Chuva,Múltipla,Aclive;Curva,Não,2.0,0.0,0.0,0.0,1.0,2.0,0.0,3.0,"-25,58285944","-48,86836767",SPRF-PR,DEL01-PR,UOP05-DEL01-PR
574098,2024-01-12,sexta-feira,01:33:00,ES,101.0,358,ANCHIETA,Condutor Dormindo,Tombamento,Com Vítimas Feridas,Plena Noite,Decrescente,Céu Claro,Simples,Reta,Não,3.0,0.0,2.0,0.0,0.0,1.0,2.0,2.0,"-20,691717","-40,704254",SPRF-ES,DEL03-ES,UOP01-DEL03-ES
574099,2024-01-12,sexta-feira,01:30:00,MG,262.0,"466,6",BOM DESPACHO,Acumulo de água sobre o pavimento,Saída de leito carroçável,Com Vítimas Feridas,Plena Noite,Decrescente,Chuva,Simples,Curva,Não,1.0,0.0,1.0,0.0,0.0,0.0,1.0,1.0,"-19,80696129","-45,12497507",SPRF-MG,DEL08-MG,UOP03-DEL08-MG
574104,2024-01-12,sexta-feira,04:55:00,RS,116.0,"247,1",SAO LEOPOLDO,Demais falhas mecânicas ou elétricas,Incêndio,Sem Vítimas,Amanhecer,Decrescente,Céu Claro,Múltipla,Curva,Sim,2.0,0.0,0.0,0.0,1.0,1.0,0.0,2.0,"-29,76733091","-51,1535296",SPRF-RS,DEL01-RS,UOP02-DEL01-RS
574106,2024-01-12,sexta-feira,05:30:00,PR,376.0,"196,7",MARIALVA,Demais falhas mecânicas ou elétricas,Incêndio,Sem Vítimas,Amanhecer,Decrescente,Céu Claro,Dupla,Reta,Não,2.0,0.0,0.0,0.0,1.0,1.0,0.0,2.0,"-23,50107252","-51,77839279",SPRF-PR,DEL09-PR,UOP01-DEL09-PR
574108,2024-01-12,sexta-feira,06:00:00,PR,277.0,"588,5",CASCAVEL,Condutor Dormindo,Colisão lateral sentido oposto,Com Vítimas Feridas,Pleno dia,Decrescente,Céu Claro,Simples,Declive;Reta,Não,4.0,0.0,1.0,0.0,2.0,3.0,1.0,6.0,"-24,97639126","-53,44369406",SPRF-PR,DEL04-PR,UOP01-DEL04-PR
574127,2024-01-11,quinta-feira,19:00:00,MT,70.0,86,GENERAL CARNEIRO,Velocidade Incompatível,Saída de leito carroçável,Sem Vítimas,Anoitecer,Decrescente,Céu Claro,Simples,Declive;Curva,Não,2.0,0.0,0.0,0.0,1.0,3.0,0.0,4.0,"-15,62175737","-52,85223412",SPRF-MT,DEL07-MT,UOP01-DEL07-MT
574128,2024-01-12,sexta-feira,07:15:00,MG,354.0,705,CAXAMBU,Velocidade Incompatível,Tombamento,Com Vítimas Feridas,Pleno dia,Crescente,Céu Claro,Simples,Curva,Não,3.0,0.0,1.0,0.0,1.0,1.0,1.0,2.0,"-21,99205276","-44,9251702",SPRF-MG,DEL17-MG,UOP01-DEL17-MG
574133,2024-01-12,sexta-feira,06:45:00,PE,116.0,30,SALGUEIRO,Carga excessiva e/ou mal acondicionada,Tombamento,Com Vítimas Feridas,Pleno dia,Crescente,Sol,Simples,Reta,Não,2.0,0.0,1.0,0.0,0.0,1.0,1.0,2.0,"-8,103991","-39,12421",SPRF-PE,DEL05-PE,UOP01-DEL05-PE
574139,2024-01-12,sexta-feira,07:10:00,PI,343.0,"314,3",ALTOS,Transitar na contramão,Colisão frontal,Com Vítimas Feridas,Pleno dia,Crescente,Céu Claro,Simples,Reta,Não,2.0,0.0,0.0,1.0,1.0,0.0,1.0,2.0,"-5,047346","-42,518414",SPRF-PI,DEL01-PI,UOP01-DEL01-PI
574146,2024-01-04,quinta-feira,10:40:00,MG,381.0,350,JOAO MONLEVADE,Ausência de reação do condutor,Colisão traseira,Com Vítimas Feridas,Pleno dia,Crescente,Garoa/Chuvisco,Simples,Aclive;Ponte;Reta,Não,9.0,0.0,0.0,3.0,6.0,0.0,3.0,5.0,"-19,84953832","-43,15779198",SPRF-MG,DEL03-MG,UOP01-DEL03-MG
574150,2024-01-12,sexta-feira,09:00:00,PR,163.0,231,CASCAVEL,Manobra de mudança de faixa,Colisão lateral mesmo sentido,Com Vítimas Feridas,Pleno dia,Crescente,Céu Claro,Dupla,Curva,Não,8.0,0.0,2.0,0.0,6.0,0.0,2.0,2.0,"-24,897235","-53,533793",SPRF-PR,DEL04-PR,UOP01-DEL04-PR
574151,2024-01-12,sexta-feira,07:00:00,SP,116.0,360,MIRACATU,Ausência de reação do condutor,Tombamento,Com Vítimas Feridas,Pleno dia,Decrescente,Céu Claro,Dupla,Aclive;Curva,Não,2.0,0.0,1.0,0.0,0.0,1.0,1.0,2.0,"-24,11321","-47,269527",SPRF-SP,DEL04-SP,UOP03-DEL04-SP
574154,2024-01-12,sexta-feira,09:00:00,PA,316.0,35,SANTA IZABEL DO PARA,Acessar a via sem observar a presença dos outros veículos,Colisão transversal,Com Vítimas Feridas,Pleno dia,Crescente,Chuva,Dupla,Reta;Desvio Temporário,Sim,3.0,0.0,1.0,0.0,1.0,2.0,1.0,4.0,"-1,28956444","-48,15451813",SPRF-PA,DEL01-PA,UOP01-DEL01-PA
574156,2024-01-12,sexta-feira,08:30:00,MS,262.0,"118,9",AGUA CLARA,Demais falhas na via,Tombamento,Com Vítimas Feridas,Pleno dia,Crescente,Céu Claro,Simples,Reta,Não,3.0,0.0,1.0,0.0,0.0,4.0,1.0,5.0,"-20,50995218","-52,65413403",SPRF-MS,DEL07-MS,UOP02-DEL07-MS
574159,2024-01-12,sexta-feira,07:45:00,MA,135.0,105,ITAPECURU MIRIM,Reação tardia ou ineficiente do condutor,Colisão frontal,Com Vítimas Feridas,Pleno dia,Crescente,Chuva,Simples,Reta,Não,9.0,0.0,5.0,1.0,0.0,5.0,6.0,7.0,"-3,39583238","-44,50239179",SPRF-MA,DEL01-MA,UOP02-DEL01-MA
574160,2024-01-12,sexta-feira,10:45:00,MG,365.0,"388,2",PATOS DE MINAS,Ultrapassagem Indevida,Colisão frontal,Com Vítimas Fatais,Pleno dia,Crescente,Sol,Simples,Reta,Não,3.0,1.0,0.0,0.0,1.0,2.0,0.0,4.0,"-18,61055297","-46,28857506",SPRF-MG,DEL10-MG,UOP01-DEL10-MG
574164,2024-01-12,sexta-feira,08:50:00,ES,101.0,66,SAO MATEUS,Acessar a via sem observar a presença dos outros veículos,Colisão transversal,Com Vítimas Feridas,Pleno dia,Decrescente,Sol,Simples,Interseção de Vias,Sim,2.0,0.0,1.0,0.0,1.0,0.0,1.0,2.0,"-18,7165195","-39,87436378",SPRF-ES,DEL04-ES,UOP02-DEL04-ES
574175,2024-01-12,sexta-feira,12:20:00,SC,101.0,59,ARAQUARI,Manobra de mudança de faixa,Colisão lateral mesmo sentido,Com Vítimas Feridas,Pleno dia,Crescente,Nublado,Dupla,Curva,Não,4.0,0.0,1.0,0.0,2.0,1.0,1.0,3.0,"-26,44651734","-48,79426826",SPRF-SC,DEL03-SC,UOP02-DEL03-SC
574183,2024-01-12,sexta-feira,11:57:00,MG,381.0,"676,5",PERDOES,Mal súbito do condutor,Colisão transversal,Com Vítimas Feridas,Pleno dia,Decrescente,Céu Claro,Múltipla,Reta,Sim,3.0,0.0,1.0,0.0,1.0,2.0,1.0,4.0,"-21,12375684","-45,09790729",SPRF-MG,DEL04-MG,UOP02-DEL04-MG
574194,2024-01-12,sexta-feira,13:40:00,RS,293.0,2,PELOTAS,Reação tardia ou ineficiente do condutor,Colisão lateral mesmo sentido,Com Vítimas Feridas,Pleno dia,Decrescente,Céu Claro,Simples,Interseção de Vias,Não,2.0,0.0,0.0,1.0,1.0,0.0,1.0,2.0,"-31,750426","-52,35999499",SPRF-RS,DEL07-RS,UOP01-DEL07-RS
574195,2024-01-12,sexta-feira,14:00:00,PR,163.0,"212,7",CASCAVEL,Afundamento ou ondulação no pavimento,Saída de leito carroçável,Com Vítimas Feridas,Pleno dia,Crescente,Chuva,Simples,Curva,Não,2.0,0.0,1.0,0.0,0.0,1.0,1.0,2.0,"-24,92573701","-53,53696393",SPRF-PR,DEL04-PR,UOP01-DEL04-PR
574206,2024-01-12,sexta-feira,11:30:00,MT,70.0,721,CACERES,Demais falhas mecânicas ou elétricas,Saída de leito carroçável,Com Vítimas Feridas,Pleno dia,Decrescente,Chuva,Simples,Reta,Não,2.0,0.0,1.0,0.0,0.0,1.0,1.0,2.0,"-16,19990789","-57,57721185",SPRF-MT,DEL03-MT,UOP01-DEL03-MT
574210,2024-01-12,sexta-feira,15:00:00,SP,116.0,199,ARUJA,Condutor deixou de manter distância do veículo da frente,Colisão traseira,Com Vítimas Feridas,Pleno dia,Crescente,Chuva,Dupla,Reta,Sim,2.0,0.0,1.0,0.0,1.0,0.0,1.0,2.0,"-23,40185327","-46,31154312",SPRF-SP,DEL01-SP,UOP01-DEL01-SP
574214,2024-01-12,sexta-feira,14:40:00,SP,459.0,31,LORENA,Reação tardia ou ineficiente do condutor,Engavetamento,Com Vítimas Feridas,Pleno dia,Decrescente,Chuva,Simples,Reta,Não,6.0,0.0,1.0,0.0,5.0,0.0,1.0,5.0,"-22,73456055","-45,09753013",SPRF-SP,DEL08-SP,UOP02-DEL08-SP
574221,2024-01-12,sexta-feira,15:23:00,PR,116.0,"38,4",CAMPINA GRANDE DO SUL,Condutor deixou de manter distância do veículo da frente,Colisão traseira,Com Vítimas Feridas,Pleno dia,Crescente,Garoa/Chuvisco,Dupla,Curva,Sim,4.0,0.0,2.0,0.0,2.0,0.0,2.0,2.0,"-25,14802509","-48,85922071",SPRF-PR,DEL01-PR,UOP02-DEL01-PR
574228,2024-01-12,sexta-feira,14:09:00,MG,381.0,"421,2",CAETE,Demais falhas mecânicas ou elétricas,Incêndio,Sem Vítimas,Pleno dia,Crescente,Nublado,Dupla,Reta,Sim,1.0,0.0,0.0,0.0,1.0,0.0,0.0,1.0,"-19,76304","-43,64115",SPRF-MG,DEL01-MG,UOP01-DEL01-MG
574235,2024-01-12,sexta-feira,15:50:00,PR,277.0,43,MORRETES,Manobra de mudança de faixa,Colisão lateral mesmo sentido,Sem Vítimas,Pleno dia,Decrescente,Garoa/Chuvisco,Dupla,Curva,Não,3.0,0.0,0.0,0.0,2.0,2.0,0.0,4.0,"-25,57437908","-48,85418905",SPRF-PR,DEL01-PR,UOP01-DEL01-PR
574247,2024-01-12,sexta-feira,17:20:00,RS,386.0,"401,9",TRIUNFO,Ausência de reação do condutor,Colisão com objeto,Com Vítimas Feridas,Pleno dia,Crescente,Céu Claro,Simples,Reta,Não,2.0,0.0,1.0,0.0,1.0,0.0,1.0,1.0,"-29,758154","-51,594955",SPRF-RS,DEL04-RS,UOP02-DEL04-RS
574248,2024-01-12,sexta-feira,13:40:00,BA,242.0,472,IBITIARA,Velocidade Incompatível,Saída de leito carroçável,Com Vítimas Feridas,Pleno dia,Decrescente,Céu Claro,Simples,Curva,Não,2.0,0.0,0.0,1.0,0.0,2.0,1.0,3.0,"-12,46284633","-42,24683193",SPRF-BA,DEL06-BA,UOP01-DEL06-BA
574251,2024-01-12,sexta-feira,16:35:00,RS,285.0,"285,8",PASSO FUNDO,Transitar na contramão,Colisão frontal,Com Vítimas Feridas,Pleno dia,Decrescente,Sol,Simples,Reta,Não,6.0,0.0,1.0,2.0,3.0,0.0,3.0,2.0,"-28,24577","-52,299809",SPRF-RS,DEL08-RS,UOP03-DEL08-RS
574260,2024-01-12,sexta-feira,18:04:00,MG,50.0,86,UBERLANDIA,Ausência de reação do condutor,Saída de leito carroçável,Com Vítimas Feridas,Anoitecer,Crescente,Nublado,Dupla,Reta,Não,2.0,0.0,2.0,0.0,0.0,0.0,2.0,1.0,"-19,02282907","-48,20486654",SPRF-MG,DEL15-MG,UOP01-DEL15-MG
574271,2024-01-12,sexta-feira,18:30:00,PR,376.0,"130,9",NOVA ESPERANCA,Trafegar com motocicleta (ou similar) entre as faixas,Colisão lateral mesmo sentido,Com Vítimas Feridas,Pleno dia,Crescente,Céu Claro,Dupla,Aclive;Reta,Não,4.0,0.0,0.0,1.0,1.0,3.0,1.0,5.0,"-23,17504848","-52,23423918",SPRF-PR,DEL09-PR,UOP02-DEL09-PR
574273,2024-01-12,sexta-feira,18:40:00,SC,101.0,"132,9",BALNEARIO CAMBORIU,Trafegar com motocicleta (ou similar) entre as faixas,Colisão lateral mesmo sentido,Com Vítimas Feridas,Anoitecer,Crescente,Nublado,Múltipla,Interseção de Vias,Sim,2.0,0.0,0.0,1.0,1.0,0.0,1.0,2.0,"-26,99654133","-48,65564711",SPRF-SC,DEL04-SC,UOP03-DEL04-SC
574274,2024-01-12,sexta-feira,11:45:00,RJ,101.0,512,ANGRA DOS REIS,Avarias e/ou desgaste excessivo no pneu,Saída de leito carroçável,Com Vítimas Feridas,Pleno dia,Decrescente,Sol,Simples,Reta,Não,1.0,0.0,1.0,0.0,0.0,0.0,1.0,1.0,"-22,96909","-44,44151",SPRF-RJ,DEL03-RJ,UOP03-DEL03-RJ
574275,2024-01-12,sexta-feira,17:15:00,SC,470.0,"245,1",CURITIBANOS,Manobra de mudança de faixa,Colisão lateral mesmo sentido,Com Vítimas Feridas,Pleno dia,Crescente,Nublado,Simples,Reta,Não,3.0,0.0,1.0,0.0,1.0,1.0,1.0,3.0,"-27,31507593","-50,53261757",SPRF-SC,DEL05-SC,UOP03-DEL05-SC
574281,2024-01-12,sexta-feira,17:00:00,ES,101.0,83,SAO MATEUS,Velocidade Incompatível,Colisão frontal,Com Vítimas Feridas,Anoitecer,Decrescente,Céu Claro,Simples,Reta,Não,2.0,0.0,1.0,0.0,1.0,0.0,1.0,2.0,"-18,84352214","-39,92324081",SPRF-ES,DEL04-ES,UOP02-DEL04-ES
574286,2024-01-12,sexta-feira,19:45:00,GO,60.0,"218,4",CEZARINA,Demais falhas mecânicas ou elétricas,Colisão com objeto,Com Vítimas Fatais,Plena Noite,Crescente,Céu Claro,Dupla,Reta,Não,4.0,1.0,0.0,1.0,1.0,1.0,1.0,3.0,"-16,9695","-49,7325",SPRF-GO,DEL01-GO,UOP02-DEL01-GO
574297,2024-01-12,sexta-feira,20:50:00,SP,116.0,426,JUQUIA,Velocidade Incompatível,Colisão com objeto,Sem Vítimas,Plena Noite,Crescente,Chuva,Dupla,Reta,Não,2.0,0.0,0.0,0.0,1.0,3.0,0.0,4.0,"-24,38735659","-47,7169352",SPRF-SP,DEL05-SP,UOP01-DEL05-SP
574300,2024-01-12,sexta-feira,19:50:00,MG,40.0,613,CONGONHAS,Manobra de mudança de faixa,Colisão lateral mesmo sentido,Sem Vítimas,Plena Noite,Decrescente,Nublado,Simples,Reta,Não,4.0,0.0,0.0,0.0,3.0,1.0,0.0,4.0,"-20,52573324","-43,82738113",SPRF-MG,DEL05-MG,UOP02-DEL05-MG
574322,2024-01-12,sexta-feira,21:50:00,PB,104.0,"151,3",QUEIMADAS,Manobra de mudança de faixa,Colisão frontal,Com Vítimas Feridas,Plena Noite,Decrescente,Garoa/Chuvisco,Simples,Reta,Não,2.0,0.0,1.0,0.0,0.0,1.0,1.0,2.0,"-7,46590398","-35,92585804",SPRF-PB,DEL02-PB,UOP03-DEL02-PB
574325,2024-01-12,sexta-feira,22:30:00,GO,70.0,182,ITABERAI,Acessar a via sem observar a presença dos outros veículos,Colisão transversal,Com Vítimas Fatais,Plena Noite,Crescente,Céu Claro,Simples,Reta,Não,3.0,1.0,0.0,0.0,1.0,1.0,0.0,3.0,"-15,98889949","-49,71787785",SPRF-GO,DEL02-GO,UOP02-DEL02-GO
574327,2024-01-12,sexta-feira,23:30:00,BA,116.0,596,IRAJUBA,Reação tardia ou ineficiente do condutor,Colisão frontal,Com Vítimas Fatais,Plena Noite,Crescente,Céu Claro,Simples,Curva,Não,6.0,1.0,1.0,2.0,1.0,1.0,3.0,3.0,"-13,18013991","-40,0048822",SPRF-BA,DEL03-BA,UOP02-DEL03-BA
574335,2024-01-13,sábado,02:00:00,SE,235.0,"13,7",NOSSA SENHORA DO SOCORRO,Condutor Dormindo,Tombamento,Com Vítimas Feridas,Plena Noite,Decrescente,Céu Claro,Simples,Reta,Não,2.0,0.0,0.0,1.0,1.0,0.0,1.0,1.0,"-10,868567","-37,171078",SPRF-SE,DEL01-SE,UOP01-DEL01-SE
574337,2024-01-13,sábado,02:30:00,PR,376.0,671,GUARATUBA,Velocidade Incompatível,Colisão traseira,Com Vítimas Feridas,Plena Noite,Crescente,Garoa/Chuvisco,Dupla,Reta,Não,4.0,0.0,1.0,0.0,2.0,1.0,1.0,3.0,"-25,885323","-48,935154",SPRF-PR,DEL01-PR,UOP04-DEL01-PR
574339,2024-01-13,sábado,02:30:00,RS,290.0,"113,7",ELDORADO DO SUL,Ausência de reação do condutor,Colisão lateral sentido oposto,Com Vítimas Feridas,Plena Noite,Crescente,Céu Claro,Simples,Reta,Não,5.0,0.0,1.0,0.0,3.0,2.0,1.0,5.0,"-30,043636","-51,337456",SPRF-RS,DEL02-RS,UOP01-DEL02-RS
574345,2024-01-13,sábado,02:30:00,MT,163.0,1013,TERRA NOVA DO NORTE,Ausência de reação do condutor,Saída de leito carroçável,Com Vítimas Feridas,Amanhecer,Crescente,Céu Claro,Simples,Reta,Não,2.0,0.0,0.0,1.0,0.0,2.0,1.0,3.0,"-10,51022501","-55,07439093",SPRF-MT,DEL06-MT,UOP03-DEL06-MT
574347,2024-01-13,sábado,03:55:00,PE,232.0,20,JABOATAO DOS GUARARAPES,Reação tardia ou ineficiente do condutor,Colisão com objeto,Sem Vítimas,Amanhecer,Decrescente,Nublado,Dupla,Reta,Não,1.0,0.0,0.0,0.0,1.0,0.0,0.0,1.0,"-8,095575","-35,078017",SPRF-PE,DEL01-PE,UOP01-DEL01-PE
574360,2024-01-13,sábado,00:45:00,BA,324.0,561,SAO SEBASTIAO DO PASSE,Condutor Dormindo,Colisão traseira,Com Vítimas Fatais,Plena Noite,Decrescente,Céu Claro,Dupla,Reta,Não,4.0,1.0,1.0,0.0,0.0,2.0,1.0,3.0,"-12,49783433","-38,64646092",SPRF-BA,DEL01-BA,UOP01-DEL01-BA
574362,2024-01-13,sábado,06:30:00,PR,277.0,385,CANDOI,Ausência de reação do condutor,Tombamento,Com Vítimas Feridas,Amanhecer,Crescente,Céu Claro,Simples,Declive;Reta,Não,2.0,0.0,1.0,0.0,0.0,2.0,1.0,3.0,"-25,42033161","-51,78427423",SPRF-PR,DEL08-PR,UOP01-DEL08-PR
574367,2024-01-13,sábado,04:30:00,RO,364.0,234,CACOAL,Estacionar ou parar em local proibido,Colisão traseira,Com Vítimas Feridas,Amanhecer,Decrescente,Nublado,Simples,Reta,Sim,3.0,0.0,1.0,0.0,1.0,2.0,1.0,4.0,"-11,45655595","-61,42349597",SPRF-RO,DEL02-RO,UOP02-DEL02-RO