id,data_inversa,dia_semana,horario,uf,br,km,municipio,causa_acidente,tipo_acidente,classificacao_acidente,fase_dia,sentido_via,condicao_metereologica,tipo_pista,tracado_via,uso_solo,pessoas,mortos,feridos_leves,feridos_graves,ilesos,ignorados,feridos,veiculos,latitude,longitude,regional,delegacia,uop
574372,2024-01-13,sábado,06:00:00,MG,267.0,"262,9",AIURUOCA,Problema com o freio,Tombamento,Com Vítimas Feridas,Pleno dia,Decrescente,Nublado,Simples,Curva;Declive,Não,3.0,0.0,1.0,1.0,0.0,1.0,2.0,2.0,"-21,935521","-44,574387",SPRF-MG,DEL17-MG,UOP01-DEL17-MG
574380,2024-01-13,sábado,09:10:00,PE,101.0,"65,5",RECIFE,Reação tardia ou ineficiente do condutor,Colisão traseira,Com Vítimas Feridas,Pleno dia,Crescente,Chuva,Dupla,Reta,Sim,4.0,0.0,1.0,0.0,2.0,1.0,1.0,4.0,"-8,02478597","-34,94276635",SPRF-PE,DEL01-PE,UOP01-DEL01-PE
574381,2024-01-13,sábado,05:30:00,PE,101.0,163,AGUA PRETA,Reação tardia ou ineficiente do condutor,Tombamento,Com Vítimas Feridas,Pleno dia,Decrescente,Nublado,Dupla,Curva;Aclive,Não,2.0,0.0,1.0,0.0,0.0,2.0,1.0,3.0,"-8,55039544","-35,44619699",SPRF-PE,DEL01-PE,UOP03-DEL01-PE
574387,2024-01-13,sábado,06:00:00,MG,381.0,"525,5",BRUMADINHO,Velocidade Incompatível,Tombamento,Com Vítimas Feridas,Amanhecer,Crescente,Céu Claro,Dupla,Curva;Declive,Não,1.0,0.0,0.0,1.0,0.0,0.0,1.0,1.0,"-20,16710798","-44,33422398",SPRF-MG,DEL04-MG,UOP03-DEL04-MG
574397,2024-01-13,sábado,09:30:00,TO,153.0,402,MIRANORTE,Reação tardia ou ineficiente do condutor,Saída de leito carroçável,Com Vítimas Feridas,Pleno dia,Decrescente,Chuva,Simples,Declive,Não,2.0,0.0,1.0,0.0,0.0,1.0,1.0,2.0,"-9,42769595","-48,5731633",SPRF-TO,DEL02-TO,UOP02-DEL02-TO
574401,2024-01-13,sábado,10:30:00,MG,40.0,268,TRES MARIAS,Manobra de mudança de faixa,Colisão traseira,Com Vítimas Feridas,Pleno dia,Decrescente,Céu Claro,Simples,Curva,Não,3.0,0.0,1.0,0.0,2.0,0.0,1.0,2.0,"-18,1662113","-45,290626",SPRF-MG,DEL14-MG,UOP02-DEL14-MG
574407,2024-01-13,sábado,09:20:00,MG,262.0,444,NOVA SERRANA,Condutor Dormindo,Colisão com objeto,Com Vítimas Feridas,Pleno dia,Crescente,Céu Claro,Dupla,Reta,Sim,1.0,0.0,0.0,1.0,0.0,0.0,1.0,1.0,"-19,881131","-44,931502",SPRF-MG,DEL08-MG,UOP03-DEL08-MG
574409,2024-01-13,sábado,11:00:00,BA,116.0,"505,1",SANTA TERESINHA,Manobra de mudança de faixa,Colisão frontal,Com Vítimas Feridas,Pleno dia,Decrescente,Céu Claro,Simples,Reta,Não,7.0,0.0,4.0,0.0,2.0,1.0,4.0,3.0,"-12,6313742","-39,5974739",SPRF-BA,DEL03-BA,UOP02-DEL03-BA
574421,2024-01-13,sábado,07:00:00,RO,364.0,108,CHUPINGUAIA,Problema com o freio,Incêndio,Com Vítimas Feridas,Pleno dia,Decrescente,Céu Claro,Simples,Reta,Não,2.0,0.0,1.0,0.0,0.0,1.0,1.0,2.0,"-12,2236797","-60,68902732",SPRF-RO,DEL04-RO,UOP01-DEL04-RO
574423,2024-01-13,sábado,12:50:00,PR,369.0,"424,2",JURANDA,Transitar na contramão,Colisão lateral sentido oposto,Sem Vítimas,Pleno dia,Decrescente,Céu Claro,Simples,Reta,Não,2.0,0.0,0.0,0.0,2.0,0.0,0.0,2.0,"-24,4104","-52,8178",SPRF-PR,DEL04-PR,UOP03-DEL04-PR
574427,2024-01-13,sábado,12:00:00,PR,116.0,102,SAO JOSE DOS PINHAIS,Acessar a via sem observar a presença dos outros veículos,Colisão transversal,Com Vítimas Feridas,Pleno dia,Crescente,Céu Claro,Dupla,Reta,Sim,3.0,0.0,1.0,0.0,1.0,1.0,1.0,3.0,"-25,56779","-49,17508",SPRF-PR,DEL01-PR,UOP07-DEL01-PR
574430,2024-01-13,sábado,11:10:00,MS,267.0,"221,4",NOVA ALVORADA DO SUL,Demais falhas mecânicas ou elétricas,Incêndio,Sem Vítimas,Pleno dia,Crescente,Céu Claro,Simples,Reta;Declive,Não,2.0,0.0,0.0,0.0,1.0,1.0,0.0,2.0,"-21,557398","-54,137716",SPRF-MS,DEL02-MS,UOP01-DEL02-MS
574440,2024-01-13,sábado,08:45:00,TO,153.0,"774,3",ALVORADA,Entrada inopinada do pedestre,Atropelamento de Pedestre,Com Vítimas Feridas,Pleno dia,Decrescente,Céu Claro,Simples,Reta,Não,4.0,0.0,0.0,1.0,2.0,2.0,1.0,4.0,"-12,58485433","-49,07463716",SPRF-TO,DEL01-TO,UOP02-DEL01-TO
574453,2024-01-13,sábado,09:30:00,RO,364.0,79,VILHENA,Ausência de reação do condutor,Colisão lateral sentido oposto,Com Vítimas Feridas,Pleno dia,Crescente,Nublado,Simples,Reta,Não,5.0,0.0,2.0,0.0,1.0,3.0,2.0,5.0,"-12,43655117","-60,5686841",SPRF-RO,DEL04-RO,UOP01-DEL04-RO
574456,2024-01-13,sábado,16:02:00,PA,10.0,"10,1",DOM ELISEU,Ingestão de álcool pelo condutor,Colisão lateral sentido oposto,Com Vítimas Feridas,Pleno dia,Crescente,Céu Claro,Simples,Reta,Não,2.0,0.0,1.0,0.0,1.0,0.0,1.0,2.0,"-4,357685","-47,536694",SPRF-PA,DEL02-PA,UOP02-DEL02-PA
574467,2024-01-13,sábado,13:53:00,PE,423.0,"72,5",JUPI,Condutor deixou de manter distância do veículo da frente,Colisão traseira,Com Vítimas Feridas,Pleno dia,Decrescente,Chuva,Simples,Reta,Não,7.0,0.0,1.0,3.0,2.0,1.0,4.0,4.0,"-8,70118191","-36,4154612",SPRF-PE,DEL03-PE,UOP01-DEL03-PE
574469,2024-01-13,sábado,11:00:00,SP,381.0,88,GUARULHOS,Avarias e/ou desgaste excessivo no pneu,Queda de ocupante de veículo,Com Vítimas Fatais,Pleno dia,Crescente,Sol,Múltipla,Reta,Sim,3.0,1.0,1.0,0.0,1.0,0.0,1.0,2.0,"-23,47469314","-46,56112919",SPRF-SP,DEL03-SP,UOP01-DEL03-SP
574477,2024-01-13,sábado,15:40:00,MT,70.0,513,VARZEA GRANDE,Transitar na contramão,Colisão frontal,Com Vítimas Feridas,Pleno dia,Decrescente,Céu Claro,Simples,Reta,Não,5.0,0.0,3.0,0.0,1.0,3.0,3.0,5.0,"-15,70667126","-56,12434387",SPRF-MT,DEL01-MT,UOP02-DEL01-MT
574480,2024-01-13,sábado,16:15:00,BA,324.0,"530,9",FEIRA DE SANTANA,Ausência de reação do condutor,Colisão traseira,Com Vítimas Feridas,Pleno dia,Decrescente,Sol,Dupla,Reta;Aclive,Sim,4.0,0.0,2.0,0.0,1.0,2.0,2.0,4.0,"-12,33362408","-38,85454306",SPRF-BA,DEL01-BA,UOP03-DEL01-BA
574484,2024-01-13,sábado,15:55:00,GO,153.0,563,PROFESSOR JAMIL,Velocidade Incompatível,Saída de leito carroçável,Sem Vítimas,Pleno dia,Decrescente,Chuva,Dupla,Curva,Não,2.0,0.0,0.0,0.0,1.0,1.0,0.0,2.0,"-17,2383","-49,239",SPRF-GO,DEL03-GO,UOP01-DEL03-GO
574485,2024-01-13,sábado,16:30:00,GO,364.0,"288,1",MINEIROS,Acessar a via sem observar a presença dos outros veículos,Colisão transversal,Com Vítimas Feridas,Pleno dia,Crescente,Céu Claro,Simples,Reta;Declive,Não,5.0,0.0,3.0,0.0,1.0,1.0,3.0,3.0,"-17,594793","-52,449528",SPRF-GO,DEL05-GO,UOP01-DEL05-GO
574495,2024-01-13,sábado,11:40:00,BA,101.0,"161,9",CONCEICAO DO JACUIPE,Ausência de reação do condutor,Colisão traseira,Com Vítimas Feridas,Pleno dia,Crescente,Sol,Dupla,Reta,Não,4.0,0.0,1.0,0.0,2.0,2.0,1.0,4.0,"-12,35551436","-38,782478",SPRF-BA,DEL01-BA,UOP03-DEL01-BA
574496,2024-01-13,sábado,17:35:00,RS,287.0,247,SANTA MARIA,Manobra de mudança de faixa,Colisão com objeto,Com Vítimas Feridas,Pleno dia,Crescente,Céu Claro,Dupla,Reta,Sim,5.0,0.0,1.0,0.0,3.0,2.0,1.0,4.0,"-29,69850705","-53,84423554",SPRF-RS,DEL09-RS,UOP01-DEL09-RS
574498,2024-01-13,sábado,18:20:00,MG,365.0,626,UBERLANDIA,Ausência de reação do condutor,Colisão com objeto,Sem Vítimas,Pleno dia,Crescente,Céu Claro,Dupla,Reta,Sim,1.0,0.0,0.0,0.0,1.0,0.0,0.0,1.0,"-18,90659356","-48,33469405",SPRF-MG,DEL15-MG,UOP01-DEL15-MG
574499,2024-01-13,sábado,17:20:00,RJ,40.0,31,TRES RIOS,Avarias e/ou desgaste excessivo no pneu,Saída de leito carroçável,Com Vítimas Feridas,Pleno dia,Decrescente,Chuva,Dupla,Curva,Não,2.0,0.0,2.0,0.0,0.0,0.0,2.0,1.0,"-22,19245612","-43,16023202",SPRF-RJ,DEL05-RJ,UOP02-DEL05-RJ
574512,2024-01-13,sábado,19:15:00,TO,153.0,135,ARAGUAINA,Ingestão de álcool pelo condutor,Colisão traseira,Sem Vítimas,Plena Noite,Decrescente,Nublado,Simples,Reta,Sim,2.0,0.0,0.0,0.0,2.0,0.0,0.0,2.0,"-7,12896688","-48,19843215",SPRF-TO,DEL02-TO,UOP01-DEL02-TO
574517,2024-01-13,sábado,18:20:00,RS,386.0,"71,9",BOA VISTA DAS MISSOES,Demais falhas mecânicas ou elétricas,Colisão lateral sentido oposto,Com Vítimas Feridas,Pleno dia,Crescente,Céu Claro,Simples,Reta;Interseção de Vias,Sim,3.0,0.0,1.0,0.0,1.0,2.0,1.0,4.0,"-27,677305","-53,309586",SPRF-RS,DEL08-RS,UOP02-DEL08-RS
574531,2024-01-13,sábado,12:35:00,MA,135.0,"69,3",SANTA RITA,Condutor deixou de manter distância do veículo da frente,Colisão traseira,Com Vítimas Feridas,Pleno dia,Decrescente,Ignorado,Simples,Reta,Sim,2.0,0.0,1.0,0.0,1.0,0.0,1.0,2.0,"-3,13287318","-44,32482824",SPRF-MA,DEL01-MA,UOP02-DEL01-MA
574538,2024-01-13,sábado,18:50:00,MS,163.0,1,MUNDO NOVO,Demais falhas mecânicas ou elétricas,Saída de leito carroçável,Com Vítimas Feridas,Anoitecer,Decrescente,Céu Claro,Simples,Declive,Não,1.0,0.0,1.0,0.0,0.0,0.0,1.0,1.0,"-24,03924443","-54,27975143",SPRF-MS,DEL09-MS,UOP02-DEL09-MS
574544,2024-01-13,sábado,22:00:00,RS,285.0,"564,8",SAO LUIZ GONZAGA,Transitar na contramão,Colisão frontal,Com Vítimas Fatais,Plena Noite,Crescente,Céu Claro,Simples,Reta,Sim,2.0,1.0,0.0,0.0,1.0,0.0,0.0,2.0,"-28,416992","-54,936764",SPRF-RS,DEL10-RS,UOP01-DEL10-RS
574545,2024-01-13,sábado,15:20:00,MG,251.0,"350,3",PADRE CARVALHO,Ingestão de álcool pelo condutor,Tombamento,Com Vítimas Feridas,Pleno dia,Decrescente,Céu Claro,Simples,Curva;Declive;Ponte,Não,2.0,0.0,1.0,0.0,0.0,2.0,1.0,3.0,"-16,25707333","-42,52236843",SPRF-MG,DEL12-MG,UOP02-DEL12-MG
574561,2024-01-14,domingo,00:50:00,MG,381.0,499,BETIM,Ausência de reação do condutor,Colisão traseira,Com Vítimas Feridas,Plena Noite,Decrescente,Chuva,Dupla,Reta,Sim,5.0,0.0,3.0,0.0,1.0,1.0,3.0,2.0,"-20,01792651","-44,2261448",SPRF-MG,DEL01-MG,UOP03-DEL01-MG
574563,2024-01-13,sábado,20:35:00,MA,222.0,"403,5",SANTA LUZIA,Ingestão de álcool pelo condutor,Colisão lateral sentido oposto,Sem Vítimas,Plena Noite,Decrescente,Céu Claro,Simples,Reta;Ponte,Não,2.0,0.0,0.0,0.0,1.0,1.0,0.0,2.0,"-3,93844311","-45,63290294",SPRF-MA,DEL02-MA,UOP01-DEL02-MA
574571,2024-01-13,sábado,23:00:00,PR,277.0,302,PRUDENTOPOLIS,Reação tardia ou ineficiente do condutor,Saída de leito carroçável,Com Vítimas Feridas,Plena Noite,Decrescente,Ignorado,Simples,Declive;Reta,Não,2.0,0.0,1.0,0.0,0.0,2.0,1.0,3.0,"-25,3023874","-51,11164331",SPRF-PR,DEL08-PR,UOP01-DEL08-PR
574576,2024-01-14,domingo,02:20:00,SC,101.0,"213,7",PALHOCA,Manobra de mudança de faixa,Colisão lateral mesmo sentido,Com Vítimas Feridas,Plena Noite,Decrescente,Céu Claro,Dupla,Interseção de Vias;Reta,Sim,6.0,0.0,3.0,0.0,3.0,0.0,3.0,2.0,"-27,63697369","-48,66514142",SPRF-SC,DEL01-SC,UOP02-DEL01-SC
574578,2024-01-14,domingo,02:40:00,PA,230.0,121,MARABA,Acessar a via sem observar a presença dos outros veículos,Colisão transversal,Com Vítimas Fatais,Plena Noite,Decrescente,Céu Claro,Dupla,Reta,Sim,4.0,1.0,0.0,1.0,1.0,3.0,1.0,5.0,"-5,35297407","-49,12143673",SPRF-PA,DEL03-PA,UOP01-DEL03-PA
574579,2024-01-14,domingo,01:20:00,RS,290.0,62,GRAVATAI,Condutor Dormindo,Saída de leito carroçável,Com Vítimas Feridas,Plena Noite,Crescente,Céu Claro,Dupla,Aclive;Reta,Não,3.0,0.0,0.0,1.0,1.0,1.0,1.0,2.0,"-29,932089","-50,877304",SPRF-RS,DEL03-RS,UOP01-DEL03-RS
574584,2024-01-14,domingo,04:10:00,PB,101.0,31,RIO TINTO,Demais falhas mecânicas ou elétricas,Tombamento,Sem Vítimas,Plena Noite,Crescente,Céu Claro,Dupla,Reta;Declive,Não,2.0,0.0,0.0,0.0,1.0,2.0,0.0,3.0,"-6,758091","-35,13408691",SPRF-PB,DEL01-PB,UOP04-DEL01-PB
574585,2024-01-14,domingo,04:00:00,MG,40.0,"453,5",CAETANOPOLIS,Demais falhas mecânicas ou elétricas,Incêndio,Sem Vítimas,Plena Noite,Crescente,Chuva,Dupla,Reta,Sim,2.0,0.0,0.0,0.0,1.0,1.0,0.0,2.0,"-19,34189163","-44,35667832",SPRF-MG,DEL02-MG,UOP01-DEL02-MG
574595,2024-01-14,domingo,05:26:00,PR,476.0,"193,5",LAPA,Entrada inopinada do pedestre,Atropelamento de Pedestre,Com Vítimas Feridas,Amanhecer,Crescente,Céu Claro,Simples,Curva,Não,3.0,0.0,0.0,1.0,1.0,1.0,1.0,3.0,"-25,731451","-49,709415",SPRF-PR,DEL01-PR,UOP06-DEL01-PR
574597,2024-01-14,domingo,02:45:00,PR,277.0,282,PRUDENTOPOLIS,Ausência de reação do condutor,Saída de leito carroçável,Com Vítimas Feridas,Plena Noite,Crescente,Céu Claro,Simples,Reta;Aclive,Não,2.0,0.0,0.0,1.0,0.0,2.0,1.0,3.0,"-25,34688486","-50,9324159",SPRF-PR,DEL08-PR,UOP02-DEL08-PR
574599,2024-01-14,domingo,06:25:00,AL,101.0,130,SAO MIGUEL DOS CAMPOS,Condutor Dormindo,Colisão frontal,Com Vítimas Feridas,Pleno dia,Crescente,Céu Claro,Simples,Reta,Não,3.0,0.0,1.0,0.0,1.0,1.0,1.0,3.0,"-9,75846103","-36,07001181",SPRF-AL,DEL02-AL,UOP01-DEL02-AL
574606,2024-01-14,domingo,06:10:00,SC,153.0,"58,7",IRANI,Acessar a via sem observar a presença dos outros veículos,Colisão transversal,Com Vítimas Feridas,Amanhecer,Decrescente,Céu Claro,Simples,Interseção de Vias,Não,3.0,0.0,1.0,0.0,1.0,1.0,1.0,3.0,"-26,9697563","-51,85447097",SPRF-SC,DEL07-SC,UOP04-DEL07-SC
574607,2024-01-14,domingo,06:32:00,SP,116.0,22,LAVRINHAS,Velocidade Incompatível,Tombamento,Com Vítimas Feridas,Amanhecer,Crescente,Céu Claro,Dupla,Curva,Não,2.0,0.0,1.0,0.0,0.0,1.0,1.0,2.0,"-22,58368521","-44,87772952",SPRF-SP,DEL08-SP,UOP02-DEL08-SP
574610,2024-01-14,domingo,05:30:00,MT,364.0,383,SANTO ANTONIO DO LEVERGER,Ausência de reação do condutor,Colisão traseira,Com Vítimas Feridas,Amanhecer,Decrescente,Céu Claro,Múltipla,Reta,Sim,3.0,0.0,1.0,0.0,1.0,2.0,1.0,4.0,"-15,70214023","-55,82954341",SPRF-MT,DEL01-MT,UOP02-DEL01-MT
574617,2024-01-13,sábado,23:30:00,GO,158.0,200,CAIAPONIA,Reação tardia ou ineficiente do condutor,Tombamento,Sem Vítimas,Plena Noite,Crescente,Céu Claro,Simples,Curva;Declive,Não,2.0,0.0,0.0,0.0,1.0,2.0,0.0,3.0,"-17,313392","-51,877795",SPRF-GO,DEL05-GO,UOP01-DEL05-GO
574621,2024-01-14,domingo,06:25:00,BA,110.0,"398,9",SAO SEBASTIAO DO PASSE,Reação tardia ou ineficiente do condutor,Colisão lateral sentido oposto,Com Vítimas Feridas,Pleno dia,Decrescente,Céu Claro,Simples,Reta,Não,3.0,0.0,1.0,0.0,2.0,0.0,1.0,2.0,"-12,543568","-38,511222",SPRF-BA,DEL01-BA,UOP01-DEL01-BA
574623,2024-01-14,domingo,06:10:00,RS,290.0,152,ARROIO DOS RATOS,Desrespeitar a preferência no cruzamento,Colisão transversal,Sem Vítimas,Pleno dia,Decrescente,Céu Claro,Simples,Reta,Não,3.0,0.0,0.0,0.0,2.0,1.0,0.0,3.0,"-30,104769","-51,727539",SPRF-RS,DEL02-RS,UOP01-DEL02-RS
574632,2024-01-14,domingo,08:30:00,MS,163.0,"366,1",NOVA ALVORADA DO SUL,Ausência de reação do condutor,Colisão com objeto,Com Vítimas Feridas,Pleno dia,Crescente,Céu Claro,Dupla,Reta;Retorno Regulamentado,Sim,4.0,0.0,0.0,1.0,2.0,3.0,1.0,4.0,"-21,45560311","-54,3798887",SPRF-MS,DEL02-MS,UOP01-DEL02-MS
574638,2024-01-14,domingo,07:00:00,RJ,40.0,109,DUQUE DE CAXIAS,Condutor deixou de manter distância do veículo da frente,Colisão traseira,Com Vítimas Feridas,Amanhecer,Crescente,Chuva,Múltipla,Interseção de Vias,Sim,3.0,0.0,1.0,0.0,1.0,1.0,1.0,3.0,"-22,6751513","-43,28648871",SPRF-RJ,DEL01-RJ,UOP02-DEL01-RJ
574639,2024-01-14,domingo,10:12:00,SP,116.0,66,GUARATINGUETA,Reação tardia ou ineficiente do condutor,Colisão lateral mesmo sentido,Com Vítimas Feridas,Pleno dia,Decrescente,Nublado,Dupla,Reta,Não,6.0,0.0,4.0,0.0,2.0,0.0,4.0,2.0,"-22,82270215","-45,20193286",SPRF-SP,DEL08-SP,UOP01-DEL08-SP
574642,2024-01-14,domingo,09:49:00,BA,415.0,"26,4",ILHEUS,Reação tardia ou ineficiente do condutor,Colisão frontal,Com Vítimas Feridas,Pleno dia,Crescente,Céu Claro,Dupla,Curva,Não,2.0,0.0,0.0,1.0,1.0,0.0,1.0,2.0,"-14,797374","-39,197339",SPRF-BA,DEL05-BA,UOP01-DEL05-BA
574643,2024-01-14,domingo,08:15:00,MT,364.0,204,RONDONOPOLIS,Acessar a via sem observar a presença dos outros veículos,Colisão lateral mesmo sentido,Sem Vítimas,Pleno dia,Decrescente,Céu Claro,Dupla,Interseção de Vias;Reta,Não,3.0,0.0,0.0,0.0,2.0,3.0,0.0,5.0,"-16,467325","-54,657196",SPRF-MT,DEL02-MT,UOP01-DEL02-MT
574644,2024-01-14,domingo,10:30:00,TO,153.0,302,PRESIDENTE KENNEDY,Problema na suspensão,Tombamento,Com Vítimas Feridas,Pleno dia,Crescente,Céu Claro,Simples,Aclive,Não,2.0,0.0,1.0,0.0,0.0,1.0,1.0,2.0,"-8,551863","-48,483192",SPRF-TO,DEL02-TO,UOP02-DEL02-TO
574655,2024-01-14,domingo,12:32:00,BA,101.0,511,ITABUNA,Condutor deixou de manter distância do veículo da frente,Eventos atípicos,Com Vítimas Feridas,Pleno dia,Crescente,Céu Claro,Simples,Reta,Não,2.0,0.0,1.0,0.0,0.0,1.0,1.0,2.0,"-14,847359","-39,282377",SPRF-BA,DEL05-BA,UOP01-DEL05-BA
574681,2024-01-14,domingo,13:35:00,PR,376.0,"423,5",TIBAGI,Condutor Dormindo,Colisão com objeto,Sem Vítimas,Pleno dia,Decrescente,Céu Claro,Dupla,Curva,Não,2.0,0.0,0.0,0.0,1.0,3.0,0.0,4.0,"-24,70231","-50,572706",SPRF-PR,DEL03-PR,UOP02-DEL03-PR
574682,2024-01-14,domingo,13:00:00,BA,101.0,400,IBIRAPITANGA,Condutor deixou de manter distância do veículo da frente,Colisão lateral sentido oposto,Com Vítimas Feridas,Pleno dia,Crescente,Céu Claro,Simples,Curva;Declive,Não,4.0,0.0,1.0,0.0,3.0,0.0,1.0,2.0,"-14,00027309","-39,44804192",SPRF-BA,DEL05-BA,UOP03-DEL05-BA
574683,2024-01-14,domingo,15:00:00,SC,280.0,"206,4",MAFRA,Acessar a via sem observar a presença dos outros veículos,Colisão transversal,Com Vítimas Feridas,Pleno dia,Decrescente,Céu Claro,Simples,Curva,Não,4.0,0.0,1.0,0.0,3.0,0.0,1.0,2.0,"-26,1612574","-50,13125904",SPRF-SC,DEL06-SC,UOP01-DEL06-SC
574686,2024-01-14,domingo,12:30:00,RJ,101.0,509,ANGRA DOS REIS,Carga excessiva e/ou mal acondicionada,Colisão com objeto,Com Vítimas Feridas,Pleno dia,Crescente,Nublado,Simples,Reta,Não,2.0,0.0,0.0,1.0,1.0,0.0,1.0,2.0,"-22,944094","-44,428395",SPRF-RJ,DEL03-RJ,UOP03-DEL03-RJ
574688,2024-01-14,domingo,15:42:00,SC,282.0,529,CORDILHEIRA ALTA,Condutor deixou de manter distância do veículo da frente,Colisão traseira,Com Vítimas Feridas,Pleno dia,Decrescente,Nublado,Simples,Reta,Não,3.0,0.0,1.0,0.0,2.0,0.0,1.0,2.0,"-26,982185","-52,59734",SPRF-SC,DEL07-SC,UOP01-DEL07-SC
574694,2024-01-14,domingo,11:30:00,MG,262.0,"72,3",MATIPO,Acessar a via sem observar a presença dos outros veículos,Colisão transversal,Sem Vítimas,Pleno dia,Crescente,Céu Claro,Simples,Rotatória;Reta;Declive,Não,5.0,0.0,0.0,0.0,3.0,2.0,0.0,3.0,"-20,31052475","-42,31517791",SPRF-MG,DEL06-MG,UOP03-DEL06-MG
574718,2024-01-14,domingo,18:10:00,PR,376.0,"594,1",CURITIBA,Demais falhas mecânicas ou elétricas,Colisão com objeto,Com Vítimas Feridas,Pleno dia,Decrescente,Céu Claro,Simples,Reta;Aclive,Não,2.0,0.0,1.0,0.0,0.0,1.0,1.0,2.0,"-25,485998","-49,346755",SPRF-PR,DEL01-PR,UOP06-DEL01-PR
574745,2024-01-14,domingo,04:15:00,BA,242.0,350,LENCOIS,Velocidade Incompatível,Tombamento,Com Vítimas Feridas,Amanhecer,Crescente,Céu Claro,Simples,Curva,Não,2.0,0.0,1.0,0.0,0.0,2.0,1.0,3.0,"-12,49530755","-41,32112295",SPRF-BA,DEL06-BA,UOP01-DEL06-BA
574757,2024-01-14,domingo,20:30:00,RS,158.0,"194,7",CRUZ ALTA,Faixas de trânsito com largura insuficiente,Colisão lateral mesmo sentido,Sem Vítimas,Plena Noite,Crescente,Chuva,Simples,Rotatória,Sim,4.0,0.0,0.0,0.0,4.0,0.0,0.0,2.0,"-28,64697462","-53,57707143",SPRF-RS,DEL10-RS,UOP02-DEL10-RS
574758,2024-01-14,domingo,20:00:00,SC,282.0,253,SAO JOSE DO CERRITO,Manobra de mudança de faixa,Colisão transversal,Com Vítimas Feridas,Plena Noite,Crescente,Céu Claro,Simples,Curva,Não,3.0,0.0,2.0,0.0,1.0,0.0,2.0,2.0,"-27,684978","-50,565498",SPRF-SC,DEL05-SC,UOP02-DEL05-SC
574765,2024-01-14,domingo,21:00:00,PR,277.0,"5,2",PARANAGUA,Ausência de reação do condutor,Colisão com objeto,Com Vítimas Feridas,Plena Noite,Decrescente,Céu Claro,Dupla,Reta,Sim,7.0,0.0,0.0,1.0,4.0,3.0,1.0,5.0,"-25,55856483","-48,57273996",SPRF-PR,DEL01-PR,UOP05-DEL01-PR
574766,2024-01-14,domingo,17:30:00,BA,116.0,"725,8",BOA NOVA,Reação tardia ou ineficiente do condutor,Saída de leito carroçável,Sem Vítimas,Anoitecer,Crescente,Céu Claro,Simples,Reta,Não,2.0,0.0,0.0,0.0,1.0,1.0,0.0,2.0,"-14,23744","-40,28195201",SPRF-BA,DEL08-BA,UOP02-DEL08-BA
574773,2024-01-14,domingo,19:40:00,MG,116.0,25,CACHOEIRA DE PAJEU,Acessar a via sem observar a presença dos outros veículos,Colisão transversal,Com Vítimas Feridas,Plena Noite,Crescente,Céu Claro,Simples,Interseção de Vias,Não,4.0,0.0,1.0,2.0,0.0,2.0,3.0,4.0,"-15,87144601","-41,43021999",SPRF-BA,DEL08-BA,UOP03-DEL08-BA
574775,2024-01-14,domingo,16:54:00,GO,153.0,274,NOVA GLORIA,Transitar na contramão,Colisão transversal,Com Vítimas Feridas,Pleno dia,Decrescente,Garoa/Chuvisco,Simples,Curva;Declive,Não,8.0,0.0,3.0,3.0,1.0,2.0,6.0,5.0,"-15,099608","-49,47702",SPRF-GO,DEL07-GO,UOP02-DEL07-GO
574776,2024-01-14,domingo,22:00:00,PB,230.0,137,MASSARANDUBA,Reação tardia ou ineficiente do condutor,Colisão com objeto,Sem Vítimas,Plena Noite,Decrescente,Céu Claro,Dupla,Curva,Não,1.0,0.0,0.0,0.0,1.0,0.0,0.0,1.0,"-7,27605","-35,782045",SPRF-PB,DEL02-PB,UOP01-DEL02-PB
574778,2024-01-14,domingo,15:50:00,SC,282.0,"132,9",BOM RETIRO,Transitar na contramão,Colisão frontal,Com Vítimas Fatais,Pleno dia,Crescente,Céu Claro,Simples,Curva;Declive,Não,3.0,1.0,0.0,0.0,1.0,1.0,0.0,3.0,"-27,8075185","-49,5322749",SPRF-SC,DEL05-SC,UOP01-DEL05-SC
574780,2024-01-14,domingo,22:40:00,MG,50.0,56,UBERLANDIA,Velocidade Incompatível,Saída de leito carroçável,Com Vítimas Feridas,Plena Noite,Decrescente,Nublado,Dupla,Curva;Declive,Não,1.0,0.0,1.0,0.0,0.0,0.0,1.0,1.0,"-18,781772","-48,234901",SPRF-MG,DEL15-MG,UOP02-DEL15-MG
574785,2024-01-14,domingo,22:50:00,RJ,116.0,304,RESENDE,Demais falhas mecânicas ou elétricas,Saída de leito carroçável,Com Vítimas Feridas,Plena Noite,Crescente,Nublado,Dupla,Reta,Não,1.0,0.0,1.0,0.0,0.0,0.0,1.0,1.0,"-22,4550412","-44,38649998",SPRF-RJ,DEL07-RJ,UOP02-DEL07-RJ
574791,2024-01-14,domingo,22:55:00,RS,290.0,141,ELDORADO DO SUL,Animais na Pista,Saída de leito carroçável,Com Vítimas Feridas,Plena Noite,Crescente,Céu Claro,Simples,Reta,Sim,4.0,0.0,2.0,0.0,1.0,1.0,2.0,3.0,"-30,086048","-51,61882",SPRF-RS,DEL02-RS,UOP01-DEL02-RS
574795,2024-01-14,domingo,22:00:00,MA,10.0,218,GOVERNADOR EDISON LOBAO,Ausência de reação do condutor,Colisão traseira,Com Vítimas Fatais,Plena Noite,Decrescente,Céu Claro,Simples,Reta,Não,2.0,1.0,0.0,0.0,0.0,1.0,0.0,2.0,"-5,808956","-47,358917",SPRF-MA,DEL04-MA,UOP01-DEL04-MA