id,data_inversa,dia_semana,horario,uf,br,km,municipio,causa_acidente,tipo_acidente,classificacao_acidente,fase_dia,sentido_via,condicao_metereologica,tipo_pista,tracado_via,uso_solo,pessoas,mortos,feridos_leves,feridos_graves,ilesos,ignorados,feridos,veiculos,latitude,longitude,regional,delegacia,uop
574798,2024-01-14,domingo,18:45:00,PE,232.0,372,FLORES,Transitar na contramão,Colisão frontal,Com Vítimas Fatais,Plena Noite,Crescente,Nublado,Simples,Reta;Aclive,Não,3.0,1.0,1.0,0.0,0.0,3.0,1.0,5.0,"-8,02815279","-37,98335296",SPRF-PE,DEL04-PE,UOP01-DEL04-PE
574802,2024-01-15,segunda-feira,01:00:00,MG,40.0,"422,1",CURVELO,Condutor Dormindo,Colisão traseira,Com Vítimas Feridas,Plena Noite,Decrescente,Chuva,Simples,Reta,Não,3.0,0.0,1.0,0.0,1.0,1.0,1.0,3.0,"-19,15372286","-44,54767401",SPRF-MG,DEL02-MG,UOP01-DEL02-MG
574811,2024-01-15,segunda-feira,04:45:00,PR,277.0,117,CAMPO LARGO,Condutor Dormindo,Colisão traseira,Com Vítimas Feridas,Amanhecer,Crescente,Céu Claro,Dupla,Reta,Não,3.0,0.0,1.0,0.0,1.0,3.0,1.0,5.0,"-25,43500737","-49,52777803",SPRF-PR,DEL03-PR,UOP03-DEL03-PR
574814,2024-01-14,domingo,14:50:00,RJ,465.0,22,RIO DE JANEIRO,Estacionar ou parar em local proibido,Colisão lateral mesmo sentido,Com Vítimas Feridas,Pleno dia,Crescente,Nublado,Simples,Reta,Não,4.0,0.0,1.0,0.0,2.0,2.0,1.0,4.0,"-22,863579","-43,601479",SPRF-RJ,DEL03-RJ,UOP01-DEL03-RJ
574817,2024-01-15,segunda-feira,04:00:00,PR,277.0,"659,5",MATELANDIA,Velocidade Incompatível,Colisão com objeto,Com Vítimas Feridas,Plena Noite,Crescente,Céu Claro,Dupla,Curva;Declive,Não,2.0,0.0,1.0,1.0,0.0,0.0,2.0,1.0,"-25,24664169","-53,98334832",SPRF-PR,DEL05-PR,UOP02-DEL05-PR
574820,2024-01-14,domingo,21:00:00,PR,277.0,371,GUARAPUAVA,Ausência de reação do condutor,Colisão traseira,Com Vítimas Feridas,Plena Noite,Decrescente,Céu Claro,Simples,Reta,Não,5.0,0.0,1.0,0.0,2.0,3.0,1.0,5.0,"-25,42656187","-51,66127889",SPRF-PR,DEL08-PR,UOP01-DEL08-PR
574823,2024-01-15,segunda-feira,06:15:00,SP,459.0,32,LORENA,Demais falhas mecânicas ou elétricas,Capotamento,Com Vítimas Feridas,Pleno dia,Crescente,Céu Claro,Simples,Reta,Não,2.0,0.0,1.0,0.0,1.0,0.0,1.0,2.0,"-22,74157511","-45,09206392",SPRF-SP,DEL08-SP,UOP02-DEL08-SP
574825,2024-01-15,segunda-feira,05:15:00,MS,262.0,"438,3",DOIS IRMAOS DO BURITI,Condutor Dormindo,Saída de leito carroçável,Com Vítimas Feridas,Pleno dia,Crescente,Sol,Simples,Reta,Não,3.0,0.0,1.0,0.0,0.0,2.0,1.0,2.0,"-20,50961962","-55,34679213",SPRF-MS,DEL03-MS,UOP01-DEL03-MS
574830,2024-01-15,segunda-feira,00:10:00,BA,101.0,"858,7",TEIXEIRA DE FREITAS,Ingestão de álcool pelo condutor,Colisão lateral sentido oposto,Sem Vítimas,Plena Noite,Crescente,Céu Claro,Simples,Reta,Não,3.0,0.0,0.0,0.0,2.0,3.0,0.0,5.0,"-17,40273539","-39,67266083",SPRF-BA,DEL09-BA,UOP02-DEL09-BA
574836,2024-01-15,segunda-feira,07:30:00,ES,101.0,297,VIANA,Manobra de mudança de faixa,Colisão com objeto,Com Vítimas Feridas,Pleno dia,Decrescente,Céu Claro,Dupla,Reta,Sim,3.0,0.0,1.0,0.0,1.0,1.0,1.0,3.0,"-20,34529844","-40,41026774",SPRF-ES,DEL01-ES,UOP01-DEL01-ES
574849,2024-01-15,segunda-feira,07:50:00,SC,470.0,157,TROMBUDO CENTRAL,Ultrapassagem Indevida,Colisão frontal,Com Vítimas Feridas,Pleno dia,Decrescente,Céu Claro,Simples,Reta,Não,4.0,0.0,1.0,1.0,1.0,1.0,2.0,4.0,"-27,285425","-49,76881",SPRF-SC,DEL04-SC,UOP02-DEL04-SC
574850,2024-01-15,segunda-feira,08:30:00,SC,282.0,"45,8",AGUAS MORNAS,Manobra de mudança de faixa,Colisão lateral sentido oposto,Com Vítimas Feridas,Pleno dia,Crescente,Céu Claro,Simples,Reta,Não,3.0,0.0,1.0,0.0,1.0,1.0,1.0,3.0,"-27,719851","-48,916126",SPRF-SC,DEL01-SC,UOP03-DEL01-SC
574853,2024-01-15,segunda-feira,09:00:00,BA,110.0,"176,2",RIBEIRA DO POMBAL,Reação tardia ou ineficiente do condutor,Saída de leito carroçável,Sem Vítimas,Pleno dia,Crescente,Céu Claro,Simples,Reta,Sim,1.0,0.0,0.0,0.0,0.0,1.0,0.0,1.0,"-10,89629907","-38,52352048",SPRF-BA,DEL07-BA,UOP02-DEL07-BA
574855,2024-01-15,segunda-feira,09:30:00,PE,101.0,68,RECIFE,Manobra de mudança de faixa,Colisão lateral mesmo sentido,Com Vítimas Feridas,Pleno dia,Decrescente,Céu Claro,Dupla,Viaduto,Sim,4.0,0.0,1.0,0.0,2.0,2.0,1.0,5.0,"-8,051295","-34,945959",SPRF-PE,DEL01-PE,UOP01-DEL01-PE
574857,2024-01-03,quarta-feira,12:00:00,MG,40.0,"589,4",ITABIRITO,Pista Escorregadia,Colisão frontal,Com Vítimas Fatais,Pleno dia,Crescente,Chuva,Simples,Aclive;Reta,Não,4.0,1.0,0.0,0.0,2.0,2.0,0.0,5.0,"-20,36435247","-43,91016483",SPRF-MG,DEL01-MG,UOP02-DEL01-MG
574858,2024-01-15,segunda-feira,09:15:00,RS,116.0,"474,5",SAO LOURENCO DO SUL,Ausência de reação do condutor,Colisão traseira,Com Vítimas Feridas,Pleno dia,Crescente,Céu Claro,Simples,Aclive,Não,3.0,0.0,1.0,0.0,1.0,1.0,1.0,3.0,"-31,37297804","-52,09946498",SPRF-RS,DEL07-RS,UOP01-DEL07-RS
574860,2024-01-15,segunda-feira,07:30:00,MG,381.0,815,CAREACU,Velocidade Incompatível,Colisão traseira,Com Vítimas Feridas,Pleno dia,Decrescente,Chuva,Dupla,Curva;Aclive,Não,3.0,0.0,2.0,0.0,1.0,0.0,2.0,2.0,"-22,08771284","-45,70503017",SPRF-MG,DEL16-MG,UOP02-DEL16-MG
574864,2024-01-15,segunda-feira,10:20:00,SC,101.0,"90,2",BARRA VELHA,Condutor deixou de manter distância do veículo da frente,Engavetamento,Com Vítimas Feridas,Pleno dia,Crescente,Céu Claro,Dupla,Reta,Sim,7.0,0.0,3.0,0.0,4.0,0.0,3.0,5.0,"-26,66134309","-48,68870258",SPRF-SC,DEL03-SC,UOP02-DEL03-SC
574868,2024-01-14,domingo,20:20:00,BA,101.0,344,TEOLANDIA,Transitar na contramão,Colisão frontal,Com Vítimas Fatais,Plena Noite,Decrescente,Céu Claro,Simples,Reta,Não,2.0,1.0,0.0,0.0,1.0,0.0,0.0,2.0,"-13,59043065","-39,48040009",SPRF-BA,DEL05-BA,UOP03-DEL05-BA
574878,2024-01-15,segunda-feira,11:10:00,SC,101.0,135,BALNEARIO CAMBORIU,Trafegar com motocicleta (ou similar) entre as faixas,Colisão lateral mesmo sentido,Com Vítimas Feridas,Pleno dia,Decrescente,Céu Claro,Dupla,Reta,Sim,3.0,0.0,0.0,1.0,1.0,1.0,1.0,3.0,"-27,0050108","-48,62677494",SPRF-SC,DEL04-SC,UOP03-DEL04-SC
574880,2024-01-15,segunda-feira,09:10:00,RJ,101.0,274,TANGUA,Condutor deixou de manter distância do veículo da frente,Colisão traseira,Com Vítimas Feridas,Pleno dia,Decrescente,Céu Claro,Dupla,Reta,Não,6.0,0.0,2.0,0.0,1.0,3.0,2.0,4.0,"-22,73506292","-42,71948103",SPRF-RJ,DEL02-RJ,UOP03-DEL02-RJ
574896,2024-01-15,segunda-feira,13:30:00,MG,381.0,309,ANTONIO DIAS,Transitar na contramão,Colisão frontal,Com Vítimas Feridas,Pleno dia,Decrescente,Céu Claro,Simples,Reta,Não,5.0,0.0,4.0,0.0,1.0,0.0,4.0,2.0,"-19,656227","-42,958355",SPRF-MG,DEL03-MG,UOP02-DEL03-MG
574898,2024-01-15,segunda-feira,11:30:00,RS,116.0,39,VACARIA,Acessar a via sem observar a presença dos outros veículos,Colisão transversal,Com Vítimas Feridas,Pleno dia,Decrescente,Céu Claro,Dupla,Rotatória,Sim,2.0,0.0,1.0,0.0,1.0,0.0,1.0,2.0,"-28,5120121","-50,93237991",SPRF-RS,DEL05-RS,UOP03-DEL05-RS
574902,2024-01-15,segunda-feira,09:15:00,BA,324.0,"612,5",SALVADOR,Frear bruscamente,Tombamento,Com Vítimas Feridas,Pleno dia,Decrescente,Nublado,Múltipla,Reta,Sim,1.0,0.0,1.0,0.0,0.0,0.0,1.0,1.0,"-12,84664721","-38,41741648",SPRF-BA,DEL01-BA,UOP01-DEL01-BA
574910,2024-01-15,segunda-feira,14:45:00,SC,101.0,222,PALHOCA,Velocidade Incompatível,Colisão traseira,Sem Vítimas,Pleno dia,Crescente,Céu Claro,Múltipla,Reta;Aclive,Sim,3.0,0.0,0.0,0.0,2.0,1.0,0.0,3.0,"-27,70865409","-48,65586407",SPRF-SC,DEL01-SC,UOP02-DEL01-SC
574913,2024-01-15,segunda-feira,12:14:00,PB,230.0,"17,8",JOAO PESSOA,Reação tardia ou ineficiente do condutor,Colisão lateral mesmo sentido,Com Vítimas Fatais,Pleno dia,Decrescente,Céu Claro,Dupla,Reta,Sim,4.0,1.0,0.0,0.0,1.0,3.0,0.0,5.0,"-7,1121","-34,8426",SPRF-PB,DEL01-PB,UOP01-DEL01-PB
574915,2024-01-15,segunda-feira,15:10:00,RS,392.0,"121,7",CANGUCU,Desrespeitar a preferência no cruzamento,Colisão transversal,Com Vítimas Feridas,Pleno dia,Crescente,Céu Claro,Simples,Interseção de Vias,Não,3.0,0.0,1.0,0.0,2.0,0.0,1.0,2.0,"-31,39134151","-52,69918993",SPRF-RS,DEL07-RS,UOP01-DEL07-RS
574916,2024-01-15,segunda-feira,14:38:00,BA,324.0,537,AMELIA RODRIGUES,Ausência de reação do condutor,Saída de leito carroçável,Com Vítimas Fatais,Pleno dia,Crescente,Céu Claro,Dupla,Curva;Retorno Regulamentado;Interseção de Vias;Declive,Sim,4.0,2.0,0.0,0.0,1.0,1.0,0.0,4.0,"-12,37832791","-38,80197287",SPRF-BA,DEL01-BA,UOP03-DEL01-BA
574927,2024-01-15,segunda-feira,16:00:00,ES,101.0,"286,7",CARIACICA,Reação tardia ou ineficiente do condutor,Colisão lateral mesmo sentido,Com Vítimas Feridas,Pleno dia,Crescente,Céu Claro,Múltipla,Reta,Não,2.0,0.0,1.0,0.0,0.0,1.0,1.0,2.0,"-20,25902175","-40,37753412",SPRF-ES,DEL01-ES,UOP01-DEL01-ES
574928,2024-01-15,segunda-feira,15:50:00,MG,262.0,476,BOM DESPACHO,Desrespeitar a preferência no cruzamento,Colisão transversal,Com Vítimas Feridas,Pleno dia,Crescente,Céu Claro,Simples,Interseção de Vias,Não,3.0,0.0,2.0,0.0,1.0,0.0,2.0,2.0,"-19,7879943","-45,21134295",SPRF-MG,DEL08-MG,UOP03-DEL08-MG
574935,2024-01-15,segunda-feira,15:30:00,MT,163.0,831,SINOP,Velocidade Incompatível,Colisão traseira,Com Vítimas Feridas,Pleno dia,Decrescente,Céu Claro,Dupla,Reta;Retorno Regulamentado;Interseção de Vias;Rotatória,Sim,4.0,0.0,1.0,0.0,2.0,5.0,1.0,7.0,"-12,022768","-55,51723",SPRF-MT,DEL06-MT,UOP02-DEL06-MT
574939,2024-01-15,segunda-feira,13:00:00,PR,476.0,82,BOCAIUVA DO SUL,Avarias e/ou desgaste excessivo no pneu,Colisão lateral sentido oposto,Com Vítimas Feridas,Pleno dia,Crescente,Chuva,Simples,Curva,Não,5.0,0.0,1.0,0.0,3.0,2.0,1.0,4.0,"-25,13823342","-49,10689116",SPRF-PR,DEL01-PR,UOP01-DEL01-PR
574944,2024-01-15,segunda-feira,16:40:00,RJ,101.0,46,CAMPOS DOS GOYTACAZES,Desrespeitar a preferência no cruzamento,Colisão transversal,Com Vítimas Feridas,Pleno dia,Decrescente,Céu Claro,Simples,Reta;Retorno Regulamentado;Interseção de Vias,Sim,3.0,0.0,1.0,0.0,1.0,1.0,1.0,3.0,"-21,59839998","-41,3168335",SPRF-RJ,DEL08-RJ,UOP01-DEL08-RJ
574945,2024-01-15,segunda-feira,16:00:00,PR,376.0,"242,7",APUCARANA,Ausência de reação do condutor,Tombamento,Com Vítimas Fatais,Pleno dia,Crescente,Nublado,Dupla,Curva,Não,3.0,1.0,0.0,1.0,0.0,1.0,1.0,2.0,"-23,580437","-51,436026",SPRF-PR,DEL07-PR,UOP03-DEL07-PR
574949,2024-01-15,segunda-feira,17:40:00,GO,153.0,"506,8",APARECIDA DE GOIANIA,Condutor deixou de manter distância do veículo da frente,Colisão traseira,Com Vítimas Feridas,Pleno dia,Decrescente,Céu Claro,Múltipla,Aclive,Sim,2.0,0.0,1.0,0.0,1.0,0.0,1.0,2.0,"-16,76068022","-49,24016476",SPRF-GO,DEL01-GO,UOP01-DEL01-GO
574950,2024-01-15,segunda-feira,17:40:00,TO,10.0,456,PALMAS,Ingestão de álcool pelo condutor,Colisão lateral mesmo sentido,Sem Vítimas,Pleno dia,Decrescente,Céu Claro,Múltipla,Reta,Sim,2.0,0.0,0.0,0.0,2.0,0.0,0.0,2.0,"-10,295737","-48,297578",SPRF-TO,DEL01-TO,UOP03-DEL01-TO
574963,2024-01-15,segunda-feira,16:20:00,MS,158.0,221,SELVIRIA,Demais falhas mecânicas ou elétricas,Incêndio,Sem Vítimas,Pleno dia,Decrescente,Céu Claro,Simples,Reta,Não,2.0,0.0,0.0,0.0,1.0,2.0,0.0,3.0,"-20,51786834","-51,5795013",SPRF-MS,DEL07-MS,UOP01-DEL07-MS
574966,2024-01-15,segunda-feira,18:30:00,MG,40.0,507,RIBEIRAO DAS NEVES,Transitar no Acostamento,Colisão lateral mesmo sentido,Com Vítimas Feridas,Plena Noite,Crescente,Céu Claro,Dupla,Reta,Sim,2.0,0.0,0.0,1.0,1.0,0.0,1.0,2.0,"-19,75431705","-44,14152606",SPRF-MG,DEL02-MG,UOP01-DEL02-MG
574969,2024-01-15,segunda-feira,13:19:00,RJ,40.0,72,PETROPOLIS,Velocidade Incompatível,Colisão com objeto,Com Vítimas Feridas,Pleno dia,Decrescente,Céu Claro,Dupla,Reta,Não,2.0,0.0,1.0,0.0,0.0,1.0,1.0,2.0,"-22,4585308","-43,21600514",SPRF-RJ,DEL01-RJ,UOP01-DEL01-RJ
574971,2024-01-15,segunda-feira,13:33:00,MG,381.0,646,SANTO ANTONIO DO AMPARO,Ausência de reação do condutor,Saída de leito carroçável,Com Vítimas Feridas,Pleno dia,Crescente,Chuva,Dupla,Curva;Declive,Não,3.0,0.0,1.0,0.0,1.0,1.0,1.0,3.0,"-20,94471289","-44,88107085",SPRF-MG,DEL04-MG,UOP02-DEL04-MG
574972,2024-01-15,segunda-feira,19:11:00,PE,101.0,10,GOIANA,Ingestão de álcool pelo condutor,Colisão transversal,Com Vítimas Feridas,Plena Noite,Decrescente,Céu Claro,Dupla,Curva,Não,3.0,0.0,1.0,0.0,1.0,1.0,1.0,3.0,"-7,58679204","-34,98736241",SPRF-PE,DEL01-PE,UOP02-DEL01-PE
574974,2024-01-15,segunda-feira,18:20:00,PI,343.0,86,BURITI DOS LOPES,Reação tardia ou ineficiente do condutor,Colisão lateral mesmo sentido,Com Vítimas Feridas,Anoitecer,Crescente,Céu Claro,Simples,Reta,Não,3.0,0.0,1.0,1.0,1.0,0.0,2.0,2.0,"-3,459998","-41,745869",SPRF-PI,DEL05-PI,UOP01-DEL05-PI
574976,2024-01-15,segunda-feira,16:00:00,ES,262.0,63,MARECHAL FLORIANO,Velocidade Incompatível,Tombamento,Sem Vítimas,Pleno dia,Crescente,Céu Claro,Simples,Declive;Curva,Não,2.0,0.0,0.0,0.0,1.0,3.0,0.0,4.0,"-20,418443","-40,816225",SPRF-ES,DEL01-ES,UOP02-DEL01-ES
574984,2024-01-15,segunda-feira,19:45:00,RS,290.0,549,ALEGRETE,Demais falhas mecânicas ou elétricas,Incêndio,Sem Vítimas,Plena Noite,Decrescente,Céu Claro,Simples,Aclive;Reta,Não,2.0,0.0,0.0,0.0,1.0,1.0,0.0,2.0,"-29,94013","-55,500866",SPRF-RS,DEL13-RS,UOP02-DEL13-RS
574989,2024-01-15,segunda-feira,21:40:00,SP,116.0,"229,1",SAO PAULO,Condutor Dormindo,Engavetamento,Com Vítimas Fatais,Plena Noite,Decrescente,Nublado,Múltipla,Reta,Sim,9.0,3.0,0.0,2.0,3.0,4.0,2.0,8.0,"-23,512397","-46,575819",SPRF-SP,DEL01-SP,UOP01-DEL01-SP
574993,2024-01-15,segunda-feira,15:45:00,MA,135.0,415,JATOBA,Ausência de reação do condutor,Colisão traseira,Com Vítimas Fatais,Pleno dia,Crescente,Céu Claro,Simples,Declive;Reta,Sim,7.0,1.0,1.0,1.0,3.0,1.0,2.0,3.0,"-5,90437707","-44,29721116",SPRF-MA,DEL06-MA,UOP01-DEL06-MA
574994,2024-01-15,segunda-feira,20:45:00,RJ,101.0,177,MACAE,Ausência de reação do condutor,Colisão lateral sentido oposto,Com Vítimas Feridas,Plena Noite,Crescente,Nublado,Simples,Curva,Não,3.0,0.0,1.0,0.0,1.0,1.0,1.0,3.0,"-22,38696304","-41,98541396",SPRF-RJ,DEL08-RJ,UOP04-DEL08-RJ
574997,2024-01-15,segunda-feira,21:20:00,PR,476.0,"224,4",LAPA,Demais falhas mecânicas ou elétricas,Tombamento,Sem Vítimas,Plena Noite,Crescente,Céu Claro,Simples,Declive;Reta,Não,2.0,0.0,0.0,0.0,1.0,1.0,0.0,2.0,"-25,848568","-49,941429",SPRF-PR,DEL01-PR,UOP06-DEL01-PR
574998,2024-01-15,segunda-feira,21:15:00,MT,163.0,602,NOVA MUTUM,Velocidade Incompatível,Colisão transversal,Com Vítimas Feridas,Plena Noite,Crescente,Céu Claro,Simples,Reta,Não,3.0,0.0,0.0,1.0,1.0,5.0,1.0,7.0,"-13,89007603","-56,08964479",SPRF-MT,DEL01-MT,UOP01-DEL01-MT
575001,2024-01-15,segunda-feira,23:30:00,PR,369.0,"416,2",JURANDA,Acessar a via sem observar a presença dos outros veículos,Colisão lateral sentido oposto,Com Vítimas Fatais,Plena Noite,Crescente,Nublado,Simples,Reta,Sim,3.0,1.0,0.0,0.0,2.0,0.0,0.0,2.0,"-24,47431825","-52,87474036",SPRF-PR,DEL04-PR,UOP03-DEL04-PR
575003,2024-01-15,segunda-feira,15:30:00,PR,277.0,"502,9",GUARANIACU,Condutor Dormindo,Colisão frontal,Com Vítimas Feridas,Pleno dia,Decrescente,Garoa/Chuvisco,Simples,Declive;Reta,Não,6.0,0.0,1.0,2.0,2.0,2.0,3.0,4.0,"-25,15665106","-52,69694215",SPRF-PR,DEL04-PR,UOP04-DEL04-PR
575006,2024-01-16,terça-feira,01:45:00,RN,101.0,"129,8",SAO JOSE DE MIPIBU,Animais na Pista,Atropelamento de Animal,Com Vítimas Feridas,Plena Noite,Decrescente,Céu Claro,Dupla,Retorno Regulamentado,Não,2.0,0.0,1.0,0.0,0.0,1.0,1.0,2.0,"-6,112119","-35,233627",SPRF-RN,DEL01-RN,UOP01-DEL01-RN
575008,2024-01-16,terça-feira,02:35:00,MT,364.0,"392,2",CUIABA,Condutor Dormindo,Saída de leito carroçável,Com Vítimas Feridas,Plena Noite,Decrescente,Céu Claro,Dupla,Reta,Não,1.0,0.0,1.0,0.0,0.0,0.0,1.0,1.0,"-15,68824488","-55,91002464",SPRF-MT,DEL01-MT,UOP02-DEL01-MT
575009,2024-01-16,terça-feira,03:30:00,ES,101.0,"317,5",VILA VELHA,Condutor Dormindo,Tombamento,Com Vítimas Feridas,Plena Noite,Decrescente,Céu Claro,Dupla,Reta;Declive,Não,1.0,0.0,1.0,0.0,0.0,0.0,1.0,1.0,"-20,48575596","-40,47626411",SPRF-ES,DEL01-ES,UOP01-DEL01-ES
575019,2024-01-08,segunda-feira,13:25:00,PB,101.0,83,BAYEUX,Acessar a via sem observar a presença dos outros veículos,Tombamento,Com Vítimas Feridas,Pleno dia,Crescente,Céu Claro,Dupla,Reta,Sim,4.0,0.0,1.0,0.0,3.0,0.0,1.0,4.0,"-7,1337703","-34,92963914",SPRF-PB,DEL01-PB,UOP01-DEL01-PB
575021,2024-01-16,terça-feira,07:00:00,SC,470.0,169,POUSO REDONDO,Acessar a via sem observar a presença dos outros veículos,Colisão transversal,Com Vítimas Feridas,Pleno dia,Crescente,Céu Claro,Simples,Rotatória;Reta;Interseção de Vias,Sim,3.0,0.0,0.0,1.0,1.0,2.0,1.0,4.0,"-27,26552112","-49,88151312",SPRF-SC,DEL04-SC,UOP02-DEL04-SC
575032,2024-01-16,terça-feira,08:30:00,RS,290.0,123,ELDORADO DO SUL,Condutor Dormindo,Colisão lateral sentido oposto,Com Vítimas Feridas,Pleno dia,Crescente,Céu Claro,Simples,Reta,Não,8.0,0.0,1.0,0.0,6.0,2.0,1.0,6.0,"-30,05328","-51,438354",SPRF-RS,DEL02-RS,UOP01-DEL02-RS
575040,2024-01-16,terça-feira,09:40:00,RJ,101.0,78,CAMPOS DOS GOYTACAZES,Ausência de reação do condutor,Colisão traseira,Com Vítimas Feridas,Pleno dia,Crescente,Céu Claro,Simples,Reta,Não,3.0,0.0,0.0,1.0,2.0,0.0,1.0,2.0,"-21,83525792","-41,41878002",SPRF-RJ,DEL08-RJ,UOP02-DEL08-RJ
575042,2024-01-16,terça-feira,09:30:00,PR,376.0,673,GUARATUBA,Ausência de reação do condutor,Saída de leito carroçável,Com Vítimas Feridas,Pleno dia,Crescente,Nublado,Dupla,Reta,Não,2.0,0.0,1.0,1.0,0.0,0.0,2.0,1.0,"-25,90092097","-48,92572096",SPRF-PR,DEL01-PR,UOP04-DEL01-PR
575043,2024-01-16,terça-feira,08:55:00,AL,316.0,"214,9",ATALAIA,Pista Escorregadia,Saída de leito carroçável,Com Vítimas Fatais,Pleno dia,Decrescente,Céu Claro,Simples,Curva;Declive,Não,3.0,1.0,2.0,0.0,0.0,0.0,2.0,1.0,"-9,51559115","-36,22746693",SPRF-AL,DEL01-AL,UOP01-DEL01-AL
575048,2024-01-16,terça-feira,07:05:00,RN,304.0,115,ACU,Acessar a via sem observar a presença dos outros veículos,Colisão lateral mesmo sentido,Com Vítimas Feridas,Pleno dia,Decrescente,Sol,Simples,Reta,Não,2.0,0.0,1.0,0.0,0.0,1.0,1.0,2.0,"-5,61387215","-36,89679107",SPRF-RN,DEL04-RN,UOP01-DEL04-RN
575050,2024-01-16,terça-feira,10:37:00,RJ,116.0,74,TERESOPOLIS,Reação tardia ou ineficiente do condutor,Colisão traseira,Com Vítimas Feridas,Pleno dia,Crescente,Céu Claro,Simples,Reta,Sim,4.0,0.0,1.0,0.0,2.0,1.0,1.0,3.0,"-22,35343905","-42,94244164",SPRF-RJ,DEL04-RJ,UOP01-DEL04-RJ
575052,2024-01-16,terça-feira,11:12:00,PR,376.0,1,APUCARANA,Acessar a via sem observar a presença dos outros veículos,Colisão transversal,Com Vítimas Feridas,Pleno dia,Crescente,Céu Claro,Dupla,Reta,Sim,2.0,0.0,0.0,1.0,1.0,0.0,1.0,2.0,"-23,5513","-51,461266",SPRF-PR,DEL07-PR,UOP03-DEL07-PR
575055,2024-01-16,terça-feira,10:40:00,RS,116.0,247,SAO LEOPOLDO,Objeto estático sobre o leito carroçável,Queda de ocupante de veículo,Com Vítimas Feridas,Pleno dia,Decrescente,Céu Claro,Dupla,Reta,Sim,2.0,0.0,1.0,0.0,0.0,1.0,1.0,2.0,"-29,76733091","-51,1535296",SPRF-RS,DEL01-RS,UOP02-DEL01-RS
575058,2024-01-16,terça-feira,10:35:00,PR,376.0,"244,9",APUCARANA,Acessar a via sem observar a presença dos outros veículos,Colisão lateral mesmo sentido,Com Vítimas Feridas,Pleno dia,Crescente,Céu Claro,Dupla,Aclive,Não,3.0,0.0,1.0,0.0,1.0,2.0,1.0,4.0,"-23,596168","-51,4113587",SPRF-PR,DEL07-PR,UOP03-DEL07-PR
575065,2024-01-16,terça-feira,05:40:00,PR,376.0,"45,6",NOVA LONDRINA,Acessar a via sem observar a presença dos outros veículos,Colisão transversal,Com Vítimas Feridas,Amanhecer,Decrescente,Céu Claro,Simples,Interseção de Vias,Não,5.0,0.0,2.0,1.0,1.0,1.0,3.0,3.0,"-22,86041762","-52,96613932",SPRF-PR,DEL09-PR,UOP02-DEL09-PR
575073,2024-01-16,terça-feira,09:30:00,PR,376.0,307,MAUA DA SERRA,Ausência de reação do condutor,Tombamento,Com Vítimas Feridas,Pleno dia,Decrescente,Sol,Dupla,Curva,Não,2.0,0.0,0.0,1.0,0.0,1.0,1.0,2.0,"-23,9743171","-51,1035821",SPRF-PR,DEL07-PR,UOP02-DEL07-PR
575076,2024-01-16,terça-feira,13:15:00,GO,60.0,264,INDIARA,Condutor Dormindo,Colisão traseira,Com Vítimas Feridas,Pleno dia,Decrescente,Céu Claro,Dupla,Reta,Não,2.0,0.0,0.0,1.0,1.0,0.0,1.0,2.0,"-17,17369127","-50,05759846",SPRF-GO,DEL01-GO,UOP02-DEL01-GO
575078,2024-01-16,terça-feira,13:28:00,RS,386.0,"354,6",ESTRELA,Reação tardia ou ineficiente do condutor,Colisão com objeto,Com Vítimas Fatais,Pleno dia,Decrescente,Sol,Dupla,Reta;Ponte,Não,6.0,1.0,2.0,0.0,2.0,2.0,2.0,5.0,"-29,50594252","-51,94369197",SPRF-RS,DEL04-RS,UOP01-DEL04-RS
575081,2024-01-16,terça-feira,07:45:00,MG,262.0,"494,4",MOEMA,Ultrapassagem Indevida,Saída de leito carroçável,Com Vítimas Feridas,Pleno dia,Crescente,Céu Claro,Simples,Reta,Não,2.0,0.0,1.0,0.0,1.0,0.0,1.0,2.0,"-19,78590815","-45,37959199",SPRF-MG,DEL08-MG,UOP03-DEL08-MG
575086,2024-01-16,terça-feira,10:00:00,CE,20.0,"28,3",PARAMBU,Reação tardia ou ineficiente do condutor,Colisão lateral mesmo sentido,Com Vítimas Feridas,Pleno dia,Crescente,Céu Claro,Simples,Reta,Não,3.0,0.0,0.0,1.0,1.0,3.0,1.0,5.0,"-6,33755995","-40,63091732",SPRF-CE,DEL02-CE,UOP02-DEL02-CE
575094,2024-01-16,terça-feira,11:20:00,BA,116.0,"890,2",CANDIDO SALES,Reação tardia ou ineficiente do condutor,Colisão traseira,Com Vítimas Feridas,Pleno dia,Decrescente,Céu Claro,Simples,Reta,Não,3.0,0.0,1.0,0.0,1.0,1.0,1.0,3.0,"-15,28578591","-41,13352714",SPRF-BA,DEL08-BA,UOP03-DEL08-BA
575096,2024-01-16,terça-feira,13:10:00,RS,290.0,102,PORTO ALEGRE,Ausência de reação do condutor,Colisão traseira,Sem Vítimas,Pleno dia,Crescente,Céu Claro,Múltipla,Aclive;Ponte;Reta,Não,2.0,0.0,0.0,0.0,2.0,0.0,0.0,2.0,"-29,987228","-51,25613",SPRF-RS,DEL01-RS,UOP01-DEL01-RS