id,data_inversa,dia_semana,horario,uf,br,km,municipio,causa_acidente,tipo_acidente,classificacao_acidente,fase_dia,sentido_via,condicao_metereologica,tipo_pista,tracado_via,uso_solo,pessoas,mortos,feridos_leves,feridos_graves,ilesos,ignorados,feridos,veiculos,latitude,longitude,regional,delegacia,uop
575100,2024-01-16,terça-feira,11:40:00,MG,381.0,199,PERIQUITO,Ultrapassagem Indevida,Colisão frontal,Com Vítimas Feridas,Pleno dia,Crescente,Céu Claro,Simples,Reta,Não,4.0,0.0,2.0,1.0,1.0,0.0,3.0,2.0,"-19,16696108","-42,24582388",SPRF-MG,DEL06-MG,UOP01-DEL06-MG
575103,2024-01-16,terça-feira,14:50:00,RJ,101.0,99,CAMPOS DOS GOYTACAZES,Carga excessiva e/ou mal acondicionada,Tombamento,Com Vítimas Feridas,Pleno dia,Decrescente,Céu Claro,Dupla,Curva,Não,2.0,0.0,1.0,0.0,0.0,1.0,1.0,2.0,"-21,8758198","-41,5832851",SPRF-RJ,DEL08-RJ,UOP02-DEL08-RJ
575112,2024-01-16,terça-feira,15:05:00,RS,116.0,308,GUAIBA,Ingestão de álcool pelo condutor,Colisão traseira,Com Vítimas Feridas,Pleno dia,Crescente,Céu Claro,Simples,Reta;Em Obras,Não,3.0,0.0,1.0,0.0,2.0,0.0,1.0,2.0,"-30,18291689","-51,39555744",SPRF-RS,DEL02-RS,UOP01-DEL02-RS
575114,2024-01-16,terça-feira,14:50:00,GO,20.0,"19,7",FORMOSA,Condutor Dormindo,Colisão frontal,Com Vítimas Fatais,Pleno dia,Crescente,Céu Claro,Simples,Reta;Declive,Não,5.0,3.0,0.0,0.0,1.0,1.0,0.0,3.0,"-15,553887","-47,18708",SPRF-DF,DEL02-DF,UOP02-DEL02-DF
575115,2024-01-16,terça-feira,15:30:00,PR,163.0,"162,8",LINDOESTE,Velocidade Incompatível,Saída de leito carroçável,Com Vítimas Feridas,Pleno dia,Crescente,Céu Claro,Dupla,Aclive;Curva,Não,2.0,0.0,1.0,0.0,0.0,1.0,1.0,2.0,"-25,31897491","-53,59171426",SPRF-PR,DEL05-PR,UOP05-DEL05-PR
575117,2024-01-16,terça-feira,12:20:00,RO,364.0,487,ARIQUEMES,Condutor deixou de manter distância do veículo da frente,Colisão lateral mesmo sentido,Com Vítimas Feridas,Pleno dia,Decrescente,Céu Claro,Simples,Reta,Não,7.0,0.0,1.0,0.0,5.0,1.0,1.0,3.0,"-10,1121516","-62,92105484",SPRF-RO,DEL03-RO,UOP01-DEL03-RO
575123,2024-01-06,sábado,15:45:00,RS,290.0,"56,7",GLORINHA,Reação tardia ou ineficiente do condutor,Colisão traseira,Com Vítimas Feridas,Pleno dia,Crescente,Céu Claro,Dupla,Reta,Não,3.0,0.0,2.0,0.0,1.0,0.0,2.0,2.0,"-29,915447","-50,818508",SPRF-RS,DEL03-RS,UOP01-DEL03-RS
575130,2024-01-16,terça-feira,12:20:00,GO,153.0,664,GOIATUBA,Reação tardia ou ineficiente do condutor,Colisão traseira,Com Vítimas Feridas,Pleno dia,Decrescente,Sol,Dupla,Reta;Aclive,Não,3.0,0.0,1.0,0.0,1.0,1.0,1.0,3.0,"-18,0901","-49,271",SPRF-GO,DEL03-GO,UOP02-DEL03-GO
575131,2024-01-16,terça-feira,14:15:00,RS,471.0,"175,5",RIO PARDO,Acessar a via sem observar a presença dos outros veículos,Colisão transversal,Com Vítimas Feridas,Pleno dia,Crescente,Sol,Simples,Interseção de Vias;Reta,Não,5.0,0.0,1.0,3.0,1.0,0.0,4.0,2.0,"-29,99307662","-52,36828566",SPRF-RS,DEL02-RS,UOP03-DEL02-RS
575134,2024-01-16,terça-feira,15:20:00,PR,277.0,"312,6",GUARAPUAVA,Condutor deixou de manter distância do veículo da frente,Colisão lateral mesmo sentido,Sem Vítimas,Pleno dia,Crescente,Céu Claro,Simples,Curva,Não,8.0,0.0,0.0,0.0,7.0,2.0,0.0,4.0,"-25,32395317","-51,19272709",SPRF-PR,DEL08-PR,UOP01-DEL08-PR
575135,2024-01-16,terça-feira,16:15:00,PB,230.0,26,JOAO PESSOA,Velocidade Incompatível,Colisão traseira,Com Vítimas Feridas,Pleno dia,Crescente,Céu Claro,Dupla,Reta,Sim,2.0,0.0,1.0,0.0,1.0,0.0,1.0,2.0,"-7,1693","-34,8782",SPRF-PB,DEL01-PB,UOP01-DEL01-PB
575140,2024-01-16,terça-feira,15:30:00,TO,153.0,129,WANDERLANDIA,Ultrapassagem Indevida,Colisão frontal,Com Vítimas Feridas,Pleno dia,Decrescente,Céu Claro,Simples,Reta,Não,6.0,0.0,1.0,0.0,2.0,3.0,1.0,5.0,"-7,09135326","-48,16831112",SPRF-TO,DEL02-TO,UOP01-DEL02-TO
575146,2024-01-16,terça-feira,17:00:00,SC,101.0,89,BARRA VELHA,Ausência de reação do condutor,Colisão traseira,Com Vítimas Feridas,Pleno dia,Decrescente,Nublado,Dupla,Reta,Sim,3.0,0.0,1.0,1.0,1.0,0.0,2.0,2.0,"-26,65175997","-48,68721921",SPRF-SC,DEL03-SC,UOP02-DEL03-SC
575147,2024-01-16,terça-feira,17:40:00,ES,101.0,241,SERRA,Condutor deixou de manter distância do veículo da frente,Colisão traseira,Com Vítimas Feridas,Anoitecer,Crescente,Céu Claro,Dupla,Aclive,Não,2.0,0.0,0.0,1.0,0.0,1.0,1.0,2.0,"-20,02389596","-40,39998096",SPRF-ES,DEL02-ES,UOP01-DEL02-ES
575148,2024-01-16,terça-feira,09:30:00,PA,308.0,193,BRAGANCA,Reação tardia ou ineficiente do condutor,Saída de leito carroçável,Com Vítimas Feridas,Pleno dia,Crescente,Céu Claro,Simples,Reta,Não,2.0,0.0,1.0,0.0,0.0,2.0,1.0,3.0,"-1,07541058","-46,85633484",SPRF-PA,DEL01-PA,UOP03-DEL01-PA
575154,2024-01-16,terça-feira,18:15:00,PR,376.0,185,SARANDI,Ausência de reação do condutor,Colisão lateral mesmo sentido,Com Vítimas Feridas,Pleno dia,Crescente,Céu Claro,Dupla,Reta,Sim,6.0,0.0,1.0,0.0,3.0,4.0,1.0,7.0,"-23,45147413","-51,85361808",SPRF-PR,DEL09-PR,UOP01-DEL09-PR
575156,2024-01-16,terça-feira,18:45:00,BA,324.0,614,SALVADOR,Ultrapassagem Indevida,Colisão frontal,Com Vítimas Fatais,Plena Noite,Decrescente,Céu Claro,Dupla,Reta,Sim,2.0,1.0,0.0,0.0,1.0,0.0,0.0,2.0,"-12,87305463","-38,42778509",SPRF-BA,DEL01-BA,UOP01-DEL01-BA
575157,2024-01-16,terça-feira,13:00:00,RS,287.0,350,JAGUARI,Velocidade Incompatível,Saída de leito carroçável,Com Vítimas Feridas,Pleno dia,Decrescente,Nublado,Simples,Interseção de Vias;Declive,Sim,1.0,0.0,0.0,1.0,0.0,0.0,1.0,1.0,"-29,51133302","-54,67711984",SPRF-RS,DEL12-RS,UOP02-DEL12-RS
575159,2024-01-16,terça-feira,17:00:00,PB,230.0,360,MALTA,Transitar na contramão,Colisão frontal,Com Vítimas Feridas,Pleno dia,Decrescente,Céu Claro,Simples,Declive,Não,3.0,0.0,2.0,0.0,1.0,0.0,2.0,2.0,"-6,9172","-37,4635",SPRF-PB,DEL03-PB,UOP02-DEL03-PB
575162,2024-01-16,terça-feira,17:00:00,RJ,101.0,205,CASIMIRO DE ABREU,Conversão proibida,Colisão transversal,Com Vítimas Feridas,Anoitecer,Crescente,Céu Claro,Simples,Reta,Não,2.0,0.0,1.0,0.0,1.0,0.0,1.0,2.0,"-22,475714","-42,19184",SPRF-RJ,DEL08-RJ,UOP04-DEL08-RJ
575164,2024-01-16,terça-feira,19:20:00,SP,116.0,396,MIRACATU,Demais falhas mecânicas ou elétricas,Incêndio,Sem Vítimas,Plena Noite,Decrescente,Céu Claro,Dupla,Reta,Não,2.0,0.0,0.0,0.0,1.0,1.0,0.0,2.0,"-24,29194738","-47,46959192",SPRF-SP,DEL04-SP,UOP02-DEL04-SP
575171,2024-01-16,terça-feira,19:00:00,PR,373.0,217,IMBITUVA,Carga excessiva e/ou mal acondicionada,Colisão com objeto,Sem Vítimas,Plena Noite,Crescente,Céu Claro,Múltipla,Em Obras;Reta,Não,3.0,0.0,0.0,0.0,2.0,1.0,0.0,2.0,"-25,15942947","-50,55152074",SPRF-PR,DEL03-PR,UOP01-DEL03-PR
575175,2024-01-16,terça-feira,20:00:00,CE,20.0,400,CAUCAIA,Suicídio (presumido),Colisão frontal,Com Vítimas Feridas,Plena Noite,Crescente,Céu Claro,Simples,Reta,Não,2.0,0.0,1.0,0.0,1.0,0.0,1.0,2.0,"-3,79855422","-38,71579485",SPRF-CE,DEL01-CE,UOP01-DEL01-CE
575176,2024-01-16,terça-feira,21:30:00,SP,116.0,228,SAO PAULO,Ausência de reação do condutor,Colisão traseira,Com Vítimas Feridas,Plena Noite,Crescente,Nublado,Múltipla,Reta,Sim,3.0,0.0,1.0,0.0,2.0,0.0,1.0,3.0,"-23,50343484","-46,56638712",SPRF-SP,DEL01-SP,UOP01-DEL01-SP
575177,2024-01-16,terça-feira,17:30:00,PI,316.0,42,LAGOA DO PIAUI,Mal súbito do condutor,Colisão frontal,Com Vítimas Fatais,Anoitecer,Decrescente,Céu Claro,Simples,Curva,Não,2.0,1.0,0.0,0.0,1.0,0.0,0.0,2.0,"-5,41952403","-42,64045707",SPRF-PI,DEL01-PI,UOP02-DEL01-PI
575178,2024-01-16,terça-feira,13:45:00,MG,262.0,"479,8",BOM DESPACHO,Reação tardia ou ineficiente do condutor,Colisão frontal,Com Vítimas Feridas,Pleno dia,Crescente,Sol,Simples,Reta;Declive,Sim,2.0,0.0,1.0,0.0,1.0,0.0,1.0,2.0,"-19,78628062","-45,23887303",SPRF-MG,DEL08-MG,UOP03-DEL08-MG
575180,2024-01-16,terça-feira,14:53:00,BA,242.0,491,OLIVEIRA DOS BREJINHOS,Velocidade Incompatível,Saída de leito carroçável,Com Vítimas Feridas,Pleno dia,Crescente,Céu Claro,Simples,Curva;Declive,Não,1.0,0.0,0.0,1.0,0.0,0.0,1.0,1.0,"-12,40158974","-42,37914499",SPRF-BA,DEL06-BA,UOP01-DEL06-BA
575184,2024-01-16,terça-feira,20:30:00,PR,277.0,"513,5",GUARANIACU,Reação tardia ou ineficiente do condutor,Colisão transversal,Com Vítimas Feridas,Plena Noite,Decrescente,Céu Claro,Simples,Reta,Não,2.0,0.0,0.0,1.0,1.0,0.0,1.0,2.0,"-25,12147286","-52,785734",SPRF-PR,DEL04-PR,UOP04-DEL04-PR
575187,2024-01-16,terça-feira,20:05:00,SC,470.0,7,NAVEGANTES,Acessar a via sem observar a presença dos outros veículos,Colisão transversal,Com Vítimas Feridas,Plena Noite,Decrescente,Nublado,Simples,Viaduto,Sim,3.0,0.0,0.0,1.0,1.0,4.0,1.0,6.0,"-26,84499","-48,71505",SPRF-SC,DEL04-SC,UOP04-DEL04-SC
575199,2024-01-16,terça-feira,23:30:00,PR,277.0,128,CAMPO LARGO,Condutor Dormindo,Colisão traseira,Com Vítimas Feridas,Plena Noite,Decrescente,Céu Claro,Dupla,Reta,Não,3.0,0.0,1.0,0.0,1.0,1.0,1.0,3.0,"-25,44518045","-49,4985659",SPRF-PR,DEL03-PR,UOP03-DEL03-PR
575207,2024-01-17,quarta-feira,00:15:00,SC,282.0,134,BOM RETIRO,Transitar na contramão,Colisão frontal,Com Vítimas Feridas,Plena Noite,Decrescente,Nublado,Simples,Reta,Não,6.0,0.0,2.0,0.0,3.0,1.0,2.0,3.0,"-27,813074","-49,540077",SPRF-SC,DEL05-SC,UOP01-DEL05-SC
575208,2024-01-12,sexta-feira,12:00:00,TO,153.0,128,WANDERLANDIA,Ultrapassagem Indevida,Colisão lateral mesmo sentido,Sem Vítimas,Pleno dia,Crescente,Céu Claro,Simples,Reta;Declive,Não,2.0,0.0,0.0,0.0,2.0,0.0,0.0,2.0,"-7,08522898","-48,15467901",SPRF-TO,DEL02-TO,UOP01-DEL02-TO
575210,2024-01-17,quarta-feira,05:20:00,SC,101.0,"207,8",SAO JOSE,Reação tardia ou ineficiente do condutor,Colisão traseira,Com Vítimas Feridas,Amanhecer,Crescente,Chuva,Múltipla,Reta,Sim,5.0,0.0,3.0,0.0,1.0,2.0,3.0,4.0,"-27,60001226","-48,6226467",SPRF-SC,DEL01-SC,UOP01-DEL01-SC
575217,2024-01-16,terça-feira,23:40:00,MA,222.0,670,ACAILANDIA,Manobra de mudança de faixa,Colisão frontal,Com Vítimas Fatais,Plena Noite,Decrescente,Céu Claro,Simples,Reta,Não,2.0,1.0,0.0,0.0,1.0,0.0,0.0,2.0,"-4,936465","-47,457562",SPRF-MA,DEL04-MA,UOP03-DEL04-MA
575222,2024-01-17,quarta-feira,06:20:00,PB,101.0,"86,2",JOAO PESSOA,Manobra de mudança de faixa,Colisão lateral mesmo sentido,Com Vítimas Feridas,Pleno dia,Decrescente,Céu Claro,Dupla,Curva,Sim,3.0,0.0,1.0,0.0,1.0,1.0,1.0,3.0,"-7,15118983","-34,91012184",SPRF-PB,DEL01-PB,UOP01-DEL01-PB
575225,2024-01-17,quarta-feira,02:50:00,AL,101.0,"14,6",NOVO LINO,Curva acentuada,Tombamento,Sem Vítimas,Plena Noite,Decrescente,Céu Claro,Dupla,Curva,Não,2.0,0.0,0.0,0.0,1.0,3.0,0.0,4.0,"-8,98160808","-35,67369277",SPRF-AL,DEL01-AL,UOP02-DEL01-AL
575229,2024-01-16,terça-feira,09:30:00,RJ,116.0,220,PIRAI,Velocidade Incompatível,Tombamento,Com Vítimas Feridas,Pleno dia,Crescente,Céu Claro,Simples,Curva,Não,2.0,0.0,1.0,0.0,0.0,1.0,1.0,2.0,"-22,69305776","-43,77362606",SPRF-RJ,DEL06-RJ,UOP02-DEL06-RJ
575231,2024-01-17,quarta-feira,07:40:00,SC,101.0,212,PALHOCA,Trafegar com motocicleta (ou similar) entre as faixas,Colisão lateral mesmo sentido,Com Vítimas Feridas,Pleno dia,Decrescente,Nublado,Múltipla,Reta,Sim,3.0,0.0,0.0,1.0,1.0,1.0,1.0,3.0,"-27,62996929","-48,65903871",SPRF-SC,DEL01-SC,UOP02-DEL01-SC
575248,2024-01-14,domingo,05:50:00,SC,101.0,93,BALNEARIO PICARRAS,Ausência de reação do condutor,Colisão frontal,Com Vítimas Feridas,Pleno dia,Decrescente,Céu Claro,Dupla,Reta,Não,2.0,0.0,0.0,1.0,1.0,0.0,1.0,2.0,"-26,6899011","-48,69663873",SPRF-SC,DEL03-SC,UOP02-DEL03-SC
575249,2024-01-17,quarta-feira,08:20:00,PR,277.0,"124,5",BALSA NOVA,Reação tardia ou ineficiente do condutor,Colisão traseira,Com Vítimas Feridas,Pleno dia,Decrescente,Nublado,Dupla,Interseção de Vias;Rotatória;Declive,Não,4.0,0.0,1.0,0.0,2.0,1.0,1.0,3.0,"-25,467404","-49,594445",SPRF-PR,DEL03-PR,UOP03-DEL03-PR
575255,2024-01-17,quarta-feira,09:10:00,PR,376.0,"202,7",MANDAGUARI,Demais falhas mecânicas ou elétricas,Saída de leito carroçável,Com Vítimas Feridas,Pleno dia,Decrescente,Sol,Múltipla,Reta;Declive,Não,2.0,0.0,1.0,0.0,0.0,3.0,1.0,4.0,"-23,5088647","-51,72232389",SPRF-PR,DEL09-PR,UOP01-DEL09-PR
575259,2024-01-17,quarta-feira,06:05:00,PR,376.0,131,NOVA ESPERANCA,Reação tardia ou ineficiente do condutor,Saída de leito carroçável,Com Vítimas Feridas,Pleno dia,Crescente,Céu Claro,Dupla,Reta;Declive,Não,1.0,0.0,1.0,0.0,0.0,0.0,1.0,1.0,"-23,17841393","-52,22515697",SPRF-PR,DEL09-PR,UOP02-DEL09-PR
575263,2024-01-17,quarta-feira,10:40:00,BA,101.0,737,ITABELA,Curva acentuada,Colisão lateral sentido oposto,Com Vítimas Feridas,Pleno dia,Decrescente,Sol,Simples,Curva,Não,3.0,0.0,0.0,1.0,1.0,1.0,1.0,3.0,"-16,51482857","-39,57733155",SPRF-BA,DEL09-BA,UOP01-DEL09-BA
575264,2024-01-17,quarta-feira,10:10:00,GO,50.0,99,CRISTALINA,Acessar a via sem observar a presença dos outros veículos,Colisão transversal,Com Vítimas Feridas,Pleno dia,Crescente,Céu Claro,Dupla,Reta;Em Obras,Sim,2.0,0.0,1.0,0.0,1.0,0.0,1.0,2.0,"-16,77530238","-47,62354743",SPRF-DF,DEL01-DF,UOP02-DEL01-DF
575274,2024-01-17,quarta-feira,09:55:00,PR,153.0,"481,5",PORTO VITORIA,Ultrapassagem Indevida,Colisão lateral sentido oposto,Com Vítimas Feridas,Pleno dia,Decrescente,Chuva,Simples,Reta,Não,7.0,0.0,3.0,0.0,3.0,1.0,3.0,4.0,"-26,36639","-51,25867",SPRF-PR,DEL02-PR,UOP03-DEL02-PR
575277,2024-01-06,sábado,06:10:00,CE,116.0,329,JAGUARIBE,Transitar na contramão,Colisão frontal,Com Vítimas Fatais,Pleno dia,Crescente,Céu Claro,Simples,Reta,Não,3.0,1.0,1.0,0.0,0.0,1.0,1.0,3.0,"-6,06670189","-38,65279927",SPRF-CE,DEL05-CE,UOP02-DEL05-CE
575280,2024-01-17,quarta-feira,12:10:00,MG,40.0,"618,5",CONGONHAS,Conversão proibida,Colisão transversal,Sem Vítimas,Pleno dia,Crescente,Céu Claro,Simples,Interseção de Vias;Reta,Não,3.0,0.0,0.0,0.0,2.0,1.0,0.0,3.0,"-20,5615888","-43,81227278",SPRF-MG,DEL05-MG,UOP02-DEL05-MG
575289,2024-01-17,quarta-feira,12:45:00,PR,376.0,"236,9",APUCARANA,Velocidade Incompatível,Tombamento,Com Vítimas Feridas,Pleno dia,Decrescente,Nublado,Dupla,Curva;Viaduto,Sim,2.0,0.0,1.0,0.0,0.0,2.0,1.0,3.0,"-23,587315","-51,479771",SPRF-PR,DEL07-PR,UOP03-DEL07-PR
575290,2024-01-17,quarta-feira,10:20:00,RO,364.0,"256,6",CACOAL,Velocidade Incompatível,Colisão traseira,Com Vítimas Feridas,Pleno dia,Crescente,Chuva,Simples,Reta;Declive,Não,3.0,0.0,1.0,0.0,1.0,4.0,1.0,6.0,"-11,43557706","-61,615763",SPRF-RO,DEL02-RO,UOP02-DEL02-RO
575293,2024-01-17,quarta-feira,11:30:00,SC,153.0,112,CONCORDIA,Acessar a via sem observar a presença dos outros veículos,Colisão transversal,Com Vítimas Feridas,Pleno dia,Decrescente,Chuva,Simples,Reta,Não,2.0,0.0,1.0,0.0,1.0,0.0,1.0,2.0,"-27,327526","-51,979298",SPRF-SC,DEL07-SC,UOP04-DEL07-SC
575294,2024-01-17,quarta-feira,10:37:00,BA,101.0,109,ALAGOINHAS,Condutor deixou de manter distância do veículo da frente,Colisão traseira,Com Vítimas Feridas,Pleno dia,Decrescente,Céu Claro,Simples,Reta,Sim,4.0,0.0,0.0,1.0,2.0,2.0,1.0,5.0,"-12,16492","-38,477026",SPRF-BA,DEL01-BA,UOP04-DEL01-BA
575299,2024-01-17,quarta-feira,14:40:00,GO,452.0,134,ITUMBIARA,Condutor deixou de manter distância do veículo da frente,Colisão traseira,Com Vítimas Feridas,Pleno dia,Decrescente,Garoa/Chuvisco,Simples,Reta,Sim,3.0,0.0,1.0,0.0,1.0,3.0,1.0,5.0,"-18,24113336","-49,70845327",SPRF-GO,DEL03-GO,UOP02-DEL03-GO
575314,2024-01-17,quarta-feira,14:40:00,PR,163.0,134,CAPITAO LEONIDAS MARQUES,Ausência de reação do condutor,Colisão traseira,Com Vítimas Feridas,Pleno dia,Decrescente,Nublado,Dupla,Declive;Reta,Não,3.0,0.0,0.0,1.0,1.0,1.0,1.0,3.0,"-25,546616","-53,59186798",SPRF-PR,DEL05-PR,UOP05-DEL05-PR
575317,2024-01-17,quarta-feira,15:48:00,RN,101.0,"83,7",NATAL,Reação tardia ou ineficiente do condutor,Colisão traseira,Com Vítimas Feridas,Pleno dia,Decrescente,Céu Claro,Dupla,Reta,Sim,2.0,0.0,0.0,1.0,1.0,0.0,1.0,2.0,"-5,77313486","-35,2605021",SPRF-RN,DEL02-RN,UOP01-DEL02-RN
575318,2024-01-17,quarta-feira,15:35:00,BA,324.0,"616,8",SALVADOR,Acessar a via sem observar a presença dos outros veículos,Colisão transversal,Com Vítimas Fatais,Pleno dia,Decrescente,Céu Claro,Múltipla,Reta,Sim,3.0,1.0,0.0,0.0,1.0,2.0,0.0,4.0,"-12,87957905","-38,43213893",SPRF-BA,DEL01-BA,UOP01-DEL01-BA
575324,2024-01-17,quarta-feira,12:49:00,PE,423.0,170,AGUAS BELAS,Transitar na contramão,Colisão lateral sentido oposto,Com Vítimas Feridas,Pleno dia,Decrescente,Céu Claro,Simples,Reta,Não,3.0,0.0,0.0,1.0,1.0,2.0,1.0,4.0,"-9,12796232","-37,05114797",SPRF-AL,DEL03-AL,UOP02-DEL03-AL
575326,2024-01-17,quarta-feira,14:50:00,MS,267.0,147,NOVA ANDRADINA,Ausência de reação do condutor,Capotamento,Com Vítimas Fatais,Pleno dia,Decrescente,Céu Claro,Simples,Reta,Não,6.0,1.0,0.0,3.0,1.0,1.0,3.0,3.0,"-21,65659582","-53,4462169",SPRF-MS,DEL02-MS,UOP03-DEL02-MS
575327,2024-01-17,quarta-feira,16:20:00,PR,277.0,"670,5",MEDIANEIRA,Transitar na contramão,Colisão frontal,Com Vítimas Feridas,Pleno dia,Decrescente,Nublado,Dupla,Reta,Sim,3.0,0.0,0.0,1.0,1.0,1.0,1.0,3.0,"-25,28037085","-54,07911108",SPRF-PR,DEL05-PR,UOP02-DEL05-PR
575328,2024-01-17,quarta-feira,17:00:00,MG,381.0,514,IGARAPE,Ausência de reação do condutor,Colisão traseira,Com Vítimas Feridas,Pleno dia,Decrescente,Céu Claro,Dupla,Reta;Declive,Não,11.0,0.0,7.0,1.0,3.0,0.0,8.0,3.0,"-20,1065028","-44,32327616",SPRF-MG,DEL01-MG,UOP03-DEL01-MG
575330,2024-01-17,quarta-feira,16:20:00,SP,116.0,311,SAO LOURENCO DA SERRA,Ausência de reação do condutor,Colisão lateral mesmo sentido,Com Vítimas Feridas,Pleno dia,Crescente,Céu Claro,Dupla,Reta;Declive,Não,7.0,0.0,1.0,0.0,5.0,5.0,1.0,10.0,"-23,87725502","-46,96775798",SPRF-SP,DEL04-SP,UOP01-DEL04-SP
575334,2024-01-17,quarta-feira,16:25:00,MG,116.0,410,GOVERNADOR VALADARES,Condutor deixou de manter distância do veículo da frente,Colisão traseira,Com Vítimas Feridas,Pleno dia,Crescente,Sol,Dupla,Reta,Sim,2.0,0.0,1.0,0.0,1.0,0.0,1.0,2.0,"-18,855625","-41,975623",SPRF-MG,DEL06-MG,UOP01-DEL06-MG
575335,2024-01-17,quarta-feira,16:00:00,MS,163.0,"451,5",CAMPO GRANDE,Ausência de reação do condutor,Tombamento,Com Vítimas Feridas,Pleno dia,Crescente,Nublado,Simples,Declive;Reta,Não,3.0,0.0,1.0,0.0,1.0,2.0,1.0,3.0,"-20,71284752","-54,54527378",SPRF-MS,DEL01-MS,UOP01-DEL01-MS
575339,2024-01-17,quarta-feira,15:50:00,RJ,40.0,"67,9",PETROPOLIS,Carga excessiva e/ou mal acondicionada,Tombamento,Com Vítimas Feridas,Pleno dia,Decrescente,Nublado,Dupla,Curva,Sim,2.0,0.0,1.0,0.0,0.0,1.0,1.0,2.0,"-22,43674775","-43,1756712",SPRF-RJ,DEL05-RJ,UOP02-DEL05-RJ
575340,2024-01-17,quarta-feira,16:10:00,PR,277.0,"484,2",NOVA LARANJEIRAS,Carga excessiva e/ou mal acondicionada,Tombamento,Com Vítimas Feridas,Pleno dia,Crescente,Céu Claro,Simples,Aclive;Curva,Não,3.0,0.0,0.0,1.0,1.0,3.0,1.0,5.0,"-25,27011524","-52,61299706",SPRF-PR,DEL04-PR,UOP02-DEL04-PR
575343,2024-01-17,quarta-feira,09:30:00,SC,470.0,"114,4",IBIRAMA,Ultrapassagem Indevida,Colisão frontal,Com Vítimas Feridas,Pleno dia,Decrescente,Nublado,Simples,Curva,Não,3.0,0.0,1.0,0.0,1.0,1.0,1.0,3.0,"-27,086386","-49,478001",SPRF-SC,DEL04-SC,UOP02-DEL04-SC
575344,2024-01-17,quarta-feira,16:10:00,MG,116.0,"665,4",SAO FRANCISCO DO GLORIA,Condutor deixou de manter distância do veículo da frente,Colisão traseira,Com Vítimas Feridas,Pleno dia,Crescente,Sol,Simples,Reta,Não,2.0,0.0,1.0,0.0,1.0,0.0,1.0,2.0,"-20,82713698","-42,32223579",SPRF-MG,DEL07-MG,UOP02-DEL07-MG
575351,2024-01-17,quarta-feira,16:30:00,MT,163.0,118,RONDONOPOLIS,Reação tardia ou ineficiente do condutor,Colisão traseira,Sem Vítimas,Pleno dia,Crescente,Céu Claro,Dupla,Reta,Sim,3.0,0.0,0.0,0.0,2.0,1.0,0.0,3.0,"-16,51361392","-54,65519619",SPRF-MT,DEL02-MT,UOP01-DEL02-MT
575352,2024-01-17,quarta-feira,17:20:00,BA,324.0,"550,5",AMELIA RODRIGUES,Acessar a via sem observar a presença dos outros veículos,Colisão lateral mesmo sentido,Sem Vítimas,Anoitecer,Decrescente,Céu Claro,Dupla,Reta,Não,5.0,0.0,0.0,0.0,4.0,1.0,0.0,3.0,"-12,43832718","-38,72506515",SPRF-BA,DEL01-BA,UOP03-DEL01-BA
575367,2024-01-17,quarta-feira,13:30:00,MT,174.0,265,VALE DE SAO DOMINGOS,Transitar na contramão,Colisão frontal,Com Vítimas Feridas,Pleno dia,Decrescente,Céu Claro,Simples,Curva;Declive,Não,6.0,0.0,1.0,1.0,2.0,2.0,2.0,4.0,"-15,387301","-59,1641",SPRF-MT,DEL04-MT,UOP01-DEL04-MT
575368,2024-01-17,quarta-feira,18:35:00,PR,153.0,"82,4",CONSELHEIRO MAIRINCK,Acessar a via sem observar a presença dos outros veículos,Colisão frontal,Com Vítimas Feridas,Pleno dia,Crescente,Céu Claro,Simples,Reta,Não,5.0,0.0,0.0,2.0,3.0,0.0,2.0,3.0,"-23,62499418","-50,147717",SPRF-PR,DEL07-PR,UOP04-DEL07-PR
575370,2024-01-17,quarta-feira,18:20:00,ES,101.0,"102,3",SOORETAMA,Condutor deixou de manter distância do veículo da frente,Colisão traseira,Com Vítimas Feridas,Anoitecer,Crescente,Céu Claro,Simples,Aclive;Reta,Não,5.0,0.0,2.0,0.0,2.0,1.0,2.0,3.0,"-18,99655669","-40,00319452",SPRF-ES,DEL04-ES,UOP01-DEL04-ES
575384,2024-01-17,quarta-feira,21:30:00,SP,116.0,205,ARUJA,Condutor deixou de manter distância do veículo da frente,Colisão traseira,Com Vítimas Feridas,Plena Noite,Decrescente,Céu Claro,Múltipla,Reta,Não,4.0,0.0,0.0,1.0,0.0,3.0,1.0,3.0,"-23,41475243","-46,36600788",SPRF-SP,DEL01-SP,UOP01-DEL01-SP
575388,2024-01-17,quarta-feira,19:45:00,BA,116.0,554,MILAGRES,Ultrapassagem Indevida,Colisão frontal,Com Vítimas Fatais,Plena Noite,Crescente,Céu Claro,Simples,Aclive;Reta,Não,10.0,5.0,0.0,0.0,1.0,5.0,0.0,5.0,"-12,90392626","-39,86139056",SPRF-BA,DEL03-BA,UOP02-DEL03-BA
575389,2024-01-17,quarta-feira,21:00:00,RS,287.0,343,SAO VICENTE DO SUL,Objeto estático sobre o leito carroçável,Colisão lateral mesmo sentido,Com Vítimas Feridas,Plena Noite,Decrescente,Nublado,Simples,Reta,Não,3.0,0.0,1.0,0.0,1.0,2.0,1.0,4.0,"-29,56983095","-54,68060641",SPRF-RS,DEL12-RS,UOP02-DEL12-RS