id,data_inversa,dia_semana,horario,uf,br,km,municipio,causa_acidente,tipo_acidente,classificacao_acidente,fase_dia,sentido_via,condicao_metereologica,tipo_pista,tracado_via,uso_solo,pessoas,mortos,feridos_leves,feridos_graves,ilesos,ignorados,feridos,veiculos,latitude,longitude,regional,delegacia,uop
576561,2024-01-23,terça-feira,00:00:00,MT,163.0,"570,5",NOBRES,Animais na Pista,Atropelamento de Animal,Sem Vítimas,Plena Noite,Decrescente,Chuva,Dupla,Retorno Regulamentado;Reta,Não,2.0,0.0,0.0,0.0,1.0,1.0,0.0,2.0,"-14,654","-56,294",SPRF-MT,DEL01-MT,UOP01-DEL01-MT
576562,2024-01-23,terça-feira,00:15:00,ES,101.0,"292,9",CARIACICA,Acumulo de água sobre o pavimento,Colisão com objeto,Sem Vítimas,Plena Noite,Decrescente,Chuva,Dupla,Reta,Sim,2.0,0.0,0.0,0.0,1.0,1.0,0.0,2.0,"-20,30650512","-40,39488717",SPRF-ES,DEL01-ES,UOP01-DEL01-ES
576563,2024-01-23,terça-feira,06:50:00,ES,101.0,"292,5",CARIACICA,Ausência de reação do condutor,Colisão traseira,Com Vítimas Feridas,Pleno dia,Crescente,Nublado,Dupla,Aclive;Reta,Sim,3.0,0.0,2.0,0.0,0.0,1.0,2.0,2.0,"-20,30580225","-40,39515138",SPRF-ES,DEL01-ES,UOP01-DEL01-ES
576566,2024-01-23,terça-feira,08:00:00,SC,101.0,"215,8",PALHOCA,Condutor deixou de manter distância do veículo da frente,Colisão traseira,Com Vítimas Feridas,Pleno dia,Decrescente,Nublado,Múltipla,Reta,Sim,2.0,0.0,0.0,1.0,1.0,0.0,1.0,2.0,"-27,65184843","-48,67604941",SPRF-SC,DEL01-SC,UOP02-DEL01-SC
576576,2024-01-23,terça-feira,07:40:00,RS,290.0,"13,9",SANTO ANTONIO DA PATRULHA,Condutor Dormindo,Colisão lateral mesmo sentido,Sem Vítimas,Pleno dia,Decrescente,Céu Claro,Dupla,Curva,Não,2.0,0.0,0.0,0.0,2.0,0.0,0.0,2.0,"-29,875334","-50,396614",SPRF-RS,DEL03-RS,UOP01-DEL03-RS
576578,2024-01-23,terça-feira,07:00:00,SC,282.0,64,RANCHO QUEIMADO,Chuva,Colisão frontal,Com Vítimas Fatais,Pleno dia,Crescente,Garoa/Chuvisco,Simples,Reta;Declive,Não,2.0,1.0,0.0,0.0,1.0,0.0,0.0,2.0,"-27,696323","-49,052456",SPRF-SC,DEL01-SC,UOP03-DEL01-SC
576587,2024-01-23,terça-feira,06:00:00,MG,262.0,157,SAO DOMINGOS DO PRATA,Demais falhas mecânicas ou elétricas,Derramamento de carga,Sem Vítimas,Amanhecer,Decrescente,Céu Claro,Simples,Curva;Declive,Não,4.0,0.0,0.0,0.0,3.0,3.0,0.0,5.0,"-19,96304722","-42,81017502",SPRF-MG,DEL03-MG,UOP03-DEL03-MG
576590,2024-01-23,terça-feira,09:10:00,SE,101.0,123,ITAPORANGA DAJUDA,Manobra de mudança de faixa,Colisão lateral mesmo sentido,Com Vítimas Feridas,Pleno dia,Decrescente,Céu Claro,Dupla,Aclive;Reta,Não,5.0,0.0,1.0,0.0,4.0,0.0,1.0,2.0,"-11,04643101","-37,36490103",SPRF-SE,DEL02-SE,UOP01-DEL02-SE
576595,2024-01-23,terça-feira,10:20:00,RJ,116.0,180,BELFORD ROXO,Manobra de mudança de faixa,Colisão traseira,Com Vítimas Feridas,Pleno dia,Crescente,Céu Claro,Dupla,Reta,Sim,2.0,0.0,1.0,0.0,1.0,0.0,1.0,2.0,"-22,7651616","-43,4154728",SPRF-RJ,DEL06-RJ,UOP01-DEL06-RJ
576597,2024-01-23,terça-feira,09:00:00,MT,364.0,205,RONDONOPOLIS,Problema com o freio,Eventos atípicos,Com Vítimas Feridas,Pleno dia,Crescente,Chuva,Dupla,Reta,Não,2.0,0.0,1.0,0.0,0.0,3.0,1.0,4.0,"-16,45928621","-54,66092345",SPRF-MT,DEL02-MT,UOP01-DEL02-MT
576600,2024-01-23,terça-feira,09:00:00,PR,376.0,55,GUAIRACA,Ausência de reação do condutor,Colisão lateral sentido oposto,Com Vítimas Feridas,Pleno dia,Crescente,Nublado,Simples,Reta;Declive,Não,5.0,0.0,2.0,0.0,2.0,2.0,2.0,5.0,"-22,91887641","-52,87661121",SPRF-PR,DEL09-PR,UOP02-DEL09-PR
576601,2024-01-23,terça-feira,10:34:00,SP,116.0,388,MIRACATU,Ausência de reação do condutor,Engavetamento,Sem Vítimas,Pleno dia,Decrescente,Chuva,Dupla,Reta,Não,3.0,0.0,0.0,0.0,3.0,0.0,0.0,3.0,"-24,26919492","-47,39740603",SPRF-SP,DEL04-SP,UOP02-DEL04-SP
576603,2024-01-07,domingo,23:15:00,BA,324.0,"385,9",GAVIAO,Transitar na contramão,Colisão frontal,Com Vítimas Fatais,Plena Noite,Crescente,Céu Claro,Simples,Reta;Declive,Não,32.0,23.0,0.0,9.0,0.0,0.0,9.0,2.0,"-11,48858977","-39,75706888",SPRF-BA,DEL04-BA,UOP02-DEL04-BA
576605,2024-01-23,terça-feira,10:40:00,PR,376.0,183,SARANDI,Ausência de reação do condutor,Colisão lateral mesmo sentido,Com Vítimas Feridas,Pleno dia,Crescente,Nublado,Múltipla,Em Obras;Reta,Sim,4.0,0.0,1.0,0.0,2.0,1.0,1.0,3.0,"-23,44159097","-51,87067398",SPRF-PR,DEL09-PR,UOP01-DEL09-PR
576606,2024-01-23,terça-feira,11:35:00,SP,116.0,299,ITAPECERICA DA SERRA,Reação tardia ou ineficiente do condutor,Colisão traseira,Com Vítimas Feridas,Pleno dia,Crescente,Chuva,Múltipla,Aclive;Reta,Não,5.0,0.0,2.0,0.0,2.0,2.0,2.0,4.0,"-23,7823995","-46,91522598",SPRF-SP,DEL04-SP,UOP01-DEL04-SP
576608,2024-01-23,terça-feira,10:15:00,PR,369.0,"405,1",MAMBORE,Manobra de mudança de faixa,Colisão lateral mesmo sentido,Com Vítimas Feridas,Pleno dia,Crescente,Nublado,Simples,Reta,Não,5.0,0.0,2.0,0.0,1.0,3.0,2.0,5.0,"-24,3318","-52,6589",SPRF-PR,DEL04-PR,UOP03-DEL04-PR
576613,2024-01-23,terça-feira,09:00:00,SC,101.0,"14,6",GARUVA,Condutor deixou de manter distância do veículo da frente,Saída de leito carroçável,Sem Vítimas,Pleno dia,Decrescente,Chuva,Dupla,Declive;Reta,Não,2.0,0.0,0.0,0.0,1.0,2.0,0.0,3.0,"-26,09803515","-48,86773972",SPRF-SC,DEL03-SC,UOP01-DEL03-SC
576618,2024-01-23,terça-feira,05:20:00,PA,230.0,1120,ITAITUBA,Manobra de mudança de faixa,Colisão lateral sentido oposto,Com Vítimas Feridas,Plena Noite,Crescente,Ignorado,Simples,Reta,Não,3.0,0.0,0.0,1.0,1.0,3.0,1.0,5.0,"-4,37059973","-55,83858313",SPRF-PA,DEL05-PA,UOP02-DEL05-PA
576625,2024-01-23,terça-feira,12:40:00,SP,116.0,360,MIRACATU,Demais falhas mecânicas ou elétricas,Incêndio,Sem Vítimas,Pleno dia,Decrescente,Chuva,Múltipla,Reta,Não,2.0,0.0,0.0,0.0,1.0,1.0,0.0,2.0,"-24,11248793","-47,26510606",SPRF-SP,DEL04-SP,UOP03-DEL04-SP
576630,2024-01-23,terça-feira,14:50:00,ES,101.0,148,LINHARES,Manobra de mudança de faixa,Colisão lateral mesmo sentido,Com Vítimas Feridas,Pleno dia,Crescente,Céu Claro,Simples,Reta,Sim,6.0,0.0,1.0,0.0,5.0,0.0,1.0,3.0,"-19,38787399","-40,06752766",SPRF-ES,DEL04-ES,UOP01-DEL04-ES
576632,2024-01-23,terça-feira,11:19:00,MG,262.0,"615,8",IBIA,Ausência de reação do condutor,Saída de leito carroçável,Com Vítimas Feridas,Pleno dia,Decrescente,Céu Claro,Simples,Reta;Aclive,Não,2.0,0.0,0.0,1.0,0.0,2.0,1.0,3.0,"-19,58551007","-46,32494606",SPRF-MG,DEL08-MG,UOP02-DEL08-MG
576634,2024-01-23,terça-feira,15:10:00,SP,116.0,222,GUARULHOS,Manobra de mudança de faixa,Colisão lateral mesmo sentido,Com Vítimas Feridas,Pleno dia,Crescente,Chuva,Múltipla,Reta,Sim,2.0,0.0,1.0,0.0,1.0,0.0,1.0,2.0,"-23,47093408","-46,51631097",SPRF-SP,DEL01-SP,UOP01-DEL01-SP
576637,2024-01-23,terça-feira,14:00:00,PR,376.0,527,PONTA GROSSA,Ausência de reação do condutor,Saída de leito carroçável,Com Vítimas Feridas,Pleno dia,Crescente,Garoa/Chuvisco,Dupla,Reta;Declive,Não,2.0,0.0,1.0,0.0,1.0,0.0,1.0,1.0,"-25,278903","-49,920932",SPRF-PR,DEL03-PR,UOP04-DEL03-PR
576638,2024-01-23,terça-feira,14:00:00,SC,101.0,149,ITAPEMA,Ausência de reação do condutor,Colisão traseira,Com Vítimas Feridas,Pleno dia,Decrescente,Nublado,Dupla,Reta,Sim,3.0,0.0,0.0,1.0,2.0,0.0,1.0,2.0,"-27,1089649","-48,61277586",SPRF-SC,DEL04-SC,UOP03-DEL04-SC
576640,2024-01-23,terça-feira,11:10:00,MG,262.0,"620,8",IBIA,Velocidade Incompatível,Capotamento,Com Vítimas Feridas,Pleno dia,Crescente,Céu Claro,Simples,Curva,Não,1.0,0.0,0.0,1.0,0.0,0.0,1.0,1.0,"-19,5840516","-46,40075684",SPRF-MG,DEL08-MG,UOP02-DEL08-MG
576641,2024-01-23,terça-feira,13:51:00,MT,163.0,"76,6",RONDONOPOLIS,Problema na suspensão,Tombamento,Com Vítimas Feridas,Pleno dia,Crescente,Céu Claro,Dupla,Curva;Aclive;Viaduto,Não,1.0,0.0,1.0,0.0,0.0,0.0,1.0,1.0,"-16,85115987","-54,70475037",SPRF-MT,DEL02-MT,UOP03-DEL02-MT
576645,2024-01-15,segunda-feira,15:26:00,MT,364.0,493,JANGADA,Ultrapassagem Indevida,Colisão frontal,Com Vítimas Feridas,Pleno dia,Crescente,Céu Claro,Simples,Reta,Sim,4.0,0.0,1.0,0.0,2.0,5.0,1.0,8.0,"-15,30106797","-56,43607915",SPRF-MT,DEL01-MT,UOP01-DEL01-MT
576648,2024-01-23,terça-feira,11:00:00,GO,452.0,"176,8",ITUMBIARA,Ausência de sinalização,Colisão lateral mesmo sentido,Com Vítimas Feridas,Pleno dia,Crescente,Céu Claro,Simples,Reta,Não,3.0,0.0,1.0,0.0,1.0,1.0,1.0,3.0,"-18,35517115","-49,38032508",SPRF-GO,DEL03-GO,UOP02-DEL03-GO
576657,2024-01-23,terça-feira,16:10:00,MG,381.0,"525,7",BRUMADINHO,Demais falhas mecânicas ou elétricas,Tombamento,Com Vítimas Feridas,Pleno dia,Crescente,Nublado,Dupla,Curva;Declive,Não,6.0,0.0,2.0,0.0,3.0,1.0,2.0,3.0,"-20,16710798","-44,33422398",SPRF-MG,DEL04-MG,UOP03-DEL04-MG
576665,2024-01-23,terça-feira,07:40:00,RS,392.0,204,SANTANA DA BOA VISTA,Transitar na contramão,Colisão frontal,Com Vítimas Fatais,Amanhecer,Decrescente,Céu Claro,Simples,Aclive;Curva,Não,3.0,2.0,0.0,0.0,0.0,4.0,0.0,6.0,"-30,85006125","-53,16776104",SPRF-RS,DEL09-RS,UOP02-DEL09-RS
576666,2024-01-23,terça-feira,10:30:00,RS,285.0,"74,3",BOM JESUS,Velocidade Incompatível,Tombamento,Sem Vítimas,Pleno dia,Crescente,Céu Claro,Simples,Curva,Não,2.0,0.0,0.0,0.0,1.0,2.0,0.0,3.0,"-28,635736","-50,54628",SPRF-RS,DEL05-RS,UOP03-DEL05-RS
576668,2024-01-23,terça-feira,15:00:00,PR,153.0,399,TIBAGI,Reação tardia ou ineficiente do condutor,Saída de leito carroçável,Sem Vítimas,Pleno dia,Crescente,Nublado,Dupla,Reta,Não,2.0,0.0,0.0,0.0,1.0,1.0,0.0,2.0,"-24,54576529","-50,69091007",SPRF-PR,DEL08-PR,UOP02-DEL08-PR
576670,2024-01-23,terça-feira,16:35:00,SC,101.0,"421,3",ARARANGUA,Problema na suspensão,Colisão lateral mesmo sentido,Com Vítimas Feridas,Pleno dia,Decrescente,Nublado,Dupla,Declive;Reta,Não,3.0,0.0,1.0,0.0,1.0,1.0,1.0,2.0,"-29,007157","-49,567217",SPRF-SC,DEL02-SC,UOP02-DEL02-SC
576673,2024-01-23,terça-feira,17:00:00,SC,282.0,"51,9",AGUAS MORNAS,Acumulo de água sobre o pavimento,Colisão frontal,Com Vítimas Feridas,Pleno dia,Crescente,Chuva,Simples,Curva;Declive,Não,3.0,0.0,0.0,1.0,1.0,1.0,1.0,3.0,"-27,703712","-48,959267",SPRF-SC,DEL01-SC,UOP03-DEL01-SC
576675,2024-01-23,terça-feira,16:45:00,BA,324.0,526,FEIRA DE SANTANA,Condutor deixou de manter distância do veículo da frente,Colisão traseira,Com Vítimas Feridas,Pleno dia,Decrescente,Chuva,Dupla,Reta,Não,4.0,0.0,1.0,0.0,3.0,0.0,1.0,3.0,"-12,30639712","-38,89051509",SPRF-BA,DEL01-BA,UOP03-DEL01-BA
576677,2024-01-23,terça-feira,16:15:00,PB,104.0,97,ESPERANCA,Velocidade Incompatível,Colisão lateral sentido oposto,Com Vítimas Feridas,Pleno dia,Crescente,Céu Claro,Simples,Reta,Sim,2.0,0.0,0.0,1.0,1.0,0.0,1.0,2.0,"-7,01994564","-35,85788662",SPRF-PB,DEL02-PB,UOP04-DEL02-PB
576682,2024-01-23,terça-feira,15:00:00,MG,116.0,99,MEDINA,Transitar na contramão,Colisão lateral sentido oposto,Com Vítimas Feridas,Pleno dia,Crescente,Céu Claro,Simples,Curva,Não,2.0,0.0,1.0,0.0,1.0,0.0,1.0,2.0,"-16,426161","-41,490856",SPRF-MG,DEL11-MG,UOP02-DEL11-MG
576683,2024-01-23,terça-feira,17:00:00,TO,153.0,405,MIRANORTE,Transitar na contramão,Colisão lateral sentido oposto,Com Vítimas Feridas,Pleno dia,Crescente,Céu Claro,Simples,Reta,Não,4.0,0.0,0.0,1.0,2.0,1.0,1.0,3.0,"-9,45445904","-48,57818379",SPRF-TO,DEL02-TO,UOP02-DEL02-TO
576684,2024-01-23,terça-feira,17:25:00,RJ,101.0,481,ANGRA DOS REIS,Transitar na contramão,Colisão frontal,Sem Vítimas,Pleno dia,Crescente,Chuva,Simples,Curva,Não,3.0,0.0,0.0,0.0,2.0,1.0,0.0,3.0,"-23,0120552","-44,28807735",SPRF-RJ,DEL03-RJ,UOP03-DEL03-RJ
576685,2024-01-23,terça-feira,17:34:00,PB,101.0,"89,9",JOAO PESSOA,Manobra de mudança de faixa,Colisão transversal,Com Vítimas Feridas,Anoitecer,Crescente,Céu Claro,Dupla,Retorno Regulamentado;Reta,Sim,2.0,0.0,1.0,0.0,1.0,0.0,1.0,2.0,"-7,17816256","-34,89989162",SPRF-PB,DEL01-PB,UOP02-DEL01-PB
576688,2024-01-23,terça-feira,16:40:00,PA,316.0,"69,1",CASTANHAL,Manobra de mudança de faixa,Colisão frontal,Com Vítimas Fatais,Pleno dia,Crescente,Chuva,Simples,Curva,Não,6.0,3.0,0.0,1.0,1.0,1.0,1.0,3.0,"-1,29277675","-47,87507708",SPRF-PA,DEL01-PA,UOP01-DEL01-PA
576690,2024-01-23,terça-feira,17:31:00,SP,116.0,286,ITAPECERICA DA SERRA,Condutor deixou de manter distância do veículo da frente,Colisão traseira,Sem Vítimas,Pleno dia,Decrescente,Chuva,Dupla,Reta,Sim,3.0,0.0,0.0,0.0,2.0,1.0,0.0,3.0,"-23,70925128","-46,87588966",SPRF-SP,DEL04-SP,UOP01-DEL04-SP
576691,2024-01-23,terça-feira,17:30:00,SP,116.0,362,MIRACATU,Ausência de reação do condutor,Tombamento,Com Vítimas Feridas,Pleno dia,Crescente,Chuva,Dupla,Declive;Curva,Não,2.0,0.0,0.0,1.0,0.0,1.0,1.0,2.0,"-24,1220177","-47,27047772",SPRF-SP,DEL04-SP,UOP03-DEL04-SP
576699,2024-01-23,terça-feira,13:40:00,PR,153.0,461,UNIAO DA VITORIA,Problema com o freio,Colisão frontal,Com Vítimas Feridas,Pleno dia,Crescente,Garoa/Chuvisco,Simples,Declive;Curva,Não,8.0,0.0,2.0,3.0,3.0,0.0,5.0,3.0,"-26,23663648","-51,15418777",SPRF-PR,DEL02-PR,UOP03-DEL02-PR
576711,2024-01-23,terça-feira,16:30:00,SC,282.0,111,ALFREDO WAGNER,Demais falhas mecânicas ou elétricas,Incêndio,Sem Vítimas,Pleno dia,Decrescente,Chuva,Simples,Reta,Sim,2.0,0.0,0.0,0.0,1.0,1.0,0.0,2.0,"-27,733616","-49,367538",SPRF-SC,DEL01-SC,UOP03-DEL01-SC
576713,2024-01-23,terça-feira,19:15:00,MG,381.0,918,CAMANDUCAIA,Reação tardia ou ineficiente do condutor,Saída de leito carroçável,Com Vítimas Feridas,Plena Noite,Decrescente,Chuva,Dupla,Declive;Reta,Não,3.0,0.0,1.0,0.0,0.0,2.0,1.0,3.0,"-22,7716591","-46,19193618",SPRF-MG,DEL16-MG,UOP03-DEL16-MG
576717,2024-01-23,terça-feira,19:20:00,MT,364.0,227,RONDONOPOLIS,Reação tardia ou ineficiente do condutor,Tombamento,Com Vítimas Feridas,Plena Noite,Crescente,Céu Claro,Dupla,Curva,Não,2.0,0.0,1.0,0.0,0.0,2.0,1.0,3.0,"-16,29044795","-54,76386888",SPRF-MT,DEL02-MT,UOP01-DEL02-MT
576723,2024-01-23,terça-feira,17:25:00,SC,116.0,59,PAPANDUVA,Acessar a via sem observar a presença dos outros veículos,Colisão transversal,Com Vítimas Feridas,Pleno dia,Crescente,Garoa/Chuvisco,Simples,Interseção de Vias;Reta,Não,4.0,0.0,0.0,1.0,2.0,1.0,1.0,4.0,"-26,37933149","-50,20775008",SPRF-SC,DEL06-SC,UOP02-DEL06-SC
576727,2024-01-23,terça-feira,21:50:00,RJ,101.0,"205,5",CASIMIRO DE ABREU,Ausência de reação do condutor,Colisão traseira,Com Vítimas Fatais,Plena Noite,Crescente,Chuva,Simples,Reta,Não,11.0,1.0,1.0,2.0,7.0,0.0,3.0,3.0,"-22,475714","-42,19184",SPRF-RJ,DEL08-RJ,UOP04-DEL08-RJ
576731,2024-01-23,terça-feira,22:25:00,PE,423.0,"89,2",GARANHUNS,Ausência de reação do condutor,Colisão traseira,Com Vítimas Fatais,Plena Noite,Crescente,Céu Claro,Simples,Reta,Não,2.0,1.0,0.0,0.0,0.0,1.0,0.0,2.0,"-8,83774896","-36,45604009",SPRF-PE,DEL03-PE,UOP01-DEL03-PE
576735,2024-01-23,terça-feira,18:30:00,MG,153.0,148,CAMPO FLORIDO,Reação tardia ou ineficiente do condutor,Tombamento,Sem Vítimas,Anoitecer,Crescente,Céu Claro,Simples,Interseção de Vias,Não,2.0,0.0,0.0,0.0,1.0,1.0,0.0,2.0,"-19,63284117","-48,85120975",SPRF-MG,DEL13-MG,UOP02-DEL13-MG
576737,2024-01-23,terça-feira,23:00:00,BA,116.0,473,RAFAEL JAMBEIRO,Condutor deixou de manter distância do veículo da frente,Colisão traseira,Com Vítimas Feridas,Plena Noite,Crescente,Garoa/Chuvisco,Dupla,Reta,Não,3.0,0.0,1.0,0.0,1.0,3.0,1.0,5.0,"-12,494239","-39,338784",SPRF-BA,DEL02-BA,UOP01-DEL02-BA
576740,2024-01-23,terça-feira,23:20:00,MG,116.0,"507,7",UBAPORANGA,Ingestão de álcool pelo condutor,Colisão lateral sentido oposto,Com Vítimas Feridas,Plena Noite,Crescente,Nublado,Simples,Reta,Sim,3.0,0.0,1.0,0.0,1.0,1.0,1.0,3.0,"-19,61953715","-42,10872923",SPRF-MG,DEL06-MG,UOP02-DEL06-MG
576745,2024-01-24,quarta-feira,04:10:00,SC,101.0,"121,7",ITAJAI,Demais falhas mecânicas ou elétricas,Colisão traseira,Com Vítimas Feridas,Plena Noite,Crescente,Garoa/Chuvisco,Múltipla,Reta,Não,3.0,0.0,1.0,0.0,1.0,2.0,1.0,4.0,"-26,92103178","-48,70856446",SPRF-SC,DEL04-SC,UOP04-DEL04-SC
576747,2024-01-24,quarta-feira,05:00:00,RS,392.0,61,PELOTAS,Reação tardia ou ineficiente do condutor,Tombamento,Com Vítimas Feridas,Amanhecer,Crescente,Céu Claro,Dupla,Curva,Não,2.0,0.0,1.0,0.0,0.0,1.0,1.0,2.0,"-31,78533692","-52,35536814",SPRF-RS,DEL07-RS,UOP01-DEL07-RS
576748,2024-01-24,quarta-feira,06:40:00,ES,101.0,"125,4",SOORETAMA,Conversão proibida,Colisão transversal,Com Vítimas Feridas,Pleno dia,Crescente,Chuva,Simples,Interseção de Vias;Curva,Sim,3.0,0.0,1.0,0.0,1.0,2.0,1.0,4.0,"-19,18496498","-40,09429827",SPRF-ES,DEL04-ES,UOP01-DEL04-ES
576749,2024-01-24,quarta-feira,02:10:00,SC,280.0,"46,6",GUARAMIRIM,Chuva,Saída de leito carroçável,Com Vítimas Feridas,Plena Noite,Crescente,Chuva,Simples,Declive;Reta;Em Obras,Não,2.0,0.0,1.0,0.0,0.0,1.0,1.0,2.0,"-26,453163","-48,914103",SPRF-SC,DEL03-SC,UOP03-DEL03-SC
576751,2024-01-24,quarta-feira,05:10:00,BA,116.0,908,CANDIDO SALES,Problema com o freio,Incêndio,Sem Vítimas,Amanhecer,Crescente,Garoa/Chuvisco,Simples,Reta,Sim,2.0,0.0,0.0,0.0,1.0,1.0,0.0,2.0,"-15,50312166","-41,2351889",SPRF-BA,DEL08-BA,UOP03-DEL08-BA
576753,2024-01-24,quarta-feira,07:17:00,SC,101.0,190,BIGUACU,Reação tardia ou ineficiente do condutor,Colisão traseira,Com Vítimas Feridas,Pleno dia,Decrescente,Nublado,Dupla,Reta,Não,2.0,0.0,1.0,0.0,1.0,0.0,1.0,2.0,"-27,468056","-48,641712",SPRF-SC,DEL01-SC,UOP01-DEL01-SC
576754,2024-01-24,quarta-feira,05:40:00,SP,116.0,31,CRUZEIRO,Ausência de reação do condutor,Colisão traseira,Sem Vítimas,Amanhecer,Crescente,Céu Claro,Múltipla,Reta;Aclive,Não,2.0,0.0,0.0,0.0,2.0,0.0,0.0,2.0,"-22,63966194","-44,93868903",SPRF-SP,DEL08-SP,UOP02-DEL08-SP
576757,2024-01-24,quarta-feira,08:00:00,RN,101.0,108,PARNAMIRIM,Condutor deixou de manter distância do veículo da frente,Colisão traseira,Com Vítimas Feridas,Pleno dia,Decrescente,Céu Claro,Dupla,Reta;Aclive;Viaduto,Sim,5.0,0.0,2.0,0.0,3.0,0.0,2.0,2.0,"-5,92825102","-35,26465683",SPRF-RN,DEL01-RN,UOP01-DEL01-RN
576758,2024-01-24,quarta-feira,07:40:00,PB,101.0,95,CONDE,Demais falhas mecânicas ou elétricas,Saída de leito carroçável,Com Vítimas Feridas,Pleno dia,Decrescente,Céu Claro,Dupla,Reta,Não,1.0,0.0,1.0,0.0,0.0,0.0,1.0,1.0,"-7,22379403","-34,91488195",SPRF-PB,DEL01-PB,UOP02-DEL01-PB
576761,2024-01-24,quarta-feira,06:00:00,RJ,116.0,"229,3",PIRAI,Velocidade Incompatível,Tombamento,Com Vítimas Feridas,Amanhecer,Decrescente,Nublado,Simples,Declive,Não,2.0,0.0,1.0,0.0,0.0,1.0,1.0,2.0,"-22,6768598","-43,83399439",SPRF-RJ,DEL07-RJ,UOP01-DEL07-RJ
576762,2024-01-24,quarta-feira,08:25:00,PB,101.0,88,JOAO PESSOA,Acessar a via sem observar a presença dos outros veículos,Colisão lateral mesmo sentido,Sem Vítimas,Pleno dia,Decrescente,Céu Claro,Dupla,Curva;Interseção de Vias,Sim,3.0,0.0,0.0,0.0,3.0,0.0,0.0,2.0,"-7,1710694","-34,89765372",SPRF-PB,DEL01-PB,UOP01-DEL01-PB
576773,2024-01-24,quarta-feira,09:50:00,SP,116.0,218,GUARULHOS,Ausência de reação do condutor,Engavetamento,Com Vítimas Feridas,Pleno dia,Crescente,Sol,Múltipla,Reta,Sim,5.0,0.0,1.0,0.0,3.0,1.0,1.0,5.0,"-23,457972","-46,479927",SPRF-SP,DEL01-SP,UOP01-DEL01-SP
576777,2024-01-24,quarta-feira,09:00:00,PR,277.0,450,LARANJEIRAS DO SUL,Ingestão de álcool pelo condutor,Colisão traseira,Com Vítimas Feridas,Pleno dia,Decrescente,Céu Claro,Simples,Reta;Aclive,Não,3.0,0.0,1.0,0.0,1.0,3.0,1.0,5.0,"-25,36762674","-52,35059397",SPRF-PR,DEL04-PR,UOP02-DEL04-PR
576780,2024-01-08,segunda-feira,12:15:00,PA,316.0,76,SAO FRANCISCO DO PARA,Ultrapassagem Indevida,Colisão frontal,Com Vítimas Fatais,Pleno dia,Decrescente,Nublado,Simples,Reta,Não,3.0,1.0,1.0,0.0,0.0,1.0,1.0,3.0,"-1,30223447","-47,80628622",SPRF-PA,DEL01-PA,UOP01-DEL01-PA
576783,2024-01-24,quarta-feira,09:05:00,RS,386.0,135,SARANDI,Condutor deixou de manter distância do veículo da frente,Saída de leito carroçável,Sem Vítimas,Pleno dia,Decrescente,Céu Claro,Simples,Curva,Não,2.0,0.0,0.0,0.0,1.0,1.0,0.0,2.0,"-27,96036","-52,91103",SPRF-RS,DEL08-RS,UOP01-DEL08-RS
576786,2024-01-24,quarta-feira,11:00:00,GO,153.0,"519,3",APARECIDA DE GOIANIA,Velocidade Incompatível,Colisão traseira,Com Vítimas Feridas,Pleno dia,Decrescente,Chuva,Dupla,Aclive;Reta,Não,4.0,0.0,1.0,1.0,1.0,1.0,2.0,3.0,"-16,8755","-49,2523",SPRF-GO,DEL01-GO,UOP03-DEL01-GO
576787,2024-01-24,quarta-feira,09:40:00,RJ,116.0,184,NOVA IGUACU,Velocidade Incompatível,Colisão traseira,Com Vítimas Feridas,Pleno dia,Decrescente,Garoa/Chuvisco,Dupla,Reta,Sim,2.0,0.0,1.0,0.0,1.0,0.0,1.0,2.0,"-22,74647215","-43,44594311",SPRF-RJ,DEL06-RJ,UOP01-DEL06-RJ
576790,2024-01-24,quarta-feira,10:30:00,PE,101.0,55,PAULISTA,Trafegar com motocicleta (ou similar) entre as faixas,Colisão lateral mesmo sentido,Com Vítimas Fatais,Pleno dia,Decrescente,Céu Claro,Dupla,Reta,Sim,3.0,1.0,0.0,0.0,1.0,1.0,0.0,3.0,"-7,94806621","-34,9062148",SPRF-PE,DEL01-PE,UOP02-DEL01-PE
576791,2024-01-24,quarta-feira,10:50:00,PR,277.0,"586,4",CASCAVEL,Acessar a via sem observar a presença dos outros veículos,Colisão transversal,Com Vítimas Feridas,Pleno dia,Crescente,Sol,Simples,Retorno Regulamentado;Reta;Interseção de Vias,Sim,5.0,0.0,2.0,0.0,2.0,1.0,2.0,3.0,"-24,9649472","-53,4210459",SPRF-PR,DEL04-PR,UOP01-DEL04-PR
576794,2024-01-24,quarta-feira,11:00:00,MT,364.0,178,PEDRA PRETA,Acessar a via sem observar a presença dos outros veículos,Colisão transversal,Com Vítimas Feridas,Pleno dia,Crescente,Céu Claro,Simples,Reta,Sim,4.0,0.0,1.0,0.0,3.0,0.0,1.0,2.0,"-16,60487698","-54,47377398",SPRF-MT,DEL02-MT,UOP01-DEL02-MT
576795,2024-01-10,quarta-feira,08:15:00,MT,364.0,32,ALTO ARAGUAIA,Demais falhas mecânicas ou elétricas,Incêndio,Sem Vítimas,Pleno dia,Decrescente,Nublado,Simples,Reta,Não,2.0,0.0,0.0,0.0,1.0,1.0,0.0,2.0,"-17,14412831","-53,42733021",SPRF-MT,DEL02-MT,UOP02-DEL02-MT