id,data_inversa,dia_semana,horario,uf,br,km,municipio,causa_acidente,tipo_acidente,classificacao_acidente,fase_dia,sentido_via,condicao_metereologica,tipo_pista,tracado_via,uso_solo,pessoas,mortos,feridos_leves,feridos_graves,ilesos,ignorados,feridos,veiculos,latitude,longitude,regional,delegacia,uop
576799,2024-01-24,quarta-feira,10:40:00,MT,174.0,307,PONTES E LACERDA,Velocidade Incompatível,Colisão lateral mesmo sentido,Com Vítimas Feridas,Pleno dia,Decrescente,Céu Claro,Simples,Reta,Não,5.0,0.0,1.0,0.0,4.0,0.0,1.0,2.0,"-15,07516701","-59,2958684",SPRF-MT,DEL04-MT,UOP01-DEL04-MT
576803,2024-01-24,quarta-feira,11:40:00,CE,222.0,278,FRECHEIRINHA,Condutor deixou de manter distância do veículo da frente,Colisão lateral mesmo sentido,Com Vítimas Feridas,Pleno dia,Crescente,Garoa/Chuvisco,Simples,Curva,Não,3.0,0.0,0.0,1.0,1.0,3.0,1.0,5.0,"-3,75925239","-40,80011108",SPRF-CE,DEL04-CE,UOP02-DEL04-CE
576816,2024-01-24,quarta-feira,06:15:00,MG,40.0,"130,2",JOAO PINHEIRO,Ausência de reação do condutor,Saída de leito carroçável,Com Vítimas Feridas,Pleno dia,Decrescente,Chuva,Simples,Reta,Sim,1.0,0.0,1.0,0.0,0.0,0.0,1.0,1.0,"-17,70612195","-46,28554299",SPRF-MG,DEL14-MG,UOP01-DEL14-MG
576818,2024-01-24,quarta-feira,12:55:00,SC,470.0,61,BLUMENAU,Velocidade Incompatível,Colisão frontal,Com Vítimas Feridas,Pleno dia,Crescente,Chuva,Simples,Reta,Não,4.0,0.0,0.0,2.0,1.0,1.0,2.0,3.0,"-26,87837034","-49,17541808",SPRF-SC,DEL04-SC,UOP01-DEL04-SC
576822,2024-01-24,quarta-feira,13:36:00,PR,116.0,"57,4",CAMPINA GRANDE DO SUL,Ausência de reação do condutor,Colisão com objeto,Com Vítimas Feridas,Pleno dia,Decrescente,Chuva,Dupla,Curva,Não,2.0,0.0,1.0,0.0,0.0,1.0,1.0,2.0,"-25,28847066","-48,9329365",SPRF-PR,DEL01-PR,UOP02-DEL01-PR
576827,2024-01-24,quarta-feira,08:30:00,PR,277.0,482,NOVA LARANJEIRAS,Demais falhas mecânicas ou elétricas,Tombamento,Sem Vítimas,Pleno dia,Decrescente,Nublado,Simples,Curva,Não,2.0,0.0,0.0,0.0,1.0,3.0,0.0,4.0,"-25,27437517","-52,59403497",SPRF-PR,DEL04-PR,UOP02-DEL04-PR
576837,2024-01-24,quarta-feira,09:15:00,AM,174.0,"982,9",RIO PRETO DA EVA,Carga excessiva e/ou mal acondicionada,Tombamento,Com Vítimas Feridas,Pleno dia,Crescente,Céu Claro,Simples,Curva;Declive,Não,3.0,0.0,2.0,0.0,0.0,1.0,2.0,2.0,"-2,11550492","-59,99098778",SPRF-AM,DEL01-AM,UOP02-DEL01-AM
576840,2024-01-24,quarta-feira,12:20:00,PR,163.0,53,PEROLA DOESTE,Velocidade Incompatível,Tombamento,Com Vítimas Feridas,Pleno dia,Crescente,Céu Claro,Simples,Declive;Curva,Não,2.0,0.0,1.0,0.0,0.0,2.0,1.0,3.0,"-25,95794198","-53,72316793",SPRF-PR,DEL02-PR,UOP02-DEL02-PR
576841,2024-01-24,quarta-feira,16:05:00,SP,381.0,"88,5",GUARULHOS,Reação tardia ou ineficiente do condutor,Colisão traseira,Com Vítimas Feridas,Pleno dia,Crescente,Nublado,Múltipla,Reta,Sim,3.0,0.0,1.0,0.0,1.0,1.0,1.0,3.0,"-23,48245","-46,56017",SPRF-SP,DEL03-SP,UOP01-DEL03-SP
576844,2024-01-24,quarta-feira,15:30:00,MG,381.0,346,BELA VISTA DE MINAS,Velocidade Incompatível,Colisão frontal,Com Vítimas Feridas,Pleno dia,Crescente,Chuva,Simples,Curva,Não,4.0,0.0,1.0,0.0,2.0,2.0,1.0,5.0,"-19,85740706","-43,12344309",SPRF-MG,DEL03-MG,UOP01-DEL03-MG
576848,2024-01-24,quarta-feira,16:40:00,RS,470.0,"194,2",BENTO GONCALVES,Transitar na contramão,Colisão frontal,Com Vítimas Feridas,Pleno dia,Crescente,Chuva,Simples,Curva;Declive,Não,2.0,0.0,1.0,0.0,1.0,0.0,1.0,2.0,"-29,05030203","-51,57387285",SPRF-RS,DEL06-RS,UOP02-DEL06-RS
576854,2024-01-24,quarta-feira,17:30:00,GO,60.0,"46,6",ALEXANIA,Ingestão de álcool pelo condutor,Colisão transversal,Com Vítimas Feridas,Pleno dia,Crescente,Céu Claro,Dupla,Curva;Declive,Não,4.0,0.0,1.0,0.0,3.0,0.0,1.0,2.0,"-16,144327","-48,60063",SPRF-GO,DEL02-GO,UOP01-DEL02-GO
576857,2024-01-24,quarta-feira,10:43:00,AL,101.0,"76,9",RIO LARGO,Reação tardia ou ineficiente do condutor,Colisão com objeto,Sem Vítimas,Pleno dia,Decrescente,Céu Claro,Dupla,Reta,Não,1.0,0.0,0.0,0.0,1.0,0.0,0.0,1.0,"-9,41335597","-35,84073284",SPRF-AL,DEL01-AL,UOP01-DEL01-AL
576861,2024-01-24,quarta-feira,15:00:00,BA,116.0,619,JAGUAQUARA,Condutor deixou de manter distância do veículo da frente,Colisão traseira,Com Vítimas Feridas,Pleno dia,Decrescente,Chuva,Simples,Reta,Não,4.0,0.0,2.0,0.0,1.0,1.0,2.0,3.0,"-13,35700606","-40,01713362",SPRF-BA,DEL03-BA,UOP01-DEL03-BA
576862,2024-01-24,quarta-feira,16:00:00,MT,364.0,"53,7",ALTO GARCAS,Falta de acostamento,Saída de leito carroçável,Com Vítimas Feridas,Pleno dia,Decrescente,Céu Claro,Simples,Aclive;Reta,Não,2.0,0.0,1.0,0.0,0.0,2.0,1.0,3.0,"-16,97719447","-53,51200104",SPRF-MT,DEL02-MT,UOP02-DEL02-MT
576863,2024-01-24,quarta-feira,18:40:00,PR,376.0,135,NOVA ESPERANCA,Condutor deixou de manter distância do veículo da frente,Colisão traseira,Com Vítimas Feridas,Anoitecer,Crescente,Céu Claro,Dupla,Reta,Não,3.0,0.0,1.0,0.0,2.0,0.0,1.0,2.0,"-23,20194138","-52,19689503",SPRF-PR,DEL09-PR,UOP02-DEL09-PR
576865,2024-01-24,quarta-feira,16:30:00,BA,110.0,183,RIBEIRA DO POMBAL,Reação tardia ou ineficiente do condutor,Colisão traseira,Sem Vítimas,Pleno dia,Decrescente,Chuva,Simples,Reta;Declive,Não,4.0,0.0,0.0,0.0,3.0,3.0,0.0,5.0,"-10,95903398","-38,52134268",SPRF-BA,DEL07-BA,UOP02-DEL07-BA
576869,2024-01-24,quarta-feira,16:00:00,SC,470.0,58,BLUMENAU,Condutor Dormindo,Colisão lateral sentido oposto,Com Vítimas Feridas,Pleno dia,Crescente,Garoa/Chuvisco,Dupla,Retorno Regulamentado,Sim,3.0,0.0,2.0,0.0,1.0,0.0,2.0,2.0,"-26,883879","-49,145622",SPRF-SC,DEL04-SC,UOP01-DEL04-SC
576870,2024-01-24,quarta-feira,18:50:00,BA,116.0,"815,5",VITORIA DA CONQUISTA,Ultrapassagem Indevida,Colisão frontal,Com Vítimas Fatais,Plena Noite,Decrescente,Nublado,Simples,Reta,Sim,5.0,1.0,1.0,0.0,2.0,1.0,1.0,3.0,"-14,813608","-40,799503",SPRF-BA,DEL08-BA,UOP01-DEL08-BA
576879,2024-01-24,quarta-feira,19:40:00,PR,116.0,115,CURITIBA,Reação tardia ou ineficiente do condutor,Colisão traseira,Com Vítimas Feridas,Plena Noite,Decrescente,Nublado,Dupla,Reta;Viaduto,Não,2.0,0.0,1.0,0.0,1.0,0.0,1.0,2.0,"-25,54451908","-49,30322593",SPRF-PR,DEL01-PR,UOP07-DEL01-PR
576880,2024-01-24,quarta-feira,17:15:00,RS,285.0,"365,3",SALDANHA MARINHO,Reação tardia ou ineficiente do condutor,Colisão traseira,Com Vítimas Feridas,Pleno dia,Crescente,Nublado,Simples,Reta,Não,3.0,0.0,1.0,0.0,1.0,1.0,1.0,3.0,"-28,387148","-53,020016",SPRF-RS,DEL08-RS,UOP03-DEL08-RS
576881,2024-01-24,quarta-feira,15:20:00,MT,163.0,1111,GUARANTA DO NORTE,Reação tardia ou ineficiente do condutor,Tombamento,Com Vítimas Feridas,Pleno dia,Decrescente,Céu Claro,Simples,Curva;Declive,Não,1.0,0.0,0.0,1.0,0.0,0.0,1.0,1.0,"-9,59553","-54,8985",SPRF-MT,DEL06-MT,UOP03-DEL06-MT
576884,2024-01-24,quarta-feira,18:15:00,PR,277.0,"688,3",SAO MIGUEL DO IGUACU,Ausência de reação do condutor,Colisão traseira,Com Vítimas Feridas,Pleno dia,Crescente,Céu Claro,Dupla,Curva;Aclive,Sim,5.0,0.0,0.0,1.0,4.0,0.0,1.0,2.0,"-25,34571","-54,237272",SPRF-PR,DEL05-PR,UOP01-DEL05-PR
576896,2024-01-24,quarta-feira,22:05:00,BA,116.0,"633,6",JAGUAQUARA,Transitar na contramão,Colisão frontal,Com Vítimas Fatais,Plena Noite,Crescente,Chuva,Simples,Reta,Sim,2.0,1.0,0.0,0.0,1.0,0.0,0.0,2.0,"-13,47539479","-40,03995749",SPRF-BA,DEL03-BA,UOP01-DEL03-BA
576898,2024-01-24,quarta-feira,17:10:00,RS,470.0,"194,5",BENTO GONCALVES,Reação tardia ou ineficiente do condutor,Colisão traseira,Sem Vítimas,Pleno dia,Decrescente,Chuva,Simples,Reta;Declive,Não,4.0,0.0,0.0,0.0,4.0,0.0,0.0,3.0,"-29,05030203","-51,57387285",SPRF-RS,DEL06-RS,UOP02-DEL06-RS
576900,2024-01-24,quarta-feira,20:30:00,CE,116.0,468,MILAGRES,Problema com o freio,Incêndio,Sem Vítimas,Plena Noite,Decrescente,Céu Claro,Simples,Reta,Não,5.0,0.0,0.0,0.0,4.0,1.0,0.0,2.0,"-7,25512489","-38,84243882",SPRF-CE,DEL05-CE,UOP03-DEL05-CE
576902,2024-01-24,quarta-feira,17:40:00,SC,470.0,"64,4",INDAIAL,Ultrapassagem Indevida,Colisão lateral mesmo sentido,Com Vítimas Feridas,Pleno dia,Decrescente,Garoa/Chuvisco,Simples,Interseção de Vias;Reta,Não,2.0,0.0,1.0,0.0,1.0,0.0,1.0,2.0,"-26,87033144","-49,21053356",SPRF-SC,DEL04-SC,UOP01-DEL04-SC
576905,2024-01-24,quarta-feira,23:30:00,RS,290.0,"464,9",ROSARIO DO SUL,Ausência de reação do condutor,Colisão frontal,Com Vítimas Fatais,Plena Noite,Crescente,Céu Claro,Simples,Reta,Não,4.0,1.0,2.0,0.0,0.0,2.0,2.0,4.0,"-30,232851","-54,756992",SPRF-RS,DEL11-RS,UOP02-DEL11-RS
576907,2024-01-24,quarta-feira,15:30:00,PA,163.0,469,ITAITUBA,Pista Escorregadia,Tombamento,Com Vítimas Feridas,Pleno dia,Crescente,Garoa/Chuvisco,Simples,Curva,Não,3.0,0.0,0.0,1.0,1.0,5.0,1.0,7.0,"-5,75265194","-55,73624966",SPRF-PA,DEL05-PA,UOP02-DEL05-PA
576908,2024-01-24,quarta-feira,20:30:00,MG,251.0,492,FRANCISCO SA,Velocidade Incompatível,Saída de leito carroçável,Com Vítimas Feridas,Plena Noite,Crescente,Chuva,Simples,Reta;Declive,Não,2.0,0.0,0.0,1.0,0.0,1.0,1.0,2.0,"-16,54433804","-43,59543496",SPRF-MG,DEL12-MG,UOP01-DEL12-MG
576909,2024-01-24,quarta-feira,21:27:00,ES,262.0,75,DOMINGOS MARTINS,Reação tardia ou ineficiente do condutor,Colisão traseira,Sem Vítimas,Plena Noite,Decrescente,Chuva,Simples,Curva,Não,3.0,0.0,0.0,0.0,2.0,1.0,0.0,3.0,"-20,41504648","-40,90256283",SPRF-ES,DEL01-ES,UOP02-DEL01-ES
576910,2024-01-24,quarta-feira,23:20:00,MT,163.0,"74,5",RONDONOPOLIS,Condutor Dormindo,Saída de leito carroçável,Com Vítimas Feridas,Plena Noite,Decrescente,Nublado,Dupla,Declive;Reta,Não,1.0,0.0,1.0,0.0,0.0,0.0,1.0,1.0,"-16,86819309","-54,71048071",SPRF-MT,DEL02-MT,UOP03-DEL02-MT
576911,2024-01-25,quinta-feira,01:40:00,SE,235.0,20,LARANJEIRAS,Chuva,Tombamento,Com Vítimas Feridas,Plena Noite,Decrescente,Chuva,Simples,Reta,Não,3.0,0.0,3.0,0.0,0.0,0.0,3.0,1.0,"-10,834111","-37,221916",SPRF-SE,DEL01-SE,UOP02-DEL01-SE
576922,2024-01-25,quinta-feira,03:00:00,CE,116.0,"138,5",RUSSAS,Pedestre andava na pista,Atropelamento de Pedestre,Com Vítimas Feridas,Plena Noite,Crescente,Céu Claro,Simples,Reta,Não,2.0,0.0,0.0,1.0,1.0,0.0,1.0,2.0,"-4,7466739","-38,07194588",SPRF-CE,DEL03-CE,UOP01-DEL03-CE
576924,2024-01-24,quarta-feira,15:30:00,CE,20.0,"172,2",BOA VIAGEM,Demais falhas mecânicas ou elétricas,Incêndio,Sem Vítimas,Pleno dia,Decrescente,Céu Claro,Simples,Reta;Aclive,Não,2.0,0.0,0.0,0.0,1.0,1.0,0.0,2.0,"-5,32044231","-39,9240477",SPRF-CE,DEL02-CE,UOP02-DEL02-CE
576926,2024-01-25,quinta-feira,05:40:00,GO,153.0,149,CAMPINORTE,Ausência de reação do condutor,Saída de leito carroçável,Sem Vítimas,Amanhecer,Crescente,Chuva,Simples,Reta,Não,2.0,0.0,0.0,0.0,2.0,0.0,0.0,1.0,"-14,07319","-49,096848",SPRF-GO,DEL07-GO,UOP02-DEL07-GO
576927,2024-01-24,quarta-feira,22:30:00,SC,101.0,"137,3",BALNEARIO CAMBORIU,Reação tardia ou ineficiente do condutor,Colisão traseira,Sem Vítimas,Plena Noite,Crescente,Nublado,Simples,Reta;Aclive,Não,7.0,0.0,0.0,0.0,5.0,2.0,0.0,7.0,"-27,0157238","-48,61192763",SPRF-SC,DEL04-SC,UOP03-DEL04-SC
576933,2024-01-21,domingo,12:23:00,SC,480.0,"123,9",CHAPECO,Carga excessiva e/ou mal acondicionada,Colisão com objeto,Sem Vítimas,Pleno dia,Crescente,Céu Claro,Dupla,Declive;Reta,Sim,2.0,0.0,0.0,0.0,1.0,1.0,0.0,2.0,"-27,00196618","-52,64485359",SPRF-SC,DEL07-SC,UOP01-DEL07-SC
576940,2024-01-25,quinta-feira,07:00:00,SP,116.0,"140,3",SAO JOSE DOS CAMPOS,Condutor deixou de manter distância do veículo da frente,Tombamento,Com Vítimas Fatais,Pleno dia,Crescente,Nublado,Dupla,Reta,Sim,3.0,1.0,0.0,0.0,1.0,1.0,0.0,3.0,"-23,16577714","-45,81246193",SPRF-SP,DEL02-SP,UOP01-DEL02-SP
576947,2024-01-25,quinta-feira,08:50:00,RJ,116.0,169,RIO DE JANEIRO,Acessar a via sem observar a presença dos outros veículos,Colisão lateral mesmo sentido,Sem Vítimas,Pleno dia,Crescente,Nublado,Dupla,Reta,Sim,2.0,0.0,0.0,0.0,2.0,0.0,0.0,2.0,"-22,816206","-43,324463",SPRF-RJ,DEL06-RJ,UOP01-DEL06-RJ
576952,2024-01-25,quinta-feira,05:30:00,RN,304.0,231,RIACHUELO,Transitar na contramão,Colisão lateral sentido oposto,Com Vítimas Feridas,Pleno dia,Crescente,Céu Claro,Simples,Reta,Não,6.0,0.0,1.0,1.0,3.0,1.0,2.0,3.0,"-5,75251767","-35,89627591",SPRF-RN,DEL01-RN,UOP02-DEL01-RN
576958,2024-01-25,quinta-feira,10:50:00,MG,381.0,6,BETIM,Acessar a via sem observar a presença dos outros veículos,Colisão lateral mesmo sentido,Com Vítimas Feridas,Pleno dia,Decrescente,Céu Claro,Dupla,Interseção de Vias;Reta,Sim,2.0,0.0,1.0,0.0,1.0,0.0,1.0,2.0,"-19,96825","-44,198708",SPRF-MG,DEL01-MG,UOP03-DEL01-MG
576961,2024-01-25,quinta-feira,10:40:00,PE,101.0,89,JABOATAO DOS GUARARAPES,Manobra de mudança de faixa,Colisão lateral mesmo sentido,Com Vítimas Feridas,Pleno dia,Decrescente,Nublado,Dupla,Reta,Não,3.0,0.0,1.0,0.0,1.0,1.0,1.0,2.0,"-8,20760697","-34,98372005",SPRF-PE,DEL01-PE,UOP01-DEL01-PE
576966,2024-01-25,quinta-feira,09:10:00,PI,316.0,"273,3",DOM EXPEDITO LOPES,Acesso irregular,Colisão lateral mesmo sentido,Sem Vítimas,Pleno dia,Decrescente,Nublado,Simples,Aclive;Reta,Não,6.0,0.0,0.0,0.0,6.0,0.0,0.0,2.0,"-6,94208609","-41,74100006",SPRF-PI,DEL04-PI,UOP01-DEL04-PI
576967,2024-01-25,quinta-feira,10:00:00,RJ,101.0,92,CAMPOS DOS GOYTACAZES,Manobra de mudança de faixa,Colisão traseira,Com Vítimas Feridas,Pleno dia,Decrescente,Nublado,Simples,Reta,Não,4.0,0.0,2.0,0.0,2.0,0.0,2.0,3.0,"-21,859215","-41,532116",SPRF-RJ,DEL08-RJ,UOP02-DEL08-RJ
576969,2024-01-25,quinta-feira,06:10:00,PR,476.0,"232,2",LAPA,Reação tardia ou ineficiente do condutor,Tombamento,Com Vítimas Feridas,Amanhecer,Crescente,Nublado,Simples,Curva,Não,2.0,0.0,1.0,0.0,0.0,2.0,1.0,3.0,"-25,88097521","-50,01013601",SPRF-PR,DEL02-PR,UOP03-DEL02-PR
576971,2024-01-25,quinta-feira,11:00:00,SP,116.0,222,GUARULHOS,Velocidade Incompatível,Colisão traseira,Com Vítimas Feridas,Pleno dia,Crescente,Céu Claro,Múltipla,Reta,Não,4.0,0.0,1.0,0.0,3.0,0.0,1.0,4.0,"-23,47093408","-46,51631097",SPRF-SP,DEL01-SP,UOP01-DEL01-SP
576973,2024-01-25,quinta-feira,12:40:00,SP,116.0,560,BARRA DO TURVO,Reação tardia ou ineficiente do condutor,Colisão com objeto,Com Vítimas Feridas,Pleno dia,Crescente,Garoa/Chuvisco,Simples,Curva,Não,3.0,0.0,1.0,0.0,1.0,2.0,1.0,4.0,"-24,99813554","-48,51081848",SPRF-SP,DEL05-SP,UOP02-DEL05-SP
576977,2024-01-25,quinta-feira,08:05:00,SC,116.0,"107,8",MONTE CASTELO,Velocidade Incompatível,Colisão lateral sentido oposto,Sem Vítimas,Pleno dia,Crescente,Nublado,Simples,Curva,Não,3.0,0.0,0.0,0.0,2.0,2.0,0.0,4.0,"-26,75568818","-50,32812388",SPRF-SC,DEL06-SC,UOP02-DEL06-SC
576981,2024-01-25,quinta-feira,10:20:00,PR,369.0,"429,4",UBIRATA,Transitar na contramão,Colisão frontal,Com Vítimas Feridas,Pleno dia,Decrescente,Céu Claro,Simples,Reta,Não,5.0,0.0,1.0,1.0,1.0,3.0,2.0,5.0,"-24,4486","-52,8448",SPRF-PR,DEL04-PR,UOP03-DEL04-PR
576988,2024-01-25,quinta-feira,10:30:00,MS,262.0,"472,9",ANASTACIO,Condutor deixou de manter distância do veículo da frente,Colisão traseira,Com Vítimas Feridas,Pleno dia,Crescente,Céu Claro,Simples,Reta;Declive,Não,7.0,0.0,5.0,0.0,1.0,1.0,5.0,3.0,"-20,51050476","-55,64403198",SPRF-MS,DEL03-MS,UOP01-DEL03-MS
576995,2024-01-25,quinta-feira,13:10:00,BA,116.0,"657,5",JEQUIE,Velocidade Incompatível,Colisão frontal,Com Vítimas Feridas,Pleno dia,Crescente,Garoa/Chuvisco,Simples,Reta,Não,11.0,0.0,3.0,5.0,2.0,1.0,8.0,3.0,"-13,672783","-40,09670093",SPRF-BA,DEL03-BA,UOP01-DEL03-BA
576996,2024-01-21,domingo,12:30:00,BA,101.0,657,ITAPEBI,Demais falhas mecânicas ou elétricas,Incêndio,Com Vítimas Feridas,Pleno dia,Decrescente,Chuva,Simples,Curva,Não,4.0,0.0,1.0,0.0,2.0,1.0,1.0,2.0,"-16,06028751","-39,61872714",SPRF-BA,DEL05-BA,UOP02-DEL05-BA
577001,2024-01-25,quinta-feira,14:20:00,SC,470.0,"66,5",INDAIAL,Velocidade Incompatível,Tombamento,Com Vítimas Feridas,Pleno dia,Decrescente,Céu Claro,Simples,Retorno Regulamentado;Rotatória,Sim,4.0,0.0,1.0,0.0,1.0,2.0,1.0,4.0,"-26,872158","-49,23127",SPRF-SC,DEL04-SC,UOP01-DEL04-SC
577008,2024-01-25,quinta-feira,14:00:00,MS,262.0,"363,3",CAMPO GRANDE,Condutor deixou de manter distância do veículo da frente,Colisão traseira,Com Vítimas Feridas,Pleno dia,Crescente,Sol,Simples,Reta;Declive,Não,3.0,0.0,0.0,1.0,1.0,2.0,1.0,4.0,"-20,50499307","-54,72803808",SPRF-MS,DEL01-MS,UOP03-DEL01-MS
577011,2024-01-25,quinta-feira,14:35:00,SP,116.0,222,GUARULHOS,Ausência de reação do condutor,Colisão lateral mesmo sentido,Com Vítimas Feridas,Pleno dia,Decrescente,Nublado,Múltipla,Reta;Interseção de Vias;Desvio Temporário,Sim,3.0,0.0,1.0,0.0,1.0,1.0,1.0,3.0,"-23,474442","-46,522883",SPRF-SP,DEL01-SP,UOP01-DEL01-SP
577013,2024-01-25,quinta-feira,04:20:00,MG,365.0,"67,5",JEQUITAI,Condutor Dormindo,Saída de leito carroçável,Com Vítimas Feridas,Plena Noite,Crescente,Nublado,Simples,Reta;Aclive,Não,2.0,0.0,0.0,1.0,0.0,1.0,1.0,2.0,"-17,05655714","-44,33145888",SPRF-MG,DEL12-MG,UOP01-DEL12-MG
577015,2024-01-25,quinta-feira,04:00:00,BA,116.0,586,IRAJUBA,Manobra de mudança de faixa,Tombamento,Com Vítimas Feridas,Plena Noite,Decrescente,Chuva,Simples,Curva,Não,2.0,0.0,1.0,0.0,0.0,1.0,1.0,2.0,"-13,10964805","-39,99424704",SPRF-BA,DEL03-BA,UOP02-DEL03-BA
577017,2024-01-25,quinta-feira,10:50:00,SC,280.0,"22,9",ARAQUARI,Condutor deixou de manter distância do veículo da frente,Colisão lateral mesmo sentido,Sem Vítimas,Pleno dia,Decrescente,Nublado,Simples,Rotatória,Sim,2.0,0.0,0.0,0.0,2.0,0.0,0.0,2.0,"-26,37092616","-48,70204099",SPRF-SC,DEL03-SC,UOP03-DEL03-SC
577020,2024-01-25,quinta-feira,14:45:00,CE,20.0,391,CAUCAIA,Reação tardia ou ineficiente do condutor,Colisão lateral sentido oposto,Com Vítimas Feridas,Pleno dia,Decrescente,Céu Claro,Simples,Reta,Não,4.0,0.0,1.0,0.0,2.0,2.0,1.0,5.0,"-3,84905477","-38,77921916",SPRF-CE,DEL01-CE,UOP01-DEL01-CE
577035,2024-01-25,quinta-feira,15:20:00,SC,163.0,74,SAO MIGUEL DO OESTE,Reação tardia ou ineficiente do condutor,Saída de leito carroçável,Com Vítimas Feridas,Pleno dia,Crescente,Céu Claro,Simples,Curva;Declive,Não,2.0,0.0,1.0,0.0,0.0,1.0,1.0,2.0,"-26,70200479","-53,51350653",SPRF-SC,DEL07-SC,UOP03-DEL07-SC
577038,2024-01-25,quinta-feira,16:45:00,PR,116.0,74,QUATRO BARRAS,Ingestão de álcool pelo condutor,Colisão lateral mesmo sentido,Sem Vítimas,Pleno dia,Crescente,Chuva,Dupla,Reta,Não,3.0,0.0,0.0,0.0,2.0,1.0,0.0,2.0,"-25,36517687","-49,04223028",SPRF-PR,DEL01-PR,UOP07-DEL01-PR
577040,2024-01-25,quinta-feira,16:45:00,SC,101.0,39,JOINVILLE,Manobra de mudança de faixa,Colisão lateral mesmo sentido,Com Vítimas Feridas,Pleno dia,Decrescente,Céu Claro,Simples,Reta,Sim,3.0,0.0,1.0,0.0,1.0,1.0,1.0,3.0,"-26,30774903","-48,87915664",SPRF-SC,DEL03-SC,UOP01-DEL03-SC
577048,2024-01-25,quinta-feira,18:46:00,ES,101.0,"69,7",SAO MATEUS,Acessar a via sem observar a presença dos outros veículos,Colisão transversal,Com Vítimas Feridas,Plena Noite,Crescente,Chuva,Simples,Retorno Regulamentado;Reta,Sim,2.0,0.0,1.0,0.0,1.0,0.0,1.0,2.0,"-18,73556097","-39,86069526",SPRF-ES,DEL04-ES,UOP02-DEL04-ES
577049,2024-01-25,quinta-feira,13:40:00,PR,376.0,315,ORTIGUEIRA,Velocidade Incompatível,Saída de leito carroçável,Sem Vítimas,Pleno dia,Crescente,Nublado,Dupla,Curva,Não,2.0,0.0,0.0,0.0,1.0,1.0,0.0,2.0,"-24,02668686","-51,09740947",SPRF-PR,DEL07-PR,UOP02-DEL07-PR
577051,2024-01-25,quinta-feira,17:45:00,BA,101.0,854,TEIXEIRA DE FREITAS,Ingestão de álcool pelo condutor,Saída de leito carroçável,Com Vítimas Feridas,Anoitecer,Decrescente,Céu Claro,Simples,Reta,Não,1.0,0.0,1.0,0.0,0.0,0.0,1.0,1.0,"-17,55373894","-39,7231981",SPRF-BA,DEL09-BA,UOP02-DEL09-BA
577053,2024-01-25,quinta-feira,16:50:00,MA,316.0,"95,7",PRESIDENTE MEDICI,Conversão proibida,Colisão frontal,Com Vítimas Fatais,Pleno dia,Decrescente,Chuva,Simples,Reta,Sim,2.0,1.0,0.0,0.0,1.0,0.0,0.0,2.0,"-2,374514","-45,821014",SPRF-MA,DEL02-MA,UOP02-DEL02-MA
577054,2024-01-25,quinta-feira,17:20:00,RJ,116.0,117,MAGE,Pista Escorregadia,Colisão traseira,Sem Vítimas,Pleno dia,Crescente,Chuva,Dupla,Reta,Não,2.0,0.0,0.0,0.0,2.0,0.0,0.0,2.0,"-22,60276206","-43,02514183",SPRF-RJ,DEL04-RJ,UOP02-DEL04-RJ
577055,2024-01-25,quinta-feira,13:29:00,ES,262.0,182,IBATIBA,Ausência de reação do condutor,Eventos atípicos,Com Vítimas Feridas,Pleno dia,Crescente,Céu Claro,Simples,Em Obras,Não,3.0,0.0,1.0,0.0,1.0,1.0,1.0,3.0,"-20,29633169","-41,68745393",SPRF-ES,DEL01-ES,UOP02-DEL01-ES
577056,2024-01-25,quinta-feira,15:00:00,MG,262.0,"553,6",LUZ,Demais falhas mecânicas ou elétricas,Colisão traseira,Com Vítimas Feridas,Pleno dia,Decrescente,Céu Claro,Simples,Curva;Declive,Não,9.0,0.0,2.0,0.0,6.0,5.0,2.0,9.0,"-19,71819541","-45,89938601",SPRF-MG,DEL08-MG,UOP02-DEL08-MG
577057,2024-01-25,quinta-feira,19:20:00,ES,262.0,122,VENDA NOVA DO IMIGRANTE,Chuva,Colisão lateral sentido oposto,Com Vítimas Feridas,Plena Noite,Crescente,Chuva,Simples,Curva,Não,3.0,0.0,1.0,0.0,1.0,1.0,1.0,3.0,"-20,33756085","-41,19989497",SPRF-ES,DEL01-ES,UOP02-DEL01-ES
577064,2024-01-21,domingo,15:20:00,MS,163.0,"617,3",SAO GABRIEL DO OESTE,Condutor deixou de manter distância do veículo da frente,Colisão traseira,Sem Vítimas,Pleno dia,Crescente,Céu Claro,Simples,Reta,Sim,3.0,0.0,0.0,0.0,2.0,3.0,0.0,5.0,"-19,38299179","-54,57536165",SPRF-MS,DEL06-MS,UOP02-DEL06-MS
577067,2024-01-14,domingo,19:00:00,MG,365.0,387,PATOS DE MINAS,Reação tardia ou ineficiente do condutor,Colisão lateral sentido oposto,Com Vítimas Feridas,Plena Noite,Decrescente,Céu Claro,Dupla,Rotatória,Não,2.0,0.0,0.0,1.0,1.0,0.0,1.0,2.0,"-18,61055297","-46,28857506",SPRF-MG,DEL10-MG,UOP01-DEL10-MG