id,data_inversa,dia_semana,horario,uf,br,km,municipio,causa_acidente,tipo_acidente,classificacao_acidente,fase_dia,sentido_via,condicao_metereologica,tipo_pista,tracado_via,uso_solo,pessoas,mortos,feridos_leves,feridos_graves,ilesos,ignorados,feridos,veiculos,latitude,longitude,regional,delegacia,uop
578138,2024-01-31,quarta-feira,07:25:00,SP,116.0,335,JUQUITIBA,Reação tardia ou ineficiente do condutor,Tombamento,Com Vítimas Feridas,Pleno dia,Crescente,Céu Claro,Dupla,Curva,Não,2.0,0.0,1.0,0.0,0.0,1.0,1.0,2.0,"-23,96963408","-47,1337469",SPRF-SP,DEL04-SP,UOP03-DEL04-SP
578144,2024-01-31,quarta-feira,05:00:00,BA,116.0,505,SANTA TERESINHA,Trafegar com motocicleta (ou similar) entre as faixas,Colisão frontal,Com Vítimas Fatais,Amanhecer,Crescente,Céu Claro,Simples,Reta;Aclive,Não,3.0,1.0,0.0,0.0,1.0,1.0,0.0,3.0,"-12,61278659","-39,5685887",SPRF-BA,DEL03-BA,UOP02-DEL03-BA
578159,2024-01-31,quarta-feira,07:40:00,MG,381.0,341,BELA VISTA DE MINAS,Velocidade Incompatível,Colisão frontal,Com Vítimas Fatais,Pleno dia,Decrescente,Nublado,Dupla,Curva,Não,7.0,1.0,0.0,3.0,2.0,1.0,3.0,4.0,"-19,84403064","-43,10352396",SPRF-MG,DEL03-MG,UOP01-DEL03-MG
578167,2024-01-31,quarta-feira,10:00:00,SE,349.0,"118,4",ITAPORANGA DAJUDA,Condutor deixou de manter distância do veículo da frente,Colisão traseira,Com Vítimas Feridas,Pleno dia,Crescente,Céu Claro,Dupla,Aclive,Não,2.0,0.0,0.0,1.0,0.0,1.0,1.0,2.0,"-11,026115","-37,328815",SPRF-SE,DEL02-SE,UOP01-DEL02-SE
578170,2024-01-31,quarta-feira,09:40:00,PR,376.0,614,SAO JOSE DOS PINHAIS,Reação tardia ou ineficiente do condutor,Colisão traseira,Com Vítimas Feridas,Pleno dia,Decrescente,Céu Claro,Dupla,Reta,Sim,4.0,0.0,1.0,0.0,2.0,2.0,1.0,5.0,"-25,57084314","-49,19356398",SPRF-PR,DEL01-PR,UOP06-DEL01-PR
578172,2024-01-31,quarta-feira,08:53:00,PR,376.0,"307,8",MAUA DA SERRA,Velocidade Incompatível,Tombamento,Com Vítimas Feridas,Pleno dia,Decrescente,Céu Claro,Dupla,Curva,Não,2.0,0.0,1.0,0.0,0.0,1.0,1.0,2.0,"-23,950248","-51,119076",SPRF-PR,DEL07-PR,UOP02-DEL07-PR
578175,2024-01-15,segunda-feira,16:31:00,BA,242.0,823,BARREIRAS,Condutor deixou de manter distância do veículo da frente,Colisão traseira,Com Vítimas Feridas,Pleno dia,Crescente,Céu Claro,Simples,Reta,Não,5.0,0.0,0.0,1.0,3.0,1.0,1.0,3.0,"-12,116675","-45,242188",SPRF-BA,DEL10-BA,UOP01-DEL10-BA
578176,2024-01-31,quarta-feira,10:20:00,RN,226.0,"137,2",CAMPO REDONDO,Demais falhas mecânicas ou elétricas,Incêndio,Sem Vítimas,Pleno dia,Crescente,Céu Claro,Simples,Reta,Não,3.0,0.0,0.0,0.0,3.0,0.0,0.0,1.0,"-6,19997914","-36,19832509",SPRF-RN,DEL03-RN,UOP02-DEL03-RN
578177,2024-01-31,quarta-feira,09:20:00,MG,365.0,704,MONTE ALEGRE DE MINAS,Reação tardia ou ineficiente do condutor,Colisão traseira,Com Vítimas Feridas,Pleno dia,Crescente,Nublado,Dupla,Declive,Não,3.0,0.0,1.0,0.0,1.0,3.0,1.0,5.0,"-18,88169079","-49,03599797",SPRF-MG,DEL15-MG,UOP03-DEL15-MG
578178,2024-01-31,quarta-feira,07:00:00,BA,101.0,725,ITABELA,Curva acentuada,Tombamento,Com Vítimas Feridas,Pleno dia,Crescente,Céu Claro,Simples,Aclive;Curva,Não,2.0,0.0,0.0,1.0,0.0,1.0,1.0,2.0,"-16,59628792","-39,55057482",SPRF-BA,DEL09-BA,UOP01-DEL09-BA
578179,2024-01-31,quarta-feira,10:30:00,RJ,101.0,"234,1",SILVA JARDIM,Ausência de reação do condutor,Colisão lateral mesmo sentido,Com Vítimas Feridas,Pleno dia,Decrescente,Nublado,Dupla,Curva,Não,3.0,0.0,1.0,0.0,1.0,1.0,1.0,3.0,"-22,60282105","-42,38831176",SPRF-RJ,DEL02-RJ,UOP03-DEL02-RJ
578182,2024-01-31,quarta-feira,13:15:00,SC,101.0,142,BALNEARIO CAMBORIU,Condutor deixou de manter distância do veículo da frente,Colisão traseira,Com Vítimas Feridas,Pleno dia,Crescente,Céu Claro,Dupla,Reta;Declive,Sim,5.0,0.0,1.0,1.0,3.0,0.0,2.0,4.0,"-27,056089","-48,599449",SPRF-SC,DEL04-SC,UOP03-DEL04-SC
578184,2024-01-31,quarta-feira,09:45:00,RJ,40.0,110,DUQUE DE CAXIAS,Manobra de mudança de faixa,Colisão lateral mesmo sentido,Com Vítimas Feridas,Pleno dia,Crescente,Céu Claro,Dupla,Reta,Sim,2.0,0.0,0.0,1.0,1.0,0.0,1.0,2.0,"-22,68289906","-43,28549346",SPRF-RJ,DEL01-RJ,UOP02-DEL01-RJ
578188,2024-01-31,quarta-feira,14:40:00,MG,381.0,802,SAO GONCALO DO SAPUCAI,Demais falhas mecânicas ou elétricas,Incêndio,Sem Vítimas,Pleno dia,Crescente,Nublado,Dupla,Reta,Não,2.0,0.0,0.0,0.0,1.0,2.0,0.0,3.0,"-21,98685449","-45,65711903",SPRF-MG,DEL16-MG,UOP02-DEL16-MG
578191,2024-01-31,quarta-feira,09:30:00,BA,116.0,"783,8",PLANALTO,Acessar a via sem observar a presença dos outros veículos,Colisão transversal,Com Vítimas Feridas,Pleno dia,Decrescente,Sol,Simples,Reta,Não,3.0,0.0,1.0,0.0,1.0,1.0,1.0,3.0,"-14,65785594","-40,46029014",SPRF-BA,DEL08-BA,UOP02-DEL08-BA
578194,2024-01-31,quarta-feira,09:20:00,SC,282.0,"423,3",VARGEM BONITA,Velocidade Incompatível,Tombamento,Com Vítimas Feridas,Pleno dia,Decrescente,Céu Claro,Simples,Curva;Declive,Não,2.0,0.0,0.0,1.0,0.0,1.0,1.0,2.0,"-26,99556","-51,752289",SPRF-SC,DEL07-SC,UOP05-DEL07-SC
578198,2024-01-31,quarta-feira,11:51:00,PE,101.0,"43,3",IGARASSU,Ausência de reação do condutor,Colisão com objeto,Sem Vítimas,Pleno dia,Decrescente,Céu Claro,Dupla,Reta,Sim,1.0,0.0,0.0,0.0,0.0,1.0,0.0,1.0,"-7,84753808","-34,90977038",SPRF-PE,DEL01-PE,UOP02-DEL01-PE
578208,2024-01-23,terça-feira,12:00:00,SP,116.0,561,BARRA DO TURVO,Velocidade Incompatível,Capotamento,Com Vítimas Feridas,Pleno dia,Crescente,Chuva,Dupla,Curva,Não,6.0,0.0,1.0,0.0,5.0,0.0,1.0,2.0,"-25,02045097","-48,51586004",SPRF-SP,DEL05-SP,UOP02-DEL05-SP
578213,2024-01-31,quarta-feira,15:30:00,PA,230.0,"29,5",BREJO GRANDE DO ARAGUAIA,Ausência de reação do condutor,Colisão traseira,Com Vítimas Feridas,Pleno dia,Crescente,Nublado,Simples,Aclive,Não,4.0,0.0,2.0,0.0,2.0,0.0,2.0,2.0,"-5,65640017","-48,39762725",SPRF-PA,DEL03-PA,UOP01-DEL03-PA
578228,2024-01-31,quarta-feira,17:10:00,MG,267.0,88,JUIZ DE FORA,Ultrapassagem Indevida,Colisão frontal,Com Vítimas Feridas,Anoitecer,Decrescente,Chuva,Simples,Reta,Não,3.0,0.0,1.0,0.0,1.0,1.0,1.0,3.0,"-21,76570445","-43,28755086",SPRF-MG,DEL05-MG,UOP01-DEL05-MG
578234,2024-01-31,quarta-feira,14:50:00,SC,280.0,129,RIO NEGRINHO,Ausência de reação do condutor,Colisão transversal,Com Vítimas Feridas,Pleno dia,Decrescente,Céu Claro,Simples,Reta;Interseção de Vias,Sim,2.0,0.0,1.0,0.0,0.0,1.0,1.0,2.0,"-26,24586437","-49,52284615",SPRF-SC,DEL06-SC,UOP03-DEL06-SC
578244,2024-01-31,quarta-feira,20:00:00,SC,101.0,13,GARUVA,Demais falhas mecânicas ou elétricas,Incêndio,Sem Vítimas,Plena Noite,Crescente,Nublado,Dupla,Reta;Declive,Não,2.0,0.0,0.0,0.0,1.0,1.0,0.0,2.0,"-26,08986803","-48,86345096",SPRF-SC,DEL03-SC,UOP01-DEL03-SC
578245,2024-01-31,quarta-feira,16:30:00,BA,101.0,616,MASCOTE,Ultrapassagem Indevida,Colisão frontal,Com Vítimas Feridas,Pleno dia,Decrescente,Céu Claro,Simples,Curva,Não,4.0,0.0,0.0,1.0,2.0,1.0,1.0,4.0,"-15,75042705","-39,4801369",SPRF-BA,DEL05-BA,UOP02-DEL05-BA
578258,2024-01-31,quarta-feira,17:00:00,MG,381.0,"543,9",ITATIAIUCU,Velocidade Incompatível,Colisão frontal,Com Vítimas Fatais,Pleno dia,Crescente,Chuva,Dupla,Declive;Curva,Não,4.0,2.0,0.0,1.0,1.0,0.0,1.0,2.0,"-20,27336801","-44,42585498",SPRF-MG,DEL04-MG,UOP03-DEL04-MG
578260,2024-01-31,quarta-feira,21:00:00,RJ,40.0,32,TRES RIOS,Reação tardia ou ineficiente do condutor,Colisão traseira,Sem Vítimas,Plena Noite,Decrescente,Chuva,Dupla,Curva,Não,3.0,0.0,0.0,0.0,3.0,0.0,0.0,3.0,"-22,19935287","-43,15764401",SPRF-RJ,DEL05-RJ,UOP02-DEL05-RJ
578261,2024-01-31,quarta-feira,16:40:00,MT,158.0,625,AGUA BOA,Reação tardia ou ineficiente do condutor,Tombamento,Com Vítimas Feridas,Plena Noite,Decrescente,Céu Claro,Simples,Reta,Não,2.0,0.0,1.0,0.0,0.0,1.0,1.0,2.0,"-14,49276784","-52,28569031",SPRF-MT,DEL07-MT,UOP02-DEL07-MT
578264,2024-01-31,quarta-feira,18:00:00,MG,381.0,"811,9",CAREACU,Reação tardia ou ineficiente do condutor,Tombamento,Com Vítimas Feridas,Anoitecer,Decrescente,Nublado,Dupla,Reta,Não,2.0,0.0,1.0,0.0,0.0,1.0,1.0,2.0,"-22,05313393","-45,6960471",SPRF-MG,DEL16-MG,UOP02-DEL16-MG
578267,2024-01-31,quarta-feira,22:20:00,PR,376.0,"167,2",MARINGA,Ingestão de álcool pelo condutor,Colisão lateral mesmo sentido,Sem Vítimas,Plena Noite,Decrescente,Céu Claro,Dupla,Curva,Não,3.0,0.0,0.0,0.0,1.0,2.0,0.0,3.0,"-23,40324167","-51,99632075",SPRF-PR,DEL09-PR,UOP01-DEL09-PR
578268,2024-01-31,quarta-feira,20:20:00,MG,381.0,332,NOVA ERA,Acessar a via sem observar a presença dos outros veículos,Colisão transversal,Com Vítimas Feridas,Plena Noite,Crescente,Chuva,Simples,Curva,Não,3.0,0.0,1.0,0.0,1.0,1.0,1.0,3.0,"-19,79994695","-43,05451587",SPRF-MG,DEL03-MG,UOP01-DEL03-MG
578269,2024-01-31,quarta-feira,22:50:00,RJ,101.0,54,CAMPOS DOS GOYTACAZES,Ausência de reação do condutor,Colisão traseira,Com Vítimas Feridas,Plena Noite,Decrescente,Céu Claro,Simples,Reta,Não,2.0,0.0,0.0,1.0,1.0,0.0,1.0,2.0,"-21,66937699","-41,31111673",SPRF-RJ,DEL08-RJ,UOP01-DEL08-RJ
578270,2024-01-31,quarta-feira,23:30:00,SC,101.0,"57,3",ARAQUARI,Reação tardia ou ineficiente do condutor,Tombamento,Com Vítimas Feridas,Plena Noite,Decrescente,Nublado,Dupla,Curva,Não,2.0,0.0,1.0,0.0,0.0,1.0,1.0,2.0,"-26,43802986","-48,8039732",SPRF-SC,DEL03-SC,UOP01-DEL03-SC
578274,2024-01-31,quarta-feira,23:05:00,MG,381.0,283,JAGUARACU,Ultrapassagem Indevida,Colisão frontal,Com Vítimas Fatais,Plena Noite,Decrescente,Chuva,Simples,Reta,Não,3.0,1.0,0.0,0.0,1.0,2.0,0.0,4.0,"-19,61757501","-42,78412299",SPRF-MG,DEL03-MG,UOP02-DEL03-MG
578275,2024-02-01,quinta-feira,00:25:00,PR,373.0,369,GUARAPUAVA,Reação tardia ou ineficiente do condutor,Tombamento,Com Vítimas Feridas,Plena Noite,Crescente,Céu Claro,Simples,Curva,Não,2.0,0.0,1.0,0.0,0.0,1.0,1.0,2.0,"-25,40730643","-51,68363571",SPRF-PR,DEL08-PR,UOP01-DEL08-PR
578277,2024-02-01,quinta-feira,00:18:00,CE,122.0,"6,5",CHOROZINHO,Condutor Dormindo,Saída de leito carroçável,Com Vítimas Feridas,Plena Noite,Crescente,Céu Claro,Simples,Reta,Não,2.0,0.0,0.0,1.0,0.0,1.0,1.0,2.0,"-4,34443014","-38,4811605",SPRF-CE,DEL03-CE,UOP02-DEL03-CE
578279,2024-02-01,quinta-feira,01:30:00,MG,381.0,525,BRUMADINHO,Velocidade Incompatível,Engavetamento,Com Vítimas Feridas,Plena Noite,Crescente,Garoa/Chuvisco,Dupla,Curva;Declive,Não,7.0,0.0,2.0,0.0,4.0,3.0,2.0,8.0,"-20,16710798","-44,33422398",SPRF-MG,DEL04-MG,UOP03-DEL04-MG
578280,2024-02-01,quinta-feira,04:08:00,ES,101.0,"443,5",MIMOSO DO SUL,Condutor Dormindo,Colisão frontal,Com Vítimas Feridas,Plena Noite,Crescente,Céu Claro,Simples,Reta,Não,6.0,0.0,2.0,3.0,1.0,0.0,5.0,2.0,"-21,09789425","-41,25305078",SPRF-ES,DEL03-ES,UOP02-DEL03-ES
578284,2024-02-01,quinta-feira,04:10:00,PR,476.0,339,PAULA FREITAS,Transitar na contramão,Colisão lateral sentido oposto,Sem Vítimas,Amanhecer,Crescente,Nublado,Simples,Reta,Não,5.0,0.0,0.0,0.0,4.0,1.0,0.0,3.0,"-26,157049","-50,883564",SPRF-PR,DEL02-PR,UOP03-DEL02-PR
578286,2024-02-01,quinta-feira,01:00:00,MG,381.0,525,BRUMADINHO,Velocidade Incompatível,Tombamento,Com Vítimas Feridas,Plena Noite,Crescente,Céu Claro,Dupla,Curva;Declive,Não,3.0,0.0,0.0,1.0,1.0,2.0,1.0,4.0,"-20,16710798","-44,33422398",SPRF-MG,DEL04-MG,UOP03-DEL04-MG
578302,2024-02-01,quinta-feira,07:11:00,RS,470.0,"220,1",BENTO GONCALVES,Manobra de mudança de faixa,Colisão lateral mesmo sentido,Sem Vítimas,Pleno dia,Crescente,Céu Claro,Simples,Interseção de Vias,Não,3.0,0.0,0.0,0.0,1.0,2.0,0.0,3.0,"-29,19657802","-51,518801",SPRF-RS,DEL06-RS,UOP01-DEL06-RS
578303,2024-02-01,quinta-feira,06:30:00,MT,163.0,829,SINOP,Acessar a via sem observar a presença dos outros veículos,Colisão lateral mesmo sentido,Com Vítimas Feridas,Pleno dia,Crescente,Céu Claro,Simples,Em Obras,Sim,4.0,0.0,1.0,0.0,2.0,3.0,1.0,5.0,"-11,91238895","-55,50843787",SPRF-MT,DEL06-MT,UOP02-DEL06-MT
578304,2024-02-01,quinta-feira,07:20:00,PR,116.0,19,ANTONINA,Reação tardia ou ineficiente do condutor,Colisão traseira,Com Vítimas Feridas,Pleno dia,Decrescente,Céu Claro,Simples,Reta,Não,2.0,0.0,1.0,0.0,1.0,0.0,1.0,2.0,"-25,103087","-48,72037",SPRF-PR,DEL01-PR,UOP02-DEL01-PR
578315,2024-02-01,quinta-feira,07:20:00,PR,163.0,151,SANTA LUCIA,Mal súbito do condutor,Saída de leito carroçável,Com Vítimas Feridas,Pleno dia,Decrescente,Céu Claro,Dupla,Curva,Não,3.0,0.0,0.0,2.0,0.0,2.0,2.0,3.0,"-25,41040897","-53,5718868",SPRF-PR,DEL05-PR,UOP05-DEL05-PR
578318,2024-02-01,quinta-feira,08:00:00,RS,386.0,436,NOVA SANTA RITA,Desrespeitar a preferência no cruzamento,Colisão transversal,Com Vítimas Feridas,Pleno dia,Crescente,Céu Claro,Simples,Retorno Regulamentado,Sim,3.0,0.0,1.0,0.0,1.0,1.0,1.0,3.0,"-29,85672118","-51,26226604",SPRF-RS,DEL04-RS,UOP02-DEL04-RS
578321,2024-02-01,quinta-feira,07:35:00,SC,101.0,116,ITAJAI,Condutor deixou de manter distância do veículo da frente,Colisão lateral mesmo sentido,Com Vítimas Feridas,Pleno dia,Crescente,Céu Claro,Simples,Reta,Sim,4.0,0.0,2.0,0.0,1.0,2.0,2.0,5.0,"-26,87905605","-48,72603512",SPRF-SC,DEL04-SC,UOP04-DEL04-SC
578326,2024-02-01,quinta-feira,01:45:00,RJ,101.0,"158,2",MACAE,Transitar na contramão,Colisão lateral sentido oposto,Com Vítimas Feridas,Plena Noite,Decrescente,Chuva,Simples,Curva,Não,3.0,0.0,1.0,0.0,2.0,0.0,1.0,2.0,"-22,26971348","-41,86750276",SPRF-RJ,DEL08-RJ,UOP04-DEL08-RJ
578328,2024-02-01,quinta-feira,09:20:00,RS,290.0,203,PANTANO GRANDE,Reação tardia ou ineficiente do condutor,Derramamento de carga,Com Vítimas Feridas,Pleno dia,Decrescente,Sol,Simples,Reta,Não,4.0,0.0,1.0,0.0,2.0,1.0,1.0,4.0,"-30,173361","-52,247738",SPRF-RS,DEL02-RS,UOP03-DEL02-RS
578338,2024-02-01,quinta-feira,09:20:00,MA,316.0,"518,1",CAXIAS,Acumulo de óleo sobre o pavimento,Tombamento,Sem Vítimas,Pleno dia,Crescente,Chuva,Simples,Reta,Não,1.0,0.0,0.0,0.0,1.0,0.0,0.0,1.0,"-4,767323","-43,61478",SPRF-MA,DEL03-MA,UOP02-DEL03-MA
578344,2024-02-01,quinta-feira,08:30:00,PR,369.0,232,JANDAIA DO SUL,Frear bruscamente,Saída de leito carroçável,Com Vítimas Feridas,Pleno dia,Decrescente,Céu Claro,Simples,Declive,Não,3.0,0.0,0.0,1.0,1.0,2.0,1.0,4.0,"-23,6115527","-51,66719913",SPRF-PR,DEL09-PR,UOP01-DEL09-PR
578346,2024-02-01,quinta-feira,08:30:00,RO,364.0,710,PORTO VELHO,Condutor deixou de manter distância do veículo da frente,Colisão traseira,Com Vítimas Feridas,Pleno dia,Crescente,Chuva,Dupla,Interseção de Vias;Reta,Sim,2.0,0.0,0.0,1.0,1.0,0.0,1.0,2.0,"-8,78621576","-63,85712687",SPRF-RO,DEL01-RO,UOP01-DEL01-RO
578353,2024-02-01,quinta-feira,07:30:00,SC,282.0,434,IRANI,Desrespeitar a preferência no cruzamento,Colisão transversal,Com Vítimas Feridas,Pleno dia,Crescente,Céu Claro,Simples,Interseção de Vias,Não,3.0,0.0,0.0,1.0,1.0,3.0,1.0,5.0,"-26,96930688","-51,85425639",SPRF-SC,DEL07-SC,UOP04-DEL07-SC
578365,2024-02-01,quinta-feira,08:55:00,MT,163.0,877,SINOP,Falta de acostamento,Saída de leito carroçável,Sem Vítimas,Pleno dia,Decrescente,Céu Claro,Simples,Curva;Aclive,Não,2.0,0.0,0.0,0.0,1.0,1.0,0.0,2.0,"-11,62068789","-55,43271445",SPRF-MT,DEL06-MT,UOP02-DEL06-MT
578367,2024-02-01,quinta-feira,07:35:00,SC,480.0,"128,7",CHAPECO,Ausência de reação do condutor,Colisão traseira,Com Vítimas Feridas,Pleno dia,Crescente,Céu Claro,Simples,Interseção de Vias,Sim,2.0,0.0,1.0,0.0,1.0,0.0,1.0,2.0,"-27,03781899","-52,63432603",SPRF-SC,DEL07-SC,UOP01-DEL07-SC
578369,2024-02-01,quinta-feira,14:20:00,RS,158.0,"326,4",SANTA MARIA,Transtornos Mentais (exceto suicidio),Colisão traseira,Com Vítimas Feridas,Pleno dia,Crescente,Céu Claro,Dupla,Reta,Sim,2.0,0.0,0.0,1.0,1.0,0.0,1.0,2.0,"-29,70975376","-53,80284617",SPRF-RS,DEL09-RS,UOP01-DEL09-RS
578376,2024-02-01,quinta-feira,15:13:00,MG,365.0,"107,2",JEQUITAI,Chuva,Colisão com objeto,Com Vítimas Feridas,Pleno dia,Decrescente,Chuva,Simples,Reta,Não,2.0,0.0,0.0,1.0,1.0,0.0,1.0,1.0,"-17,19233135","-44,65121209",SPRF-MG,DEL12-MG,UOP01-DEL12-MG
578379,2024-02-01,quinta-feira,13:48:00,MS,163.0,739,COXIM,Reação tardia ou ineficiente do condutor,Colisão traseira,Com Vítimas Feridas,Pleno dia,Crescente,Céu Claro,Simples,Declive;Reta,Não,6.0,0.0,2.0,0.0,4.0,0.0,2.0,2.0,"-18,43652888","-54,69939724",SPRF-MS,DEL06-MS,UOP01-DEL06-MS
578380,2024-01-16,terça-feira,22:30:00,PI,343.0,"204,6",PIRIPIRI,Ingestão de álcool pelo condutor,Colisão lateral sentido oposto,Com Vítimas Feridas,Plena Noite,Decrescente,Céu Claro,Simples,Reta,Não,6.0,0.0,1.0,0.0,0.0,5.0,1.0,3.0,"-4,407514","-41,872746",SPRF-PI,DEL02-PI,UOP01-DEL02-PI
578381,2024-02-01,quinta-feira,13:00:00,SP,381.0,47,ATIBAIA,Avarias e/ou desgaste excessivo no pneu,Eventos atípicos,Com Vítimas Feridas,Pleno dia,Crescente,Céu Claro,Múltipla,Reta,Não,3.0,0.0,1.0,0.0,1.0,1.0,1.0,3.0,"-23,18904617","-46,58407757",SPRF-SP,DEL03-SP,UOP01-DEL03-SP
578386,2024-02-01,quinta-feira,16:45:00,SC,101.0,7,GARUVA,Entrada inopinada do pedestre,Eventos atípicos,Com Vítimas Feridas,Pleno dia,Crescente,Nublado,Dupla,Reta,Não,3.0,0.0,0.0,1.0,0.0,2.0,1.0,2.0,"-26,03593","-48,860302",SPRF-SC,DEL03-SC,UOP01-DEL03-SC
578389,2024-02-01,quinta-feira,15:00:00,MG,50.0,"194,8",UBERABA,Chuva,Tombamento,Com Vítimas Feridas,Pleno dia,Crescente,Chuva,Dupla,Declive;Reta,Não,3.0,0.0,2.0,0.0,1.0,0.0,2.0,1.0,"-19,887439","-47,848374",SPRF-MG,DEL13-MG,UOP01-DEL13-MG
578394,2024-02-01,quinta-feira,16:10:00,RJ,40.0,82,PETROPOLIS,Manobra de mudança de faixa,Atropelamento de Pedestre,Com Vítimas Feridas,Pleno dia,Decrescente,Céu Claro,Simples,Curva,Não,3.0,0.0,1.0,0.0,2.0,0.0,1.0,3.0,"-22,51183137","-43,23076171",SPRF-RJ,DEL01-RJ,UOP01-DEL01-RJ
578402,2024-02-01,quinta-feira,17:35:00,RS,386.0,"223,6",SOLEDADE,Condutor deixou de manter distância do veículo da frente,Engavetamento,Com Vítimas Feridas,Pleno dia,Decrescente,Céu Claro,Simples,Reta,Não,7.0,0.0,3.0,0.0,3.0,1.0,3.0,4.0,"-28,65077665","-52,61333227",SPRF-RS,DEL04-RS,UOP03-DEL04-RS
578407,2024-02-01,quinta-feira,15:30:00,PR,153.0,"504,2",GENERAL CARNEIRO,Pista Escorregadia,Colisão frontal,Com Vítimas Feridas,Pleno dia,Decrescente,Garoa/Chuvisco,Múltipla,Curva,Não,5.0,0.0,0.0,2.0,2.0,2.0,2.0,5.0,"-26,52956524","-51,36932373",SPRF-PR,DEL02-PR,UOP03-DEL02-PR
578412,2024-01-05,sexta-feira,09:20:00,PA,230.0,117,MARABA,Reação tardia ou ineficiente do condutor,Tombamento,Com Vítimas Feridas,Pleno dia,Decrescente,Céu Claro,Dupla,Reta,Sim,2.0,0.0,1.0,0.0,1.0,0.0,1.0,2.0,"-5,35569904","-49,09047302",SPRF-PA,DEL03-PA,UOP01-DEL03-PA
578420,2024-02-01,quinta-feira,18:00:00,SE,101.0,77,LARANJEIRAS,Entrada inopinada do pedestre,Atropelamento de Pedestre,Com Vítimas Feridas,Plena Noite,Decrescente,Ignorado,Simples,Reta,Sim,3.0,0.0,0.0,1.0,1.0,1.0,1.0,3.0,"-10,776609","-37,13439",SPRF-SE,DEL01-SE,UOP01-DEL01-SE
578425,2024-02-01,quinta-feira,18:20:00,PR,116.0,"105,4",SAO JOSE DOS PINHAIS,Reação tardia ou ineficiente do condutor,Colisão traseira,Sem Vítimas,Plena Noite,Crescente,Céu Claro,Dupla,Reta;Declive,Não,2.0,0.0,0.0,0.0,2.0,0.0,0.0,2.0,"-25,570093","-49,217762",SPRF-PR,DEL01-PR,UOP07-DEL01-PR
578447,2024-02-01,quinta-feira,20:15:00,MG,40.0,"444,1",PARAOPEBA,Carga excessiva e/ou mal acondicionada,Tombamento,Sem Vítimas,Plena Noite,Crescente,Garoa/Chuvisco,Dupla,Aclive;Curva,Não,1.0,0.0,0.0,0.0,1.0,0.0,0.0,1.0,"-19,28815","-44,392",SPRF-MG,DEL02-MG,UOP01-DEL02-MG
578448,2024-02-01,quinta-feira,21:00:00,MG,40.0,661,CARANDAI,Velocidade Incompatível,Tombamento,Com Vítimas Feridas,Plena Noite,Decrescente,Nublado,Simples,Curva,Não,2.0,0.0,1.0,0.0,0.0,1.0,1.0,2.0,"-20,90921243","-43,82903337",SPRF-MG,DEL05-MG,UOP02-DEL05-MG
578459,2024-02-01,quinta-feira,22:50:00,GO,153.0,513,APARECIDA DE GOIANIA,Ingestão de álcool pelo condutor,Colisão transversal,Sem Vítimas,Plena Noite,Decrescente,Céu Claro,Dupla,Reta,Não,2.0,0.0,0.0,0.0,2.0,0.0,0.0,2.0,"-16,8244","-49,2421",SPRF-GO,DEL01-GO,UOP03-DEL01-GO
578461,2024-02-01,quinta-feira,19:00:00,RO,364.0,"456,5",JARU,Demais falhas mecânicas ou elétricas,Colisão frontal,Com Vítimas Feridas,Plena Noite,Crescente,Nublado,Simples,Curva;Declive,Não,6.0,0.0,0.0,4.0,1.0,1.0,4.0,4.0,"-10,26246515","-62,70509219",SPRF-RO,DEL03-RO,UOP02-DEL03-RO
578464,2024-02-01,quinta-feira,22:20:00,MT,163.0,829,SINOP,Ausência de reação do condutor,Saída de leito carroçável,Com Vítimas Feridas,Plena Noite,Crescente,Chuva,Dupla,Retorno Regulamentado;Reta,Sim,1.0,0.0,1.0,0.0,0.0,0.0,1.0,1.0,"-11,91316697","-55,50857306",SPRF-MT,DEL06-MT,UOP02-DEL06-MT
578469,2024-02-02,sexta-feira,01:55:00,SP,116.0,394,MIRACATU,Condutor Dormindo,Saída de leito carroçável,Com Vítimas Feridas,Plena Noite,Decrescente,Nublado,Dupla,Reta,Não,2.0,0.0,0.0,1.0,0.0,1.0,1.0,2.0,"-24,28717454","-47,45143994",SPRF-SP,DEL04-SP,UOP02-DEL04-SP
578474,2024-02-02,sexta-feira,02:20:00,BA,101.0,153,CONCEICAO DO JACUIPE,Condutor Dormindo,Colisão traseira,Com Vítimas Feridas,Plena Noite,Crescente,Céu Claro,Dupla,Reta,Não,2.0,0.0,1.0,0.0,1.0,0.0,1.0,2.0,"-12,35121978","-38,77466218",SPRF-BA,DEL01-BA,UOP03-DEL01-BA
578483,2024-02-02,sexta-feira,00:00:00,PR,163.0,335,TERRA ROXA,Condutor Dormindo,Colisão lateral sentido oposto,Com Vítimas Feridas,Plena Noite,Crescente,Nublado,Simples,Reta,Não,3.0,0.0,1.0,0.0,1.0,2.0,1.0,4.0,"-24,222785","-54,199508",SPRF-PR,DEL06-PR,UOP01-DEL06-PR
578492,2024-02-02,sexta-feira,07:24:00,CE,222.0,12,CAUCAIA,Acessar a via sem observar a presença dos outros veículos,Colisão lateral sentido oposto,Com Vítimas Feridas,Pleno dia,Crescente,Céu Claro,Simples,Reta,Não,2.0,0.0,1.0,0.0,1.0,0.0,1.0,2.0,"-3,76479979","-38,66897196",SPRF-CE,DEL01-CE,UOP01-DEL01-CE