id,data_inversa,dia_semana,horario,uf,br,km,municipio,causa_acidente,tipo_acidente,classificacao_acidente,fase_dia,sentido_via,condicao_metereologica,tipo_pista,tracado_via,uso_solo,pessoas,mortos,feridos_leves,feridos_graves,ilesos,ignorados,feridos,veiculos,latitude,longitude,regional,delegacia,uop
578497,2024-02-01,quinta-feira,19:30:00,RO,364.0,"64,5",VILHENA,Ultrapassagem Indevida,Colisão lateral mesmo sentido,Com Vítimas Feridas,Plena Noite,Crescente,Nublado,Simples,Declive,Não,3.0,0.0,1.0,0.0,1.0,1.0,1.0,3.0,"-12,50476617","-60,470767",SPRF-RO,DEL04-RO,UOP01-DEL04-RO
578499,2024-02-01,quinta-feira,04:45:00,SC,153.0,"0,6",AGUA DOCE,Reação tardia ou ineficiente do condutor,Saída de leito carroçável,Com Vítimas Feridas,Plena Noite,Crescente,Céu Claro,Dupla,Curva,Não,1.0,0.0,1.0,0.0,0.0,0.0,1.0,1.0,"-26,61054","-51,485115",SPRF-SC,DEL07-SC,UOP07-DEL07-SC
578500,2024-02-02,sexta-feira,06:00:00,CE,116.0,"505,4",BREJO SANTO,Ausência de reação do condutor,Colisão lateral sentido oposto,Com Vítimas Feridas,Pleno dia,Crescente,Garoa/Chuvisco,Simples,Reta,Sim,4.0,0.0,1.0,0.0,2.0,2.0,1.0,5.0,"-7,48840721","-38,98392298",SPRF-CE,DEL05-CE,UOP03-DEL05-CE
578502,2024-02-02,sexta-feira,07:20:00,CE,116.0,324,JAGUARIBE,Ausência de reação do condutor,Colisão lateral sentido oposto,Com Vítimas Feridas,Pleno dia,Crescente,Céu Claro,Simples,Reta;Declive,Não,4.0,0.0,1.0,0.0,2.0,1.0,1.0,4.0,"-6,03216426","-38,64449501",SPRF-CE,DEL05-CE,UOP02-DEL05-CE
578506,2024-02-02,sexta-feira,07:50:00,PR,376.0,595,CURITIBA,Reação tardia ou ineficiente do condutor,Colisão traseira,Com Vítimas Feridas,Pleno dia,Crescente,Céu Claro,Dupla,Reta,Sim,3.0,0.0,1.0,0.0,2.0,0.0,1.0,3.0,"-25,49317991","-49,34370776",SPRF-PR,DEL01-PR,UOP06-DEL01-PR
578510,2024-02-02,sexta-feira,08:20:00,PR,277.0,"117,5",CAMPO LARGO,Manobra de mudança de faixa,Colisão lateral mesmo sentido,Com Vítimas Feridas,Pleno dia,Decrescente,Nublado,Dupla,Reta,Não,3.0,0.0,1.0,0.0,1.0,2.0,1.0,4.0,"-25,435","-49,524",SPRF-PR,DEL03-PR,UOP03-DEL03-PR
578514,2024-02-02,sexta-feira,07:50:00,MG,267.0,70,BICAS,Reação tardia ou ineficiente do condutor,Colisão frontal,Com Vítimas Feridas,Pleno dia,Crescente,Garoa/Chuvisco,Simples,Curva,Não,5.0,0.0,4.0,0.0,1.0,0.0,4.0,4.0,"-21,74480506","-43,13260598",SPRF-MG,DEL05-MG,UOP01-DEL05-MG
578522,2024-02-02,sexta-feira,09:20:00,SC,101.0,236,PALHOCA,Velocidade Incompatível,Tombamento,Com Vítimas Feridas,Pleno dia,Decrescente,Céu Claro,Simples,Retorno Regulamentado;Curva,Não,2.0,0.0,1.0,0.0,0.0,1.0,1.0,2.0,"-27,82686935","-48,62967622",SPRF-SC,DEL01-SC,UOP02-DEL01-SC
578534,2024-02-02,sexta-feira,10:50:00,SP,116.0,506,CAJATI,Problema com o freio,Incêndio,Com Vítimas Feridas,Pleno dia,Decrescente,Céu Claro,Simples,Curva,Não,2.0,0.0,1.0,0.0,0.0,1.0,1.0,2.0,"-24,79704815","-48,2145174",SPRF-SP,DEL05-SP,UOP02-DEL05-SP
578539,2024-02-02,sexta-feira,10:30:00,BA,324.0,464,TANQUINHO,Ultrapassagem Indevida,Colisão traseira,Com Vítimas Feridas,Pleno dia,Crescente,Céu Claro,Simples,Reta,Não,4.0,0.0,2.0,0.0,1.0,1.0,2.0,3.0,"-11,94687258","-39,19751621",SPRF-BA,DEL02-BA,UOP01-DEL02-BA
578540,2024-01-29,segunda-feira,07:00:00,RO,364.0,1029,PORTO VELHO,Falta de elemento de contenção que evite a saída do leito carroçável,Saída de leito carroçável,Com Vítimas Feridas,Pleno dia,Decrescente,Ignorado,Simples,Reta,Não,1.0,0.0,1.0,0.0,0.0,0.0,1.0,1.0,"-9,75744335","-66,25566993",SPRF-RO,DEL01-RO,UOP03-DEL01-RO
578541,2024-02-02,sexta-feira,11:10:00,MS,262.0,"644,5",MIRANDA,Condutor Dormindo,Colisão lateral sentido oposto,Com Vítimas Fatais,Pleno dia,Decrescente,Céu Claro,Simples,Reta,Não,5.0,1.0,0.0,0.0,3.0,3.0,0.0,5.0,"-19,77042509","-56,95811316",SPRF-MS,DEL03-MS,UOP02-DEL03-MS
578543,2024-02-02,sexta-feira,11:50:00,ES,101.0,"119,8",SOORETAMA,Condutor Dormindo,Colisão frontal,Com Vítimas Feridas,Pleno dia,Crescente,Céu Claro,Simples,Reta,Não,5.0,0.0,1.0,0.0,3.0,3.0,1.0,5.0,"-19,1438532","-40,0751016",SPRF-ES,DEL04-ES,UOP01-DEL04-ES
578544,2024-02-02,sexta-feira,11:30:00,MG,381.0,907,CAMBUI,Ausência de reação do condutor,Colisão traseira,Com Vítimas Feridas,Pleno dia,Decrescente,Céu Claro,Dupla,Curva;Declive,Não,5.0,0.0,2.0,0.0,1.0,2.0,2.0,3.0,"-22,68549338","-46,08270467",SPRF-MG,DEL16-MG,UOP03-DEL16-MG
578546,2024-02-02,sexta-feira,12:00:00,TO,153.0,680,CARIRI DO TOCANTINS,Ingestão de álcool pelo condutor,Colisão traseira,Sem Vítimas,Pleno dia,Crescente,Sol,Simples,Reta;Em Obras,Não,2.0,0.0,0.0,0.0,2.0,0.0,0.0,2.0,"-11,78947895","-49,1176771",SPRF-TO,DEL01-TO,UOP02-DEL01-TO
578547,2024-02-02,sexta-feira,12:10:00,RS,158.0,"249,7",JULIO DE CASTILHOS,Velocidade Incompatível,Tombamento,Com Vítimas Fatais,Pleno dia,Decrescente,Céu Claro,Simples,Aclive;Reta,Não,2.0,1.0,0.0,0.0,0.0,2.0,0.0,3.0,"-29,10973298","-53,65093978",SPRF-RS,DEL10-RS,UOP02-DEL10-RS
578555,2024-02-02,sexta-feira,12:20:00,MS,463.0,"106,5",PONTA PORA,Acesso irregular,Colisão frontal,Com Vítimas Feridas,Pleno dia,Crescente,Céu Claro,Simples,Interseção de Vias;Em Obras,Não,2.0,0.0,0.0,1.0,1.0,0.0,1.0,2.0,"-22,59656312","-55,66536809",SPRF-MS,DEL04-MS,UOP03-DEL04-MS
578556,2024-02-02,sexta-feira,13:20:00,SP,116.0,214,GUARULHOS,Acessar a via sem observar a presença dos outros veículos,Colisão traseira,Com Vítimas Feridas,Pleno dia,Decrescente,Chuva,Dupla,Reta,Não,2.0,0.0,0.0,1.0,1.0,0.0,1.0,2.0,"-23,44333014","-46,44531294",SPRF-SP,DEL01-SP,UOP01-DEL01-SP
578558,2024-02-02,sexta-feira,12:50:00,SP,116.0,"161,6",JACAREI,Condutor deixou de manter distância do veículo da frente,Engavetamento,Com Vítimas Feridas,Pleno dia,Decrescente,Garoa/Chuvisco,Múltipla,Reta,Sim,3.0,0.0,1.0,0.0,2.0,0.0,1.0,3.0,"-23,27617003","-45,97592098",SPRF-SP,DEL02-SP,UOP01-DEL02-SP
578559,2024-02-02,sexta-feira,11:40:00,MG,116.0,"649,4",FERVEDOURO,Mal súbito do condutor,Colisão frontal,Com Vítimas Feridas,Pleno dia,Decrescente,Sol,Simples,Curva,Sim,4.0,0.0,3.0,0.0,1.0,0.0,3.0,2.0,"-20,720077","-42,278062",SPRF-MG,DEL07-MG,UOP02-DEL07-MG
578564,2024-02-02,sexta-feira,14:25:00,RS,386.0,"303,1",POUSO NOVO,Demais falhas mecânicas ou elétricas,Incêndio,Sem Vítimas,Pleno dia,Decrescente,Sol,Simples,Aclive;Reta,Não,2.0,0.0,0.0,0.0,2.0,0.0,0.0,1.0,"-29,174147","-52,203892",SPRF-RS,DEL04-RS,UOP01-DEL04-RS
578566,2024-01-04,quinta-feira,11:24:00,PE,316.0,"62,3",OURICURI,Demais falhas mecânicas ou elétricas,Colisão com objeto,Com Vítimas Feridas,Pleno dia,Crescente,Sol,Simples,Aclive;Reta,Não,2.0,0.0,0.0,1.0,0.0,1.0,1.0,2.0,"-7,77941812","-40,24368806",SPRF-PE,DEL05-PE,UOP02-DEL05-PE
578572,2024-02-02,sexta-feira,13:15:00,GO,60.0,26,ALEXANIA,Velocidade Incompatível,Saída de leito carroçável,Com Vítimas Feridas,Pleno dia,Crescente,Nublado,Dupla,Reta;Declive,Não,2.0,0.0,1.0,0.0,0.0,1.0,1.0,2.0,"-16,0963","-48,5202",SPRF-DF,DEL03-DF,UOP01-DEL03-DF
578576,2024-01-29,segunda-feira,23:35:00,MS,262.0,"10,6",TRES LAGOAS,Animais na Pista,Atropelamento de Animal,Com Vítimas Feridas,Plena Noite,Crescente,Céu Claro,Simples,Declive,Sim,4.0,0.0,2.0,1.0,0.0,3.0,3.0,5.0,"-20,81622397","-51,70151002",SPRF-MS,DEL07-MS,UOP01-DEL07-MS
578577,2024-02-02,sexta-feira,15:30:00,PR,376.0,4,APUCARANA,Manobra de mudança de faixa,Colisão lateral mesmo sentido,Com Vítimas Feridas,Pleno dia,Crescente,Sol,Simples,Curva,Sim,5.0,0.0,1.0,0.0,4.0,0.0,1.0,3.0,"-23,5513","-51,461266",SPRF-PR,DEL07-PR,UOP03-DEL07-PR
578579,2024-02-02,sexta-feira,14:15:00,MG,40.0,546,NOVA LIMA,Velocidade Incompatível,Colisão transversal,Com Vítimas Feridas,Pleno dia,Decrescente,Sol,Dupla,Curva;Declive,Sim,2.0,0.0,0.0,1.0,1.0,0.0,1.0,2.0,"-20,01976644","-43,97157669",SPRF-MG,DEL01-MG,UOP02-DEL01-MG
578583,2024-02-02,sexta-feira,17:00:00,SC,101.0,"115,9",ITAJAI,Manobra de mudança de faixa,Colisão lateral mesmo sentido,Com Vítimas Feridas,Pleno dia,Decrescente,Céu Claro,Múltipla,Reta,Não,2.0,0.0,1.0,0.0,0.0,1.0,1.0,2.0,"-26,87905605","-48,72603512",SPRF-SC,DEL04-SC,UOP04-DEL04-SC
578590,2024-02-02,sexta-feira,16:40:00,MG,381.0,"442,7",SANTA LUZIA,Ausência de reação do condutor,Colisão lateral mesmo sentido,Com Vítimas Feridas,Pleno dia,Decrescente,Céu Claro,Simples,Aclive;Reta,Não,3.0,0.0,1.0,0.0,2.0,0.0,1.0,3.0,"-19,8092926","-43,7790924",SPRF-MG,DEL01-MG,UOP01-DEL01-MG
578594,2024-02-02,sexta-feira,18:00:00,SP,116.0,566,BARRA DO TURVO,Reação tardia ou ineficiente do condutor,Colisão lateral mesmo sentido,Com Vítimas Feridas,Anoitecer,Crescente,Garoa/Chuvisco,Simples,Curva,Não,3.0,0.0,1.0,0.0,2.0,0.0,1.0,3.0,"-25,041697","-48,549812",SPRF-SP,DEL05-SP,UOP02-DEL05-SP
578607,2024-02-02,sexta-feira,19:05:00,PE,101.0,"59,3",RECIFE,Demais falhas mecânicas ou elétricas,Colisão traseira,Com Vítimas Feridas,Plena Noite,Crescente,Céu Claro,Dupla,Reta,Não,2.0,0.0,0.0,1.0,1.0,0.0,1.0,2.0,"-7,97708575","-34,92607318",SPRF-PE,DEL01-PE,UOP02-DEL01-PE
578608,2024-02-02,sexta-feira,18:30:00,PR,369.0,52,BANDEIRANTES,Velocidade Incompatível,Tombamento,Com Vítimas Feridas,Anoitecer,Crescente,Céu Claro,Simples,Rotatória;Curva,Não,2.0,0.0,2.0,0.0,0.0,0.0,2.0,1.0,"-23,11109529","-50,33437729",SPRF-PR,DEL07-PR,UOP05-DEL07-PR
578616,2024-02-02,sexta-feira,19:30:00,SP,116.0,464,PARIQUERA-ACU,Problema com o freio,Incêndio,Sem Vítimas,Plena Noite,Decrescente,Garoa/Chuvisco,Dupla,Reta,Não,2.0,0.0,0.0,0.0,1.0,1.0,0.0,2.0,"-24,63517676","-47,90877722",SPRF-SP,DEL05-SP,UOP01-DEL05-SP
578622,2024-02-02,sexta-feira,15:45:00,PR,277.0,"595,5",CASCAVEL,Reação tardia ou ineficiente do condutor,Colisão lateral mesmo sentido,Com Vítimas Feridas,Pleno dia,Decrescente,Chuva,Múltipla,Reta,Sim,5.0,0.0,3.0,0.0,1.0,1.0,3.0,3.0,"-24,98154632","-53,50141969",SPRF-PR,DEL04-PR,UOP01-DEL04-PR
578623,2024-02-02,sexta-feira,20:35:00,RS,386.0,344,LAJEADO,Retorno proibido,Colisão transversal,Com Vítimas Feridas,Plena Noite,Crescente,Céu Claro,Simples,Reta;Em Obras,Sim,2.0,0.0,1.0,0.0,1.0,0.0,1.0,2.0,"-29,44374043","-51,9821012",SPRF-RS,DEL04-RS,UOP01-DEL04-RS
578628,2024-02-02,sexta-feira,10:00:00,MG,267.0,"21,3",ARGIRITA,Demais falhas mecânicas ou elétricas,Eventos atípicos,Com Vítimas Feridas,Pleno dia,Crescente,Nublado,Simples,Aclive,Não,3.0,0.0,1.0,0.0,1.0,1.0,1.0,2.0,"-21,59274447","-42,78538272",SPRF-MG,DEL07-MG,UOP01-DEL07-MG
578629,2024-02-02,sexta-feira,21:00:00,MG,262.0,427,SAO GONCALO DO PARA,Condutor deixou de manter distância do veículo da frente,Colisão traseira,Com Vítimas Feridas,Plena Noite,Crescente,Ignorado,Dupla,Reta,Não,2.0,0.0,1.0,0.0,1.0,0.0,1.0,2.0,"-19,8850241","-44,77734698",SPRF-MG,DEL08-MG,UOP03-DEL08-MG
578640,2024-02-02,sexta-feira,19:30:00,RJ,40.0,37,AREAL,Carga excessiva e/ou mal acondicionada,Derramamento de carga,Sem Vítimas,Plena Noite,Decrescente,Céu Claro,Dupla,Curva,Não,2.0,0.0,0.0,0.0,2.0,0.0,0.0,1.0,"-22,22225309","-43,12711619",SPRF-RJ,DEL05-RJ,UOP02-DEL05-RJ
578644,2024-02-02,sexta-feira,18:30:00,SC,101.0,"56,5",ARAQUARI,Pedestre - Ingestão de álcool/ substâncias psicoativas,Colisão traseira,Com Vítimas Feridas,Plena Noite,Decrescente,Céu Claro,Dupla,Reta,Não,3.0,0.0,1.0,0.0,1.0,2.0,1.0,4.0,"-26,43207484","-48,82263984",SPRF-SC,DEL03-SC,UOP01-DEL03-SC
578645,2024-02-02,sexta-feira,09:40:00,SP,116.0,209,GUARULHOS,Ausência de reação do condutor,Colisão lateral mesmo sentido,Sem Vítimas,Pleno dia,Crescente,Céu Claro,Múltipla,Reta,Não,2.0,0.0,0.0,0.0,2.0,0.0,0.0,2.0,"-23,42511799","-46,40221101",SPRF-SP,DEL01-SP,UOP01-DEL01-SP
578652,2024-02-02,sexta-feira,18:30:00,GO,364.0,304,MINEIROS,Ingestão de álcool pelo condutor,Colisão lateral sentido oposto,Sem Vítimas,Anoitecer,Crescente,Céu Claro,Simples,Aclive;Reta,Não,4.0,0.0,0.0,0.0,4.0,0.0,0.0,3.0,"-17,524496","-52,530273",SPRF-GO,DEL05-GO,UOP01-DEL05-GO
578655,2024-02-02,sexta-feira,22:00:00,PR,376.0,469,PONTA GROSSA,Ausência de reação do condutor,Colisão traseira,Com Vítimas Feridas,Plena Noite,Crescente,Céu Claro,Simples,Reta,Não,4.0,0.0,1.0,0.0,2.0,1.0,1.0,3.0,"-25,03974803","-50,27969674",SPRF-PR,DEL03-PR,UOP01-DEL03-PR
578660,2024-02-02,sexta-feira,20:20:00,PR,376.0,316,ORTIGUEIRA,Ingestão de álcool pelo condutor,Saída de leito carroçável,Com Vítimas Feridas,Plena Noite,Crescente,Céu Claro,Dupla,Reta;Declive,Não,2.0,0.0,1.0,0.0,0.0,1.0,1.0,2.0,"-24,0001061","-51,0853817",SPRF-PR,DEL07-PR,UOP02-DEL07-PR
578661,2024-02-02,sexta-feira,23:15:00,PR,373.0,"172,6",PONTA GROSSA,Ingestão de álcool pelo condutor,Colisão lateral mesmo sentido,Com Vítimas Feridas,Plena Noite,Crescente,Céu Claro,Dupla,Declive;Reta,Sim,4.0,0.0,1.0,0.0,2.0,2.0,1.0,4.0,"-25,08139932","-50,19200981",SPRF-PR,DEL03-PR,UOP01-DEL03-PR
578662,2024-01-23,terça-feira,16:00:00,MT,364.0,27,ALTO ARAGUAIA,Transitar na contramão,Colisão frontal,Com Vítimas Fatais,Pleno dia,Crescente,Céu Claro,Simples,Reta,Não,8.0,3.0,0.0,2.0,2.0,1.0,2.0,4.0,"-17,17425847","-53,39357512",SPRF-MT,DEL02-MT,UOP02-DEL02-MT
578667,2024-02-02,sexta-feira,21:30:00,GO,153.0,173,CAMPINORTE,Ultrapassagem Indevida,Colisão frontal,Com Vítimas Fatais,Plena Noite,Decrescente,Ignorado,Simples,Reta,Não,2.0,1.0,0.0,0.0,1.0,0.0,0.0,2.0,"-14,29261","-49,15028",SPRF-GO,DEL07-GO,UOP02-DEL07-GO
578673,2024-02-03,sábado,00:50:00,BA,116.0,"806,6",VITORIA DA CONQUISTA,Ingestão de álcool pelo condutor,Colisão frontal,Com Vítimas Feridas,Plena Noite,Crescente,Céu Claro,Simples,Reta,Não,3.0,0.0,0.0,1.0,1.0,1.0,1.0,3.0,"-14,73489475","-40,64877613",SPRF-BA,DEL08-BA,UOP01-DEL08-BA
578679,2024-02-03,sábado,02:30:00,SC,282.0,"669,9",PARAISO,Ingestão de álcool pelo condutor,Colisão lateral sentido oposto,Sem Vítimas,Plena Noite,Crescente,Céu Claro,Simples,Reta,Não,2.0,0.0,0.0,0.0,1.0,1.0,0.0,2.0,"-26,637705","-53,634178",SPRF-SC,DEL07-SC,UOP03-DEL07-SC
578680,2024-02-03,sábado,02:30:00,SC,101.0,"81,2",BARRA VELHA,Manobra de mudança de faixa,Colisão lateral mesmo sentido,Com Vítimas Fatais,Plena Noite,Crescente,Céu Claro,Dupla,Reta;Declive,Não,7.0,1.0,1.0,0.0,1.0,4.0,1.0,4.0,"-26,6073","-48,724333",SPRF-SC,DEL03-SC,UOP02-DEL03-SC
578684,2024-02-03,sábado,04:30:00,ES,101.0,279,SERRA,Acumulo de óleo sobre o pavimento,Saída de leito carroçável,Com Vítimas Feridas,Amanhecer,Crescente,Chuva,Dupla,Reta,Não,3.0,0.0,1.0,0.0,1.0,1.0,1.0,2.0,"-20,218122","-40,339325",SPRF-ES,DEL02-ES,UOP01-DEL02-ES
578687,2024-02-03,sábado,03:40:00,MG,251.0,523,MONTES CLAROS,Velocidade Incompatível,Tombamento,Com Vítimas Feridas,Plena Noite,Decrescente,Chuva,Simples,Rotatória,Não,1.0,0.0,1.0,0.0,0.0,0.0,1.0,1.0,"-16,682184","-43,803516",SPRF-MG,DEL12-MG,UOP01-DEL12-MG
578696,2024-02-03,sábado,03:40:00,BA,110.0,290,INHAMBUPE,Velocidade Incompatível,Tombamento,Com Vítimas Feridas,Amanhecer,Crescente,Céu Claro,Simples,Curva,Não,2.0,0.0,1.0,0.0,1.0,0.0,1.0,1.0,"-11,82090111","-38,35767177",SPRF-BA,DEL01-BA,UOP04-DEL01-BA
578697,2024-02-03,sábado,05:30:00,PR,116.0,91,PIRAQUARA,Reação tardia ou ineficiente do condutor,Colisão traseira,Com Vítimas Feridas,Amanhecer,Crescente,Céu Claro,Dupla,Reta,Não,2.0,0.0,1.0,0.0,1.0,0.0,1.0,2.0,"-25,4915","-49,11344",SPRF-PR,DEL01-PR,UOP07-DEL01-PR
578698,2024-02-02,sexta-feira,19:45:00,GO,364.0,"210,3",JATAI,Objeto estático sobre o leito carroçável,Colisão com objeto,Com Vítimas Feridas,Plena Noite,Decrescente,Céu Claro,Simples,Declive,Não,6.0,0.0,0.0,1.0,3.0,2.0,1.0,3.0,"-17,891758","-51,840656",SPRF-GO,DEL05-GO,UOP01-DEL05-GO
578700,2024-02-03,sábado,06:10:00,MS,262.0,"209,2",RIBAS DO RIO PARDO,Manobra de mudança de faixa,Colisão frontal,Com Vítimas Fatais,Amanhecer,Crescente,Céu Claro,Simples,Reta,Não,2.0,1.0,1.0,0.0,0.0,0.0,1.0,2.0,"-20,46560596","-53,471373",SPRF-MS,DEL07-MS,UOP02-DEL07-MS
578705,2024-02-02,sexta-feira,14:30:00,GO,364.0,"291,7",MINEIROS,Acostamento em desnível,Tombamento,Com Vítimas Feridas,Pleno dia,Decrescente,Céu Claro,Simples,Reta,Não,2.0,0.0,1.0,0.0,0.0,2.0,1.0,3.0,"-17,592016","-52,486064",SPRF-GO,DEL05-GO,UOP01-DEL05-GO
578709,2024-02-03,sábado,06:30:00,PA,163.0,591,TRAIRAO,Ingestão de substâncias psicoativas pelo condutor,Colisão lateral sentido oposto,Com Vítimas Feridas,Amanhecer,Crescente,Céu Claro,Simples,Curva,Não,5.0,0.0,1.0,1.0,2.0,7.0,2.0,10.0,"-4,90250197","-56,18616339",SPRF-PA,DEL05-PA,UOP02-DEL05-PA
578711,2024-02-02,sexta-feira,11:00:00,AC,364.0,515,FEIJO,Transitar na contramão,Colisão frontal,Com Vítimas Fatais,Pleno dia,Decrescente,Sol,Simples,Reta,Não,3.0,2.0,0.0,0.0,1.0,0.0,0.0,2.0,"-8,1903642269","-70,5572690194",SPRF-AC,DEL01-AC,UOP01-DEL01-AC
578713,2024-02-03,sábado,07:20:00,SP,116.0,349,MIRACATU,Condutor deixou de manter distância do veículo da frente,Colisão lateral mesmo sentido,Com Vítimas Feridas,Pleno dia,Decrescente,Céu Claro,Dupla,Reta,Não,8.0,0.0,3.0,0.0,5.0,0.0,3.0,2.0,"-24,05190879","-47,213052",SPRF-SP,DEL04-SP,UOP03-DEL04-SP
578715,2024-02-03,sábado,06:00:00,MT,163.0,1033,PEIXOTO DE AZEVEDO,Ultrapassagem Indevida,Colisão lateral sentido oposto,Com Vítimas Feridas,Pleno dia,Crescente,Céu Claro,Simples,Reta,Não,2.0,0.0,1.0,0.0,0.0,1.0,1.0,2.0,"-10,3429349","-55,04102846",SPRF-MT,DEL06-MT,UOP03-DEL06-MT
578722,2024-02-03,sábado,07:20:00,MG,40.0,588,ITABIRITO,Acessar a via sem observar a presença dos outros veículos,Colisão lateral mesmo sentido,Com Vítimas Feridas,Pleno dia,Crescente,Céu Claro,Simples,Curva,Não,3.0,0.0,0.0,1.0,1.0,1.0,1.0,3.0,"-20,35149094","-43,91313094",SPRF-MG,DEL01-MG,UOP02-DEL01-MG
578724,2024-02-03,sábado,07:34:00,GO,20.0,91,VILA BOA,Acessar a via sem observar a presença dos outros veículos,Colisão traseira,Com Vítimas Feridas,Pleno dia,Crescente,Céu Claro,Simples,Reta,Não,3.0,0.0,1.0,0.0,1.0,1.0,1.0,3.0,"-15,02026","-47,046417",SPRF-DF,DEL02-DF,UOP02-DEL02-DF
578730,2024-02-03,sábado,07:13:00,MG,381.0,"720,8",CARMO DA CACHOEIRA,Ausência de reação do condutor,Tombamento,Com Vítimas Feridas,Pleno dia,Decrescente,Céu Claro,Dupla,Curva,Não,2.0,0.0,1.0,0.0,0.0,1.0,1.0,2.0,"-21,46061202","-45,20743901",SPRF-MG,DEL04-MG,UOP02-DEL04-MG
578731,2024-02-03,sábado,09:00:00,MG,381.0,384,SAO GONCALO DO RIO ABAIXO,Ausência de reação do condutor,Colisão frontal,Com Vítimas Feridas,Pleno dia,Decrescente,Céu Claro,Simples,Curva,Não,4.0,0.0,1.0,0.0,2.0,1.0,1.0,3.0,"-19,83443178","-43,35093867",SPRF-MG,DEL01-MG,UOP01-DEL01-MG
578734,2024-02-03,sábado,07:45:00,MG,365.0,"45,5",CLARO DOS POCOES,Chuva,Colisão lateral sentido oposto,Com Vítimas Feridas,Pleno dia,Crescente,Chuva,Simples,Reta,Não,6.0,0.0,1.0,1.0,3.0,1.0,2.0,3.0,"-16,91338837","-44,20830575",SPRF-MG,DEL12-MG,UOP01-DEL12-MG
578736,2024-02-03,sábado,08:10:00,PR,277.0,"63,2",SAO JOSE DOS PINHAIS,Pedestre andava na pista,Atropelamento de Pedestre,Com Vítimas Feridas,Pleno dia,Crescente,Céu Claro,Dupla,Reta,Sim,4.0,0.0,1.0,0.0,2.0,1.0,1.0,4.0,"-25,54036665","-49,06301737",SPRF-PR,DEL01-PR,UOP01-DEL01-PR
578737,2024-02-03,sábado,09:40:00,GO,60.0,"51,9",ABADIANIA,Ingestão de álcool pelo condutor,Saída de leito carroçável,Com Vítimas Feridas,Pleno dia,Crescente,Nublado,Dupla,Declive;Reta,Não,2.0,0.0,1.0,0.0,0.0,1.0,1.0,2.0,"-16,168616","-48,638241",SPRF-GO,DEL02-GO,UOP01-DEL02-GO
578741,2024-02-03,sábado,10:00:00,MG,381.0,560,ITAGUARA,Demais falhas mecânicas ou elétricas,Saída de leito carroçável,Com Vítimas Feridas,Pleno dia,Crescente,Céu Claro,Dupla,Declive;Curva,Não,4.0,0.0,2.0,0.0,1.0,1.0,2.0,3.0,"-20,38551554","-44,48916608",SPRF-MG,DEL04-MG,UOP03-DEL04-MG
578746,2024-02-03,sábado,11:20:00,RS,386.0,22,FREDERICO WESTPHALEN,Reação tardia ou ineficiente do condutor,Colisão frontal,Sem Vítimas,Pleno dia,Crescente,Céu Claro,Simples,Curva;Declive,Não,2.0,0.0,0.0,0.0,2.0,0.0,0.0,2.0,"-27,275194","-53,353176",SPRF-RS,DEL08-RS,UOP02-DEL08-RS
578750,2024-02-03,sábado,12:00:00,AL,101.0,100,PILAR,Reação tardia ou ineficiente do condutor,Colisão com objeto,Com Vítimas Fatais,Pleno dia,Crescente,Céu Claro,Simples,Ponte,Não,2.0,1.0,0.0,0.0,0.0,1.0,0.0,2.0,"-9,56369581","-35,97111969",SPRF-AL,DEL01-AL,UOP01-DEL01-AL
578753,2024-02-03,sábado,10:35:00,RJ,40.0,119,DUQUE DE CAXIAS,Reação tardia ou ineficiente do condutor,Colisão lateral mesmo sentido,Com Vítimas Feridas,Pleno dia,Crescente,Nublado,Múltipla,Reta,Sim,4.0,0.0,1.0,0.0,3.0,0.0,1.0,3.0,"-22,76375592","-43,28683062",SPRF-RJ,DEL01-RJ,UOP02-DEL01-RJ
578764,2024-02-03,sábado,08:30:00,RJ,495.0,22,PETROPOLIS,Falta de acostamento,Colisão lateral mesmo sentido,Com Vítimas Feridas,Pleno dia,Decrescente,Nublado,Simples,Aclive;Reta,Não,4.0,0.0,1.0,0.0,3.0,0.0,1.0,2.0,"-22,40775537","-43,08365822",SPRF-RJ,DEL05-RJ,UOP02-DEL05-RJ
578770,2024-02-03,sábado,13:30:00,PI,316.0,"42,4",LAGOA DO PIAUI,Reação tardia ou ineficiente do condutor,Saída de leito carroçável,Com Vítimas Feridas,Pleno dia,Crescente,Nublado,Simples,Reta,Não,1.0,0.0,1.0,0.0,0.0,0.0,1.0,1.0,"-5,41952403","-42,64045707",SPRF-PI,DEL01-PI,UOP02-DEL01-PI
578772,2024-02-03,sábado,13:40:00,PR,376.0,591,CURITIBA,Condutor deixou de manter distância do veículo da frente,Engavetamento,Com Vítimas Feridas,Pleno dia,Decrescente,Céu Claro,Dupla,Reta,Não,4.0,0.0,1.0,0.0,2.0,3.0,1.0,6.0,"-25,45999605","-49,35895013",SPRF-PR,DEL01-PR,UOP06-DEL01-PR
578783,2024-02-03,sábado,17:00:00,MG,381.0,"817,4",CAREACU,Chuva,Saída de leito carroçável,Com Vítimas Feridas,Pleno dia,Crescente,Chuva,Dupla,Reta,Não,1.0,0.0,1.0,0.0,0.0,0.0,1.0,1.0,"-22,09779644","-45,71786074",SPRF-MG,DEL16-MG,UOP02-DEL16-MG
578786,2024-02-03,sábado,17:20:00,SC,101.0,"237,9",PALHOCA,Suicídio (presumido),Colisão com objeto,Com Vítimas Fatais,Pleno dia,Crescente,Céu Claro,Múltipla,Reta,Não,4.0,1.0,0.0,0.0,1.0,2.0,0.0,4.0,"-27,8438031","-48,6355409",SPRF-SC,DEL01-SC,UOP02-DEL01-SC