id,data_inversa,dia_semana,horario,uf,br,km,municipio,causa_acidente,tipo_acidente,classificacao_acidente,fase_dia,sentido_via,condicao_metereologica,tipo_pista,tracado_via,uso_solo,pessoas,mortos,feridos_leves,feridos_graves,ilesos,ignorados,feridos,veiculos,latitude,longitude,regional,delegacia,uop
578787,2024-02-03,sábado,17:00:00,PR,153.0,"18,3",JACAREZINHO,Transitar na contramão,Colisão frontal,Com Vítimas Fatais,Pleno dia,Crescente,Céu Claro,Simples,Aclive,Sim,3.0,1.0,0.0,0.0,1.0,2.0,0.0,4.0,"-23,14821281","-49,95294571",SPRF-PR,DEL07-PR,UOP04-DEL07-PR
578788,2024-01-17,quarta-feira,05:30:00,BA,116.0,"529,3",ITATIM,Transitar na contramão,Colisão lateral sentido oposto,Com Vítimas Feridas,Amanhecer,Decrescente,Nublado,Simples,Reta,Não,5.0,0.0,1.0,1.0,2.0,4.0,2.0,7.0,"-12,740198","-39,786502",SPRF-BA,DEL03-BA,UOP02-DEL03-BA
578791,2024-02-03,sábado,17:00:00,BA,116.0,691,JEQUIE,Ausência de reação do condutor,Tombamento,Com Vítimas Feridas,Pleno dia,Crescente,Céu Claro,Simples,Reta,Não,3.0,0.0,2.0,0.0,0.0,1.0,2.0,2.0,"-13,94789006","-40,16494773",SPRF-BA,DEL03-BA,UOP01-DEL03-BA
578794,2024-02-03,sábado,17:15:00,PE,423.0,"97,3",GARANHUNS,Acessar a via sem observar a presença dos outros veículos,Colisão transversal,Com Vítimas Fatais,Pleno dia,Decrescente,Céu Claro,Simples,Reta;Declive,Sim,3.0,1.0,0.0,0.0,1.0,1.0,0.0,3.0,"-8,8796227","-36,49484286",SPRF-PE,DEL03-PE,UOP01-DEL03-PE
578801,2024-02-03,sábado,19:25:00,RJ,101.0,19,CAMPOS DOS GOYTACAZES,Transitar na contramão,Colisão lateral sentido oposto,Com Vítimas Fatais,Plena Noite,Crescente,Céu Claro,Simples,Declive,Sim,2.0,1.0,0.0,0.0,1.0,0.0,0.0,2.0,"-21,37421125","-41,34253394",SPRF-RJ,DEL08-RJ,UOP01-DEL08-RJ
578807,2024-02-03,sábado,19:05:00,MS,262.0,"491,8",ANASTACIO,Acessar a via sem observar a presença dos outros veículos,Atropelamento de Pedestre,Com Vítimas Feridas,Plena Noite,Crescente,Céu Claro,Simples,Reta,Não,2.0,0.0,0.0,1.0,1.0,0.0,1.0,2.0,"-20,50107013","-55,82486196",SPRF-MS,DEL03-MS,UOP01-DEL03-MS
578814,2024-02-03,sábado,19:11:00,PR,373.0,401,CANDOI,Entrada inopinada do pedestre,Atropelamento de Pedestre,Com Vítimas Feridas,Pleno dia,Crescente,Céu Claro,Simples,Reta,Não,5.0,0.0,0.0,1.0,1.0,3.0,1.0,3.0,"-25,57658993","-52,05533419",SPRF-PR,DEL08-PR,UOP01-DEL08-PR
578819,2024-02-03,sábado,19:24:00,SP,116.0,137,SAO JOSE DOS CAMPOS,Pedestre andava na pista,Atropelamento de Pedestre,Com Vítimas Fatais,Plena Noite,Decrescente,Chuva,Dupla,Reta,Não,6.0,1.0,0.0,0.0,3.0,2.0,0.0,6.0,"-23,15300766","-45,78709317",SPRF-SP,DEL02-SP,UOP01-DEL02-SP
578820,2024-02-03,sábado,19:00:00,MT,163.0,"72,5",RONDONOPOLIS,Demais falhas mecânicas ou elétricas,Incêndio,Sem Vítimas,Plena Noite,Crescente,Céu Claro,Dupla,Reta,Não,2.0,0.0,0.0,0.0,1.0,1.0,0.0,2.0,"-16,88528221","-54,71596956",SPRF-MT,DEL02-MT,UOP03-DEL02-MT
578833,2024-02-03,sábado,17:00:00,BA,407.0,"37,6",JUAZEIRO,Ultrapassagem Indevida,Colisão frontal,Com Vítimas Fatais,Pleno dia,Crescente,Céu Claro,Simples,Reta,Não,4.0,1.0,0.0,0.0,2.0,1.0,0.0,3.0,"-9,70639516","-40,36659835",SPRF-BA,DEL04-BA,UOP01-DEL04-BA
578840,2024-02-03,sábado,22:00:00,MG,40.0,605,CONGONHAS,Demais falhas mecânicas ou elétricas,Saída de leito carroçável,Com Vítimas Feridas,Plena Noite,Decrescente,Céu Claro,Simples,Curva,Não,2.0,0.0,1.0,0.0,0.0,1.0,1.0,2.0,"-20,4679836","-43,8407073",SPRF-MG,DEL05-MG,UOP02-DEL05-MG
578846,2024-02-03,sábado,23:15:00,PR,376.0,"170,4",MARINGA,Ingestão de álcool pelo condutor,Saída de leito carroçável,Sem Vítimas,Plena Noite,Crescente,Céu Claro,Dupla,Rotatória;Reta;Interseção de Vias,Não,2.0,0.0,0.0,0.0,1.0,1.0,0.0,2.0,"-23,41595703","-51,97950402",SPRF-PR,DEL09-PR,UOP01-DEL09-PR
578849,2024-02-03,sábado,23:40:00,PR,277.0,"659,5",MATELANDIA,Velocidade Incompatível,Tombamento,Com Vítimas Feridas,Plena Noite,Crescente,Céu Claro,Dupla,Curva;Declive,Não,5.0,0.0,1.0,1.0,2.0,1.0,2.0,4.0,"-25,24664169","-53,98334832",SPRF-PR,DEL05-PR,UOP02-DEL05-PR
578855,2024-02-04,domingo,01:30:00,TO,153.0,"408,7",MIRANORTE,Pedestre cruzava a pista fora da faixa,Atropelamento de Pedestre,Com Vítimas Fatais,Plena Noite,Crescente,Céu Claro,Simples,Reta,Não,3.0,1.0,0.0,0.0,2.0,0.0,0.0,2.0,"-9,48122494","-48,58319433",SPRF-TO,DEL02-TO,UOP02-DEL02-TO
578866,2024-02-04,domingo,04:50:00,ES,101.0,74,SAO MATEUS,Ultrapassagem Indevida,Colisão frontal,Com Vítimas Feridas,Amanhecer,Crescente,Céu Claro,Simples,Reta,Não,7.0,0.0,1.0,2.0,3.0,2.0,3.0,6.0,"-18,80685577","-39,8956893",SPRF-ES,DEL04-ES,UOP02-DEL04-ES
578869,2024-02-04,domingo,04:30:00,PE,232.0,"439,8",SERRA TALHADA,Transitar na contramão,Colisão frontal,Com Vítimas Feridas,Amanhecer,Crescente,Nublado,Simples,Curva;Declive,Não,4.0,0.0,2.0,1.0,0.0,3.0,3.0,5.0,"-8,012299","-38,556566",SPRF-PE,DEL04-PE,UOP01-DEL04-PE
578874,2024-02-04,domingo,04:55:00,RS,101.0,67,MAQUINE,Reação tardia ou ineficiente do condutor,Colisão com objeto,Sem Vítimas,Pleno dia,Crescente,Céu Claro,Dupla,Reta,Sim,2.0,0.0,0.0,0.0,1.0,1.0,0.0,2.0,"-29,725468","-50,199816",SPRF-RS,DEL03-RS,UOP02-DEL03-RS
578875,2024-01-24,quarta-feira,15:00:00,BA,242.0,405,SEABRA,Condutor deixou de manter distância do veículo da frente,Colisão traseira,Sem Vítimas,Pleno dia,Crescente,Céu Claro,Simples,Reta,Não,3.0,0.0,0.0,0.0,2.0,2.0,0.0,4.0,"-12,48810878","-41,72887312",SPRF-BA,DEL06-BA,UOP01-DEL06-BA
578884,2024-02-04,domingo,03:30:00,TO,153.0,"297,8",PRESIDENTE KENNEDY,Transitar na contramão,Colisão frontal,Com Vítimas Fatais,Plena Noite,Crescente,Nublado,Simples,Aclive,Não,4.0,1.0,0.0,0.0,1.0,2.0,0.0,4.0,"-8,50685805","-48,48795923",SPRF-TO,DEL02-TO,UOP02-DEL02-TO
578887,2024-02-03,sábado,23:30:00,PA,222.0,218,BOM JESUS DO TOCANTINS,Transitar na contramão,Colisão lateral sentido oposto,Com Vítimas Feridas,Plena Noite,Crescente,Céu Claro,Simples,Declive,Não,3.0,0.0,1.0,0.0,2.0,0.0,1.0,2.0,"-5,180754","-48,979069",SPRF-PA,DEL03-PA,UOP01-DEL03-PA
578888,2024-02-03,sábado,22:30:00,MG,262.0,651,IBIA,Condutor Dormindo,Saída de leito carroçável,Com Vítimas Feridas,Plena Noite,Decrescente,Nublado,Simples,Aclive;Reta,Não,2.0,0.0,1.0,0.0,0.0,1.0,1.0,2.0,"-19,569754","-46,658166",SPRF-MG,DEL08-MG,UOP01-DEL08-MG
578892,2024-02-04,domingo,06:30:00,MG,365.0,"621,5",UBERLANDIA,Mal súbito do condutor,Colisão com objeto,Com Vítimas Feridas,Amanhecer,Crescente,Chuva,Dupla,Curva;Declive,Sim,1.0,0.0,1.0,0.0,0.0,0.0,1.0,1.0,"-18,9048022","-48,29052803",SPRF-MG,DEL15-MG,UOP01-DEL15-MG
578902,2024-02-04,domingo,03:45:00,PA,230.0,1126,ITAITUBA,Ingestão de álcool pelo condutor,Colisão lateral sentido oposto,Sem Vítimas,Plena Noite,Decrescente,Ignorado,Simples,Curva;Declive,Não,2.0,0.0,0.0,0.0,1.0,1.0,0.0,2.0,"-4,31664891","-55,95736027",SPRF-PA,DEL05-PA,UOP02-DEL05-PA
578907,2024-02-03,sábado,21:30:00,BA,242.0,156,RAFAEL JAMBEIRO,Transitar na contramão,Colisão frontal,Com Vítimas Fatais,Plena Noite,Crescente,Céu Claro,Simples,Reta,Não,6.0,4.0,0.0,0.0,1.0,3.0,0.0,5.0,"-12,505998","-39,655906",SPRF-BA,DEL06-BA,UOP02-DEL06-BA
578908,2024-02-03,sábado,21:00:00,MT,163.0,1004,TERRA NOVA DO NORTE,Transitar na contramão,Colisão frontal,Com Vítimas Fatais,Plena Noite,Decrescente,Chuva,Simples,Aclive;Reta,Não,3.0,1.0,0.0,0.0,1.0,3.0,0.0,5.0,"-10,58824596","-55,09321322",SPRF-MT,DEL06-MT,UOP03-DEL06-MT
578911,2024-02-04,domingo,09:45:00,MG,381.0,"837,5",SAO SEBASTIAO DA BELA VISTA,Manobra de mudança de faixa,Colisão lateral mesmo sentido,Com Vítimas Feridas,Pleno dia,Crescente,Nublado,Dupla,Declive;Curva,Não,5.0,0.0,2.0,0.0,2.0,1.0,2.0,3.0,"-22,18544691","-45,84411022",SPRF-MG,DEL16-MG,UOP01-DEL16-MG
578914,2024-02-04,domingo,08:50:00,MT,163.0,768,SORRISO,Transitar na contramão,Colisão frontal,Com Vítimas Feridas,Pleno dia,Crescente,Céu Claro,Simples,Reta,Não,3.0,0.0,0.0,1.0,1.0,5.0,1.0,7.0,"-12,53807594","-55,70640432",SPRF-MT,DEL06-MT,UOP01-DEL06-MT
578915,2024-02-04,domingo,07:50:00,BA,101.0,"819,6",ITAMARAJU,Reação tardia ou ineficiente do condutor,Tombamento,Com Vítimas Feridas,Pleno dia,Decrescente,Céu Claro,Simples,Curva,Não,2.0,0.0,1.0,0.0,0.0,3.0,1.0,4.0,"-17,106572","-39,561826",SPRF-BA,DEL09-BA,UOP02-DEL09-BA
578921,2024-02-04,domingo,09:30:00,GO,452.0,"145,5",BOM JESUS DE GOIAS,Problema com o freio,Colisão traseira,Com Vítimas Feridas,Pleno dia,Crescente,Sol,Simples,Reta,Não,5.0,0.0,1.0,0.0,3.0,4.0,1.0,8.0,"-18,28004135","-49,62383116",SPRF-GO,DEL03-GO,UOP02-DEL03-GO
578928,2024-02-04,domingo,10:15:00,MT,364.0,193,RONDONOPOLIS,Ausência de reação do condutor,Colisão traseira,Com Vítimas Feridas,Pleno dia,Crescente,Céu Claro,Simples,Reta,Não,3.0,0.0,1.0,0.0,1.0,4.0,1.0,6.0,"-16,53246336","-54,58496737",SPRF-MT,DEL02-MT,UOP01-DEL02-MT
578930,2024-02-04,domingo,12:30:00,RJ,101.0,69,CAMPOS DOS GOYTACAZES,Suicídio (presumido),Colisão lateral sentido oposto,Com Vítimas Feridas,Pleno dia,Crescente,Céu Claro,Simples,Reta,Não,3.0,0.0,1.0,0.0,1.0,2.0,1.0,4.0,"-21,77624383","-41,3653321",SPRF-RJ,DEL08-RJ,UOP02-DEL08-RJ
578936,2024-02-04,domingo,09:00:00,MT,158.0,634,NOVA XAVANTINA,Ausência de reação do condutor,Saída de leito carroçável,Com Vítimas Feridas,Pleno dia,Crescente,Céu Claro,Simples,Curva,Não,2.0,0.0,1.0,0.0,0.0,1.0,1.0,2.0,"-14,53357488","-52,33600203",SPRF-MT,DEL07-MT,UOP02-DEL07-MT
578938,2024-02-04,domingo,12:17:00,MG,381.0,484,BETIM,Reação tardia ou ineficiente do condutor,Tombamento,Com Vítimas Feridas,Pleno dia,Crescente,Nublado,Dupla,Curva;Aclive,Sim,3.0,0.0,1.0,0.0,1.0,2.0,1.0,4.0,"-19,95531717","-44,11722196",SPRF-MG,DEL01-MG,UOP03-DEL01-MG
578946,2024-02-04,domingo,10:15:00,PB,116.0,"12,1",CACHOEIRA DOS INDIOS,Ultrapassagem Indevida,Saída de leito carroçável,Sem Vítimas,Pleno dia,Crescente,Sol,Simples,Reta;Aclive,Não,3.0,0.0,0.0,0.0,1.0,2.0,0.0,3.0,"-6,993578","-38,746815",SPRF-CE,DEL05-CE,UOP03-DEL05-CE
578947,2024-02-04,domingo,08:38:00,RJ,116.0,224,PIRAI,Demais falhas mecânicas ou elétricas,Incêndio,Sem Vítimas,Pleno dia,Decrescente,Céu Claro,Dupla,Reta,Não,2.0,0.0,0.0,0.0,1.0,1.0,0.0,2.0,"-22,68709335","-43,81058612",SPRF-RJ,DEL06-RJ,UOP02-DEL06-RJ
578948,2024-02-04,domingo,08:45:00,BA,116.0,"727,7",BOA NOVA,Conversão proibida,Colisão transversal,Com Vítimas Feridas,Pleno dia,Decrescente,Céu Claro,Simples,Reta,Não,6.0,0.0,1.0,4.0,0.0,2.0,5.0,5.0,"-14,292788","-40,310431",SPRF-BA,DEL08-BA,UOP02-DEL08-BA
578949,2024-02-04,domingo,15:10:00,MG,365.0,"16,8",MONTES CLAROS,Velocidade Incompatível,Colisão frontal,Com Vítimas Fatais,Pleno dia,Crescente,Sol,Simples,Curva;Declive,Não,4.0,2.0,0.0,0.0,1.0,1.0,0.0,3.0,"-16,86881617","-44,01763824",SPRF-MG,DEL12-MG,UOP01-DEL12-MG
578959,2024-02-04,domingo,16:02:00,ES,262.0,"17,5",VIANA,Trafegar com motocicleta (ou similar) entre as faixas,Colisão lateral mesmo sentido,Com Vítimas Feridas,Pleno dia,Decrescente,Céu Claro,Simples,Reta,Sim,3.0,0.0,2.0,0.0,1.0,0.0,2.0,2.0,"-20,38635961","-40,47272969",SPRF-ES,DEL01-ES,UOP01-DEL01-ES
578961,2024-02-04,domingo,16:20:00,DF,20.0,11,BRASILIA,Chuva,Tombamento,Com Vítimas Feridas,Pleno dia,Decrescente,Chuva,Dupla,Reta,Não,2.0,0.0,1.0,0.0,1.0,0.0,1.0,1.0,"-15,64654","-47,766422",SPRF-DF,DEL02-DF,UOP01-DEL02-DF
578971,2024-02-03,sábado,09:45:00,MT,163.0,934,ITAUBA,Ausência de reação do condutor,Colisão traseira,Com Vítimas Fatais,Pleno dia,Decrescente,Céu Claro,Simples,Reta,Não,9.0,3.0,0.0,2.0,3.0,3.0,2.0,8.0,"-11,13682296","-55,31295921",SPRF-MT,DEL06-MT,UOP02-DEL06-MT
578980,2024-02-04,domingo,14:10:00,MT,163.0,573,NOVA MUTUM,Chuva,Colisão frontal,Com Vítimas Feridas,Pleno dia,Decrescente,Chuva,Simples,Reta,Não,4.0,0.0,0.0,2.0,1.0,3.0,2.0,5.0,"-14,13823325","-56,10402945",SPRF-MT,DEL01-MT,UOP01-DEL01-MT
579005,2024-02-04,domingo,18:25:00,PR,373.0,174,PONTA GROSSA,Velocidade Incompatível,Colisão transversal,Com Vítimas Feridas,Pleno dia,Crescente,Céu Claro,Dupla,Reta,Sim,3.0,0.0,0.0,1.0,1.0,1.0,1.0,3.0,"-25,07594908","-50,20995715",SPRF-PR,DEL03-PR,UOP01-DEL03-PR
579021,2024-02-04,domingo,16:30:00,RO,364.0,559,ALTO PARAISO,Transitar na contramão,Colisão frontal,Com Vítimas Feridas,Pleno dia,Decrescente,Chuva,Simples,Reta,Não,3.0,0.0,1.0,1.0,0.0,3.0,2.0,5.0,"-9,57083902","-63,07461536",SPRF-RO,DEL03-RO,UOP01-DEL03-RO
579027,2024-02-04,domingo,19:45:00,BA,110.0,"11,7",PAULO AFONSO,Velocidade Incompatível,Colisão traseira,Com Vítimas Feridas,Plena Noite,Crescente,Céu Claro,Simples,Reta,Não,2.0,0.0,1.0,0.0,1.0,0.0,1.0,2.0,"-9,54994104","-38,22123966",SPRF-BA,DEL07-BA,UOP01-DEL07-BA
579030,2024-02-04,domingo,17:50:00,MG,251.0,"323,9",SALINAS,Carga excessiva e/ou mal acondicionada,Tombamento,Com Vítimas Feridas,Anoitecer,Crescente,Céu Claro,Simples,Curva;Declive,Não,3.0,0.0,2.0,0.0,0.0,1.0,2.0,2.0,"-16,22966821","-42,37541477",SPRF-MG,DEL12-MG,UOP02-DEL12-MG
579033,2024-02-04,domingo,20:45:00,RJ,116.0,111,GUAPIMIRIM,Reação tardia ou ineficiente do condutor,Atropelamento de Pedestre,Com Vítimas Feridas,Plena Noite,Crescente,Céu Claro,Simples,Reta,Não,4.0,0.0,1.0,0.0,1.0,2.0,1.0,3.0,"-22,55838319","-42,99482067",SPRF-RJ,DEL04-RJ,UOP02-DEL04-RJ
579034,2024-02-04,domingo,20:20:00,SC,101.0,81,BARRA VELHA,Condutor deixou de manter distância do veículo da frente,Colisão traseira,Com Vítimas Feridas,Plena Noite,Decrescente,Céu Claro,Múltipla,Aclive,Não,6.0,0.0,2.0,0.0,3.0,2.0,2.0,6.0,"-26,60256101","-48,72553524",SPRF-SC,DEL03-SC,UOP02-DEL03-SC
579035,2024-02-04,domingo,21:20:00,RS,386.0,"306,5",POUSO NOVO,Reação tardia ou ineficiente do condutor,Colisão lateral mesmo sentido,Com Vítimas Fatais,Plena Noite,Crescente,Céu Claro,Simples,Curva;Declive,Não,5.0,1.0,1.0,1.0,0.0,3.0,2.0,5.0,"-29,202335","-52,183838",SPRF-RS,DEL04-RS,UOP01-DEL04-RS
579037,2024-02-04,domingo,19:50:00,SC,116.0,"169,8",PONTE ALTA DO NORTE,Manobra de mudança de faixa,Colisão frontal,Com Vítimas Fatais,Plena Noite,Decrescente,Garoa/Chuvisco,Simples,Curva,Não,6.0,1.0,1.0,1.0,2.0,2.0,2.0,5.0,"-27,190528","-50,4636833",SPRF-SC,DEL05-SC,UOP03-DEL05-SC
579043,2024-02-04,domingo,22:25:00,ES,101.0,"320,8",GUARAPARI,Reação tardia ou ineficiente do condutor,Colisão lateral mesmo sentido,Com Vítimas Feridas,Plena Noite,Crescente,Céu Claro,Múltipla,Reta,Não,4.0,0.0,1.0,0.0,2.0,1.0,1.0,3.0,"-20,51234104","-40,47639192",SPRF-ES,DEL03-ES,UOP01-DEL03-ES
579056,2024-02-04,domingo,22:30:00,BA,116.0,"363,3",SERRINHA,Velocidade Incompatível,Colisão frontal,Com Vítimas Feridas,Plena Noite,Decrescente,Céu Claro,Simples,Curva,Não,2.0,0.0,0.0,1.0,1.0,0.0,1.0,2.0,"-11,70477008","-38,98661613",SPRF-BA,DEL02-BA,UOP01-DEL02-BA
579062,2024-02-04,domingo,22:30:00,SE,101.0,17,SAO FRANCISCO,Reação tardia ou ineficiente do condutor,Derramamento de carga,Sem Vítimas,Plena Noite,Decrescente,Céu Claro,Dupla,Curva,Não,2.0,0.0,0.0,0.0,1.0,1.0,0.0,2.0,"-10,33831807","-36,89396364",SPRF-SE,DEL02-SE,UOP02-DEL02-SE
579069,2024-02-04,domingo,18:45:00,MS,262.0,240,RIBAS DO RIO PARDO,Ingestão de álcool pelo condutor,Colisão traseira,Com Vítimas Feridas,Anoitecer,Decrescente,Céu Claro,Simples,Reta,Sim,4.0,0.0,2.0,0.0,1.0,3.0,2.0,6.0,"-20,45766622","-53,76551998",SPRF-MS,DEL01-MS,UOP01-DEL01-MS
579070,2024-02-04,domingo,22:00:00,MG,251.0,"371,9",GRAO MOGOL,Velocidade Incompatível,Colisão traseira,Com Vítimas Feridas,Plena Noite,Crescente,Ignorado,Simples,Reta,Não,4.0,0.0,2.0,0.0,1.0,2.0,2.0,4.0,"-16,28786559","-42,6965112",SPRF-MG,DEL12-MG,UOP01-DEL12-MG
579083,2024-02-04,domingo,20:30:00,MT,70.0,243,PRIMAVERA DO LESTE,Pista Escorregadia,Tombamento,Sem Vítimas,Plena Noite,Decrescente,Chuva,Simples,Declive;Reta,Não,2.0,0.0,0.0,0.0,1.0,1.0,0.0,2.0,"-15,61715656","-54,05279308",SPRF-MT,DEL05-MT,UOP01-DEL05-MT
579087,2024-02-05,segunda-feira,02:20:00,MG,251.0,"330,3",FRUTA DE LEITE,Condutor Dormindo,Saída de leito carroçável,Com Vítimas Feridas,Plena Noite,Decrescente,Nublado,Simples,Declive;Curva,Não,2.0,0.0,0.0,1.0,0.0,1.0,1.0,2.0,"-16,24625819","-42,38203526",SPRF-MG,DEL12-MG,UOP02-DEL12-MG
579088,2024-02-05,segunda-feira,05:46:00,MG,381.0,"831,7",SAO SEBASTIAO DA BELA VISTA,Ausência de reação do condutor,Colisão traseira,Com Vítimas Feridas,Amanhecer,Crescente,Céu Claro,Dupla,Aclive;Reta,Não,7.0,0.0,3.0,2.0,1.0,1.0,5.0,3.0,"-22,12122742","-45,78610852",SPRF-MG,DEL16-MG,UOP01-DEL16-MG
579095,2024-02-04,domingo,23:00:00,PR,277.0,21,MORRETES,Reação tardia ou ineficiente do condutor,Colisão lateral mesmo sentido,Com Vítimas Feridas,Plena Noite,Crescente,Nublado,Dupla,Curva,Não,3.0,0.0,1.0,0.0,1.0,1.0,1.0,2.0,"-25,55074432","-48,67135211",SPRF-PR,DEL01-PR,UOP05-DEL01-PR
579098,2024-02-05,segunda-feira,05:45:00,RS,293.0,14,CAPAO DO LEAO,Acessar a via sem observar a presença dos outros veículos,Colisão lateral mesmo sentido,Sem Vítimas,Plena Noite,Crescente,Nublado,Simples,Reta,Sim,2.0,0.0,0.0,0.0,1.0,1.0,0.0,2.0,"-31,75233352","-52,4609969",SPRF-RS,DEL07-RS,UOP01-DEL07-RS
579127,2024-02-05,segunda-feira,08:25:00,MG,267.0,"166,2",LIMA DUARTE,Velocidade Incompatível,Tombamento,Com Vítimas Feridas,Pleno dia,Crescente,Nublado,Simples,Curva,Não,4.0,0.0,1.0,0.0,2.0,1.0,1.0,2.0,"-21,85623502","-43,835793",SPRF-MG,DEL05-MG,UOP01-DEL05-MG
579139,2024-02-03,sábado,10:15:00,PB,230.0,"151,1",CAMPINA GRANDE,Condutor deixou de manter distância do veículo da frente,Colisão traseira,Com Vítimas Feridas,Pleno dia,Crescente,Céu Claro,Simples,Reta,Sim,3.0,0.0,0.0,1.0,1.0,1.0,1.0,3.0,"-7,2587","-35,8778",SPRF-PB,DEL02-PB,UOP01-DEL02-PB
579148,2024-02-05,segunda-feira,09:15:00,MG,364.0,32,FRUTAL,Desrespeitar a preferência no cruzamento,Colisão transversal,Com Vítimas Feridas,Pleno dia,Crescente,Céu Claro,Simples,Interseção de Vias;Reta,Sim,2.0,0.0,0.0,1.0,1.0,0.0,1.0,2.0,"-19,99890842","-48,95236373",SPRF-MG,DEL13-MG,UOP02-DEL13-MG
579150,2024-02-05,segunda-feira,10:00:00,SC,101.0,122,ITAJAI,Trafegar com motocicleta (ou similar) entre as faixas,Colisão traseira,Com Vítimas Feridas,Pleno dia,Decrescente,Céu Claro,Múltipla,Reta,Sim,3.0,0.0,0.0,1.0,1.0,1.0,1.0,3.0,"-26,92955916","-48,70499836",SPRF-SC,DEL04-SC,UOP04-DEL04-SC
579158,2024-02-05,segunda-feira,06:30:00,MG,40.0,"134,5",JOAO PINHEIRO,Ultrapassagem Indevida,Saída de leito carroçável,Com Vítimas Feridas,Pleno dia,Crescente,Nublado,Simples,Reta,Não,3.0,0.0,1.0,0.0,1.0,1.0,1.0,3.0,"-17,71751498","-46,25002099",SPRF-MG,DEL14-MG,UOP01-DEL14-MG
579173,2024-02-05,segunda-feira,12:00:00,RS,285.0,"178,6",CAPAO BONITO DO SUL,Transitar na contramão,Colisão lateral sentido oposto,Com Vítimas Feridas,Pleno dia,Decrescente,Céu Claro,Simples,Curva,Não,4.0,0.0,3.0,0.0,1.0,0.0,3.0,2.0,"-28,29376273","-51,39163971",SPRF-RS,DEL08-RS,UOP05-DEL08-RS
579174,2024-02-05,segunda-feira,12:50:00,SP,116.0,"477,3",JACUPIRANGA,Pedestre cruzava a pista fora da faixa,Atropelamento de Pedestre,Com Vítimas Feridas,Pleno dia,Crescente,Sol,Dupla,Reta,Sim,3.0,0.0,0.0,1.0,1.0,1.0,1.0,3.0,"-24,69842695","-48,00304804",SPRF-SP,DEL05-SP,UOP01-DEL05-SP
579180,2024-02-05,segunda-feira,13:40:00,RS,386.0,265,FONTOURA XAVIER,Acessar a via sem observar a presença dos outros veículos,Colisão transversal,Com Vítimas Feridas,Pleno dia,Crescente,Céu Claro,Simples,Curva;Aclive,Não,3.0,0.0,1.0,0.0,1.0,1.0,1.0,3.0,"-28,928402","-52,379761",SPRF-RS,DEL04-RS,UOP03-DEL04-RS
579182,2024-02-05,segunda-feira,11:10:00,BA,101.0,"907,1",IBIRAPUA,Reação tardia ou ineficiente do condutor,Eventos atípicos,Com Vítimas Fatais,Pleno dia,Decrescente,Céu Claro,Simples,Reta,Não,3.0,1.0,0.0,0.0,1.0,1.0,0.0,3.0,"-17,79805405","-39,78183746",SPRF-BA,DEL09-BA,UOP02-DEL09-BA
579185,2024-02-05,segunda-feira,09:00:00,BA,101.0,535,SAO JOSE DA VITORIA,Curva acentuada,Tombamento,Com Vítimas Feridas,Pleno dia,Decrescente,Nublado,Simples,Declive;Curva,Não,2.0,0.0,1.0,0.0,0.0,1.0,1.0,2.0,"-15,15775202","-39,41074199",SPRF-BA,DEL05-BA,UOP01-DEL05-BA
579188,2024-01-13,sábado,10:30:00,RR,401.0,10,BOA VISTA,Reação tardia ou ineficiente do condutor,Colisão lateral mesmo sentido,Com Vítimas Feridas,Pleno dia,Crescente,Céu Claro,Simples,Reta,Não,2.0,0.0,1.0,0.0,1.0,0.0,1.0,2.0,"2,80229396","-60,68243402",SPRF-RR,DEL01-RR,UOP01-DEL01-RR
579195,2024-02-05,segunda-feira,14:15:00,SC,470.0,90,ASCURRA,Condutor Dormindo,Colisão frontal,Com Vítimas Feridas,Pleno dia,Crescente,Céu Claro,Simples,Reta;Em Obras,Não,4.0,0.0,2.0,0.0,1.0,1.0,2.0,3.0,"-26,969337","-49,367718",SPRF-SC,DEL04-SC,UOP01-DEL04-SC
579196,2024-02-05,segunda-feira,14:15:00,MG,267.0,"80,5",JUIZ DE FORA,Velocidade Incompatível,Colisão lateral sentido oposto,Sem Vítimas,Pleno dia,Decrescente,Céu Claro,Simples,Curva,Não,3.0,0.0,0.0,0.0,2.0,1.0,0.0,3.0,"-21,75478617","-43,21241781",SPRF-MG,DEL05-MG,UOP01-DEL05-MG
579198,2024-02-05,segunda-feira,15:40:00,RS,470.0,165,VILA FLORES,Manobra de mudança de faixa,Colisão lateral mesmo sentido,Sem Vítimas,Pleno dia,Crescente,Céu Claro,Dupla,Reta,Não,6.0,0.0,0.0,0.0,5.0,1.0,0.0,2.0,"-28,84169703","-51,57429796",SPRF-RS,DEL06-RS,UOP02-DEL06-RS
579200,2024-02-05,segunda-feira,15:05:00,RN,427.0,"116,1",CAICO,Demais falhas mecânicas ou elétricas,Colisão com objeto,Com Vítimas Feridas,Pleno dia,Decrescente,Sol,Simples,Reta,Não,3.0,0.0,1.0,0.0,1.0,1.0,1.0,2.0,"-6,43957995","-37,18605995",SPRF-RN,DEL03-RN,UOP01-DEL03-RN
579212,2024-02-05,segunda-feira,17:30:00,RJ,116.0,315,ITATIAIA,Manobra de mudança de faixa,Colisão traseira,Com Vítimas Feridas,Pleno dia,Decrescente,Céu Claro,Dupla,Reta,Sim,5.0,0.0,3.0,0.0,1.0,1.0,3.0,3.0,"-22,46045833","-44,47218299",SPRF-RJ,DEL07-RJ,UOP02-DEL07-RJ