id,data_inversa,dia_semana,horario,uf,br,km,municipio,causa_acidente,tipo_acidente,classificacao_acidente,fase_dia,sentido_via,condicao_metereologica,tipo_pista,tracado_via,uso_solo,pessoas,mortos,feridos_leves,feridos_graves,ilesos,ignorados,feridos,veiculos,latitude,longitude,regional,delegacia,uop
579213,2024-02-05,segunda-feira,15:00:00,ES,259.0,"49,1",COLATINA,Demais falhas mecânicas ou elétricas,Tombamento,Com Vítimas Feridas,Pleno dia,Decrescente,Céu Claro,Simples,Aclive,Não,2.0,0.0,1.0,0.0,0.0,1.0,1.0,2.0,"-19,511741","-40,6047251",SPRF-ES,DEL02-ES,UOP01-DEL02-ES
579216,2024-02-05,segunda-feira,17:10:00,RS,158.0,"197,7",CRUZ ALTA,Acessar a via sem observar a presença dos outros veículos,Colisão transversal,Com Vítimas Feridas,Pleno dia,Crescente,Céu Claro,Simples,Interseção de Vias,Sim,2.0,0.0,0.0,1.0,1.0,0.0,1.0,2.0,"-28,65940526","-53,59096461",SPRF-RS,DEL10-RS,UOP02-DEL10-RS
579218,2024-02-05,segunda-feira,17:20:00,RS,386.0,"101,5",SAO JOSE DAS MISSOES,Velocidade Incompatível,Tombamento,Com Vítimas Feridas,Pleno dia,Decrescente,Céu Claro,Simples,Curva,Não,2.0,0.0,0.0,1.0,0.0,1.0,1.0,2.0,"-27,75992477","-53,11134338",SPRF-RS,DEL08-RS,UOP01-DEL08-RS
579224,2024-02-05,segunda-feira,18:20:00,MG,40.0,610,CONGONHAS,Transitar na contramão,Colisão frontal,Com Vítimas Fatais,Anoitecer,Decrescente,Céu Claro,Simples,Reta,Não,5.0,1.0,0.0,0.0,3.0,3.0,0.0,7.0,"-20,5019758","-43,83840447",SPRF-MG,DEL05-MG,UOP02-DEL05-MG
579226,2024-02-05,segunda-feira,16:30:00,PE,232.0,21,MORENO,Acessar a via sem observar a presença dos outros veículos,Incêndio,Sem Vítimas,Pleno dia,Crescente,Céu Claro,Dupla,Retorno Regulamentado,Não,4.0,0.0,0.0,0.0,4.0,0.0,0.0,3.0,"-8,09580234","-35,08012588",SPRF-PE,DEL01-PE,UOP01-DEL01-PE
579227,2024-02-05,segunda-feira,17:50:00,GO,153.0,"373,1",SAO FRANCISCO DE GOIAS,Velocidade Incompatível,Tombamento,Com Vítimas Feridas,Anoitecer,Crescente,Chuva,Simples,Reta,Não,2.0,0.0,0.0,1.0,0.0,1.0,1.0,2.0,"-15,860242","-49,261246",SPRF-GO,DEL02-GO,UOP02-DEL02-GO
579228,2024-02-05,segunda-feira,17:30:00,RS,116.0,638,JAGUARAO,Ausência de reação do condutor,Tombamento,Com Vítimas Feridas,Pleno dia,Decrescente,Céu Claro,Simples,Reta,Não,2.0,0.0,1.0,0.0,0.0,1.0,1.0,2.0,"-32,43814713","-53,25732287",SPRF-RS,DEL07-RS,UOP03-DEL07-RS
579234,2024-02-05,segunda-feira,18:00:00,PE,232.0,"7,1",RECIFE,Trafegar com motocicleta (ou similar) entre as faixas,Colisão lateral mesmo sentido,Com Vítimas Feridas,Plena Noite,Crescente,Céu Claro,Múltipla,Reta;Em Obras,Sim,3.0,0.0,1.0,0.0,1.0,1.0,1.0,3.0,"-8,07333497","-34,96184301",SPRF-PE,DEL01-PE,UOP01-DEL01-PE
579236,2024-02-05,segunda-feira,18:00:00,PA,316.0,20,BENEVIDES,Ausência de reação do condutor,Colisão traseira,Sem Vítimas,Plena Noite,Decrescente,Céu Claro,Dupla,Reta;Declive,Sim,3.0,0.0,0.0,0.0,3.0,0.0,0.0,3.0,"-1,3642339","-48,266582",SPRF-PA,DEL01-PA,UOP01-DEL01-PA
579245,2024-02-05,segunda-feira,18:00:00,RJ,40.0,72,PETROPOLIS,Pista Escorregadia,Colisão com objeto,Com Vítimas Feridas,Pleno dia,Decrescente,Garoa/Chuvisco,Dupla,Curva;Declive,Não,1.0,0.0,1.0,0.0,0.0,0.0,1.0,1.0,"-22,46352401","-43,22321103",SPRF-RJ,DEL01-RJ,UOP01-DEL01-RJ
579251,2024-02-05,segunda-feira,16:30:00,MG,262.0,"604,1",CAMPOS ALTOS,Ausência de reação do condutor,Saída de leito carroçável,Com Vítimas Feridas,Pleno dia,Decrescente,Garoa/Chuvisco,Simples,Reta;Aclive,Não,1.0,0.0,0.0,1.0,0.0,0.0,1.0,1.0,"-19,64303802","-46,24914201",SPRF-MG,DEL08-MG,UOP02-DEL08-MG
579252,2024-02-05,segunda-feira,15:35:00,PR,277.0,"473,8",NOVA LARANJEIRAS,Velocidade Incompatível,Tombamento,Com Vítimas Feridas,Pleno dia,Decrescente,Céu Claro,Simples,Curva,Não,2.0,0.0,1.0,0.0,0.0,1.0,1.0,2.0,"-25,31228529","-52,52903626",SPRF-PR,DEL04-PR,UOP02-DEL04-PR
579253,2024-02-05,segunda-feira,17:00:00,RJ,40.0,75,PETROPOLIS,Chuva,Colisão com objeto,Com Vítimas Feridas,Pleno dia,Crescente,Garoa/Chuvisco,Simples,Curva;Aclive,Não,3.0,0.0,3.0,0.0,0.0,0.0,3.0,1.0,"-22,46857126","-43,22958698",SPRF-RJ,DEL01-RJ,UOP01-DEL01-RJ
579259,2024-01-28,domingo,21:00:00,MG,153.0,135,PRATA,Reação tardia ou ineficiente do condutor,Saída de leito carroçável,Com Vítimas Feridas,Pleno dia,Decrescente,Céu Claro,Simples,Reta,Não,2.0,0.0,1.0,0.0,0.0,1.0,1.0,2.0,"-19,52339386","-48,83222564",SPRF-MG,DEL15-MG,UOP03-DEL15-MG
579266,2024-01-27,sábado,06:40:00,RJ,101.0,297,ITABORAI,Fumaça,Incêndio,Sem Vítimas,Pleno dia,Crescente,Céu Claro,Múltipla,Curva,Sim,1.0,0.0,0.0,0.0,1.0,0.0,0.0,1.0,"-22,76942037","-42,91873581",SPRF-RJ,DEL02-RJ,UOP02-DEL02-RJ
579269,2024-01-27,sábado,03:30:00,RJ,101.0,297,ITABORAI,Reação tardia ou ineficiente do condutor,Tombamento,Com Vítimas Feridas,Plena Noite,Crescente,Céu Claro,Múltipla,Curva,Sim,2.0,0.0,0.0,1.0,0.0,1.0,1.0,2.0,"-22,76942037","-42,91873581",SPRF-RJ,DEL02-RJ,UOP02-DEL02-RJ
579271,2024-02-05,segunda-feira,15:33:00,RS,116.0,44,VACARIA,Demais falhas mecânicas ou elétricas,Eventos atípicos,Sem Vítimas,Pleno dia,Crescente,Nublado,Simples,Aclive;Reta,Não,3.0,0.0,0.0,0.0,2.0,1.0,0.0,3.0,"-28,53962512","-50,96996084",SPRF-RS,DEL05-RS,UOP03-DEL05-RS
579272,2024-02-05,segunda-feira,19:50:00,MS,163.0,543,BANDEIRANTES,Ingestão de álcool pelo condutor,Saída de leito carroçável,Sem Vítimas,Plena Noite,Crescente,Céu Claro,Simples,Reta,Não,2.0,0.0,0.0,0.0,1.0,2.0,0.0,3.0,"-19,9894849","-54,39027124",SPRF-MS,DEL01-MS,UOP02-DEL01-MS
579274,2024-02-05,segunda-feira,21:50:00,PR,277.0,"0,5",PARANAGUA,Transitar no Acostamento,Colisão lateral mesmo sentido,Com Vítimas Fatais,Plena Noite,Decrescente,Céu Claro,Simples,Reta,Sim,2.0,1.0,0.0,0.0,0.0,1.0,0.0,2.0,"-25,52471","-48,547464",SPRF-PR,DEL01-PR,UOP05-DEL01-PR
579277,2024-02-05,segunda-feira,19:55:00,GO,153.0,"372,8",JARAGUA,Velocidade Incompatível,Colisão traseira,Com Vítimas Feridas,Plena Noite,Crescente,Chuva,Simples,Reta,Não,3.0,0.0,1.0,0.0,1.0,2.0,1.0,4.0,"-15,843293","-49,270893",SPRF-GO,DEL02-GO,UOP02-DEL02-GO
579279,2024-02-05,segunda-feira,20:22:00,SC,116.0,"166,4",PONTE ALTA DO NORTE,Reação tardia ou ineficiente do condutor,Tombamento,Com Vítimas Feridas,Plena Noite,Decrescente,Céu Claro,Simples,Interseção de Vias;Curva,Sim,1.0,0.0,1.0,0.0,0.0,0.0,1.0,1.0,"-27,16174113","-50,46682477",SPRF-SC,DEL05-SC,UOP03-DEL05-SC
579282,2024-02-05,segunda-feira,16:00:00,SC,153.0,46,VARGEM BONITA,Ausência de reação do condutor,Tombamento,Com Vítimas Feridas,Pleno dia,Decrescente,Céu Claro,Simples,Declive;Reta,Não,2.0,0.0,0.0,1.0,0.0,1.0,1.0,2.0,"-26,890306","-51,763412",SPRF-SC,DEL07-SC,UOP07-DEL07-SC
579286,2024-02-05,segunda-feira,23:00:00,MG,40.0,509,RIBEIRAO DAS NEVES,Ausência de reação do condutor,Colisão traseira,Com Vítimas Feridas,Plena Noite,Decrescente,Chuva,Dupla,Aclive;Reta,Sim,4.0,0.0,1.0,0.0,1.0,2.0,1.0,3.0,"-19,76728744","-44,12855905",SPRF-MG,DEL01-MG,UOP02-DEL01-MG
579293,2024-02-06,terça-feira,01:30:00,SC,470.0,"50,7",BLUMENAU,Velocidade Incompatível,Saída de leito carroçável,Com Vítimas Feridas,Plena Noite,Crescente,Céu Claro,Simples,Viaduto;Curva,Não,2.0,0.0,1.0,0.0,0.0,1.0,1.0,2.0,"-26,86102183","-49,08176422",SPRF-SC,DEL04-SC,UOP01-DEL04-SC
579294,2024-02-06,terça-feira,01:15:00,MA,135.0,9,SAO LUIS,Acessar a via sem observar a presença dos outros veículos,Colisão transversal,Com Vítimas Feridas,Plena Noite,Decrescente,Céu Claro,Dupla,Retorno Regulamentado;Reta,Sim,4.0,0.0,0.0,1.0,1.0,2.0,1.0,3.0,"-2,66480672","-44,28647757",SPRF-MA,DEL01-MA,UOP01-DEL01-MA
579297,2024-02-06,terça-feira,01:30:00,SC,470.0,"356,2",CAMPOS NOVOS,Ausência de reação do condutor,Tombamento,Com Vítimas Feridas,Plena Noite,Decrescente,Céu Claro,Simples,Curva,Não,1.0,0.0,0.0,1.0,0.0,0.0,1.0,1.0,"-27,596577","-51,473782",SPRF-SC,DEL07-SC,UOP06-DEL07-SC
579300,2024-02-06,terça-feira,04:45:00,RS,471.0,178,RIO PARDO,Pedestre andava na pista,Atropelamento de Pedestre,Com Vítimas Fatais,Plena Noite,Crescente,Céu Claro,Simples,Reta;Aclive,Não,2.0,1.0,0.0,0.0,1.0,0.0,0.0,2.0,"-30,01470626","-52,3696804",SPRF-RS,DEL02-RS,UOP03-DEL02-RS
579301,2024-01-20,sábado,21:45:00,ES,101.0,133,LINHARES,Ausência de reação do condutor,Colisão frontal,Com Vítimas Fatais,Plena Noite,Crescente,Céu Claro,Simples,Reta,Não,3.0,1.0,0.0,0.0,1.0,2.0,0.0,4.0,"-19,25700702","-40,08983616",SPRF-ES,DEL04-ES,UOP01-DEL04-ES
579307,2024-02-06,terça-feira,05:10:00,PR,277.0,196,PALMEIRA,Reação tardia ou ineficiente do condutor,Saída de leito carroçável,Com Vítimas Feridas,Amanhecer,Crescente,Céu Claro,Simples,Aclive;Reta,Não,2.0,0.0,1.0,0.0,0.0,2.0,1.0,3.0,"-25,43726675","-50,16777812",SPRF-PR,DEL08-PR,UOP02-DEL08-PR
579312,2024-02-06,terça-feira,02:45:00,CE,116.0,466,BARRO,Chuva,Saída de leito carroçável,Sem Vítimas,Plena Noite,Crescente,Chuva,Simples,Declive;Curva,Não,2.0,0.0,0.0,0.0,1.0,2.0,0.0,3.0,"-7,2382616667","-38,8407316667",SPRF-CE,DEL05-CE,UOP03-DEL05-CE
579324,2024-02-06,terça-feira,07:05:00,SC,282.0,402,JOACABA,Ausência de reação do condutor,Colisão frontal,Com Vítimas Feridas,Pleno dia,Decrescente,Céu Claro,Simples,Curva,Não,2.0,0.0,0.0,1.0,1.0,0.0,1.0,2.0,"-27,115656","-51,631065",SPRF-SC,DEL07-SC,UOP05-DEL07-SC
579326,2024-02-06,terça-feira,04:00:00,RJ,101.0,383,RIO DE JANEIRO,Ausência de reação do condutor,Colisão com objeto,Com Vítimas Feridas,Plena Noite,Decrescente,Ignorado,Dupla,Reta,Sim,3.0,0.0,3.0,0.0,0.0,0.0,3.0,1.0,"-22,879342","-43,621665",SPRF-RJ,DEL03-RJ,UOP01-DEL03-RJ
579327,2024-02-06,terça-feira,08:20:00,RJ,40.0,117,DUQUE DE CAXIAS,Demais falhas mecânicas ou elétricas,Saída de leito carroçável,Com Vítimas Feridas,Pleno dia,Crescente,Céu Claro,Múltipla,Reta,Não,2.0,0.0,2.0,0.0,0.0,0.0,2.0,1.0,"-22,745676","-43,2881",SPRF-RJ,DEL01-RJ,UOP02-DEL01-RJ
579334,2024-02-05,segunda-feira,23:40:00,BA,110.0,"213,9",NOVA SOURE,Condutor Dormindo,Capotamento,Com Vítimas Feridas,Plena Noite,Decrescente,Céu Claro,Simples,Reta,Não,2.0,0.0,1.0,0.0,0.0,1.0,1.0,2.0,"-11,21968195","-38,48769686",SPRF-BA,DEL07-BA,UOP02-DEL07-BA
579343,2024-02-06,terça-feira,06:30:00,BA,324.0,487,FEIRA DE SANTANA,Manobra de mudança de faixa,Saída de leito carroçável,Com Vítimas Feridas,Pleno dia,Crescente,Céu Claro,Simples,Reta,Não,2.0,0.0,1.0,0.0,1.0,0.0,1.0,2.0,"-12,03364074","-39,01582097",SPRF-BA,DEL02-BA,UOP01-DEL02-BA
579349,2024-02-06,terça-feira,09:40:00,CE,222.0,"75,1",SAO GONCALO DO AMARANTE,Demais falhas mecânicas ou elétricas,Tombamento,Com Vítimas Feridas,Pleno dia,Crescente,Céu Claro,Simples,Declive,Não,1.0,0.0,1.0,0.0,0.0,0.0,1.0,1.0,"-3,671003","-39,21995",SPRF-CE,DEL01-CE,UOP03-DEL01-CE
579354,2024-02-06,terça-feira,08:25:00,SC,101.0,"46,4",JOINVILLE,Trafegar com motocicleta (ou similar) entre as faixas,Colisão lateral mesmo sentido,Com Vítimas Feridas,Pleno dia,Decrescente,Sol,Dupla,Reta,Sim,3.0,0.0,1.0,0.0,1.0,1.0,1.0,3.0,"-26,33150083","-48,86187762",SPRF-SC,DEL03-SC,UOP01-DEL03-SC
579355,2024-02-06,terça-feira,11:20:00,RS,386.0,"347,2",LAJEADO,Ausência de reação do condutor,Colisão traseira,Com Vítimas Feridas,Pleno dia,Crescente,Sol,Múltipla,Reta;Declive;Em Obras,Sim,8.0,0.0,3.0,0.0,4.0,1.0,3.0,5.0,"-29,45267758","-51,96422696",SPRF-RS,DEL04-RS,UOP01-DEL04-RS
579356,2024-02-06,terça-feira,03:45:00,MT,364.0,"524,6",ROSARIO OESTE,Ingestão de álcool pelo condutor,Derramamento de carga,Sem Vítimas,Plena Noite,Decrescente,Céu Claro,Simples,Curva,Não,2.0,0.0,0.0,0.0,1.0,3.0,0.0,4.0,"-15,05826498","-56,51689234",SPRF-MT,DEL01-MT,UOP01-DEL01-MT
579360,2024-02-06,terça-feira,10:46:00,RS,290.0,"322,6",CACAPAVA DO SUL,Ingestão de álcool pelo condutor,Colisão frontal,Com Vítimas Feridas,Pleno dia,Decrescente,Céu Claro,Simples,Curva,Não,3.0,0.0,0.0,1.0,1.0,2.0,1.0,4.0,"-30,37617039","-53,42125654",SPRF-RS,DEL09-RS,UOP02-DEL09-RS
579365,2024-02-06,terça-feira,08:00:00,PB,104.0,130,CAMPINA GRANDE,Transitar na contramão,Colisão lateral sentido oposto,Sem Vítimas,Pleno dia,Crescente,Sol,Simples,Reta,Sim,2.0,0.0,0.0,0.0,2.0,0.0,0.0,2.0,"-7,29013399","-35,89029705",SPRF-PB,DEL02-PB,UOP01-DEL02-PB
579368,2024-02-06,terça-feira,12:45:00,SC,282.0,599,CUNHA PORA,Demais falhas na via,Colisão lateral mesmo sentido,Com Vítimas Feridas,Pleno dia,Crescente,Sol,Simples,Aclive;Reta,Não,4.0,0.0,1.0,0.0,2.0,1.0,1.0,3.0,"-26,820206","-53,155052",SPRF-SC,DEL07-SC,UOP02-DEL07-SC
579370,2024-02-06,terça-feira,12:10:00,MT,70.0,85,GENERAL CARNEIRO,Reação tardia ou ineficiente do condutor,Tombamento,Sem Vítimas,Pleno dia,Decrescente,Céu Claro,Simples,Curva;Declive,Não,2.0,0.0,0.0,0.0,1.0,3.0,0.0,4.0,"-15,67421693","-52,81408803",SPRF-MT,DEL07-MT,UOP01-DEL07-MT
579372,2024-02-06,terça-feira,11:00:00,PA,10.0,"175,9",PARAGOMINAS,Carga excessiva e/ou mal acondicionada,Tombamento,Com Vítimas Feridas,Pleno dia,Crescente,Céu Claro,Simples,Rotatória,Não,1.0,0.0,1.0,0.0,0.0,0.0,1.0,1.0,"-2,89485593","-47,43342876",SPRF-PA,DEL02-PA,UOP01-DEL02-PA
579376,2024-02-06,terça-feira,13:00:00,PE,408.0,97,SAO LOURENCO DA MATA,Ausência de reação do condutor,Colisão traseira,Com Vítimas Feridas,Pleno dia,Decrescente,Sol,Dupla,Aclive;Reta,Não,2.0,0.0,0.0,1.0,1.0,0.0,1.0,2.0,"-8,02843077","-35,03684556",SPRF-PE,DEL01-PE,UOP01-DEL01-PE
579385,2024-02-06,terça-feira,12:00:00,TO,153.0,307,GUARAI,Ausência de reação do condutor,Colisão com objeto,Sem Vítimas,Pleno dia,Crescente,Céu Claro,Simples,Reta,Não,2.0,0.0,0.0,0.0,1.0,3.0,0.0,4.0,"-8,59672901","-48,48314149",SPRF-TO,DEL02-TO,UOP02-DEL02-TO
579386,2024-02-02,sexta-feira,12:00:00,PR,116.0,152,MANDIRITUBA,Reação tardia ou ineficiente do condutor,Colisão traseira,Com Vítimas Feridas,Pleno dia,Decrescente,Céu Claro,Dupla,Rotatória,Sim,2.0,0.0,1.0,0.0,1.0,0.0,1.0,2.0,"-25,83236296","-49,33609707",SPRF-PR,DEL01-PR,UOP03-DEL01-PR
579392,2024-01-20,sábado,21:50:00,BA,110.0,98,JEREMOABO,Demais falhas mecânicas ou elétricas,Incêndio,Sem Vítimas,Plena Noite,Decrescente,Céu Claro,Simples,Reta,Não,2.0,0.0,0.0,0.0,1.0,1.0,0.0,2.0,"-10,28052905","-38,31012085",SPRF-BA,DEL07-BA,UOP01-DEL07-BA
579398,2024-02-06,terça-feira,14:45:00,RN,101.0,"97,9",NATAL,Acumulo de areia ou detritos sobre o pavimento,Colisão traseira,Com Vítimas Feridas,Pleno dia,Decrescente,Céu Claro,Múltipla,Reta,Sim,2.0,0.0,1.0,0.0,1.0,0.0,1.0,2.0,"-5,85758898","-35,21271205",SPRF-RN,DEL01-RN,UOP01-DEL01-RN
579402,2024-02-06,terça-feira,14:50:00,PR,277.0,"456,6",LARANJEIRAS DO SUL,Manobra de mudança de faixa,Colisão traseira,Com Vítimas Feridas,Pleno dia,Decrescente,Nublado,Simples,Aclive;Reta,Não,2.0,0.0,1.0,0.0,1.0,0.0,1.0,2.0,"-25,385905","-52,413842",SPRF-PR,DEL04-PR,UOP02-DEL04-PR
579408,2024-02-06,terça-feira,10:40:00,RJ,356.0,54,ITAPERUNA,Ultrapassagem Indevida,Colisão lateral mesmo sentido,Com Vítimas Feridas,Pleno dia,Crescente,Nublado,Simples,Reta,Não,3.0,0.0,2.0,0.0,1.0,0.0,2.0,2.0,"-21,27393692","-41,74440596",SPRF-RJ,DEL08-RJ,UOP03-DEL08-RJ
579409,2024-02-06,terça-feira,14:45:00,PR,163.0,"19,1",BOM JESUS DO SUL,Ausência de reação do condutor,Colisão lateral sentido oposto,Com Vítimas Feridas,Pleno dia,Decrescente,Céu Claro,Simples,Reta,Não,3.0,0.0,2.0,0.0,0.0,1.0,2.0,3.0,"-26,2185571","-53,63797285",SPRF-PR,DEL02-PR,UOP02-DEL02-PR
579410,2024-02-06,terça-feira,15:50:00,MG,381.0,766,CAMPANHA,Reação tardia ou ineficiente do condutor,Colisão traseira,Com Vítimas Feridas,Pleno dia,Crescente,Céu Claro,Dupla,Reta,Não,3.0,0.0,1.0,0.0,1.0,2.0,1.0,4.0,"-21,76294597","-45,41241603",SPRF-MG,DEL16-MG,UOP02-DEL16-MG
579411,2024-02-06,terça-feira,15:00:00,RS,290.0,147,ARROIO DOS RATOS,Demais falhas mecânicas ou elétricas,Incêndio,Sem Vítimas,Pleno dia,Crescente,Céu Claro,Simples,Curva,Não,1.0,0.0,0.0,0.0,1.0,0.0,0.0,1.0,"-30,10755","-51,675858",SPRF-RS,DEL02-RS,UOP01-DEL02-RS
579412,2024-02-06,terça-feira,15:35:00,MS,163.0,"610,7",SAO GABRIEL DO OESTE,Acessar a via sem observar a presença dos outros veículos,Colisão transversal,Com Vítimas Feridas,Pleno dia,Decrescente,Nublado,Simples,Reta,Não,6.0,0.0,2.0,0.0,3.0,3.0,2.0,7.0,"-19,42512336","-54,54549909",SPRF-MS,DEL06-MS,UOP02-DEL06-MS
579415,2024-02-06,terça-feira,14:50:00,RJ,40.0,45,PETROPOLIS,Velocidade Incompatível,Colisão traseira,Sem Vítimas,Pleno dia,Decrescente,Céu Claro,Dupla,Reta,Não,6.0,0.0,0.0,0.0,6.0,0.0,0.0,2.0,"-22,27821816","-43,11580971",SPRF-RJ,DEL05-RJ,UOP02-DEL05-RJ
579416,2024-02-06,terça-feira,15:30:00,RS,158.0,"223,3",CRUZ ALTA,Ausência de reação do condutor,Engavetamento,Com Vítimas Feridas,Pleno dia,Crescente,Céu Claro,Simples,Em Obras;Reta,Não,3.0,0.0,2.0,0.0,1.0,0.0,2.0,3.0,"-28,88719277","-53,61882847",SPRF-RS,DEL10-RS,UOP02-DEL10-RS
579417,2024-02-06,terça-feira,16:30:00,MG,381.0,489,BETIM,Ausência de reação do condutor,Colisão lateral mesmo sentido,Sem Vítimas,Pleno dia,Crescente,Nublado,Dupla,Reta,Sim,2.0,0.0,0.0,0.0,1.0,1.0,0.0,2.0,"-19,96245618","-44,16455495",SPRF-MG,DEL01-MG,UOP03-DEL01-MG
579430,2024-01-05,sexta-feira,19:55:00,PR,163.0,292,MARECHAL CANDIDO RONDON,Desrespeitar a preferência no cruzamento,Colisão transversal,Com Vítimas Fatais,Plena Noite,Decrescente,Céu Claro,Simples,Reta;Interseção de Vias,Não,3.0,1.0,0.0,0.0,1.0,2.0,0.0,4.0,"-24,52360956","-54,06210088",SPRF-PR,DEL06-PR,UOP02-DEL06-PR
579431,2024-02-06,terça-feira,17:25:00,BA,324.0,516,FEIRA DE SANTANA,Trafegar com motocicleta (ou similar) entre as faixas,Colisão transversal,Com Vítimas Feridas,Pleno dia,Decrescente,Céu Claro,Simples,Reta,Sim,3.0,0.0,0.0,1.0,1.0,1.0,1.0,3.0,"-12,2417119","-38,93768485",SPRF-BA,DEL02-BA,UOP01-DEL02-BA
579432,2024-02-06,terça-feira,17:00:00,RS,285.0,314,PASSO FUNDO,Demais falhas mecânicas ou elétricas,Saída de leito carroçável,Com Vítimas Feridas,Pleno dia,Decrescente,Céu Claro,Simples,Curva,Não,1.0,0.0,1.0,0.0,0.0,0.0,1.0,1.0,"-28,245794","-52,572262",SPRF-RS,DEL08-RS,UOP03-DEL08-RS
579439,2024-02-06,terça-feira,18:00:00,RJ,116.0,69,TERESOPOLIS,Condutor Dormindo,Tombamento,Com Vítimas Feridas,Anoitecer,Decrescente,Nublado,Simples,Curva,Não,1.0,0.0,1.0,0.0,0.0,0.0,1.0,1.0,"-22,31064086","-42,93779076",SPRF-RJ,DEL04-RJ,UOP01-DEL04-RJ
579441,2024-02-06,terça-feira,17:26:00,PR,369.0,"482,5",CORBELIA,Reação tardia ou ineficiente do condutor,Colisão lateral mesmo sentido,Com Vítimas Feridas,Pleno dia,Decrescente,Nublado,Simples,Reta,Sim,4.0,0.0,1.0,0.0,2.0,1.0,1.0,3.0,"-24,6524","-53,2195",SPRF-PR,DEL04-PR,UOP03-DEL04-PR
579443,2024-02-06,terça-feira,18:34:00,SC,101.0,"335,9",TUBARAO,Condutor deixou de manter distância do veículo da frente,Colisão traseira,Sem Vítimas,Anoitecer,Crescente,Garoa/Chuvisco,Dupla,Reta,Sim,2.0,0.0,0.0,0.0,2.0,0.0,0.0,2.0,"-28,46927473","-49,01557908",SPRF-SC,DEL02-SC,UOP01-DEL02-SC
579445,2024-02-06,terça-feira,16:00:00,RJ,101.0,323,NITEROI,Ausência de reação do condutor,Colisão traseira,Com Vítimas Feridas,Pleno dia,Decrescente,Céu Claro,Múltipla,Ponte;Reta,Não,3.0,0.0,1.0,0.0,2.0,0.0,1.0,2.0,"-22,87684786","-43,11728689",SPRF-RJ,DEL02-RJ,UOP01-DEL02-RJ
579446,2024-02-06,terça-feira,17:30:00,GO,20.0,232,POSSE,Velocidade Incompatível,Tombamento,Com Vítimas Feridas,Pleno dia,Decrescente,Céu Claro,Simples,Reta,Não,2.0,0.0,0.0,1.0,0.0,1.0,1.0,2.0,"-14,087328","-46,296154",SPRF-DF,DEL02-DF,UOP03-DEL02-DF
579453,2024-02-06,terça-feira,17:00:00,BA,101.0,99,ALAGOINHAS,Condutor deixou de manter distância do veículo da frente,Colisão lateral mesmo sentido,Com Vítimas Feridas,Pleno dia,Crescente,Céu Claro,Simples,Reta,Não,2.0,0.0,1.0,0.0,1.0,0.0,1.0,2.0,"-12,132932","-38,39226983",SPRF-BA,DEL01-BA,UOP04-DEL01-BA
579467,2024-02-06,terça-feira,20:20:00,PR,369.0,"39,1",ANDIRA,Estacionar ou parar em local proibido,Colisão com objeto,Com Vítimas Feridas,Plena Noite,Crescente,Céu Claro,Simples,Reta,Sim,3.0,0.0,0.0,1.0,1.0,1.0,1.0,3.0,"-23,05688053","-50,24630427",SPRF-PR,DEL07-PR,UOP05-DEL07-PR
579468,2024-02-06,terça-feira,16:30:00,SC,116.0,58,PAPANDUVA,Acessar a via sem observar a presença dos outros veículos,Colisão transversal,Com Vítimas Feridas,Pleno dia,Decrescente,Sol,Simples,Retorno Regulamentado,Não,2.0,0.0,1.0,0.0,1.0,0.0,1.0,2.0,"-26,37763463","-50,19755176",SPRF-SC,DEL06-SC,UOP02-DEL06-SC
579477,2024-02-06,terça-feira,21:20:00,MA,135.0,3,SAO LUIS,Velocidade Incompatível,Tombamento,Com Vítimas Feridas,Plena Noite,Decrescente,Nublado,Dupla,Retorno Regulamentado,Sim,2.0,0.0,1.0,0.0,0.0,1.0,1.0,2.0,"-2,53073","-44,3068",SPRF-MA,DEL01-MA,UOP01-DEL01-MA
579482,2024-02-06,terça-feira,16:10:00,MG,381.0,"905,6",CAMBUI,Reação tardia ou ineficiente do condutor,Colisão lateral mesmo sentido,Com Vítimas Feridas,Pleno dia,Decrescente,Nublado,Dupla,Declive;Curva,Não,9.0,0.0,2.0,1.0,5.0,5.0,3.0,12.0,"-22,66343332","-46,0909026",SPRF-MG,DEL16-MG,UOP03-DEL16-MG
579483,2024-02-06,terça-feira,13:30:00,MS,267.0,654,PORTO MURTINHO,Reação tardia ou ineficiente do condutor,Tombamento,Com Vítimas Feridas,Pleno dia,Decrescente,Chuva,Simples,Reta,Não,1.0,0.0,1.0,0.0,0.0,0.0,1.0,1.0,"-21,72869184","-57,60706991",SPRF-MS,DEL05-MS,UOP01-DEL05-MS
579485,2024-02-06,terça-feira,23:30:00,BA,324.0,442,RIACHAO DO JACUIPE,Transitar na contramão,Colisão lateral sentido oposto,Com Vítimas Feridas,Plena Noite,Decrescente,Céu Claro,Simples,Reta,Não,4.0,0.0,3.0,0.0,0.0,1.0,3.0,3.0,"-11,82877428","-39,36212626",SPRF-BA,DEL02-BA,UOP01-DEL02-BA
579495,2024-02-07,quarta-feira,01:20:00,SP,116.0,"58,9",GUARATINGUETA,Acessar a via sem observar a presença dos outros veículos,Colisão traseira,Com Vítimas Feridas,Plena Noite,Crescente,Céu Claro,Múltipla,Reta,Sim,3.0,0.0,2.0,0.0,1.0,0.0,2.0,2.0,"-22,78005511","-45,14572791",SPRF-SP,DEL08-SP,UOP01-DEL08-SP