id,data_inversa,dia_semana,horario,uf,br,km,municipio,causa_acidente,tipo_acidente,classificacao_acidente,fase_dia,sentido_via,condicao_metereologica,tipo_pista,tracado_via,uso_solo,pessoas,mortos,feridos_leves,feridos_graves,ilesos,ignorados,feridos,veiculos,latitude,longitude,regional,delegacia,uop
579496,2024-02-06,terça-feira,22:20:00,MG,50.0,184,UBERABA,Pedestre andava na pista,Atropelamento de Pedestre,Com Vítimas Fatais,Plena Noite,Crescente,Ignorado,Dupla,Reta,Sim,3.0,1.0,0.0,0.0,1.0,2.0,0.0,4.0,"-19,80945315","-47,90078523",SPRF-MG,DEL13-MG,UOP01-DEL13-MG
579500,2024-02-07,quarta-feira,03:37:00,GO,60.0,"31,4",ALEXANIA,Demais falhas mecânicas ou elétricas,Incêndio,Sem Vítimas,Plena Noite,Decrescente,Céu Claro,Dupla,Reta,Sim,1.0,0.0,0.0,0.0,1.0,0.0,0.0,1.0,"-16,0963","-48,5202",SPRF-DF,DEL03-DF,UOP01-DEL03-DF
579503,2024-02-07,quarta-feira,05:45:00,SC,282.0,"346,2",CAMPOS NOVOS,Ausência de reação do condutor,Colisão frontal,Com Vítimas Feridas,Amanhecer,Decrescente,Céu Claro,Simples,Curva;Aclive,Não,3.0,0.0,0.0,1.0,1.0,1.0,1.0,3.0,"-27,390287","-51,223286",SPRF-SC,DEL07-SC,UOP06-DEL07-SC
579510,2024-02-07,quarta-feira,07:10:00,MG,116.0,"276,9",TEOFILO OTONI,Ausência de reação do condutor,Colisão lateral mesmo sentido,Com Vítimas Feridas,Pleno dia,Crescente,Céu Claro,Simples,Reta,Sim,3.0,0.0,1.0,0.0,1.0,1.0,1.0,3.0,"-17,85105696","-41,51454492",SPRF-MG,DEL11-MG,UOP01-DEL11-MG
579511,2024-02-07,quarta-feira,03:30:00,SC,280.0,"101,4",SAO BENTO DO SUL,Reação tardia ou ineficiente do condutor,Tombamento,Com Vítimas Fatais,Plena Noite,Decrescente,Céu Claro,Simples,Curva;Declive,Não,2.0,1.0,0.0,0.0,0.0,2.0,0.0,3.0,"-26,36307266","-49,34030771",SPRF-SC,DEL06-SC,UOP03-DEL06-SC
579516,2024-02-07,quarta-feira,07:30:00,RS,153.0,"39,3",ERECHIM,Ultrapassagem Indevida,Colisão lateral mesmo sentido,Com Vítimas Feridas,Pleno dia,Decrescente,Céu Claro,Simples,Aclive;Reta,Não,3.0,0.0,0.0,1.0,1.0,1.0,1.0,3.0,"-27,58082872","-52,22808233",SPRF-RS,DEL08-RS,UOP04-DEL08-RS
579534,2024-02-07,quarta-feira,06:10:00,PR,153.0,"112,3",IBAITI,Velocidade Incompatível,Tombamento,Com Vítimas Feridas,Pleno dia,Decrescente,Céu Claro,Simples,Interseção de Vias,Não,2.0,0.0,1.0,0.0,0.0,2.0,1.0,3.0,"-23,87218152","-50,20176888",SPRF-PR,DEL07-PR,UOP04-DEL07-PR
579536,2024-02-07,quarta-feira,06:45:00,CE,116.0,"124,7",RUSSAS,Manobra de mudança de faixa,Colisão frontal,Com Vítimas Fatais,Pleno dia,Decrescente,Céu Claro,Simples,Curva,Não,2.0,1.0,0.0,0.0,1.0,0.0,0.0,2.0,"-4,65515598","-38,15286197",SPRF-CE,DEL03-CE,UOP01-DEL03-CE
579544,2024-02-07,quarta-feira,10:20:00,SC,101.0,"184,9",BIGUACU,Acessar a via sem observar a presença dos outros veículos,Colisão lateral mesmo sentido,Com Vítimas Feridas,Pleno dia,Decrescente,Sol,Múltipla,Reta,Não,5.0,0.0,2.0,0.0,2.0,1.0,2.0,4.0,"-27,42536698","-48,62465876",SPRF-SC,DEL01-SC,UOP01-DEL01-SC
579546,2024-02-07,quarta-feira,07:48:00,SP,116.0,499,CAJATI,Reação tardia ou ineficiente do condutor,Tombamento,Com Vítimas Fatais,Pleno dia,Crescente,Céu Claro,Múltipla,Curva,Não,2.0,1.0,0.0,0.0,0.0,1.0,0.0,2.0,"-24,78228753","-48,17695233",SPRF-SP,DEL05-SP,UOP02-DEL05-SP
579551,2024-02-07,quarta-feira,10:00:00,RJ,101.0,11,CAMPOS DOS GOYTACAZES,Velocidade Incompatível,Tombamento,Com Vítimas Feridas,Pleno dia,Crescente,Céu Claro,Simples,Curva;Declive,Não,2.0,0.0,0.0,1.0,0.0,1.0,1.0,2.0,"-21,30855953","-41,3256432",SPRF-RJ,DEL08-RJ,UOP01-DEL08-RJ
579555,2024-02-07,quarta-feira,11:00:00,SP,116.0,"279,3",EMBU DAS ARTES,Reação tardia ou ineficiente do condutor,Colisão traseira,Com Vítimas Feridas,Pleno dia,Crescente,Céu Claro,Dupla,Reta,Sim,4.0,0.0,1.0,0.0,2.0,1.0,1.0,4.0,"-23,66233697","-46,85292907",SPRF-SP,DEL04-SP,UOP01-DEL04-SP
579557,2024-02-07,quarta-feira,10:30:00,MG,381.0,432,SABARA,Velocidade Incompatível,Tombamento,Com Vítimas Feridas,Pleno dia,Crescente,Sol,Simples,Declive;Curva,Não,2.0,0.0,1.0,0.0,0.0,1.0,1.0,2.0,"-19,7872619","-43,7021304",SPRF-MG,DEL01-MG,UOP01-DEL01-MG
579558,2024-02-07,quarta-feira,12:00:00,MG,381.0,489,BETIM,Ultrapassagem Indevida,Colisão lateral mesmo sentido,Com Vítimas Feridas,Pleno dia,Crescente,Céu Claro,Dupla,Reta,Sim,3.0,0.0,1.0,0.0,1.0,1.0,1.0,3.0,"-19,96245618","-44,16455495",SPRF-MG,DEL01-MG,UOP03-DEL01-MG
579561,2024-01-11,quinta-feira,06:30:00,GO,364.0,"308,5",MINEIROS,Demais falhas mecânicas ou elétricas,Incêndio,Sem Vítimas,Amanhecer,Crescente,Chuva,Simples,Reta,Não,2.0,0.0,0.0,0.0,1.0,3.0,0.0,4.0,"-17,498772","-52,543625",SPRF-GO,DEL05-GO,UOP01-DEL05-GO
579564,2024-02-07,quarta-feira,13:30:00,MG,365.0,"69,5",JEQUITAI,Velocidade Incompatível,Tombamento,Com Vítimas Feridas,Pleno dia,Decrescente,Chuva,Simples,Curva;Declive,Não,2.0,0.0,1.0,1.0,0.0,0.0,2.0,2.0,"-17,07222805","-44,33952581",SPRF-MG,DEL12-MG,UOP01-DEL12-MG
579566,2024-02-07,quarta-feira,12:30:00,RS,386.0,"36,2",FREDERICO WESTPHALEN,Acessar a via sem observar a presença dos outros veículos,Colisão transversal,Com Vítimas Feridas,Pleno dia,Decrescente,Céu Claro,Simples,Reta,Sim,3.0,0.0,1.0,1.0,1.0,0.0,2.0,2.0,"-27,373381","-53,39772",SPRF-RS,DEL08-RS,UOP02-DEL08-RS
579572,2024-02-07,quarta-feira,14:05:00,GO,60.0,"93,2",ANAPOLIS,Condutor deixou de manter distância do veículo da frente,Colisão traseira,Sem Vítimas,Pleno dia,Crescente,Céu Claro,Simples,Rotatória,Sim,2.0,0.0,0.0,0.0,2.0,0.0,0.0,2.0,"-16,35363539","-48,92845284",SPRF-GO,DEL02-GO,UOP01-DEL02-GO
579573,2024-02-07,quarta-feira,07:30:00,MG,116.0,"648,5",FERVEDOURO,Condutor deixou de manter distância do veículo da frente,Colisão traseira,Com Vítimas Feridas,Pleno dia,Decrescente,Céu Claro,Simples,Curva,Não,2.0,0.0,1.0,0.0,1.0,0.0,1.0,2.0,"-20,70304399","-42,27800019",SPRF-MG,DEL07-MG,UOP02-DEL07-MG
579574,2024-02-07,quarta-feira,12:40:00,RS,386.0,"152,9",ALMIRANTE TAMANDARE DO SUL,Ausência de sinalização,Colisão frontal,Com Vítimas Fatais,Pleno dia,Crescente,Sol,Simples,Curva,Não,4.0,1.0,0.0,3.0,0.0,0.0,3.0,2.0,"-28,094997","-52,860783",SPRF-RS,DEL08-RS,UOP01-DEL08-RS
579575,2024-02-07,quarta-feira,09:40:00,RJ,40.0,121,DUQUE DE CAXIAS,Manobra de mudança de faixa,Colisão traseira,Com Vítimas Feridas,Pleno dia,Crescente,Sol,Múltipla,Reta,Sim,5.0,0.0,3.0,0.0,2.0,0.0,3.0,3.0,"-22,78185499","-43,28571273",SPRF-RJ,DEL01-RJ,UOP02-DEL01-RJ
579576,2024-02-07,quarta-feira,13:50:00,MG,365.0,31,MONTES CLAROS,Pista Escorregadia,Saída de leito carroçável,Com Vítimas Feridas,Pleno dia,Crescente,Chuva,Simples,Reta,Não,2.0,0.0,2.0,0.0,0.0,0.0,2.0,1.0,"-16,85025469","-44,11000723",SPRF-MG,DEL12-MG,UOP01-DEL12-MG
579582,2024-02-07,quarta-feira,14:40:00,RS,386.0,436,NOVA SANTA RITA,Desrespeitar a preferência no cruzamento,Colisão transversal,Com Vítimas Feridas,Pleno dia,Crescente,Céu Claro,Dupla,Reta;Retorno Regulamentado,Não,3.0,0.0,1.0,0.0,1.0,2.0,1.0,4.0,"-29,850487","-51,266758",SPRF-RS,DEL04-RS,UOP02-DEL04-RS
579587,2024-02-07,quarta-feira,14:39:00,PR,277.0,"586,4",CASCAVEL,Desrespeitar a preferência no cruzamento,Colisão transversal,Com Vítimas Feridas,Pleno dia,Decrescente,Céu Claro,Simples,Reta;Interseção de Vias,Sim,3.0,0.0,1.0,0.0,1.0,2.0,1.0,4.0,"-24,9649472","-53,4210459",SPRF-PR,DEL04-PR,UOP01-DEL04-PR
579599,2024-01-06,sábado,17:15:00,PE,104.0,68,CARUARU,Demais falhas mecânicas ou elétricas,Colisão lateral mesmo sentido,Com Vítimas Feridas,Pleno dia,Crescente,Céu Claro,Dupla,Reta,Não,3.0,0.0,0.0,1.0,2.0,0.0,1.0,2.0,"-8,306963","-35,989668",SPRF-PE,DEL02-PE,UOP01-DEL02-PE
579600,2024-02-07,quarta-feira,12:40:00,MT,364.0,94,ALTO GARCAS,Reação tardia ou ineficiente do condutor,Colisão traseira,Sem Vítimas,Pleno dia,Decrescente,Céu Claro,Simples,Reta,Não,4.0,0.0,0.0,0.0,2.0,4.0,0.0,6.0,"-16,85952659","-53,74882793",SPRF-MT,DEL02-MT,UOP02-DEL02-MT
579602,2024-02-07,quarta-feira,15:00:00,PR,277.0,195,PALMEIRA,Acessar a via sem observar a presença dos outros veículos,Colisão lateral mesmo sentido,Com Vítimas Feridas,Pleno dia,Decrescente,Céu Claro,Simples,Aclive;Reta,Sim,2.0,0.0,1.0,0.0,1.0,0.0,1.0,2.0,"-25,43309215","-50,15896593",SPRF-PR,DEL08-PR,UOP02-DEL08-PR
579606,2024-02-07,quarta-feira,09:00:00,SC,282.0,525,XAXIM,Manobra de mudança de faixa,Saída de leito carroçável,Sem Vítimas,Pleno dia,Crescente,Céu Claro,Simples,Curva,Não,5.0,0.0,0.0,0.0,4.0,2.0,0.0,5.0,"-26,965441","-52,566383",SPRF-SC,DEL07-SC,UOP01-DEL07-SC
579612,2024-02-07,quarta-feira,12:10:00,RJ,116.0,226,PARACAMBI,Velocidade Incompatível,Tombamento,Sem Vítimas,Pleno dia,Decrescente,Nublado,Dupla,Curva,Não,2.0,0.0,0.0,0.0,1.0,3.0,0.0,4.0,"-22,67208078","-43,81789284",SPRF-RJ,DEL07-RJ,UOP01-DEL07-RJ
579614,2024-02-07,quarta-feira,15:35:00,MA,135.0,60,BACABEIRA,Chuva,Colisão lateral mesmo sentido,Sem Vítimas,Pleno dia,Crescente,Chuva,Dupla,Reta,Sim,3.0,0.0,0.0,0.0,3.0,0.0,0.0,2.0,"-3,05225689","-44,31876443",SPRF-MA,DEL01-MA,UOP02-DEL01-MA
579615,2024-02-07,quarta-feira,17:00:00,SC,101.0,202,SAO JOSE,Manobra de mudança de faixa,Colisão lateral mesmo sentido,Sem Vítimas,Pleno dia,Decrescente,Céu Claro,Múltipla,Reta,Sim,2.0,0.0,0.0,0.0,2.0,0.0,0.0,2.0,"-27,55711595","-48,61897889",SPRF-SC,DEL01-SC,UOP01-DEL01-SC
579616,2024-02-07,quarta-feira,16:25:00,RS,386.0,318,MARQUES DE SOUZA,Ultrapassagem Indevida,Colisão frontal,Com Vítimas Feridas,Pleno dia,Decrescente,Céu Claro,Simples,Curva,Não,4.0,0.0,1.0,1.0,1.0,1.0,2.0,4.0,"-29,272459","-52,141353",SPRF-RS,DEL04-RS,UOP01-DEL04-RS
579618,2024-02-07,quarta-feira,16:15:00,PR,116.0,"142,9",MANDIRITUBA,Ultrapassagem Indevida,Colisão lateral mesmo sentido,Sem Vítimas,Pleno dia,Decrescente,Céu Claro,Simples,Reta,Não,3.0,0.0,0.0,0.0,2.0,1.0,0.0,3.0,"-25,746524","-49,31741923",SPRF-PR,DEL01-PR,UOP03-DEL01-PR
579620,2024-02-07,quarta-feira,13:55:00,SP,488.0,"0,1",APARECIDA,Afundamento ou ondulação no pavimento,Eventos atípicos,Sem Vítimas,Pleno dia,Decrescente,Céu Claro,Simples,Rotatória,Sim,2.0,0.0,0.0,0.0,1.0,4.0,0.0,5.0,"-22,85856","-45,233116",SPRF-SP,DEL08-SP,UOP01-DEL08-SP
579622,2024-02-07,quarta-feira,13:00:00,SP,116.0,520,CAJATI,Reação tardia ou ineficiente do condutor,Saída de leito carroçável,Com Vítimas Feridas,Pleno dia,Decrescente,Céu Claro,Simples,Declive;Reta,Não,3.0,0.0,1.0,0.0,1.0,1.0,1.0,2.0,"-24,89364369","-48,24164206",SPRF-SP,DEL05-SP,UOP02-DEL05-SP
579632,2024-02-07,quarta-feira,11:15:00,MG,381.0,922,CAMANDUCAIA,Manobra de mudança de faixa,Colisão lateral mesmo sentido,Com Vítimas Feridas,Pleno dia,Decrescente,Céu Claro,Dupla,Reta;Aclive,Não,4.0,0.0,1.0,0.0,2.0,1.0,1.0,3.0,"-22,76707833","-46,21789606",SPRF-MG,DEL16-MG,UOP03-DEL16-MG
579636,2024-02-07,quarta-feira,17:50:00,SC,282.0,510,XANXERE,Acessar a via sem observar a presença dos outros veículos,Colisão lateral mesmo sentido,Com Vítimas Feridas,Pleno dia,Decrescente,Nublado,Simples,Reta,Não,4.0,0.0,0.0,1.0,1.0,2.0,1.0,4.0,"-26,897114","-52,463585",SPRF-SC,DEL07-SC,UOP01-DEL07-SC
579637,2024-02-07,quarta-feira,01:00:00,MA,226.0,409,GRAJAU,Ausência de reação do condutor,Colisão traseira,Sem Vítimas,Plena Noite,Crescente,Ignorado,Dupla,Aclive,Não,4.0,0.0,0.0,0.0,3.0,2.0,0.0,4.0,"-5,7745215","-46,07900136",SPRF-MA,DEL06-MA,UOP01-DEL06-MA
579648,2024-02-07,quarta-feira,07:20:00,BA,116.0,582,NOVA ITARANA,Ausência de reação do condutor,Saída de leito carroçável,Com Vítimas Feridas,Pleno dia,Decrescente,Céu Claro,Simples,Declive;Curva,Não,1.0,0.0,0.0,1.0,0.0,0.0,1.0,1.0,"-13,1062779","-39,9658473",SPRF-BA,DEL03-BA,UOP02-DEL03-BA
579649,2024-01-23,terça-feira,09:15:00,MG,50.0,136,UBERABA,Condutor deixou de manter distância do veículo da frente,Colisão traseira,Com Vítimas Feridas,Pleno dia,Crescente,Céu Claro,Dupla,Reta,Não,4.0,0.0,1.0,0.0,3.0,0.0,1.0,4.0,"-19,44189098","-48,06412595",SPRF-MG,DEL13-MG,UOP01-DEL13-MG
579650,2024-02-07,quarta-feira,19:00:00,SC,480.0,125,CHAPECO,Acessar a via sem observar a presença dos outros veículos,Colisão transversal,Com Vítimas Feridas,Anoitecer,Crescente,Céu Claro,Simples,Viaduto,Sim,2.0,0.0,1.0,0.0,1.0,0.0,1.0,2.0,"-27,01164515","-52,63953123",SPRF-SC,DEL07-SC,UOP01-DEL07-SC
579651,2024-02-07,quarta-feira,19:00:00,RS,386.0,"271,7",FONTOURA XAVIER,Manobra de mudança de faixa,Colisão lateral mesmo sentido,Com Vítimas Feridas,Anoitecer,Decrescente,Céu Claro,Simples,Curva,Não,5.0,0.0,1.0,0.0,3.0,3.0,1.0,6.0,"-28,98775867","-52,36719131",SPRF-RS,DEL04-RS,UOP03-DEL04-RS
579655,2024-02-07,quarta-feira,20:15:00,SC,470.0,"62,1",INDAIAL,Pedestre andava na pista,Atropelamento de Pedestre,Com Vítimas Fatais,Plena Noite,Crescente,Nublado,Simples,Aclive;Curva,Não,3.0,1.0,0.0,0.0,1.0,1.0,0.0,3.0,"-26,87443993","-49,18635964",SPRF-SC,DEL04-SC,UOP01-DEL04-SC
579664,2024-02-07,quarta-feira,21:05:00,RN,304.0,35,MOSSORO,Manobra de mudança de faixa,Colisão lateral mesmo sentido,Sem Vítimas,Plena Noite,Decrescente,Céu Claro,Dupla,Reta,Sim,3.0,0.0,0.0,0.0,1.0,2.0,0.0,3.0,"-5,16149497","-37,35068212",SPRF-RN,DEL04-RN,UOP02-DEL04-RN
579666,2024-02-07,quarta-feira,19:50:00,RJ,116.0,211,SEROPEDICA,Reação tardia ou ineficiente do condutor,Colisão com objeto,Com Vítimas Feridas,Plena Noite,Decrescente,Céu Claro,Dupla,Reta,Não,1.0,0.0,1.0,0.0,0.0,0.0,1.0,1.0,"-22,71844298","-43,700897",SPRF-RJ,DEL06-RJ,UOP02-DEL06-RJ
579669,2024-02-07,quarta-feira,21:20:00,ES,101.0,"149,4",LINHARES,Carga excessiva e/ou mal acondicionada,Colisão com objeto,Com Vítimas Feridas,Plena Noite,Decrescente,Céu Claro,Simples,Reta,Sim,4.0,0.0,0.0,1.0,2.0,2.0,1.0,5.0,"-19,39619083","-40,06435871",SPRF-ES,DEL04-ES,UOP01-DEL04-ES
579678,2024-02-07,quarta-feira,22:40:00,MG,116.0,803,ALEM PARAIBA,Reação tardia ou ineficiente do condutor,Tombamento,Com Vítimas Feridas,Plena Noite,Crescente,Céu Claro,Simples,Curva,Não,2.0,0.0,2.0,0.0,0.0,0.0,2.0,1.0,"-21,7922616","-42,715434",SPRF-MG,DEL07-MG,UOP01-DEL07-MG
579681,2024-02-07,quarta-feira,17:00:00,PR,376.0,323,ORTIGUEIRA,Reação tardia ou ineficiente do condutor,Saída de leito carroçável,Com Vítimas Fatais,Pleno dia,Crescente,Céu Claro,Simples,Curva,Não,4.0,1.0,0.0,2.0,0.0,2.0,2.0,3.0,"-24,043","-51,077",SPRF-PR,DEL07-PR,UOP02-DEL07-PR
579691,2024-02-07,quarta-feira,23:30:00,MG,116.0,2,DIVISA ALEGRE,Acesso irregular,Colisão frontal,Com Vítimas Feridas,Plena Noite,Crescente,Nublado,Simples,Reta,Sim,3.0,0.0,0.0,1.0,1.0,1.0,1.0,3.0,"-15,717818","-41,340694",SPRF-BA,DEL08-BA,UOP03-DEL08-BA
579695,2024-02-08,quinta-feira,00:09:00,RJ,101.0,71,CAMPOS DOS GOYTACAZES,Reação tardia ou ineficiente do condutor,Engavetamento,Com Vítimas Feridas,Plena Noite,Crescente,Céu Claro,Simples,Reta,Não,6.0,0.0,1.0,0.0,5.0,0.0,1.0,6.0,"-21,78577807","-41,38139396",SPRF-RJ,DEL08-RJ,UOP02-DEL08-RJ
579696,2024-02-08,quinta-feira,00:10:00,PR,116.0,"52,9",CAMPINA GRANDE DO SUL,Demais falhas mecânicas ou elétricas,Saída de leito carroçável,Com Vítimas Feridas,Plena Noite,Decrescente,Céu Claro,Dupla,Reta,Não,1.0,0.0,1.0,0.0,0.0,0.0,1.0,1.0,"-25,258775","-48,913625",SPRF-PR,DEL01-PR,UOP02-DEL01-PR
579700,2024-02-08,quinta-feira,03:30:00,PR,376.0,668,GUARATUBA,Problema com o freio,Atropelamento de Pedestre,Com Vítimas Feridas,Plena Noite,Decrescente,Céu Claro,Dupla,Declive,Não,2.0,0.0,1.0,0.0,0.0,1.0,1.0,2.0,"-25,864159","-48,937538",SPRF-PR,DEL01-PR,UOP04-DEL01-PR
579701,2024-02-07,quarta-feira,14:30:00,MG,365.0,"28,1",MONTES CLAROS,Reação tardia ou ineficiente do condutor,Saída de leito carroçável,Com Vítimas Feridas,Pleno dia,Decrescente,Chuva,Simples,Reta,Não,2.0,0.0,1.0,0.0,0.0,1.0,1.0,2.0,"-16,84279211","-44,08613806",SPRF-MG,DEL12-MG,UOP01-DEL12-MG
579702,2024-02-08,quinta-feira,05:30:00,RJ,101.0,53,CAMPOS DOS GOYTACAZES,Reação tardia ou ineficiente do condutor,Colisão transversal,Com Vítimas Fatais,Amanhecer,Crescente,Céu Claro,Simples,Reta,Sim,3.0,1.0,0.0,0.0,1.0,1.0,0.0,3.0,"-21,660484","-41,31128898",SPRF-RJ,DEL08-RJ,UOP01-DEL08-RJ
579705,2024-02-07,quarta-feira,20:30:00,GO,60.0,"266,9",INDIARA,Velocidade Incompatível,Derramamento de carga,Sem Vítimas,Plena Noite,Crescente,Céu Claro,Dupla,Reta;Ponte,Não,2.0,0.0,0.0,0.0,1.0,2.0,0.0,3.0,"-17,1988","-50,0863",SPRF-GO,DEL01-GO,UOP02-DEL01-GO
579712,2024-02-07,quarta-feira,16:00:00,PE,407.0,79,PETROLINA,Transitar na contramão,Colisão frontal,Com Vítimas Fatais,Pleno dia,Decrescente,Céu Claro,Simples,Reta,Não,3.0,2.0,1.0,0.0,0.0,0.0,1.0,2.0,"-9,00260507","-40,70129314",SPRF-PE,DEL06-PE,UOP02-DEL06-PE
579719,2024-02-08,quinta-feira,04:00:00,PE,316.0,"45,9",ARARIPINA,Transitar na contramão,Colisão frontal,Com Vítimas Feridas,Plena Noite,Crescente,Garoa/Chuvisco,Simples,Reta,Não,2.0,0.0,0.0,2.0,0.0,0.0,2.0,2.0,"-7,69006322","-40,35621918",SPRF-PE,DEL05-PE,UOP02-DEL05-PE
579724,2024-02-08,quinta-feira,07:30:00,RJ,116.0,136,MAGE,Condutor deixou de manter distância do veículo da frente,Colisão transversal,Com Vítimas Feridas,Pleno dia,Decrescente,Céu Claro,Dupla,Reta,Sim,2.0,0.0,1.0,0.0,1.0,0.0,1.0,2.0,"-22,64988985","-43,17250297",SPRF-RJ,DEL04-RJ,UOP02-DEL04-RJ
579727,2024-02-08,quinta-feira,07:40:00,SC,280.0,"56,4",GUARAMIRIM,Ultrapassagem Indevida,Colisão frontal,Com Vítimas Feridas,Pleno dia,Crescente,Céu Claro,Simples,Reta;Em Obras,Não,3.0,0.0,0.0,1.0,2.0,0.0,1.0,3.0,"-26,47947677","-49,00298702",SPRF-SC,DEL03-SC,UOP03-DEL03-SC
579730,2024-02-08,quinta-feira,05:20:00,MT,158.0,"687,6",BARRA DO GARCAS,Objeto estático sobre o leito carroçável,Colisão traseira,Sem Vítimas,Amanhecer,Crescente,Céu Claro,Simples,Reta,Não,4.0,0.0,0.0,0.0,2.0,3.0,0.0,5.0,"-14,958392","-52,266026",SPRF-MT,DEL07-MT,UOP01-DEL07-MT
579731,2024-02-08,quinta-feira,06:40:00,RJ,116.0,142,DUQUE DE CAXIAS,Reação tardia ou ineficiente do condutor,Colisão lateral mesmo sentido,Com Vítimas Feridas,Pleno dia,Crescente,Céu Claro,Simples,Reta,Não,5.0,0.0,1.0,0.0,4.0,0.0,1.0,4.0,"-22,64876087","-43,23031638",SPRF-RJ,DEL01-RJ,UOP02-DEL01-RJ
579738,2024-02-08,quinta-feira,09:02:00,RS,285.0,"395,2",SANTA BARBARA DO SUL,Pista esburacada,Colisão lateral mesmo sentido,Com Vítimas Feridas,Pleno dia,Decrescente,Céu Claro,Simples,Reta;Declive,Não,4.0,0.0,2.0,0.0,1.0,1.0,2.0,3.0,"-28,38855762","-53,27633142",SPRF-RS,DEL10-RS,UOP02-DEL10-RS
579740,2024-02-08,quinta-feira,05:45:00,ES,101.0,294,CARIACICA,Carga excessiva e/ou mal acondicionada,Derramamento de carga,Com Vítimas Feridas,Amanhecer,Crescente,Céu Claro,Dupla,Aclive;Reta,Sim,2.0,0.0,1.0,0.0,0.0,1.0,1.0,2.0,"-20,32415948","-40,3952903",SPRF-ES,DEL01-ES,UOP01-DEL01-ES
579751,2024-02-07,quarta-feira,23:30:00,BA,242.0,280,BOA VISTA DO TUPIM,Reação tardia ou ineficiente do condutor,Colisão traseira,Sem Vítimas,Plena Noite,Crescente,Céu Claro,Simples,Reta,Não,3.0,0.0,0.0,0.0,1.0,3.0,0.0,4.0,"-12,445899","-40,70829",SPRF-BA,DEL06-BA,UOP02-DEL06-BA
579754,2024-02-07,quarta-feira,00:15:00,PR,376.0,"428,6",TIBAGI,Manobra de mudança de faixa,Colisão traseira,Sem Vítimas,Plena Noite,Crescente,Céu Claro,Dupla,Reta,Não,3.0,0.0,0.0,0.0,2.0,1.0,0.0,3.0,"-24,77948744","-50,51432133",SPRF-PR,DEL03-PR,UOP02-DEL03-PR
579757,2024-02-08,quinta-feira,08:50:00,MG,50.0,158,UBERABA,Ausência de reação do condutor,Colisão traseira,Com Vítimas Feridas,Pleno dia,Crescente,Céu Claro,Dupla,Retorno Regulamentado;Aclive,Sim,3.0,0.0,2.0,0.0,1.0,0.0,2.0,2.0,"-19,63378122","-48,01229957",SPRF-MG,DEL13-MG,UOP01-DEL13-MG
579758,2024-02-08,quinta-feira,07:37:00,MT,70.0,70,GENERAL CARNEIRO,Manobra de mudança de faixa,Colisão lateral mesmo sentido,Com Vítimas Feridas,Pleno dia,Decrescente,Céu Claro,Simples,Aclive,Não,6.0,0.0,4.0,0.0,1.0,3.0,4.0,5.0,"-15,70436387","-52,77770797",SPRF-MT,DEL07-MT,UOP01-DEL07-MT
579759,2024-02-08,quinta-feira,10:00:00,TO,153.0,683,CARIRI DO TOCANTINS,Ultrapassagem Indevida,Colisão lateral mesmo sentido,Com Vítimas Fatais,Pleno dia,Crescente,Céu Claro,Simples,Reta,Não,8.0,1.0,1.0,2.0,1.0,3.0,3.0,5.0,"-11,813967","-49,12936499",SPRF-TO,DEL01-TO,UOP02-DEL01-TO
579763,2024-01-11,quinta-feira,17:00:00,SC,101.0,130,BALNEARIO CAMBORIU,Trafegar com motocicleta (ou similar) entre as faixas,Colisão lateral mesmo sentido,Com Vítimas Feridas,Pleno dia,Decrescente,Chuva,Dupla,Reta,Sim,3.0,0.0,1.0,0.0,2.0,0.0,1.0,3.0,"-26,98407618","-48,66977107",SPRF-SC,DEL04-SC,UOP03-DEL04-SC
579766,2024-02-08,quinta-feira,09:45:00,RJ,493.0,59,NOVA IGUACU,Ultrapassagem Indevida,Colisão lateral mesmo sentido,Com Vítimas Feridas,Pleno dia,Crescente,Céu Claro,Dupla,Reta,Não,3.0,0.0,1.0,0.0,1.0,1.0,1.0,3.0,"-22,67536213","-43,39226246",SPRF-RJ,DEL01-RJ,UOP03-DEL01-RJ
579767,2024-02-08,quinta-feira,09:30:00,RS,101.0,4,TORRES,Ausência de reação do condutor,Colisão lateral mesmo sentido,Sem Vítimas,Pleno dia,Crescente,Céu Claro,Dupla,Declive,Não,3.0,0.0,0.0,0.0,2.0,1.0,0.0,3.0,"-29,33222497","-49,78508308",SPRF-RS,DEL03-RS,UOP02-DEL03-RS
579770,2024-01-20,sábado,06:40:00,MG,381.0,533,ITATIAIUCU,Velocidade Incompatível,Colisão traseira,Com Vítimas Feridas,Pleno dia,Crescente,Céu Claro,Dupla,Reta,Não,3.0,0.0,0.0,1.0,1.0,1.0,1.0,3.0,"-20,19896036","-44,38641307",SPRF-MG,DEL04-MG,UOP03-DEL04-MG
579779,2024-02-08,quinta-feira,12:00:00,SC,101.0,148,ITAPEMA,Ultrapassagem Indevida,Colisão lateral mesmo sentido,Com Vítimas Feridas,Pleno dia,Crescente,Céu Claro,Dupla,Retorno Regulamentado,Sim,2.0,0.0,0.0,1.0,1.0,0.0,1.0,2.0,"-27,10123686","-48,61807962",SPRF-SC,DEL04-SC,UOP03-DEL04-SC