id,data_inversa,dia_semana,horario,uf,br,km,municipio,causa_acidente,tipo_acidente,classificacao_acidente,fase_dia,sentido_via,condicao_metereologica,tipo_pista,tracado_via,uso_solo,pessoas,mortos,feridos_leves,feridos_graves,ilesos,ignorados,feridos,veiculos,latitude,longitude,regional,delegacia,uop
580105,2024-02-09,sexta-feira,20:30:00,GO,40.0,"11,9",LUZIANIA,Transitar no Acostamento,Atropelamento de Pedestre,Com Vítimas Fatais,Plena Noite,Crescente,Chuva,Dupla,Reta,Sim,3.0,1.0,0.0,0.0,1.0,1.0,0.0,3.0,"-16,145123","-47,945382",SPRF-DF,DEL01-DF,UOP01-DEL01-DF
580107,2024-02-09,sexta-feira,14:20:00,PA,316.0,98,IGARAPE-ACU,Manobra de mudança de faixa,Tombamento,Com Vítimas Feridas,Pleno dia,Crescente,Nublado,Simples,Reta,Não,2.0,0.0,1.0,0.0,0.0,1.0,1.0,2.0,"-1,33188337","-47,62160007",SPRF-PA,DEL01-PA,UOP02-DEL01-PA
580113,2024-02-09,sexta-feira,20:12:00,SC,101.0,"441,5",SANTA ROSA DO SUL,Estacionar ou parar em local proibido,Colisão traseira,Com Vítimas Feridas,Plena Noite,Crescente,Céu Claro,Múltipla,Reta;Declive;Interseção de Vias,Não,2.0,0.0,0.0,1.0,1.0,0.0,1.0,2.0,"-29,131307","-49,693191",SPRF-SC,DEL02-SC,UOP02-DEL02-SC
580115,2024-02-09,sexta-feira,22:00:00,PR,277.0,609,SANTA TEREZA DO OESTE,Acessar a via sem observar a presença dos outros veículos,Colisão transversal,Com Vítimas Feridas,Plena Noite,Crescente,Céu Claro,Simples,Rotatória,Sim,6.0,0.0,3.0,0.0,2.0,1.0,3.0,3.0,"-25,05068814","-53,62014234",SPRF-PR,DEL05-PR,UOP02-DEL05-PR
580123,2024-02-09,sexta-feira,21:40:00,MT,163.0,844,SINOP,Acessar a via sem observar a presença dos outros veículos,Colisão transversal,Com Vítimas Feridas,Plena Noite,Decrescente,Nublado,Simples,Interseção de Vias,Sim,5.0,0.0,1.0,0.0,3.0,1.0,1.0,3.0,"-11,77795","-55,47355",SPRF-MT,DEL06-MT,UOP02-DEL06-MT
580135,2024-02-09,sexta-feira,21:35:00,GO,153.0,278,NOVA GLORIA,Reação tardia ou ineficiente do condutor,Saída de leito carroçável,Com Vítimas Feridas,Plena Noite,Crescente,Céu Claro,Simples,Reta,Não,2.0,0.0,1.0,0.0,1.0,0.0,1.0,1.0,"-15,131915","-49,514952",SPRF-GO,DEL07-GO,UOP02-DEL07-GO
580136,2024-02-09,sexta-feira,23:10:00,MS,163.0,325,RIO BRILHANTE,Demais falhas mecânicas ou elétricas,Incêndio,Sem Vítimas,Plena Noite,Decrescente,Céu Claro,Simples,Reta,Não,1.0,0.0,0.0,0.0,1.0,0.0,0.0,1.0,"-21,7538","-54,519471",SPRF-MS,DEL02-MS,UOP02-DEL02-MS
580138,2024-02-09,sexta-feira,23:40:00,PR,277.0,42,MORRETES,Demais falhas mecânicas ou elétricas,Incêndio,Sem Vítimas,Plena Noite,Crescente,Nublado,Dupla,Reta,Não,3.0,0.0,0.0,0.0,2.0,2.0,0.0,3.0,"-25,57361239","-48,84469597",SPRF-PR,DEL01-PR,UOP01-DEL01-PR
580144,2024-02-10,sábado,00:25:00,PR,476.0,176,CONTENDA,Ingestão de álcool pelo condutor,Colisão frontal,Com Vítimas Feridas,Plena Noite,Crescente,Céu Claro,Simples,Reta,Não,2.0,0.0,1.0,0.0,1.0,0.0,1.0,2.0,"-25,694412","-49,553158",SPRF-PR,DEL01-PR,UOP06-DEL01-PR
580146,2024-02-09,sexta-feira,22:30:00,PA,10.0,70,ULIANOPOLIS,Deficiência do Sistema de Iluminação/Sinalização,Colisão traseira,Com Vítimas Feridas,Plena Noite,Crescente,Céu Claro,Simples,Reta,Não,4.0,0.0,1.0,1.0,2.0,0.0,2.0,2.0,"-3,8350438","-47,51638456",SPRF-PA,DEL02-PA,UOP02-DEL02-PA
580158,2024-02-09,sexta-feira,22:30:00,MT,364.0,349,SANTO ANTONIO DO LEVERGER,Ausência de reação do condutor,Saída de leito carroçável,Com Vítimas Fatais,Plena Noite,Crescente,Céu Claro,Dupla,Declive;Curva,Não,1.0,1.0,0.0,0.0,0.0,0.0,0.0,1.0,"-15,80502622","-55,5546431",SPRF-MT,DEL05-MT,UOP02-DEL05-MT
580162,2024-02-10,sábado,01:30:00,MT,364.0,"247,7",JUSCIMEIRA,Reação tardia ou ineficiente do condutor,Saída de leito carroçável,Com Vítimas Feridas,Plena Noite,Decrescente,Céu Claro,Dupla,Reta,Não,3.0,0.0,2.0,0.0,0.0,1.0,2.0,2.0,"-16,13537488","-54,83069792",SPRF-MT,DEL02-MT,UOP01-DEL02-MT
580166,2024-02-10,sábado,03:30:00,PR,277.0,168,PORTO AMAZONAS,Manobra de mudança de faixa,Colisão lateral mesmo sentido,Sem Vítimas,Plena Noite,Decrescente,Céu Claro,Simples,Reta;Rotatória,Sim,3.0,0.0,0.0,0.0,2.0,1.0,0.0,3.0,"-25,46413908","-49,91312702",SPRF-PR,DEL03-PR,UOP03-DEL03-PR
580167,2024-02-10,sábado,03:35:00,PE,232.0,"173,9",BELO JARDIM,Ultrapassagem Indevida,Colisão frontal,Sem Vítimas,Plena Noite,Decrescente,Nublado,Simples,Reta,Não,2.0,0.0,0.0,0.0,1.0,1.0,0.0,2.0,"-8,33916255","-36,36917103",SPRF-PE,DEL03-PE,UOP02-DEL03-PE
580171,2024-02-10,sábado,04:00:00,MG,381.0,"837,5",SAO SEBASTIAO DA BELA VISTA,Demais falhas mecânicas ou elétricas,Incêndio,Sem Vítimas,Plena Noite,Crescente,Nublado,Dupla,Curva,Não,2.0,0.0,0.0,0.0,1.0,1.0,0.0,2.0,"-22,14133447","-45,81655455",SPRF-MG,DEL16-MG,UOP01-DEL16-MG
580174,2024-02-10,sábado,04:00:00,RJ,116.0,190,NOVA IGUACU,Ingestão de álcool pelo condutor,Colisão traseira,Com Vítimas Feridas,Amanhecer,Decrescente,Céu Claro,Dupla,Reta,Sim,4.0,0.0,1.0,0.0,2.0,1.0,1.0,4.0,"-22,74123776","-43,5007311",SPRF-RJ,DEL06-RJ,UOP01-DEL06-RJ
580179,2024-02-06,terça-feira,23:45:00,RJ,101.0,328,RIO DE JANEIRO,Ausência de reação do condutor,Colisão traseira,Com Vítimas Feridas,Plena Noite,Crescente,Céu Claro,Múltipla,Reta;Declive,Não,4.0,0.0,1.0,0.0,3.0,0.0,1.0,2.0,"-22,87028692","-43,16579699",SPRF-RJ,DEL02-RJ,UOP01-DEL02-RJ
580180,2024-02-10,sábado,05:10:00,SC,101.0,"198,4",SAO JOSE,Ausência de reação do condutor,Colisão lateral mesmo sentido,Com Vítimas Fatais,Amanhecer,Decrescente,Céu Claro,Múltipla,Reta,Sim,2.0,1.0,0.0,0.0,1.0,0.0,0.0,2.0,"-27,5300902","-48,6325387",SPRF-SC,DEL01-SC,UOP01-DEL01-SC
580181,2024-02-10,sábado,04:30:00,PI,402.0,68,LUIS CORREIA,Transitar na contramão,Colisão lateral sentido oposto,Sem Vítimas,Plena Noite,Crescente,Céu Claro,Simples,Reta,Não,3.0,0.0,0.0,0.0,2.0,1.0,0.0,2.0,"-3,09729973","-41,51393695",SPRF-PI,DEL05-PI,UOP01-DEL05-PI
580182,2024-02-10,sábado,05:00:00,MT,163.0,979,TERRA NOVA DO NORTE,Transitar na contramão,Colisão frontal,Com Vítimas Feridas,Amanhecer,Crescente,Chuva,Simples,Aclive;Reta,Não,4.0,0.0,2.0,1.0,0.0,2.0,3.0,4.0,"-10,76508986","-55,15165735",SPRF-MT,DEL06-MT,UOP03-DEL06-MT
580194,2024-02-10,sábado,07:00:00,RJ,116.0,"112,8",GUAPIMIRIM,Reação tardia ou ineficiente do condutor,Colisão com objeto,Com Vítimas Feridas,Pleno dia,Decrescente,Sol,Dupla,Em Obras;Curva,Sim,3.0,0.0,1.0,0.0,1.0,1.0,1.0,3.0,"-22,57214","-43,007291",SPRF-RJ,DEL04-RJ,UOP02-DEL04-RJ
580197,2024-01-16,terça-feira,17:10:00,PR,277.0,126,CAMPO LARGO,Reação tardia ou ineficiente do condutor,Engavetamento,Com Vítimas Feridas,Pleno dia,Decrescente,Nublado,Dupla,Reta,Não,3.0,0.0,1.0,1.0,1.0,0.0,2.0,3.0,"-25,4702437","-49,60515976",SPRF-PR,DEL03-PR,UOP03-DEL03-PR
580201,2024-02-10,sábado,06:50:00,SC,116.0,5,MAFRA,Acesso irregular,Colisão transversal,Com Vítimas Feridas,Pleno dia,Decrescente,Céu Claro,Simples,Reta,Sim,4.0,0.0,1.0,1.0,1.0,1.0,2.0,4.0,"-26,14094396","-49,81508303",SPRF-SC,DEL06-SC,UOP01-DEL06-SC
580203,2024-02-10,sábado,04:15:00,MG,381.0,163,GOVERNADOR VALADARES,Condutor Dormindo,Colisão lateral sentido oposto,Com Vítimas Feridas,Plena Noite,Decrescente,Nublado,Simples,Reta,Não,2.0,0.0,0.0,1.0,1.0,0.0,1.0,2.0,"-18,93550625","-42,0516298",SPRF-MG,DEL06-MG,UOP01-DEL06-MG
580207,2024-02-10,sábado,07:32:00,SC,101.0,121,ITAJAI,Reação tardia ou ineficiente do condutor,Colisão traseira,Com Vítimas Feridas,Pleno dia,Crescente,Céu Claro,Dupla,Reta,Não,4.0,0.0,1.0,0.0,3.0,0.0,1.0,4.0,"-26,92103178","-48,70856446",SPRF-SC,DEL04-SC,UOP04-DEL04-SC
580220,2024-02-10,sábado,08:00:00,MG,381.0,"636,9",SANTO ANTONIO DO AMPARO,Velocidade Incompatível,Saída de leito carroçável,Com Vítimas Feridas,Pleno dia,Decrescente,Nublado,Dupla,Declive;Curva,Não,2.0,0.0,1.0,0.0,0.0,1.0,1.0,2.0,"-20,89141186","-44,8525565",SPRF-MG,DEL04-MG,UOP01-DEL04-MG
580221,2024-02-10,sábado,06:48:00,MG,262.0,"575,6",CORREGO DANTA,Velocidade Incompatível,Tombamento,Com Vítimas Feridas,Pleno dia,Decrescente,Sol,Simples,Curva,Não,2.0,0.0,0.0,1.0,0.0,1.0,1.0,2.0,"-19,69297478","-46,03637682",SPRF-MG,DEL08-MG,UOP02-DEL08-MG
580222,2024-02-10,sábado,09:45:00,SC,101.0,"209,7",SAO JOSE,Velocidade Incompatível,Colisão traseira,Com Vítimas Feridas,Pleno dia,Decrescente,Céu Claro,Múltipla,Reta,Sim,4.0,0.0,1.0,0.0,2.0,1.0,1.0,4.0,"-27,61000542","-48,63895057",SPRF-SC,DEL01-SC,UOP01-DEL01-SC
580228,2024-02-10,sábado,10:05:00,PI,343.0,15,PARNAIBA,Desrespeitar a preferência no cruzamento,Colisão transversal,Sem Vítimas,Pleno dia,Crescente,Chuva,Dupla,Reta;Interseção de Vias,Sim,2.0,0.0,0.0,0.0,2.0,0.0,0.0,2.0,"-2,93659","-41,754936",SPRF-PI,DEL05-PI,UOP01-DEL05-PI
580230,2024-01-16,terça-feira,10:50:00,PR,376.0,185,SARANDI,Ultrapassagem Indevida,Colisão lateral mesmo sentido,Com Vítimas Feridas,Pleno dia,Decrescente,Céu Claro,Múltipla,Reta,Sim,3.0,0.0,1.0,0.0,1.0,1.0,1.0,3.0,"-23,45147413","-51,85361808",SPRF-PR,DEL09-PR,UOP01-DEL09-PR
580237,2024-02-10,sábado,07:20:00,MT,174.0,122,CACERES,Condutor Dormindo,Saída de leito carroçável,Com Vítimas Feridas,Pleno dia,Crescente,Céu Claro,Simples,Reta,Não,2.0,0.0,0.0,1.0,0.0,3.0,1.0,4.0,"-15,82935414","-58,06396499",SPRF-MT,DEL03-MT,UOP01-DEL03-MT
580247,2024-02-10,sábado,12:30:00,MG,50.0,"191,4",UBERABA,Problema com o freio,Colisão traseira,Com Vítimas Feridas,Pleno dia,Decrescente,Céu Claro,Dupla,Declive;Reta,Não,17.0,0.0,5.0,4.0,7.0,2.0,9.0,10.0,"-19,862761","-47,865264",SPRF-MG,DEL13-MG,UOP01-DEL13-MG
580259,2024-02-10,sábado,10:20:00,CE,116.0,17,ITAITINGA,Ausência de reação do condutor,Colisão com objeto,Sem Vítimas,Pleno dia,Crescente,Chuva,Dupla,Curva,Não,2.0,0.0,0.0,0.0,1.0,1.0,0.0,2.0,"-3,89617918","-38,50336042",SPRF-CE,DEL01-CE,UOP02-DEL01-CE
580272,2024-02-10,sábado,14:15:00,SC,101.0,164,TIJUCAS,Ausência de reação do condutor,Colisão traseira,Com Vítimas Feridas,Pleno dia,Decrescente,Sol,Dupla,Aclive;Ponte;Reta,Sim,2.0,0.0,1.0,0.0,1.0,0.0,1.0,2.0,"-27,243868","-48,6309",SPRF-SC,DEL04-SC,UOP03-DEL04-SC
580273,2024-02-10,sábado,11:30:00,RS,386.0,"393,5",TRIUNFO,Manobra de mudança de faixa,Colisão lateral mesmo sentido,Com Vítimas Feridas,Pleno dia,Crescente,Céu Claro,Dupla,Reta,Sim,5.0,0.0,2.0,0.0,3.0,0.0,2.0,3.0,"-29,71176","-51,64938",SPRF-RS,DEL04-RS,UOP02-DEL04-RS
580276,2024-02-10,sábado,11:00:00,GO,452.0,5,RIO VERDE,Condutor deixou de manter distância do veículo da frente,Engavetamento,Sem Vítimas,Pleno dia,Decrescente,Céu Claro,Simples,Aclive;Reta,Não,5.0,0.0,0.0,0.0,5.0,0.0,0.0,5.0,"-17,810072","-50,861195",SPRF-GO,DEL04-GO,UOP01-DEL04-GO
580277,2024-02-10,sábado,14:00:00,AL,101.0,135,SAO MIGUEL DOS CAMPOS,Acostamento em desnível,Tombamento,Sem Vítimas,Pleno dia,Crescente,Nublado,Simples,Curva,Não,2.0,0.0,0.0,0.0,1.0,2.0,0.0,3.0,"-9,78834902","-36,10509283",SPRF-AL,DEL02-AL,UOP01-DEL02-AL
580284,2024-02-10,sábado,14:00:00,RS,116.0,241,NOVO HAMBURGO,Condutor deixou de manter distância do veículo da frente,Engavetamento,Com Vítimas Feridas,Pleno dia,Crescente,Céu Claro,Dupla,Reta,Sim,7.0,0.0,2.0,0.0,5.0,0.0,2.0,4.0,"-29,71396796","-51,1476744",SPRF-RS,DEL01-RS,UOP02-DEL01-RS
580287,2024-02-10,sábado,09:30:00,SC,282.0,625,IRACEMINHA,Carga excessiva e/ou mal acondicionada,Colisão frontal,Com Vítimas Feridas,Pleno dia,Decrescente,Sol,Simples,Curva,Não,2.0,0.0,1.0,0.0,0.0,1.0,1.0,2.0,"-26,800232","-53,351334",SPRF-SC,DEL07-SC,UOP02-DEL07-SC
580290,2024-02-10,sábado,13:30:00,TO,153.0,552,OLIVEIRA DE FATIMA,Transitar na contramão,Colisão frontal,Com Vítimas Feridas,Pleno dia,Crescente,Chuva,Simples,Reta;Aclive,Não,3.0,0.0,0.0,1.0,1.0,1.0,1.0,3.0,"-10,66675097","-48,90822853",SPRF-TO,DEL01-TO,UOP01-DEL01-TO
580293,2024-02-10,sábado,14:00:00,RN,304.0,231,RIACHUELO,Condutor Dormindo,Saída de leito carroçável,Com Vítimas Feridas,Pleno dia,Decrescente,Céu Claro,Simples,Reta,Não,2.0,0.0,2.0,0.0,0.0,0.0,2.0,1.0,"-5,752643","-35,8957",SPRF-RN,DEL01-RN,UOP02-DEL01-RN
580298,2024-02-10,sábado,09:20:00,SC,282.0,"450,6",PONTE SERRADA,Mal súbito do condutor,Saída de leito carroçável,Com Vítimas Fatais,Pleno dia,Decrescente,Céu Claro,Simples,Declive;Curva,Não,2.0,1.0,0.0,0.0,0.0,1.0,0.0,2.0,"-26,920411","-51,9409027",SPRF-SC,DEL07-SC,UOP04-DEL07-SC
580306,2024-02-10,sábado,09:00:00,RJ,356.0,107,CARDOSO MOREIRA,Afundamento ou ondulação no pavimento,Tombamento,Sem Vítimas,Pleno dia,Decrescente,Sol,Simples,Declive;Reta,Não,2.0,0.0,0.0,0.0,2.0,0.0,0.0,1.0,"-21,54542261","-41,4746409",SPRF-RJ,DEL08-RJ,UOP03-DEL08-RJ
580327,2024-02-10,sábado,17:10:00,SP,116.0,"348,5",MIRACATU,Reação tardia ou ineficiente do condutor,Saída de leito carroçável,Com Vítimas Feridas,Pleno dia,Decrescente,Nublado,Dupla,Curva,Não,2.0,0.0,1.0,0.0,0.0,1.0,1.0,2.0,"-24,05143375","-47,20399492",SPRF-SP,DEL04-SP,UOP03-DEL04-SP
580329,2024-02-10,sábado,18:00:00,MG,381.0,430,SABARA,Velocidade Incompatível,Saída de leito carroçável,Com Vítimas Feridas,Anoitecer,Crescente,Céu Claro,Simples,Declive,Não,2.0,0.0,1.0,0.0,0.0,1.0,1.0,2.0,"-19,78831547","-43,73175712",SPRF-MG,DEL01-MG,UOP01-DEL01-MG
580337,2024-02-10,sábado,16:00:00,MG,50.0,177,UBERABA,Condutor Dormindo,Saída de leito carroçável,Com Vítimas Feridas,Pleno dia,Crescente,Céu Claro,Dupla,Reta,Não,2.0,0.0,1.0,0.0,0.0,1.0,1.0,2.0,"-19,77914852","-47,95047701",SPRF-MG,DEL13-MG,UOP01-DEL13-MG
580343,2024-02-10,sábado,18:00:00,RS,153.0,"37,2",TRES ARROIOS,Ultrapassagem Indevida,Colisão frontal,Com Vítimas Feridas,Pleno dia,Decrescente,Céu Claro,Simples,Curva,Não,5.0,0.0,1.0,1.0,2.0,1.0,2.0,3.0,"-27,56598492","-52,21728001",SPRF-RS,DEL08-RS,UOP04-DEL08-RS
580353,2024-02-10,sábado,17:00:00,RO,364.0,"21,8",VILHENA,Reação tardia ou ineficiente do condutor,Colisão frontal,Com Vítimas Feridas,Pleno dia,Crescente,Chuva,Simples,Aclive,Não,6.0,0.0,3.0,2.0,0.0,7.0,5.0,10.0,"-12,72595705","-60,192765",SPRF-RO,DEL04-RO,UOP01-DEL04-RO
580361,2024-02-10,sábado,18:15:00,MG,381.0,"587,1",CARMOPOLIS DE MINAS,Ausência de reação do condutor,Colisão traseira,Com Vítimas Fatais,Anoitecer,Crescente,Céu Claro,Dupla,Aclive;Reta,Sim,3.0,1.0,0.0,0.0,1.0,2.0,0.0,4.0,"-20,5460261","-44,65677896",SPRF-MG,DEL04-MG,UOP01-DEL04-MG
580365,2024-02-10,sábado,19:00:00,MS,262.0,238,RIBAS DO RIO PARDO,Ultrapassagem Indevida,Colisão frontal,Com Vítimas Fatais,Plena Noite,Decrescente,Céu Claro,Simples,Reta,Sim,4.0,2.0,0.0,0.0,2.0,0.0,0.0,2.0,"-20,4560229","-53,74643001",SPRF-MS,DEL01-MS,UOP01-DEL01-MS
580369,2024-02-10,sábado,20:00:00,MG,116.0,"313,3",ITAMBACURI,Demais falhas mecânicas ou elétricas,Incêndio,Sem Vítimas,Pleno dia,Decrescente,Nublado,Simples,Reta,Não,3.0,0.0,0.0,0.0,2.0,1.0,0.0,2.0,"-18,09344397","-41,68893313",SPRF-MG,DEL11-MG,UOP01-DEL11-MG
580389,2024-02-10,sábado,16:30:00,MT,158.0,"624,5",NOVA XAVANTINA,Ultrapassagem Indevida,Colisão frontal,Com Vítimas Feridas,Pleno dia,Decrescente,Nublado,Simples,Reta,Não,3.0,0.0,1.0,0.0,1.0,3.0,1.0,5.0,"-14,4847019","-52,28140519",SPRF-MT,DEL07-MT,UOP02-DEL07-MT
580392,2024-02-10,sábado,18:15:00,MG,262.0,"589,9",CAMPOS ALTOS,Velocidade Incompatível,Tombamento,Sem Vítimas,Anoitecer,Decrescente,Céu Claro,Simples,Curva,Não,2.0,0.0,0.0,0.0,1.0,2.0,0.0,3.0,"-19,65792178","-46,126369",SPRF-MG,DEL08-MG,UOP02-DEL08-MG
580393,2024-02-10,sábado,21:30:00,SC,101.0,"396,5",MARACAJA,Demais falhas mecânicas ou elétricas,Incêndio,Sem Vítimas,Plena Noite,Decrescente,Céu Claro,Dupla,Reta,Não,2.0,0.0,0.0,0.0,1.0,1.0,0.0,2.0,"-28,82459572","-49,40472033",SPRF-SC,DEL02-SC,UOP02-DEL02-SC
580401,2024-02-10,sábado,21:30:00,MG,365.0,543,ROMARIA,Transitar na contramão,Colisão frontal,Com Vítimas Feridas,Plena Noite,Crescente,Ignorado,Simples,Reta,Não,5.0,0.0,1.0,3.0,0.0,1.0,4.0,3.0,"-18,93148287","-47,61932501",SPRF-MG,DEL10-MG,UOP01-DEL10-MG
580421,2024-02-10,sábado,23:50:00,RS,285.0,572,SAO LUIZ GONZAGA,Ausência de reação do condutor,Colisão traseira,Com Vítimas Feridas,Plena Noite,Decrescente,Céu Claro,Simples,Reta;Declive,Não,6.0,0.0,4.0,0.0,2.0,0.0,4.0,2.0,"-28,416843","-55,016129",SPRF-RS,DEL12-RS,UOP01-DEL12-RS
580432,2024-02-11,domingo,03:00:00,TO,230.0,82,CACHOEIRINHA,Ingestão de álcool pelo condutor,Colisão lateral sentido oposto,Sem Vítimas,Plena Noite,Crescente,Ignorado,Simples,Interseção de Vias,Não,3.0,0.0,0.0,0.0,2.0,1.0,0.0,3.0,"-6,10098395","-47,90268299",SPRF-TO,DEL02-TO,UOP03-DEL02-TO
580438,2024-02-11,domingo,03:20:00,PI,343.0,344,TERESINA,Manobra de mudança de faixa,Colisão lateral sentido oposto,Sem Vítimas,Plena Noite,Crescente,Chuva,Simples,Reta,Sim,2.0,0.0,0.0,0.0,2.0,0.0,0.0,2.0,"-5,094729","-42,762775",SPRF-PI,DEL01-PI,UOP01-DEL01-PI
580445,2024-02-11,domingo,02:00:00,MG,40.0,"293,1",TRES MARIAS,Transitar na contramão,Colisão frontal,Com Vítimas Fatais,Plena Noite,Crescente,Nublado,Simples,Reta,Não,3.0,1.0,0.0,0.0,1.0,2.0,0.0,4.0,"-18,29623795","-45,12429391",SPRF-MG,DEL14-MG,UOP02-DEL14-MG
580452,2024-02-10,sábado,17:00:00,BA,110.0,43,SANTA BRIGIDA,Manobra de mudança de faixa,Colisão frontal,Com Vítimas Fatais,Pleno dia,Decrescente,Céu Claro,Simples,Reta;Declive,Não,4.0,1.0,0.0,0.0,2.0,1.0,0.0,4.0,"-9,83277896","-38,26111719",SPRF-BA,DEL07-BA,UOP01-DEL07-BA
580461,2024-02-11,domingo,06:20:00,CE,116.0,17,EUSEBIO,Condutor Dormindo,Saída de leito carroçável,Sem Vítimas,Pleno dia,Decrescente,Chuva,Dupla,Reta;Declive,Sim,2.0,0.0,0.0,0.0,1.0,1.0,0.0,2.0,"-3,89617918","-38,50336042",SPRF-CE,DEL01-CE,UOP02-DEL01-CE
580482,2024-02-11,domingo,09:20:00,RS,392.0,"52,3",RIO GRANDE,Manobra de mudança de faixa,Colisão traseira,Sem Vítimas,Pleno dia,Crescente,Chuva,Múltipla,Reta,Não,3.0,0.0,0.0,0.0,2.0,2.0,0.0,4.0,"-31,85621898","-52,32534987",SPRF-RS,DEL07-RS,UOP02-DEL07-RS
580484,2024-02-11,domingo,09:25:00,MG,251.0,"474,1",FRANCISCO SA,Velocidade Incompatível,Engavetamento,Com Vítimas Fatais,Pleno dia,Crescente,Sol,Simples,Curva;Declive,Não,8.0,1.0,5.0,1.0,0.0,2.0,6.0,6.0,"-16,47130466","-43,45673904",SPRF-MG,DEL12-MG,UOP01-DEL12-MG
580485,2024-02-11,domingo,08:05:00,MS,158.0,279,TRES LAGOAS,Condutor Dormindo,Colisão com objeto,Sem Vítimas,Pleno dia,Crescente,Céu Claro,Simples,Reta,Não,2.0,0.0,0.0,0.0,1.0,3.0,0.0,4.0,"-20,81961778","-51,72596451",SPRF-MS,DEL07-MS,UOP01-DEL07-MS
580486,2024-02-11,domingo,07:00:00,MT,163.0,"33,2",ITIQUIRA,Condutor Dormindo,Saída de leito carroçável,Com Vítimas Feridas,Pleno dia,Decrescente,Céu Claro,Dupla,Reta,Não,2.0,0.0,1.0,0.0,0.0,2.0,1.0,3.0,"-17,22667198","-54,75934919",SPRF-MT,DEL02-MT,UOP03-DEL02-MT
580497,2024-02-11,domingo,08:40:00,RJ,393.0,236,VASSOURAS,Reação tardia ou ineficiente do condutor,Colisão lateral sentido oposto,Com Vítimas Feridas,Pleno dia,Crescente,Sol,Simples,Reta,Sim,3.0,0.0,0.0,1.0,1.0,1.0,1.0,3.0,"-22,38996804","-43,64928296",SPRF-RJ,DEL05-RJ,UOP03-DEL05-RJ
580498,2024-02-11,domingo,09:10:00,MT,364.0,"275,4",JACIARA,Acostamento em desnível,Tombamento,Com Vítimas Feridas,Pleno dia,Decrescente,Chuva,Simples,Reta,Sim,2.0,0.0,1.0,0.0,0.0,3.0,1.0,4.0,"-15,95155464","-54,98514201",SPRF-MT,DEL05-MT,UOP02-DEL05-MT
580502,2024-01-12,sexta-feira,18:00:00,ES,101.0,239,FUNDAO,Pedestre cruzava a pista fora da faixa,Atropelamento de Pedestre,Com Vítimas Feridas,Anoitecer,Crescente,Céu Claro,Simples,Reta,Sim,3.0,0.0,1.0,0.0,1.0,2.0,1.0,4.0,"-20,00782494","-40,40790907",SPRF-ES,DEL02-ES,UOP01-DEL02-ES
580508,2024-02-11,domingo,11:45:00,SC,101.0,"187,7",BIGUACU,Pedestre andava na pista,Atropelamento de Pedestre,Com Vítimas Feridas,Pleno dia,Decrescente,Céu Claro,Dupla,Reta,Não,3.0,0.0,0.0,1.0,1.0,1.0,1.0,3.0,"-27,44307116","-48,62848475",SPRF-SC,DEL01-SC,UOP01-DEL01-SC
580516,2024-02-11,domingo,12:25:00,SP,381.0,37,ATIBAIA,Ultrapassagem Indevida,Colisão com objeto,Sem Vítimas,Pleno dia,Decrescente,Céu Claro,Dupla,Reta,Sim,3.0,0.0,0.0,0.0,1.0,2.0,0.0,3.0,"-23,10506237","-46,56881577",SPRF-SP,DEL03-SP,UOP01-DEL03-SP
580518,2024-02-11,domingo,12:15:00,GO,40.0,"135,1",CRISTALINA,Retorno proibido,Colisão transversal,Com Vítimas Feridas,Pleno dia,Crescente,Garoa/Chuvisco,Simples,Curva;Declive,Não,6.0,0.0,4.0,0.0,1.0,1.0,4.0,3.0,"-16,938771","-47,320336",SPRF-DF,DEL01-DF,UOP02-DEL01-DF
580519,2024-02-11,domingo,08:45:00,PE,232.0,"243,5",ARCOVERDE,Demais falhas mecânicas ou elétricas,Incêndio,Sem Vítimas,Pleno dia,Crescente,Céu Claro,Simples,Reta,Não,2.0,0.0,0.0,0.0,1.0,1.0,0.0,2.0,"-8,41700383","-36,9892481",SPRF-PE,DEL04-PE,UOP02-DEL04-PE
580523,2024-02-11,domingo,12:30:00,SC,282.0,"535,4",CHAPECO,Desrespeitar a preferência no cruzamento,Colisão transversal,Com Vítimas Feridas,Pleno dia,Decrescente,Sol,Simples,Interseção de Vias,Sim,4.0,0.0,1.0,0.0,3.0,0.0,1.0,2.0,"-26,99942338","-52,64596939",SPRF-SC,DEL07-SC,UOP01-DEL07-SC
580525,2024-02-11,domingo,12:15:00,MG,153.0,"189,6",FRUTAL,Velocidade Incompatível,Colisão frontal,Com Vítimas Feridas,Pleno dia,Decrescente,Garoa/Chuvisco,Simples,Curva,Não,4.0,0.0,1.0,0.0,1.0,2.0,1.0,4.0,"-19,93202411","-48,95602032",SPRF-MG,DEL13-MG,UOP02-DEL13-MG
580527,2024-02-05,segunda-feira,07:10:00,SC,470.0,"134,3",RIO DO SUL,Ausência de reação do condutor,Colisão traseira,Com Vítimas Feridas,Pleno dia,Crescente,Nublado,Simples,Reta,Sim,2.0,0.0,0.0,1.0,1.0,0.0,1.0,2.0,"-27,17567694","-49,59106207",SPRF-SC,DEL04-SC,UOP02-DEL04-SC
580547,2024-02-11,domingo,15:45:00,MG,381.0,635,SANTO ANTONIO DO AMPARO,Ausência de reação do condutor,Tombamento,Com Vítimas Feridas,Pleno dia,Crescente,Nublado,Dupla,Curva,Não,2.0,0.0,1.0,0.0,0.0,1.0,1.0,2.0,"-20,88278809","-44,85183046",SPRF-MG,DEL04-MG,UOP01-DEL04-MG