id,data_inversa,dia_semana,horario,uf,br,km,municipio,causa_acidente,tipo_acidente,classificacao_acidente,fase_dia,sentido_via,condicao_metereologica,tipo_pista,tracado_via,uso_solo,pessoas,mortos,feridos_leves,feridos_graves,ilesos,ignorados,feridos,veiculos,latitude,longitude,regional,delegacia,uop
584030,2024-02-29,quinta-feira,12:00:00,PR,158.0,531,PATO BRANCO,Suicídio (presumido),Atropelamento de Pedestre,Com Vítimas Feridas,Pleno dia,Decrescente,Nublado,Simples,Reta,Sim,2.0,0.0,0.0,1.0,1.0,0.0,1.0,2.0,"-26,20228","-52,678215",SPRF-PR,DEL02-PR,UOP01-DEL02-PR
584034,2024-02-02,sexta-feira,03:30:00,PR,277.0,"102,4",CAMPO LARGO,Pedestre andava na pista,Atropelamento de Pedestre,Com Vítimas Fatais,Plena Noite,Decrescente,Nublado,Dupla,Reta,Sim,8.0,1.0,0.0,0.0,6.0,2.0,0.0,5.0,"-25,42830532","-49,39031482",SPRF-PR,DEL01-PR,UOP06-DEL01-PR
584041,2024-02-29,quinta-feira,13:15:00,MS,163.0,405,NOVA ALVORADA DO SUL,Reação tardia ou ineficiente do condutor,Colisão frontal,Com Vítimas Fatais,Pleno dia,Crescente,Sol,Simples,Reta,Não,5.0,3.0,1.0,0.0,0.0,1.0,1.0,3.0,"-21,12364994","-54,4818027",SPRF-MS,DEL02-MS,UOP01-DEL02-MS
584046,2024-02-29,quinta-feira,09:00:00,RO,364.0,"539,2",RIO CRESPO,Transitar na contramão,Colisão frontal,Com Vítimas Fatais,Pleno dia,Crescente,Céu Claro,Simples,Curva,Não,5.0,1.0,0.0,1.0,1.0,4.0,1.0,6.0,"-9,7318339","-63,11276976",SPRF-RO,DEL03-RO,UOP01-DEL03-RO
584048,2024-02-29,quinta-feira,14:30:00,PR,277.0,3,PARANAGUA,Acesso irregular,Colisão frontal,Com Vítimas Feridas,Pleno dia,Crescente,Céu Claro,Dupla,Reta,Sim,3.0,0.0,1.0,0.0,1.0,2.0,1.0,4.0,"-25,568198","-48,615292",SPRF-PR,DEL01-PR,UOP05-DEL01-PR
584050,2024-02-29,quinta-feira,15:00:00,RJ,101.0,85,CAMPOS DOS GOYTACAZES,Velocidade Incompatível,Saída de leito carroçável,Com Vítimas Feridas,Pleno dia,Decrescente,Chuva,Dupla,Reta,Não,3.0,0.0,1.0,0.0,2.0,0.0,1.0,1.0,"-21,82176524","-41,47958594",SPRF-RJ,DEL08-RJ,UOP02-DEL08-RJ
584051,2024-02-29,quinta-feira,08:00:00,GO,158.0,142,CAIAPONIA,Acessar a via sem observar a presença dos outros veículos,Colisão transversal,Com Vítimas Feridas,Pleno dia,Crescente,Céu Claro,Simples,Curva,Não,4.0,0.0,0.0,2.0,1.0,1.0,2.0,3.0,"-16,82529795","-51,76573005",SPRF-GO,DEL04-GO,UOP02-DEL04-GO
584052,2024-02-29,quinta-feira,14:40:00,PR,376.0,386,IMBAU,Reação tardia ou ineficiente do condutor,Saída de leito carroçável,Sem Vítimas,Pleno dia,Crescente,Céu Claro,Dupla,Interseção de Vias;Reta;Declive,Sim,2.0,0.0,0.0,0.0,1.0,1.0,0.0,2.0,"-24,447575","-50,760181",SPRF-PR,DEL03-PR,UOP02-DEL03-PR
584055,2024-02-29,quinta-feira,12:50:00,BA,116.0,588,NOVA ITARANA,Velocidade Incompatível,Saída de leito carroçável,Com Vítimas Feridas,Pleno dia,Crescente,Céu Claro,Simples,Reta,Não,2.0,0.0,1.0,0.0,0.0,1.0,1.0,2.0,"-13,12433084","-39,99106463",SPRF-BA,DEL03-BA,UOP02-DEL03-BA
584060,2024-02-29,quinta-feira,15:50:00,SC,282.0,"509,3",XANXERE,Condutor deixou de manter distância do veículo da frente,Colisão traseira,Com Vítimas Feridas,Pleno dia,Decrescente,Sol,Simples,Reta,Não,5.0,0.0,0.0,1.0,4.0,0.0,1.0,2.0,"-26,890533","-52,457096",SPRF-SC,DEL07-SC,UOP01-DEL07-SC
584064,2024-02-29,quinta-feira,16:10:00,RS,290.0,193,RIO PARDO,Demais falhas mecânicas ou elétricas,Colisão lateral sentido oposto,Sem Vítimas,Pleno dia,Crescente,Nublado,Simples,Reta,Não,3.0,0.0,0.0,0.0,2.0,2.0,0.0,4.0,"-30,17095327","-52,21286774",SPRF-RS,DEL02-RS,UOP03-DEL02-RS
584067,2024-02-29,quinta-feira,15:30:00,PR,116.0,"127,1",FAZENDA RIO GRANDE,Reação tardia ou ineficiente do condutor,Colisão lateral mesmo sentido,Sem Vítimas,Pleno dia,Crescente,Sol,Dupla,Reta,Sim,2.0,0.0,0.0,0.0,1.0,1.0,0.0,2.0,"-25,645921","-49,312773",SPRF-PR,DEL01-PR,UOP03-DEL01-PR
584072,2024-02-29,quinta-feira,16:48:00,RS,116.0,515,PELOTAS,Acessar a via sem observar a presença dos outros veículos,Colisão traseira,Com Vítimas Feridas,Pleno dia,Crescente,Céu Claro,Simples,Reta,Não,2.0,0.0,1.0,0.0,1.0,0.0,1.0,2.0,"-31,66114092","-52,3386834",SPRF-RS,DEL07-RS,UOP01-DEL07-RS
584074,2024-02-29,quinta-feira,16:15:00,MG,381.0,389,BARAO DE COCAIS,Chuva,Colisão frontal,Com Vítimas Feridas,Pleno dia,Decrescente,Chuva,Simples,Curva,Não,4.0,0.0,2.0,1.0,1.0,0.0,3.0,2.0,"-19,781548","-43,436355",SPRF-MG,DEL01-MG,UOP01-DEL01-MG
584077,2024-02-29,quinta-feira,11:04:00,SC,470.0,"247,4",CURITIBANOS,Velocidade Incompatível,Tombamento,Com Vítimas Feridas,Pleno dia,Decrescente,Nublado,Simples,Rotatória;Interseção de Vias,Sim,2.0,0.0,1.0,0.0,0.0,1.0,1.0,2.0,"-27,31288979","-50,56097031",SPRF-SC,DEL05-SC,UOP03-DEL05-SC
584078,2024-02-29,quinta-feira,04:30:00,RO,364.0,1030,PORTO VELHO,Ausência de reação do condutor,Colisão traseira,Com Vítimas Fatais,Amanhecer,Crescente,Céu Claro,Simples,Reta,Não,3.0,1.0,0.0,0.0,1.0,1.0,0.0,3.0,"-9,75929717","-66,26472596",SPRF-RO,DEL01-RO,UOP03-DEL01-RO
584080,2024-02-29,quinta-feira,16:40:00,GO,153.0,"589,8",PIRACANJUBA,Ausência de reação do condutor,Colisão traseira,Com Vítimas Feridas,Pleno dia,Crescente,Céu Claro,Dupla,Reta;Aclive,Não,3.0,0.0,1.0,0.0,1.0,2.0,1.0,4.0,"-17,4593","-49,2227",SPRF-GO,DEL03-GO,UOP01-DEL03-GO
584081,2024-02-29,quinta-feira,15:50:00,MT,70.0,522,VARZEA GRANDE,Acesso irregular,Colisão transversal,Com Vítimas Feridas,Pleno dia,Crescente,Sol,Simples,Reta,Sim,3.0,0.0,0.0,1.0,1.0,2.0,1.0,4.0,"-15,66486","-56,18396",SPRF-MT,DEL01-MT,UOP02-DEL01-MT
584083,2024-02-29,quinta-feira,18:00:00,PE,424.0,95,GARANHUNS,Demais falhas mecânicas ou elétricas,Saída de leito carroçável,Com Vítimas Feridas,Plena Noite,Crescente,Chuva,Simples,Reta,Não,1.0,0.0,1.0,0.0,0.0,0.0,1.0,1.0,"-8,92487901","-36,48949333",SPRF-PE,DEL03-PE,UOP01-DEL03-PE
584086,2024-02-29,quinta-feira,17:00:00,SP,381.0,"57,5",MAIRIPORA,Reação tardia ou ineficiente do condutor,Colisão traseira,Com Vítimas Feridas,Pleno dia,Decrescente,Céu Claro,Dupla,Reta,Não,3.0,0.0,1.0,0.0,2.0,0.0,1.0,2.0,"-23,271569","-46,584544",SPRF-SP,DEL03-SP,UOP01-DEL03-SP
584088,2024-02-29,quinta-feira,18:30:00,RJ,393.0,148,TRES RIOS,Reação tardia ou ineficiente do condutor,Colisão lateral sentido oposto,Com Vítimas Feridas,Anoitecer,Decrescente,Chuva,Simples,Curva,Não,2.0,0.0,0.0,1.0,1.0,0.0,1.0,2.0,"-22,04489814","-43,00868082",SPRF-RJ,DEL05-RJ,UOP01-DEL05-RJ
584089,2024-02-29,quinta-feira,18:30:00,PR,277.0,727,FOZ DO IGUACU,Transitar no Acostamento,Colisão lateral mesmo sentido,Com Vítimas Feridas,Pleno dia,Decrescente,Céu Claro,Simples,Interseção de Vias,Não,4.0,0.0,1.0,0.0,2.0,1.0,1.0,4.0,"-25,51017487","-54,56454899",SPRF-PR,DEL05-PR,UOP03-DEL05-PR
584092,2024-02-29,quinta-feira,14:35:00,MT,364.0,"615,1",DIAMANTINO,Carga excessiva e/ou mal acondicionada,Colisão lateral sentido oposto,Com Vítimas Feridas,Pleno dia,Crescente,Céu Claro,Simples,Curva,Não,3.0,0.0,1.0,1.0,0.0,2.0,2.0,4.0,"-14,41680214","-56,30735406",SPRF-MT,DEL01-MT,UOP01-DEL01-MT
584104,2024-02-22,quinta-feira,17:40:00,RS,285.0,455,IJUI,Acessar a via sem observar a presença dos outros veículos,Colisão transversal,Com Vítimas Feridas,Pleno dia,Decrescente,Céu Claro,Simples,Reta,Sim,2.0,0.0,1.0,0.0,1.0,0.0,1.0,2.0,"-28,380919","-53,879509",SPRF-RS,DEL10-RS,UOP01-DEL10-RS
584105,2024-02-29,quinta-feira,16:30:00,RJ,40.0,115,DUQUE DE CAXIAS,Manobra de mudança de faixa,Colisão lateral mesmo sentido,Com Vítimas Feridas,Pleno dia,Decrescente,Céu Claro,Múltipla,Reta,Não,4.0,0.0,2.0,0.0,1.0,1.0,2.0,3.0,"-22,72756999","-43,2891609",SPRF-RJ,DEL01-RJ,UOP02-DEL01-RJ
584107,2024-02-29,quinta-feira,17:00:00,RJ,40.0,120,DUQUE DE CAXIAS,Manobra de mudança de faixa,Colisão lateral mesmo sentido,Com Vítimas Feridas,Pleno dia,Decrescente,Céu Claro,Múltipla,Reta,Não,2.0,0.0,0.0,1.0,0.0,1.0,1.0,2.0,"-22,77280597","-43,28626763",SPRF-RJ,DEL01-RJ,UOP02-DEL01-RJ
584108,2024-02-29,quinta-feira,17:50:00,ES,262.0,108,VENDA NOVA DO IMIGRANTE,Transitar na contramão,Colisão frontal,Com Vítimas Feridas,Anoitecer,Crescente,Céu Claro,Simples,Reta,Não,2.0,0.0,1.0,0.0,1.0,0.0,1.0,2.0,"-20,33360896","-41,16233002",SPRF-ES,DEL01-ES,UOP02-DEL01-ES
584113,2024-02-29,quinta-feira,19:30:00,BA,324.0,588,CANDEIAS,Condutor deixou de manter distância do veículo da frente,Colisão traseira,Com Vítimas Feridas,Plena Noite,Crescente,Céu Claro,Dupla,Reta,Não,4.0,0.0,0.0,1.0,2.0,1.0,1.0,4.0,"-12,66425409","-38,4707655",SPRF-BA,DEL01-BA,UOP01-DEL01-BA
584114,2024-02-29,quinta-feira,19:10:00,PA,163.0,654,ITAITUBA,Acostamento em desnível,Tombamento,Com Vítimas Feridas,Plena Noite,Decrescente,Céu Claro,Simples,Reta,Não,2.0,0.0,1.0,0.0,0.0,1.0,1.0,2.0,"-4,49732299","-55,86656962",SPRF-PA,DEL05-PA,UOP02-DEL05-PA
584120,2024-02-29,quinta-feira,21:00:00,MG,354.0,731,POUSO ALTO,Ultrapassagem Indevida,Colisão frontal,Com Vítimas Feridas,Plena Noite,Decrescente,Chuva,Simples,Curva;Aclive,Não,4.0,0.0,3.0,0.0,1.0,0.0,3.0,2.0,"-22,17071402","-44,96390985",SPRF-MG,DEL17-MG,UOP01-DEL17-MG
584130,2024-02-29,quinta-feira,20:30:00,PR,158.0,521,PATO BRANCO,Ingestão de álcool pelo condutor,Colisão frontal,Com Vítimas Feridas,Plena Noite,Crescente,Céu Claro,Simples,Reta,Não,3.0,0.0,0.0,1.0,1.0,2.0,1.0,4.0,"-26,11888095","-52,64133111",SPRF-PR,DEL02-PR,UOP01-DEL02-PR
584133,2024-02-29,quinta-feira,20:00:00,RJ,40.0,74,PETROPOLIS,Reação tardia ou ineficiente do condutor,Saída de leito carroçável,Com Vítimas Feridas,Plena Noite,Decrescente,Nublado,Simples,Curva;Declive,Não,2.0,0.0,1.0,0.0,0.0,1.0,1.0,2.0,"-22,47224973","-43,22332717",SPRF-RJ,DEL01-RJ,UOP01-DEL01-RJ
584137,2024-02-29,quinta-feira,23:50:00,SP,116.0,487,CAJATI,Velocidade Incompatível,Colisão traseira,Com Vítimas Feridas,Plena Noite,Crescente,Nublado,Dupla,Reta,Não,3.0,0.0,1.0,0.0,1.0,2.0,1.0,4.0,"-24,72633575","-48,08998415",SPRF-SP,DEL05-SP,UOP01-DEL05-SP
584141,2024-03-01,sexta-feira,00:32:00,BA,116.0,"441,8",FEIRA DE SANTANA,Velocidade Incompatível,Colisão traseira,Com Vítimas Feridas,Plena Noite,Crescente,Ignorado,Dupla,Curva;Declive,Não,2.0,0.0,1.0,0.0,1.0,0.0,1.0,2.0,"-12,352111","-39,093306",SPRF-BA,DEL02-BA,UOP01-DEL02-BA
584142,2024-02-25,domingo,07:50:00,MT,70.0,656,CACERES,Reação tardia ou ineficiente do condutor,Saída de leito carroçável,Sem Vítimas,Pleno dia,Crescente,Céu Claro,Simples,Reta,Não,3.0,0.0,0.0,0.0,2.0,4.0,0.0,6.0,"-15,96753007","-57,16866394",SPRF-MT,DEL03-MT,UOP02-DEL03-MT
584148,2024-03-01,sexta-feira,01:00:00,SP,116.0,"487,5",CAJATI,Velocidade Incompatível,Colisão traseira,Com Vítimas Feridas,Plena Noite,Decrescente,Céu Claro,Dupla,Reta,Sim,3.0,0.0,1.0,0.0,1.0,1.0,1.0,3.0,"-24,72633575","-48,08998415",SPRF-SP,DEL05-SP,UOP01-DEL05-SP
584152,2024-03-01,sexta-feira,04:10:00,RO,364.0,"234,9",CACOAL,Condutor Dormindo,Colisão traseira,Com Vítimas Feridas,Plena Noite,Decrescente,Céu Claro,Simples,Reta,Sim,3.0,0.0,1.0,0.0,1.0,3.0,1.0,5.0,"-11,450907","-61,43007",SPRF-RO,DEL02-RO,UOP02-DEL02-RO
584157,2024-03-01,sexta-feira,05:00:00,PI,343.0,"170,9",BRASILEIRA,Ausência de reação do condutor,Saída de leito carroçável,Com Vítimas Feridas,Amanhecer,Decrescente,Céu Claro,Simples,Reta,Sim,1.0,0.0,0.0,1.0,0.0,0.0,1.0,1.0,"-4,160167","-41,784649",SPRF-PI,DEL02-PI,UOP01-DEL02-PI
584159,2024-02-29,quinta-feira,13:00:00,MT,158.0,536,AGUA BOA,Demais falhas mecânicas ou elétricas,Saída de leito carroçável,Com Vítimas Feridas,Pleno dia,Crescente,Céu Claro,Simples,Reta,Não,2.0,0.0,1.0,0.0,1.0,0.0,1.0,1.0,"-13,80730502","-52,03950938",SPRF-MT,DEL07-MT,UOP02-DEL07-MT
584161,2024-03-01,sexta-feira,00:30:00,BA,101.0,140,TEODORO SAMPAIO,Demais falhas mecânicas ou elétricas,Incêndio,Sem Vítimas,Pleno dia,Crescente,Céu Claro,Simples,Reta,Não,2.0,0.0,0.0,0.0,1.0,1.0,0.0,2.0,"-12,27707429","-38,68756785",SPRF-BA,DEL01-BA,UOP04-DEL01-BA
584163,2024-02-29,quinta-feira,19:00:00,RJ,116.0,247,PIRAI,Manobra de mudança de faixa,Colisão lateral mesmo sentido,Com Vítimas Feridas,Plena Noite,Decrescente,Chuva,Dupla,Reta,Não,3.0,0.0,1.0,0.0,1.0,1.0,1.0,3.0,"-22,60655103","-43,93505207",SPRF-RJ,DEL07-RJ,UOP01-DEL07-RJ
584164,2024-03-01,sexta-feira,04:16:00,SP,116.0,550,BARRA DO TURVO,Reação tardia ou ineficiente do condutor,Tombamento,Com Vítimas Feridas,Plena Noite,Decrescente,Garoa/Chuvisco,Dupla,Curva,Não,2.0,0.0,1.0,0.0,0.0,1.0,1.0,2.0,"-24,95749618","-48,46440871",SPRF-SP,DEL05-SP,UOP02-DEL05-SP
584170,2024-03-01,sexta-feira,04:00:00,BA,101.0,844,TEIXEIRA DE FREITAS,Demais falhas mecânicas ou elétricas,Incêndio,Sem Vítimas,Amanhecer,Crescente,Céu Claro,Simples,Reta,Não,1.0,0.0,0.0,0.0,1.0,0.0,0.0,1.0,"-17,46944603","-39,70510288",SPRF-BA,DEL09-BA,UOP02-DEL09-BA
584171,2024-03-01,sexta-feira,00:30:00,BA,116.0,"441,8",FEIRA DE SANTANA,Velocidade Incompatível,Tombamento,Com Vítimas Feridas,Plena Noite,Decrescente,Ignorado,Dupla,Curva;Aclive,Não,2.0,0.0,2.0,0.0,0.0,0.0,2.0,1.0,"-12,352111","-39,093306",SPRF-BA,DEL02-BA,UOP01-DEL02-BA
584180,2024-03-01,sexta-feira,06:49:00,MT,174.0,288,PONTES E LACERDA,Reação tardia ou ineficiente do condutor,Colisão frontal,Com Vítimas Feridas,Pleno dia,Decrescente,Sol,Simples,Reta,Sim,2.0,0.0,1.0,0.0,1.0,0.0,1.0,2.0,"-15,23378885","-59,31756535",SPRF-MT,DEL04-MT,UOP01-DEL04-MT
584188,2024-03-01,sexta-feira,07:20:00,MT,163.0,496,CUIABA,Manobra de mudança de faixa,Colisão frontal,Com Vítimas Feridas,Pleno dia,Decrescente,Garoa/Chuvisco,Simples,Aclive;Reta,Sim,3.0,0.0,1.0,0.0,1.0,1.0,1.0,3.0,"-15,65946582","-56,00509286",SPRF-MT,DEL01-MT,UOP01-DEL01-MT
584193,2024-03-01,sexta-feira,08:50:00,PR,369.0,202,APUCARANA,Condutor desrespeitou a iluminação vermelha do semáforo,Colisão transversal,Com Vítimas Feridas,Pleno dia,Decrescente,Céu Claro,Simples,Declive;Reta,Sim,2.0,0.0,1.0,0.0,1.0,0.0,1.0,2.0,"-23,543484","-51,454609",SPRF-PR,DEL07-PR,UOP03-DEL07-PR
584196,2024-03-01,sexta-feira,10:00:00,GO,60.0,257,INDIARA,Retorno proibido,Colisão transversal,Com Vítimas Feridas,Pleno dia,Decrescente,Céu Claro,Dupla,Reta,Não,6.0,0.0,3.0,2.0,1.0,0.0,5.0,2.0,"-17,151","-50,0188",SPRF-GO,DEL01-GO,UOP02-DEL01-GO
584205,2024-03-01,sexta-feira,10:00:00,SC,101.0,"119,4",ITAJAI,Manobra de mudança de faixa,Colisão lateral mesmo sentido,Com Vítimas Feridas,Pleno dia,Crescente,Céu Claro,Múltipla,Reta,Não,2.0,0.0,1.0,0.0,0.0,1.0,1.0,2.0,"-26,9043179","-48,71555481",SPRF-SC,DEL04-SC,UOP04-DEL04-SC
584209,2024-03-01,sexta-feira,10:50:00,MG,262.0,423,IGARATINGA,Acessar a via sem observar a presença dos outros veículos,Colisão lateral mesmo sentido,Com Vítimas Feridas,Pleno dia,Crescente,Céu Claro,Múltipla,Reta,Não,2.0,0.0,1.0,0.0,1.0,0.0,1.0,2.0,"-19,88411644","-44,73943306",SPRF-MG,DEL08-MG,UOP03-DEL08-MG
584210,2024-03-01,sexta-feira,11:00:00,SP,116.0,230,SAO PAULO,Manobra de mudança de faixa,Colisão lateral mesmo sentido,Com Vítimas Feridas,Pleno dia,Crescente,Céu Claro,Múltipla,Reta,Sim,3.0,0.0,1.0,0.0,1.0,2.0,1.0,4.0,"-23,52251783","-46,5855702",SPRF-SP,DEL01-SP,UOP01-DEL01-SP
584212,2024-03-01,sexta-feira,08:30:00,AL,316.0,263,SATUBA,Manobra de mudança de faixa,Colisão lateral mesmo sentido,Com Vítimas Feridas,Pleno dia,Decrescente,Céu Claro,Simples,Aclive,Sim,8.0,0.0,4.0,0.0,3.0,2.0,4.0,5.0,"-9,58758215","-35,878014",SPRF-AL,DEL02-AL,UOP01-DEL02-AL
584217,2024-03-01,sexta-feira,09:20:00,BA,116.0,"694,5",JEQUIE,Condutor deixou de manter distância do veículo da frente,Colisão traseira,Com Vítimas Feridas,Pleno dia,Crescente,Céu Claro,Simples,Aclive;Reta,Não,5.0,0.0,1.0,0.0,3.0,1.0,1.0,4.0,"-13,97563797","-40,17289204",SPRF-BA,DEL03-BA,UOP01-DEL03-BA
584218,2024-03-01,sexta-feira,10:30:00,RJ,101.0,114,CAMPOS DOS GOYTACAZES,Mal súbito do condutor,Colisão traseira,Com Vítimas Feridas,Pleno dia,Decrescente,Céu Claro,Dupla,Reta,Não,3.0,0.0,1.0,0.0,1.0,1.0,1.0,3.0,"-21,98517176","-41,66261143",SPRF-RJ,DEL08-RJ,UOP02-DEL08-RJ
584219,2024-03-01,sexta-feira,11:40:00,MG,381.0,939,EXTREMA,Reação tardia ou ineficiente do condutor,Colisão traseira,Com Vítimas Feridas,Pleno dia,Crescente,Sol,Dupla,Reta,Não,3.0,0.0,1.0,0.0,1.0,2.0,1.0,4.0,"-22,84701434","-46,33321175",SPRF-MG,DEL16-MG,UOP03-DEL16-MG
584220,2024-03-01,sexta-feira,05:45:00,BA,242.0,244,ITABERABA,Carga excessiva e/ou mal acondicionada,Saída de leito carroçável,Sem Vítimas,Amanhecer,Decrescente,Céu Claro,Simples,Curva,Não,2.0,0.0,0.0,0.0,1.0,1.0,0.0,2.0,"-12,501019","-40,427317",SPRF-BA,DEL06-BA,UOP02-DEL06-BA
584221,2024-03-01,sexta-feira,09:50:00,MG,267.0,210,BOM JARDIM DE MINAS,Demais falhas mecânicas ou elétricas,Incêndio,Sem Vítimas,Pleno dia,Crescente,Céu Claro,Simples,Curva,Não,1.0,0.0,0.0,0.0,1.0,0.0,0.0,1.0,"-21,94531637","-44,16694094",SPRF-MG,DEL05-MG,UOP01-DEL05-MG
584223,2024-03-01,sexta-feira,07:40:00,MG,116.0,"640,4",FERVEDOURO,Reação tardia ou ineficiente do condutor,Colisão traseira,Com Vítimas Feridas,Pleno dia,Decrescente,Céu Claro,Simples,Reta,Não,3.0,0.0,2.0,0.0,0.0,1.0,2.0,2.0,"-20,65179632","-42,2530894",SPRF-MG,DEL07-MG,UOP02-DEL07-MG
584231,2024-03-01,sexta-feira,12:55:00,SP,116.0,224,GUARULHOS,Ausência de reação do condutor,Colisão traseira,Com Vítimas Feridas,Pleno dia,Crescente,Céu Claro,Múltipla,Reta,Não,2.0,0.0,1.0,0.0,1.0,0.0,1.0,2.0,"-23,48071896","-46,53271603",SPRF-SP,DEL01-SP,UOP01-DEL01-SP
584232,2024-03-01,sexta-feira,10:30:00,SC,101.0,"106,5",PENHA,Velocidade Incompatível,Engavetamento,Com Vítimas Feridas,Pleno dia,Crescente,Céu Claro,Múltipla,Declive;Reta,Não,4.0,0.0,3.0,0.0,1.0,0.0,3.0,3.0,"-26,81031601","-48,68293896",SPRF-SC,DEL03-SC,UOP02-DEL03-SC
584233,2024-03-01,sexta-feira,12:20:00,BA,116.0,"12,5",VITORIA DA CONQUISTA,Reação tardia ou ineficiente do condutor,Colisão lateral sentido oposto,Com Vítimas Feridas,Pleno dia,Decrescente,Céu Claro,Simples,Reta,Sim,2.0,0.0,1.0,0.0,0.0,1.0,1.0,2.0,"-14,851","-40,8485",SPRF-BA,DEL08-BA,UOP01-DEL08-BA
584239,2024-02-12,segunda-feira,11:10:00,SP,116.0,131,CACAPAVA,Demais falhas mecânicas ou elétricas,Incêndio,Sem Vítimas,Pleno dia,Crescente,Sol,Dupla,Reta,Sim,2.0,0.0,0.0,0.0,1.0,1.0,0.0,2.0,"-23,12742083","-45,73636609",SPRF-SP,DEL02-SP,UOP02-DEL02-SP
584244,2024-03-01,sexta-feira,13:55:00,RS,290.0,"104,9",ELDORADO DO SUL,Manobra de mudança de faixa,Colisão traseira,Com Vítimas Feridas,Pleno dia,Crescente,Céu Claro,Dupla,Reta,Não,5.0,0.0,3.0,0.0,1.0,1.0,3.0,3.0,"-29,998999","-51,294563",SPRF-RS,DEL02-RS,UOP01-DEL02-RS
584245,2024-03-01,sexta-feira,14:15:00,SP,116.0,228,SAO PAULO,Mal súbito do condutor,Saída de leito carroçável,Com Vítimas Feridas,Pleno dia,Decrescente,Céu Claro,Múltipla,Reta,Sim,1.0,0.0,1.0,0.0,0.0,0.0,1.0,1.0,"-23,50343484","-46,56638712",SPRF-SP,DEL01-SP,UOP01-DEL01-SP
584248,2024-03-01,sexta-feira,12:47:00,SC,280.0,"153,8",MAFRA,Reação tardia ou ineficiente do condutor,Colisão com objeto,Sem Vítimas,Pleno dia,Decrescente,Céu Claro,Simples,Ponte;Curva;Declive,Não,2.0,0.0,0.0,0.0,1.0,2.0,0.0,3.0,"-26,22099817","-49,71288041",SPRF-SC,DEL06-SC,UOP03-DEL06-SC
584249,2024-03-01,sexta-feira,11:20:00,MT,70.0,727,CACERES,Ultrapassagem Indevida,Saída de leito carroçável,Com Vítimas Feridas,Pleno dia,Crescente,Céu Claro,Simples,Reta,Não,6.0,0.0,2.0,0.0,3.0,1.0,2.0,3.0,"-16,126669","-57,659359",SPRF-MT,DEL03-MT,UOP01-DEL03-MT
584254,2024-03-01,sexta-feira,15:20:00,ES,101.0,419,CACHOEIRO DE ITAPEMIRIM,Avarias e/ou desgaste excessivo no pneu,Colisão frontal,Com Vítimas Fatais,Pleno dia,Crescente,Chuva,Simples,Curva,Não,2.0,1.0,1.0,0.0,0.0,0.0,1.0,2.0,"-20,95924919","-41,10118693",SPRF-ES,DEL03-ES,UOP02-DEL03-ES
584256,2024-03-01,sexta-feira,14:10:00,MG,40.0,"273,9",TRES MARIAS,Velocidade Incompatível,Colisão traseira,Com Vítimas Feridas,Pleno dia,Crescente,Céu Claro,Simples,Reta;Aclive,Não,3.0,0.0,2.0,0.0,1.0,0.0,2.0,2.0,"-18,19170099","-45,24538457",SPRF-MG,DEL14-MG,UOP02-DEL14-MG
584262,2024-03-01,sexta-feira,15:20:00,RJ,116.0,242,PIRAI,Manobra de mudança de faixa,Colisão com objeto,Com Vítimas Feridas,Pleno dia,Decrescente,Chuva,Dupla,Curva,Não,2.0,0.0,1.0,0.0,0.0,1.0,1.0,2.0,"-22,63522537","-43,90258636",SPRF-RJ,DEL07-RJ,UOP01-DEL07-RJ
584264,2024-03-01,sexta-feira,10:30:00,MG,365.0,785,GURINHATA,Ausência de reação do condutor,Queda de ocupante de veículo,Com Vítimas Feridas,Pleno dia,Crescente,Céu Claro,Simples,Reta,Não,3.0,0.0,2.0,0.0,0.0,1.0,2.0,3.0,"-18,94515934","-49,76981665",SPRF-MG,DEL15-MG,UOP03-DEL15-MG
584267,2024-03-01,sexta-feira,15:00:00,AL,316.0,85,SANTANA DO IPANEMA,Acessar a via sem observar a presença dos outros veículos,Colisão transversal,Com Vítimas Feridas,Pleno dia,Decrescente,Céu Claro,Dupla,Reta,Sim,2.0,0.0,0.0,1.0,1.0,0.0,1.0,2.0,"-9,36982836","-37,24347904",SPRF-AL,DEL03-AL,UOP02-DEL03-AL
584269,2024-03-01,sexta-feira,16:15:00,MG,381.0,"768,9",CAMPANHA,Objeto estático sobre o leito carroçável,Engavetamento,Com Vítimas Feridas,Pleno dia,Decrescente,Chuva,Dupla,Em Obras;Reta,Não,8.0,0.0,2.0,1.0,4.0,2.0,3.0,8.0,"-21,77370307","-45,42761992",SPRF-MG,DEL16-MG,UOP02-DEL16-MG
584272,2024-03-01,sexta-feira,17:00:00,SC,101.0,"225,8",PALHOCA,Manobra de mudança de faixa,Colisão lateral mesmo sentido,Com Vítimas Feridas,Pleno dia,Crescente,Céu Claro,Dupla,Reta;Aclive,Não,3.0,0.0,1.0,0.0,1.0,1.0,1.0,3.0,"-27,73292191","-48,6409567",SPRF-SC,DEL01-SC,UOP02-DEL01-SC
584277,2024-03-01,sexta-feira,16:20:00,MT,364.0,296,JACIARA,Reação tardia ou ineficiente do condutor,Saída de leito carroçável,Com Vítimas Feridas,Pleno dia,Decrescente,Nublado,Dupla,Reta,Não,2.0,0.0,1.0,0.0,0.0,2.0,1.0,3.0,"-15,8641558","-55,12584675",SPRF-MT,DEL05-MT,UOP02-DEL05-MT