id,data_inversa,dia_semana,horario,uf,br,km,municipio,causa_acidente,tipo_acidente,classificacao_acidente,fase_dia,sentido_via,condicao_metereologica,tipo_pista,tracado_via,uso_solo,pessoas,mortos,feridos_leves,feridos_graves,ilesos,ignorados,feridos,veiculos,latitude,longitude,regional,delegacia,uop
584278,2024-03-01,sexta-feira,13:40:00,SC,280.0,"238,5",CANOINHAS,Transitar na contramão,Colisão lateral sentido oposto,Com Vítimas Feridas,Pleno dia,Crescente,Sol,Simples,Reta,Não,3.0,0.0,0.0,1.0,1.0,1.0,1.0,3.0,"-26,20546585","-50,43870449",SPRF-SC,DEL06-SC,UOP04-DEL06-SC
584281,2024-03-01,sexta-feira,13:00:00,MT,163.0,108,RONDONOPOLIS,Ingestão de álcool pelo condutor,Colisão traseira,Sem Vítimas,Pleno dia,Decrescente,Céu Claro,Simples,Declive;Reta,Não,3.0,0.0,0.0,0.0,2.0,4.0,0.0,6.0,"-16,58146229","-54,68844425",SPRF-MT,DEL02-MT,UOP01-DEL02-MT
584284,2024-03-01,sexta-feira,17:00:00,PR,376.0,494,PONTA GROSSA,Manobra de mudança de faixa,Colisão traseira,Com Vítimas Feridas,Pleno dia,Decrescente,Chuva,Dupla,Reta;Declive,Não,3.0,0.0,1.0,0.0,1.0,1.0,1.0,3.0,"-25,16566955","-50,11640967",SPRF-PR,DEL03-PR,UOP04-DEL03-PR
584290,2024-03-01,sexta-feira,10:00:00,RN,405.0,"93,7",ITAU,Ausência de reação do condutor,Saída de leito carroçável,Com Vítimas Feridas,Pleno dia,Crescente,Céu Claro,Simples,Reta,Não,2.0,0.0,1.0,0.0,0.0,1.0,1.0,2.0,"-5,75071681","-37,87829514",SPRF-RN,DEL04-RN,UOP02-DEL04-RN
584293,2024-03-01,sexta-feira,14:00:00,PR,376.0,407,TIBAGI,Velocidade Incompatível,Colisão lateral mesmo sentido,Com Vítimas Feridas,Pleno dia,Decrescente,Chuva,Dupla,Curva,Não,3.0,0.0,1.0,1.0,0.0,1.0,2.0,3.0,"-24,64521802","-50,62349002",SPRF-PR,DEL03-PR,UOP02-DEL03-PR
584294,2024-03-01,sexta-feira,15:30:00,RJ,116.0,"243,5",PIRAI,Manobra de mudança de faixa,Colisão lateral mesmo sentido,Com Vítimas Feridas,Pleno dia,Decrescente,Chuva,Dupla,Reta,Não,4.0,0.0,1.0,0.0,2.0,5.0,1.0,8.0,"-22,63023454","-43,91033921",SPRF-RJ,DEL07-RJ,UOP01-DEL07-RJ
584297,2024-03-01,sexta-feira,08:30:00,AC,364.0,458,FEIJO,Pedestre cruzava a pista fora da faixa,Atropelamento de Pedestre,Com Vítimas Feridas,Pleno dia,Crescente,Sol,Simples,Ponte;Reta,Não,2.0,0.0,1.0,0.0,1.0,0.0,1.0,2.0,"-8,42365604","-70,17630618",SPRF-AC,DEL01-AC,UOP01-DEL01-AC
584300,2024-03-01,sexta-feira,18:00:00,GO,414.0,"317,8",VILA PROPICIO,Reação tardia ou ineficiente do condutor,Colisão traseira,Com Vítimas Feridas,Pleno dia,Crescente,Céu Claro,Simples,Reta,Não,2.0,0.0,0.0,1.0,1.0,0.0,1.0,2.0,"-15,36729466","-48,64608765",SPRF-GO,DEL02-GO,UOP01-DEL02-GO
584307,2024-03-01,sexta-feira,19:20:00,PR,376.0,"616,9",SAO JOSE DOS PINHAIS,Reação tardia ou ineficiente do condutor,Tombamento,Com Vítimas Feridas,Plena Noite,Decrescente,Céu Claro,Dupla,Curva;Aclive,Sim,3.0,0.0,0.0,1.0,1.0,1.0,1.0,3.0,"-25,57583659","-49,17953679",SPRF-PR,DEL01-PR,UOP04-DEL01-PR
584323,2024-03-01,sexta-feira,20:40:00,PR,116.0,77,QUATRO BARRAS,Manobra de mudança de faixa,Colisão lateral mesmo sentido,Sem Vítimas,Plena Noite,Crescente,Nublado,Dupla,Curva,Não,3.0,0.0,0.0,0.0,2.0,2.0,0.0,4.0,"-25,4049946","-49,059916",SPRF-PR,DEL01-PR,UOP07-DEL01-PR
584330,2024-03-01,sexta-feira,17:10:00,MG,116.0,413,GOVERNADOR VALADARES,Condutor deixou de manter distância do veículo da frente,Colisão traseira,Com Vítimas Fatais,Pleno dia,Crescente,Nublado,Simples,Reta,Sim,3.0,1.0,0.0,0.0,2.0,0.0,0.0,3.0,"-18,88081817","-41,95951223",SPRF-MG,DEL06-MG,UOP01-DEL06-MG
584331,2024-03-01,sexta-feira,16:20:00,PA,155.0,88,RIO MARIA,Reação tardia ou ineficiente do condutor,Colisão frontal,Sem Vítimas,Pleno dia,Crescente,Céu Claro,Simples,Reta,Não,4.0,0.0,0.0,0.0,0.0,4.0,0.0,3.0,"-7,27533091","-50,02874123",SPRF-PA,DEL03-PA,UOP01-DEL03-PA
584336,2024-03-01,sexta-feira,17:20:00,RJ,40.0,102,DUQUE DE CAXIAS,Demais falhas mecânicas ou elétricas,Incêndio,Sem Vítimas,Pleno dia,Crescente,Céu Claro,Dupla,Reta,Não,1.0,0.0,0.0,0.0,1.0,0.0,0.0,1.0,"-22,61089297","-43,28656077",SPRF-RJ,DEL01-RJ,UOP02-DEL01-RJ
584338,2024-03-01,sexta-feira,18:30:00,MG,116.0,"490,9",INHAPIM,Ausência de reação do condutor,Colisão frontal,Com Vítimas Feridas,Anoitecer,Decrescente,Chuva,Simples,Curva,Não,3.0,0.0,1.0,1.0,1.0,0.0,2.0,2.0,"-19,4748916","-42,1310568",SPRF-MG,DEL06-MG,UOP02-DEL06-MG
584339,2024-03-01,sexta-feira,20:00:00,RS,116.0,125,SAO MARCOS,Ultrapassagem Indevida,Colisão frontal,Com Vítimas Feridas,Plena Noite,Decrescente,Nublado,Simples,Curva,Não,8.0,0.0,1.0,4.0,1.0,3.0,5.0,6.0,"-29,02308597","-51,090808",SPRF-RS,DEL05-RS,UOP01-DEL05-RS
584341,2024-03-01,sexta-feira,21:00:00,MG,365.0,174,BURITIZEIRO,Ausência de reação do condutor,Eventos atípicos,Com Vítimas Feridas,Plena Noite,Decrescente,Céu Claro,Simples,Retorno Regulamentado;Reta,Não,2.0,0.0,1.0,0.0,0.0,1.0,1.0,2.0,"-17,41233155","-45,03422823",SPRF-MG,DEL10-MG,UOP02-DEL010-MG
584349,2024-03-01,sexta-feira,19:10:00,MA,316.0,"130,6",NOVA OLINDA DO MARANHAO,Manobra de mudança de faixa,Colisão frontal,Com Vítimas Fatais,Plena Noite,Crescente,Céu Claro,Simples,Reta,Não,2.0,1.0,0.0,0.0,1.0,0.0,0.0,2.0,"-2,677999","-45,739357",SPRF-MA,DEL02-MA,UOP02-DEL02-MA
584353,2024-03-01,sexta-feira,20:45:00,MS,267.0,"591,7",CARACOL,Ausência de reação do condutor,Tombamento,Com Vítimas Fatais,Plena Noite,Crescente,Céu Claro,Simples,Declive;Curva,Não,2.0,1.0,0.0,0.0,0.0,1.0,0.0,2.0,"-21,726464","-57,040133",SPRF-MS,DEL05-MS,UOP01-DEL05-MS
584358,2024-03-01,sexta-feira,21:20:00,SC,101.0,"257,3",PAULO LOPES,Acessar a via sem observar a presença dos outros veículos,Colisão traseira,Com Vítimas Feridas,Plena Noite,Decrescente,Garoa/Chuvisco,Simples,Declive;Curva,Não,3.0,0.0,1.0,0.0,1.0,1.0,1.0,3.0,"-28,00116527","-48,68971109",SPRF-SC,DEL02-SC,UOP03-DEL02-SC
584362,2024-03-01,sexta-feira,20:30:00,MT,364.0,720,DIAMANTINO,Ingestão de álcool pelo condutor,Tombamento,Com Vítimas Fatais,Plena Noite,Crescente,Céu Claro,Simples,Reta,Não,3.0,1.0,0.0,0.0,1.0,3.0,0.0,5.0,"-14,16644027","-57,16365496",SPRF-MT,DEL01-MT,UOP01-DEL01-MT
584369,2024-03-02,sábado,00:10:00,RS,158.0,"168,5",PANAMBI,Condutor Dormindo,Colisão frontal,Com Vítimas Fatais,Plena Noite,Crescente,Céu Claro,Simples,Reta,Não,4.0,2.0,0.0,0.0,1.0,1.0,0.0,3.0,"-28,41638515","-53,54553272",SPRF-RS,DEL10-RS,UOP02-DEL10-RS
584371,2024-03-02,sábado,00:25:00,MS,158.0,100,PARANAIBA,Pedestre andava na pista,Atropelamento de Pedestre,Com Vítimas Feridas,Plena Noite,Crescente,Céu Claro,Simples,Reta,Não,3.0,0.0,1.0,0.0,2.0,0.0,1.0,2.0,"-19,70501364","-51,14980583",SPRF-MS,DEL08-MS,UOP01-DEL08-MS
584374,2024-03-01,sexta-feira,18:40:00,MG,50.0,"194,8",DELTA,Velocidade Incompatível,Colisão traseira,Com Vítimas Feridas,Plena Noite,Crescente,Céu Claro,Dupla,Declive;Reta,Não,5.0,0.0,1.0,2.0,0.0,3.0,3.0,6.0,"-19,887439","-47,848374",SPRF-MG,DEL13-MG,UOP01-DEL13-MG
584375,2024-03-01,sexta-feira,23:31:00,BA,116.0,"457,9",SANTO ESTEVAO,Condutor Dormindo,Colisão traseira,Com Vítimas Feridas,Plena Noite,Crescente,Céu Claro,Dupla,Aclive;Reta,Não,3.0,0.0,0.0,1.0,1.0,2.0,1.0,4.0,"-12,41101412","-39,18356593",SPRF-BA,DEL02-BA,UOP01-DEL02-BA
584390,2024-03-02,sábado,04:40:00,SC,282.0,"4,2",FLORIANOPOLIS,Condutor Dormindo,Colisão traseira,Com Vítimas Feridas,Plena Noite,Decrescente,Céu Claro,Múltipla,Reta,Sim,3.0,0.0,1.0,0.0,2.0,0.0,1.0,2.0,"-27,592646","-48,604034",SPRF-SC,DEL01-SC,UOP01-DEL01-SC
584393,2024-03-02,sábado,05:30:00,SP,116.0,513,CAJATI,Reação tardia ou ineficiente do condutor,Tombamento,Com Vítimas Feridas,Amanhecer,Decrescente,Céu Claro,Simples,Curva,Não,4.0,0.0,1.0,0.0,3.0,0.0,1.0,1.0,"-24,85109616","-48,21802405",SPRF-SP,DEL05-SP,UOP02-DEL05-SP
584398,2024-03-02,sábado,07:00:00,SP,116.0,191,SANTA ISABEL,Animais na Pista,Colisão traseira,Com Vítimas Feridas,Pleno dia,Crescente,Céu Claro,Múltipla,Reta,Não,2.0,0.0,0.0,1.0,1.0,0.0,1.0,2.0,"-23,37124281","-46,2426022",SPRF-SP,DEL01-SP,UOP01-DEL01-SP
584400,2024-03-02,sábado,06:40:00,PE,423.0,"97,5",GARANHUNS,Ingestão de álcool pelo condutor,Colisão lateral sentido oposto,Sem Vítimas,Pleno dia,Crescente,Céu Claro,Simples,Aclive;Curva,Não,3.0,0.0,0.0,0.0,1.0,4.0,0.0,5.0,"-8,8796227","-36,49484286",SPRF-PE,DEL03-PE,UOP01-DEL03-PE
584403,2024-03-02,sábado,04:30:00,MG,153.0,116,PRATA,Velocidade Incompatível,Tombamento,Com Vítimas Feridas,Plena Noite,Crescente,Céu Claro,Simples,Reta,Não,2.0,0.0,1.0,0.0,0.0,3.0,1.0,4.0,"-19,36692295","-48,89960054",SPRF-MG,DEL15-MG,UOP03-DEL15-MG
584408,2024-03-02,sábado,07:25:00,CE,222.0,3,FORTALEZA,Avarias e/ou desgaste excessivo no pneu,Colisão com objeto,Com Vítimas Feridas,Pleno dia,Decrescente,Céu Claro,Dupla,Reta,Sim,3.0,0.0,2.0,0.0,1.0,0.0,2.0,2.0,"-3,7403769","-38,59569202",SPRF-CE,DEL01-CE,UOP01-DEL01-CE
584409,2024-03-02,sábado,06:55:00,PR,163.0,140,CAPITAO LEONIDAS MARQUES,Velocidade Incompatível,Colisão lateral sentido oposto,Com Vítimas Feridas,Pleno dia,Decrescente,Céu Claro,Simples,Curva,Não,3.0,0.0,1.0,0.0,1.0,2.0,1.0,4.0,"-25,49765306","-53,59938318",SPRF-PR,DEL05-PR,UOP05-DEL05-PR
584411,2024-03-02,sábado,07:50:00,SP,116.0,347,MIRACATU,Demais falhas mecânicas ou elétricas,Tombamento,Com Vítimas Feridas,Pleno dia,Crescente,Sol,Dupla,Curva,Não,1.0,0.0,1.0,0.0,0.0,0.0,1.0,1.0,"-24,04699491","-47,19706111",SPRF-SP,DEL04-SP,UOP03-DEL04-SP
584414,2024-03-02,sábado,07:20:00,MG,381.0,853,POUSO ALEGRE,Ausência de reação do condutor,Colisão traseira,Com Vítimas Feridas,Pleno dia,Crescente,Céu Claro,Dupla,Reta,Não,3.0,0.0,1.0,0.0,1.0,1.0,1.0,3.0,"-22,30499294","-45,90167524",SPRF-MG,DEL16-MG,UOP01-DEL16-MG
584416,2024-03-02,sábado,08:10:00,SC,282.0,"520,4",XAXIM,Falta de acostamento,Colisão lateral mesmo sentido,Com Vítimas Feridas,Pleno dia,Decrescente,Céu Claro,Simples,Aclive;Reta,Não,4.0,0.0,2.0,0.0,1.0,1.0,2.0,4.0,"-26,95005121","-52,52643585",SPRF-SC,DEL07-SC,UOP01-DEL07-SC
584417,2024-03-02,sábado,06:30:00,PR,369.0,243,BOM SUCESSO,Transitar na contramão,Colisão lateral sentido oposto,Com Vítimas Feridas,Amanhecer,Decrescente,Céu Claro,Simples,Aclive,Não,4.0,0.0,1.0,1.0,1.0,3.0,2.0,5.0,"-23,69088853","-51,70022965",SPRF-PR,DEL09-PR,UOP01-DEL09-PR
584425,2024-03-02,sábado,08:15:00,MA,135.0,5,SAO LUIS,Reação tardia ou ineficiente do condutor,Colisão lateral mesmo sentido,Com Vítimas Feridas,Pleno dia,Crescente,Nublado,Dupla,Reta;Retorno Regulamentado,Sim,3.0,0.0,0.0,2.0,0.0,1.0,2.0,2.0,"-2,62145385","-44,25797421",SPRF-MA,DEL01-MA,UOP01-DEL01-MA
584427,2024-03-02,sábado,08:30:00,SC,101.0,114,ITAJAI,Ausência de reação do condutor,Colisão traseira,Com Vítimas Feridas,Pleno dia,Crescente,Sol,Dupla,Reta,Não,3.0,0.0,1.0,0.0,1.0,1.0,1.0,3.0,"-26,86192886","-48,7286704",SPRF-SC,DEL04-SC,UOP04-DEL04-SC
584434,2024-03-02,sábado,09:30:00,MG,459.0,"69,8",SENADOR JOSE BENTO,Velocidade Incompatível,Tombamento,Com Vítimas Feridas,Pleno dia,Crescente,Céu Claro,Simples,Declive;Curva,Não,2.0,0.0,1.0,0.0,0.0,2.0,1.0,3.0,"-22,13273232","-46,17705172",SPRF-MG,DEL09-MG,UOP01-DEL09-MG
584440,2024-03-02,sábado,10:30:00,MG,365.0,724,MONTE ALEGRE DE MINAS,Ultrapassagem Indevida,Colisão lateral sentido oposto,Com Vítimas Feridas,Pleno dia,Decrescente,Céu Claro,Simples,Reta,Não,6.0,0.0,1.0,0.0,3.0,3.0,1.0,6.0,"-18,88848285","-49,22417904",SPRF-MG,DEL15-MG,UOP03-DEL15-MG
584448,2024-03-02,sábado,10:40:00,MS,163.0,138,NAVIRAI,Retorno proibido,Saída de leito carroçável,Sem Vítimas,Pleno dia,Decrescente,Céu Claro,Simples,Reta,Não,1.0,0.0,0.0,0.0,1.0,0.0,0.0,1.0,"-23,01078848","-54,32860009",SPRF-MS,DEL09-MS,UOP01-DEL09-MS
584449,2024-03-02,sábado,10:17:00,GO,153.0,622,MORRINHOS,Demais falhas mecânicas ou elétricas,Saída de leito carroçável,Com Vítimas Feridas,Pleno dia,Decrescente,Nublado,Dupla,Declive,Não,2.0,0.0,1.0,0.0,0.0,1.0,1.0,2.0,"-17,7397","-49,1575",SPRF-GO,DEL03-GO,UOP01-DEL03-GO
584451,2024-03-02,sábado,04:30:00,SC,282.0,"593,3",SAUDADES,Condutor Dormindo,Saída de leito carroçável,Com Vítimas Fatais,Plena Noite,Crescente,Céu Claro,Simples,Curva,Não,1.0,1.0,0.0,0.0,0.0,0.0,0.0,1.0,"-26,8241125","-53,1046191",SPRF-SC,DEL07-SC,UOP02-DEL07-SC
584456,2024-03-02,sábado,12:30:00,ES,101.0,183,ARACRUZ,Reação tardia ou ineficiente do condutor,Capotamento,Com Vítimas Fatais,Pleno dia,Crescente,Nublado,Simples,Curva;Declive,Não,3.0,1.0,1.0,0.0,0.0,1.0,1.0,3.0,"-19,64708421","-40,23286555",SPRF-ES,DEL04-ES,UOP01-DEL04-ES
584458,2024-02-21,quarta-feira,14:30:00,MA,135.0,5,SAO LUIS,Acessar a via sem observar a presença dos outros veículos,Colisão transversal,Com Vítimas Feridas,Pleno dia,Decrescente,Chuva,Dupla,Reta,Sim,4.0,0.0,0.0,1.0,2.0,1.0,1.0,3.0,"-2,63407378","-44,31335449",SPRF-MA,DEL01-MA,UOP01-DEL01-MA
584460,2024-03-02,sábado,04:00:00,MG,251.0,357,PADRE CARVALHO,Demais falhas mecânicas ou elétricas,Incêndio,Sem Vítimas,Plena Noite,Decrescente,Garoa/Chuvisco,Simples,Reta,Não,2.0,0.0,0.0,0.0,1.0,1.0,0.0,2.0,"-16,2648796","-42,58558298",SPRF-MG,DEL12-MG,UOP02-DEL12-MG
584461,2024-03-02,sábado,11:40:00,MT,163.0,750,SORRISO,Manobra de mudança de faixa,Colisão lateral mesmo sentido,Com Vítimas Fatais,Pleno dia,Decrescente,Céu Claro,Dupla,Reta,Sim,2.0,1.0,0.0,0.0,1.0,0.0,0.0,2.0,"-12,569247","-55,725172",SPRF-MT,DEL06-MT,UOP01-DEL06-MT
584462,2024-03-02,sábado,12:45:00,PA,163.0,883,BELTERRA,Demais falhas mecânicas ou elétricas,Tombamento,Com Vítimas Feridas,Pleno dia,Crescente,Nublado,Simples,Declive;Curva,Não,6.0,0.0,0.0,4.0,1.0,3.0,4.0,5.0,"-3,37740295","-54,90837267",SPRF-PA,DEL05-PA,UOP01-DEL05-PA
584466,2024-03-02,sábado,12:40:00,PR,277.0,"597,7",CASCAVEL,Reação tardia ou ineficiente do condutor,Colisão lateral mesmo sentido,Com Vítimas Feridas,Pleno dia,Crescente,Sol,Dupla,Retorno Regulamentado;Reta,Não,4.0,0.0,1.0,0.0,2.0,1.0,1.0,4.0,"-24,999437","-53,519695",SPRF-PR,DEL04-PR,UOP01-DEL04-PR
584469,2024-03-02,sábado,11:50:00,BA,116.0,633,JAGUAQUARA,Entrada inopinada do pedestre,Atropelamento de Pedestre,Com Vítimas Fatais,Pleno dia,Crescente,Céu Claro,Simples,Reta,Sim,3.0,1.0,0.0,0.0,1.0,1.0,0.0,3.0,"-13,47539479","-40,03995749",SPRF-BA,DEL03-BA,UOP01-DEL03-BA
584470,2024-03-02,sábado,12:35:00,PR,376.0,672,GUARATUBA,Demais falhas mecânicas ou elétricas,Incêndio,Sem Vítimas,Pleno dia,Crescente,Céu Claro,Dupla,Reta;Declive,Não,2.0,0.0,0.0,0.0,1.0,1.0,0.0,2.0,"-25,89358488","-48,93146782",SPRF-PR,DEL01-PR,UOP04-DEL01-PR
584480,2024-03-02,sábado,13:20:00,BA,116.0,377,SANTA BARBARA,Condutor deixou de manter distância do veículo da frente,Colisão traseira,Sem Vítimas,Pleno dia,Crescente,Céu Claro,Simples,Reta,Não,6.0,0.0,0.0,0.0,5.0,3.0,0.0,6.0,"-11,82301514","-38,97585349",SPRF-BA,DEL02-BA,UOP01-DEL02-BA
584486,2024-03-02,sábado,13:50:00,SP,116.0,341,MIRACATU,Reação tardia ou ineficiente do condutor,Colisão com objeto,Com Vítimas Feridas,Pleno dia,Crescente,Céu Claro,Dupla,Curva,Não,2.0,0.0,1.0,0.0,0.0,1.0,1.0,2.0,"-24,00990014","-47,16199395",SPRF-SP,DEL04-SP,UOP03-DEL04-SP
584487,2024-03-02,sábado,13:30:00,SC,153.0,"68,9",IRANI,Ultrapassagem Indevida,Colisão traseira,Com Vítimas Feridas,Pleno dia,Crescente,Céu Claro,Simples,Curva;Declive,Não,3.0,0.0,0.0,1.0,1.0,1.0,1.0,3.0,"-27,033516","-51,879311",SPRF-SC,DEL07-SC,UOP04-DEL07-SC
584489,2024-03-02,sábado,14:00:00,SC,282.0,75,RANCHO QUEIMADO,Avarias e/ou desgaste excessivo no pneu,Tombamento,Com Vítimas Feridas,Pleno dia,Decrescente,Céu Claro,Simples,Declive;Reta,Não,3.0,0.0,1.0,1.0,0.0,2.0,2.0,4.0,"-27,690931","-49,129143",SPRF-SC,DEL01-SC,UOP03-DEL01-SC
584493,2024-03-02,sábado,13:58:00,MT,163.0,590,NOVA MUTUM,Reação tardia ou ineficiente do condutor,Saída de leito carroçável,Com Vítimas Feridas,Pleno dia,Crescente,Sol,Simples,Reta,Não,2.0,0.0,1.0,0.0,0.0,1.0,1.0,2.0,"-13,996329","-56,09697208",SPRF-MT,DEL01-MT,UOP01-DEL01-MT
584497,2024-03-02,sábado,14:00:00,ES,101.0,126,SOORETAMA,Ingestão de substâncias psicoativas pelo condutor,Colisão lateral sentido oposto,Sem Vítimas,Pleno dia,Decrescente,Céu Claro,Simples,Reta,Não,3.0,0.0,0.0,0.0,2.0,1.0,0.0,3.0,"-19,193953","-40,0951",SPRF-ES,DEL04-ES,UOP01-DEL04-ES
584503,2024-03-02,sábado,15:30:00,PR,376.0,597,CURITIBA,Manobra de mudança de faixa,Colisão lateral mesmo sentido,Sem Vítimas,Pleno dia,Decrescente,Céu Claro,Dupla,Reta,Sim,4.0,0.0,0.0,0.0,1.0,3.0,0.0,3.0,"-25,510571","-49,338848",SPRF-PR,DEL01-PR,UOP06-DEL01-PR
584509,2024-03-02,sábado,16:15:00,PR,163.0,"43,9",PRANCHITA,Manobra de mudança de faixa,Colisão frontal,Com Vítimas Fatais,Pleno dia,Decrescente,Céu Claro,Simples,Declive;Curva,Não,3.0,1.0,0.0,0.0,1.0,2.0,0.0,4.0,"-25,99746","-53,72224",SPRF-PR,DEL02-PR,UOP02-DEL02-PR
584520,2024-03-02,sábado,17:58:00,SP,116.0,346,MIRACATU,Demais falhas mecânicas ou elétricas,Engavetamento,Sem Vítimas,Anoitecer,Crescente,Nublado,Dupla,Reta,Não,5.0,0.0,0.0,0.0,4.0,3.0,0.0,7.0,"-24,04051503","-47,19268341",SPRF-SP,DEL04-SP,UOP03-DEL04-SP
584522,2024-03-02,sábado,13:00:00,ES,101.0,5,SERRA,Condutor Dormindo,Saída de leito carroçável,Sem Vítimas,Pleno dia,Crescente,Céu Claro,Dupla,Reta,Sim,1.0,0.0,0.0,0.0,1.0,0.0,0.0,1.0,"-20,129093","-40,308125",SPRF-ES,DEL02-ES,UOP01-DEL02-ES
584524,2024-03-02,sábado,17:20:00,DF,80.0,7,BRASILIA,Acessar a via sem observar a presença dos outros veículos,Colisão transversal,Com Vítimas Feridas,Pleno dia,Crescente,Céu Claro,Simples,Reta;Interseção de Vias,Não,2.0,0.0,1.0,0.0,1.0,0.0,1.0,2.0,"-15,7312303","-48,1456089",SPRF-DF,DEL03-DF,UOP02-DEL03-DF
584538,2024-03-02,sábado,16:00:00,MT,70.0,"515,7",VARZEA GRANDE,Transitar na contramão,Colisão frontal,Com Vítimas Fatais,Pleno dia,Decrescente,Céu Claro,Simples,Reta,Sim,3.0,1.0,0.0,0.0,1.0,1.0,0.0,3.0,"-15,70440937","-56,14809752",SPRF-MT,DEL01-MT,UOP02-DEL01-MT
584548,2024-03-02,sábado,19:20:00,CE,116.0,"65,7",CHOROZINHO,Pedestre andava na pista,Atropelamento de Pedestre,Com Vítimas Fatais,Plena Noite,Decrescente,Céu Claro,Simples,Reta,Sim,3.0,1.0,0.0,0.0,1.0,1.0,0.0,3.0,"-4,28986706","-38,49688277",SPRF-CE,DEL03-CE,UOP02-DEL03-CE
584551,2024-03-02,sábado,18:50:00,SE,235.0,"17,6",NOSSA SENHORA DO SOCORRO,Transitar na contramão,Colisão frontal,Com Vítimas Fatais,Plena Noite,Decrescente,Céu Claro,Simples,Reta,Não,3.0,1.0,0.0,0.0,1.0,1.0,0.0,3.0,"-10,850533","-37,201527",SPRF-SE,DEL01-SE,UOP02-DEL01-SE
584553,2024-03-02,sábado,18:15:00,GO,153.0,94,SANTA TEREZA DE GOIAS,Reação tardia ou ineficiente do condutor,Colisão traseira,Sem Vítimas,Anoitecer,Crescente,Céu Claro,Simples,Declive;Reta,Não,2.0,0.0,0.0,0.0,2.0,0.0,0.0,1.0,"-13,604548","-49,042053",SPRF-GO,DEL07-GO,UOP01-DEL07-GO
584556,2024-03-02,sábado,18:50:00,RJ,116.0,170,RIO DE JANEIRO,Mal súbito do condutor,Colisão traseira,Com Vítimas Feridas,Pleno dia,Decrescente,Céu Claro,Múltipla,Reta,Sim,4.0,0.0,1.0,1.0,2.0,0.0,2.0,3.0,"-22,81113183","-43,3336729",SPRF-RJ,DEL06-RJ,UOP01-DEL06-RJ
584565,2024-03-02,sábado,18:00:00,PE,316.0,71,OURICURI,Acessar a via sem observar a presença dos outros veículos,Colisão frontal,Sem Vítimas,Plena Noite,Crescente,Céu Claro,Simples,Reta,Sim,3.0,0.0,0.0,0.0,1.0,2.0,0.0,3.0,"-7,812196","-40,172565",SPRF-PE,DEL05-PE,UOP02-DEL05-PE
584568,2024-03-02,sábado,19:40:00,MT,163.0,681,LUCAS DO RIO VERDE,Ausência de reação do condutor,Colisão traseira,Com Vítimas Feridas,Plena Noite,Crescente,Céu Claro,Simples,Reta,Não,2.0,0.0,0.0,1.0,1.0,0.0,1.0,2.0,"-13,115275","-55,955325",SPRF-MT,DEL06-MT,UOP01-DEL06-MT
584577,2024-03-02,sábado,19:50:00,RS,116.0,"2,3",VACARIA,Problema com o freio,Saída de leito carroçável,Com Vítimas Feridas,Plena Noite,Decrescente,Céu Claro,Simples,Curva,Não,3.0,0.0,1.0,0.0,0.0,2.0,1.0,3.0,"-28,22620159","-50,76085504",SPRF-RS,DEL05-RS,UOP03-DEL05-RS
584580,2024-03-02,sábado,20:19:00,PE,101.0,90,CABO DE SANTO AGOSTINHO,Demais falhas mecânicas ou elétricas,Incêndio,Sem Vítimas,Plena Noite,Crescente,Céu Claro,Dupla,Reta,Não,2.0,0.0,0.0,0.0,0.0,2.0,0.0,2.0,"-8,21612792","-34,98772817",SPRF-PE,DEL01-PE,UOP01-DEL01-PE
584583,2024-03-02,sábado,21:30:00,PR,277.0,"309,3",PRUDENTOPOLIS,Reação tardia ou ineficiente do condutor,Colisão frontal,Com Vítimas Fatais,Plena Noite,Decrescente,Céu Claro,Simples,Declive;Curva,Não,3.0,1.0,0.0,0.0,1.0,1.0,0.0,3.0,"-25,30756823","-51,21035359",SPRF-PR,DEL08-PR,UOP01-DEL08-PR
584593,2024-03-02,sábado,23:00:00,PB,230.0,15,JOAO PESSOA,Ausência de reação do condutor,Colisão traseira,Com Vítimas Feridas,Plena Noite,Decrescente,Céu Claro,Dupla,Curva;Declive,Sim,2.0,0.0,1.0,0.0,1.0,0.0,1.0,2.0,"-7,093","-34,8482",SPRF-PB,DEL01-PB,UOP01-DEL01-PB
584601,2024-03-02,sábado,19:30:00,BA,407.0,"52,9",JUAZEIRO,Ultrapassagem Indevida,Colisão frontal,Com Vítimas Fatais,Pleno dia,Decrescente,Chuva,Simples,Reta,Não,4.0,4.0,0.0,0.0,0.0,0.0,0.0,2.0,"-9,83072092","-40,30746284",SPRF-BA,DEL04-BA,UOP01-DEL04-BA
584603,2024-03-03,domingo,00:45:00,ES,262.0,"29,8",DOMINGOS MARTINS,Ausência de sinalização,Queda de ocupante de veículo,Com Vítimas Feridas,Plena Noite,Decrescente,Céu Claro,Simples,Aclive;Reta,Não,4.0,0.0,2.0,0.0,1.0,3.0,2.0,5.0,"-20,37744556","-40,56018274",SPRF-ES,DEL01-ES,UOP01-DEL01-ES
584606,2024-03-03,domingo,00:40:00,PR,116.0,154,MANDIRITUBA,Manobra de mudança de faixa,Colisão frontal,Sem Vítimas,Plena Noite,Decrescente,Céu Claro,Simples,Curva;Declive,Não,3.0,0.0,0.0,0.0,1.0,2.0,0.0,3.0,"-25,868682","-49,370173",SPRF-PR,DEL01-PR,UOP03-DEL01-PR
584640,2024-03-02,sábado,22:25:00,RO,364.0,"424,7",JARU,Reação tardia ou ineficiente do condutor,Colisão traseira,Com Vítimas Feridas,Plena Noite,Crescente,Garoa/Chuvisco,Simples,Reta,Sim,2.0,0.0,0.0,1.0,1.0,0.0,1.0,2.0,"-10,44457274","-62,46568412",SPRF-RO,DEL03-RO,UOP02-DEL03-RO