id,data_inversa,dia_semana,horario,uf,br,km,municipio,causa_acidente,tipo_acidente,classificacao_acidente,fase_dia,sentido_via,condicao_metereologica,tipo_pista,tracado_via,uso_solo,pessoas,mortos,feridos_leves,feridos_graves,ilesos,ignorados,feridos,veiculos,latitude,longitude,regional,delegacia,uop
584644,2024-03-03,domingo,05:20:00,BA,101.0,179,SAO GONCALO DOS CAMPOS,Animais na Pista,Atropelamento de Animal,Com Vítimas Feridas,Amanhecer,Crescente,Céu Claro,Simples,Reta,Não,2.0,0.0,2.0,0.0,0.0,0.0,2.0,2.0,"-12,519078","-38,970829",SPRF-BA,DEL01-BA,UOP03-DEL01-BA
584646,2024-03-02,sábado,18:15:00,RO,364.0,1036,PORTO VELHO,Transitar na contramão,Colisão frontal,Com Vítimas Feridas,Pleno dia,Crescente,Nublado,Simples,Reta,Não,2.0,0.0,0.0,1.0,1.0,0.0,1.0,2.0,"-9,76998346","-66,31911799",SPRF-RO,DEL01-RO,UOP03-DEL01-RO
584648,2024-03-03,domingo,05:00:00,SP,153.0,"158,9",PROMISSAO,Condutor Dormindo,Colisão frontal,Com Vítimas Feridas,Plena Noite,Crescente,Céu Claro,Simples,Reta,Não,3.0,0.0,0.0,1.0,2.0,0.0,1.0,2.0,"-21,493169","-49,779784",SPRF-SP,DEL07-SP,UOP01-DEL07-SP
584661,2024-03-03,domingo,07:10:00,RJ,393.0,270,BARRA DO PIRAI,Ultrapassagem Indevida,Colisão frontal,Com Vítimas Feridas,Pleno dia,Crescente,Nevoeiro/Neblina,Simples,Reta,Não,4.0,0.0,1.0,0.0,2.0,1.0,1.0,4.0,"-22,479227","-43,92354",SPRF-RJ,DEL05-RJ,UOP04-DEL05-RJ
584663,2024-03-03,domingo,06:40:00,ES,259.0,"18,1",JOAO NEIVA,Transitar na contramão,Colisão frontal,Com Vítimas Feridas,Pleno dia,Crescente,Céu Claro,Simples,Curva,Não,3.0,0.0,0.0,2.0,0.0,2.0,2.0,4.0,"-19,66544604","-40,44876899",SPRF-ES,DEL02-ES,UOP01-DEL02-ES
584665,2024-03-03,domingo,08:20:00,SC,101.0,132,BALNEARIO CAMBORIU,Reação tardia ou ineficiente do condutor,Colisão traseira,Com Vítimas Feridas,Pleno dia,Crescente,Céu Claro,Dupla,Curva,Não,6.0,0.0,1.0,0.0,4.0,1.0,1.0,3.0,"-26,99654133","-48,65564711",SPRF-SC,DEL04-SC,UOP03-DEL04-SC
584668,2024-03-03,domingo,08:00:00,BA,116.0,"836,8",VITORIA DA CONQUISTA,Ausência de reação do condutor,Colisão traseira,Com Vítimas Feridas,Pleno dia,Crescente,Céu Claro,Simples,Reta,Não,2.0,0.0,0.0,1.0,1.0,0.0,1.0,2.0,"-14,961907","-40,90668",SPRF-BA,DEL08-BA,UOP01-DEL08-BA
584686,2024-02-08,quinta-feira,08:12:00,PI,343.0,268,CAMPO MAIOR,Entrada inopinada do pedestre,Atropelamento de Pedestre,Com Vítimas Feridas,Pleno dia,Crescente,Céu Claro,Simples,Reta,Sim,4.0,0.0,0.0,1.0,1.0,2.0,1.0,3.0,"-4,84439626","-42,1886624",SPRF-PI,DEL01-PI,UOP03-DEL01-PI
584688,2024-03-03,domingo,10:15:00,BA,116.0,"479,6",SANTO ESTEVAO,Condutor Dormindo,Tombamento,Com Vítimas Feridas,Pleno dia,Crescente,Sol,Dupla,Declive;Reta,Não,2.0,0.0,0.0,1.0,0.0,1.0,1.0,2.0,"-12,5196","-39,39009",SPRF-BA,DEL02-BA,UOP01-DEL02-BA
584695,2024-03-03,domingo,08:55:00,PI,316.0,"41,4",LAGOA DO PIAUI,Objeto estático sobre o leito carroçável,Colisão traseira,Com Vítimas Fatais,Pleno dia,Crescente,Nublado,Simples,Reta;Aclive,Não,11.0,2.0,2.0,3.0,4.0,0.0,5.0,3.0,"-5,41130487","-42,64513384",SPRF-PI,DEL01-PI,UOP02-DEL01-PI
584699,2024-03-03,domingo,11:05:00,SP,116.0,359,MIRACATU,Reação tardia ou ineficiente do condutor,Tombamento,Com Vítimas Feridas,Pleno dia,Decrescente,Céu Claro,Múltipla,Declive;Curva,Não,2.0,0.0,0.0,1.0,0.0,1.0,1.0,2.0,"-24,10862227","-47,26589989",SPRF-SP,DEL04-SP,UOP03-DEL04-SP
584706,2024-03-03,domingo,12:50:00,PR,158.0,530,PATO BRANCO,Acessar a via sem observar a presença dos outros veículos,Colisão transversal,Com Vítimas Feridas,Pleno dia,Decrescente,Céu Claro,Simples,Interseção de Vias,Não,5.0,0.0,1.0,0.0,3.0,1.0,1.0,3.0,"-26,19914615","-52,67512912",SPRF-PR,DEL02-PR,UOP01-DEL02-PR
584712,2024-03-03,domingo,07:30:00,BA,242.0,440,SEABRA,Velocidade Incompatível,Tombamento,Com Vítimas Feridas,Pleno dia,Decrescente,Céu Claro,Simples,Declive;Curva,Não,2.0,0.0,1.0,0.0,0.0,2.0,1.0,3.0,"-12,414007","-41,978489",SPRF-BA,DEL06-BA,UOP01-DEL06-BA
584737,2024-03-03,domingo,16:00:00,RO,364.0,"267,9",CACOAL,Velocidade Incompatível,Colisão lateral mesmo sentido,Com Vítimas Feridas,Pleno dia,Decrescente,Sol,Simples,Reta,Não,6.0,0.0,2.0,0.0,2.0,4.0,2.0,7.0,"-11,377221","-61,695249",SPRF-RO,DEL02-RO,UOP02-DEL02-RO
584743,2024-03-03,domingo,16:45:00,MG,381.0,"940,8",EXTREMA,Velocidade Incompatível,Tombamento,Com Vítimas Feridas,Pleno dia,Decrescente,Nublado,Dupla,Curva,Não,5.0,0.0,2.0,1.0,1.0,1.0,3.0,3.0,"-22,8263303","-46,31351221",SPRF-MG,DEL16-MG,UOP03-DEL16-MG
584747,2024-03-03,domingo,17:35:00,TO,226.0,13,PALMEIRAS DO TOCANTINS,Manobra de mudança de faixa,Colisão lateral mesmo sentido,Com Vítimas Fatais,Pleno dia,Crescente,Nublado,Simples,Reta,Não,4.0,1.0,0.0,0.0,1.0,2.0,0.0,4.0,"-6,618478","-47,553204",SPRF-TO,DEL02-TO,UOP03-DEL02-TO
584752,2024-03-03,domingo,16:30:00,MT,163.0,890,CLAUDIA,Reação tardia ou ineficiente do condutor,Saída de leito carroçável,Com Vítimas Feridas,Pleno dia,Decrescente,Céu Claro,Simples,Reta,Não,5.0,0.0,2.0,0.0,2.0,2.0,2.0,5.0,"-11,39490837","-55,3454867",SPRF-MT,DEL06-MT,UOP02-DEL06-MT
584764,2024-03-03,domingo,11:20:00,PR,369.0,"508,2",CASCAVEL,Velocidade Incompatível,Tombamento,Com Vítimas Feridas,Pleno dia,Decrescente,Sol,Dupla,Interseção de Vias;Curva,Sim,2.0,0.0,1.0,0.0,0.0,2.0,1.0,3.0,"-24,96458394","-53,40042114",SPRF-PR,DEL04-PR,UOP01-DEL04-PR
584771,2024-01-30,terça-feira,05:00:00,PR,373.0,284,PRUDENTOPOLIS,Ausência de reação do condutor,Tombamento,Com Vítimas Feridas,Amanhecer,Crescente,Céu Claro,Simples,Curva,Não,2.0,0.0,1.0,0.0,0.0,1.0,1.0,2.0,"-25,29278032","-51,12998486",SPRF-PR,DEL08-PR,UOP01-DEL08-PR
584774,2024-03-03,domingo,18:55:00,GO,153.0,207,URUACU,Transitar na contramão,Colisão frontal,Sem Vítimas,Plena Noite,Crescente,Céu Claro,Simples,Aclive,Não,3.0,0.0,0.0,0.0,1.0,2.0,0.0,3.0,"-14,592965","-49,163066",SPRF-GO,DEL07-GO,UOP02-DEL07-GO
584775,2024-03-03,domingo,15:10:00,MG,251.0,"470,9",FRANCISCO SA,Chuva,Saída de leito carroçável,Sem Vítimas,Pleno dia,Crescente,Chuva,Simples,Declive;Curva,Não,2.0,0.0,0.0,0.0,1.0,1.0,0.0,2.0,"-16,46801304","-43,43121303",SPRF-MG,DEL12-MG,UOP01-DEL12-MG
584780,2024-03-03,domingo,17:30:00,PR,116.0,176,QUITANDINHA,Demais falhas mecânicas ou elétricas,Incêndio,Sem Vítimas,Pleno dia,Decrescente,Céu Claro,Simples,Reta,Não,1.0,0.0,0.0,0.0,1.0,0.0,0.0,1.0,"-25,907011","-49,575603",SPRF-PR,DEL01-PR,UOP03-DEL01-PR
584781,2024-03-03,domingo,19:20:00,PR,376.0,652,TIJUCAS DO SUL,Manobra de mudança de faixa,Colisão lateral mesmo sentido,Com Vítimas Feridas,Plena Noite,Decrescente,Céu Claro,Dupla,Curva;Aclive,Não,3.0,0.0,1.0,0.0,1.0,1.0,1.0,3.0,"-25,84279269","-49,05922519",SPRF-PR,DEL01-PR,UOP04-DEL01-PR
584784,2024-03-03,domingo,20:00:00,MG,365.0,590,ARAGUARI,Ausência de reação do condutor,Colisão traseira,Com Vítimas Feridas,Plena Noite,Crescente,Vento,Simples,Declive;Reta,Não,3.0,0.0,2.0,0.0,1.0,0.0,2.0,2.0,"-18,88309889","-48,04310394",SPRF-MG,DEL15-MG,UOP02-DEL15-MG
584794,2024-03-03,domingo,20:20:00,PR,277.0,27,MORRETES,Suicídio (presumido),Atropelamento de Pedestre,Com Vítimas Fatais,Plena Noite,Decrescente,Céu Claro,Dupla,Curva,Não,4.0,1.0,0.0,0.0,1.0,3.0,0.0,4.0,"-25,52935033","-48,72534598",SPRF-PR,DEL01-PR,UOP05-DEL01-PR
584796,2024-03-03,domingo,13:15:00,MT,70.0,250,POXOREO,Acostamento em desnível,Capotamento,Sem Vítimas,Pleno dia,Crescente,Chuva,Simples,Curva,Não,2.0,0.0,0.0,0.0,1.0,1.0,0.0,2.0,"-15,62402874","-54,13324356",SPRF-MT,DEL05-MT,UOP01-DEL05-MT
584801,2024-03-03,domingo,18:29:00,PI,135.0,621,CRISTALANDIA DO PIAUI,Transitar na contramão,Colisão frontal,Com Vítimas Fatais,Anoitecer,Decrescente,Céu Claro,Simples,Curva,Não,4.0,2.0,0.0,0.0,1.0,1.0,0.0,3.0,"-10,67545919","-45,18255379",SPRF-PI,DEL03-PI,UOP02-DEL03-PI
584804,2024-03-03,domingo,20:15:00,MG,381.0,916,CAMANDUCAIA,Ingestão de álcool pelo condutor,Colisão lateral mesmo sentido,Sem Vítimas,Plena Noite,Decrescente,Nublado,Dupla,Reta,Não,4.0,0.0,0.0,0.0,2.0,2.0,0.0,4.0,"-22,76274616","-46,17087395",SPRF-MG,DEL16-MG,UOP03-DEL16-MG
584811,2024-03-03,domingo,20:30:00,SC,280.0,84,CORUPA,Pedestre andava na pista,Atropelamento de Pedestre,Com Vítimas Feridas,Plena Noite,Crescente,Nublado,Simples,Reta;Declive,Não,2.0,0.0,1.0,0.0,1.0,0.0,1.0,2.0,"-26,42332789","-49,25263733",SPRF-SC,DEL06-SC,UOP03-DEL06-SC
584813,2024-03-03,domingo,20:25:00,MT,163.0,"838,9",SINOP,Acessar a via sem observar a presença dos outros veículos,Colisão transversal,Com Vítimas Feridas,Plena Noite,Crescente,Céu Claro,Dupla,Retorno Regulamentado;Interseção de Vias,Sim,3.0,0.0,0.0,1.0,1.0,1.0,1.0,3.0,"-11,82753182","-55,48635489",SPRF-MT,DEL06-MT,UOP02-DEL06-MT
584815,2024-03-03,domingo,18:30:00,MG,116.0,"713,3",MURIAE,Reação tardia ou ineficiente do condutor,Saída de leito carroçável,Com Vítimas Feridas,Plena Noite,Crescente,Céu Claro,Simples,Reta;Aclive,Não,2.0,0.0,1.0,0.0,0.0,1.0,1.0,2.0,"-21,19366225","-42,37694698",SPRF-MG,DEL07-MG,UOP02-DEL07-MG
584819,2024-03-03,domingo,18:00:00,MS,267.0,"218,7",NOVA ALVORADA DO SUL,Demais falhas mecânicas ou elétricas,Incêndio,Sem Vítimas,Anoitecer,Decrescente,Céu Claro,Simples,Reta;Aclive,Não,1.0,0.0,0.0,0.0,1.0,0.0,0.0,1.0,"-21,57473971","-54,11549567",SPRF-MS,DEL02-MS,UOP01-DEL02-MS
584825,2024-03-03,domingo,21:00:00,SC,470.0,"96,3",APIUNA,Ausência de reação do condutor,Colisão lateral sentido oposto,Com Vítimas Feridas,Plena Noite,Crescente,Nublado,Simples,Reta,Sim,3.0,0.0,1.0,0.0,1.0,1.0,1.0,3.0,"-27,02531711","-49,37535882",SPRF-SC,DEL04-SC,UOP01-DEL04-SC
584836,2024-03-03,domingo,21:40:00,BA,407.0,183,PONTO NOVO,Ultrapassagem Indevida,Colisão lateral mesmo sentido,Com Vítimas Feridas,Plena Noite,Crescente,Nublado,Simples,Reta,Não,3.0,0.0,1.0,0.0,1.0,1.0,1.0,3.0,"-10,95604399","-40,1043458",SPRF-BA,DEL04-BA,UOP02-DEL04-BA
584838,2024-03-04,segunda-feira,01:00:00,MG,381.0,494,BETIM,Velocidade Incompatível,Saída de leito carroçável,Com Vítimas Feridas,Plena Noite,Decrescente,Céu Claro,Dupla,Curva,Sim,2.0,0.0,0.0,1.0,0.0,1.0,1.0,2.0,"-19,98890883","-44,20522016",SPRF-MG,DEL01-MG,UOP03-DEL01-MG
584840,2024-03-04,segunda-feira,00:45:00,MG,40.0,581,ITABIRITO,Condutor Dormindo,Colisão traseira,Com Vítimas Feridas,Plena Noite,Decrescente,Céu Claro,Simples,Reta;Aclive,Não,3.0,0.0,1.0,0.0,1.0,2.0,1.0,4.0,"-20,30234388","-43,93887077",SPRF-MG,DEL01-MG,UOP02-DEL01-MG
584855,2024-03-03,domingo,23:00:00,MG,40.0,130,JOAO PINHEIRO,Transitar na contramão,Colisão frontal,Com Vítimas Feridas,Plena Noite,Crescente,Chuva,Simples,Reta,Sim,4.0,0.0,1.0,0.0,3.0,0.0,1.0,2.0,"-17,706172","-46,285975",SPRF-MG,DEL14-MG,UOP01-DEL14-MG
584857,2024-03-03,domingo,19:45:00,MT,70.0,"48,2",BARRA DO GARCAS,Acumulo de areia ou detritos sobre o pavimento,Saída de leito carroçável,Com Vítimas Feridas,Plena Noite,Decrescente,Chuva,Simples,Ponte;Curva;Declive,Não,2.0,0.0,1.0,0.0,0.0,1.0,1.0,2.0,"-15,74407207","-52,62253309",SPRF-MT,DEL07-MT,UOP01-DEL07-MT
584876,2024-03-04,segunda-feira,05:55:00,AL,101.0,165,CAMPO ALEGRE,Avarias e/ou desgaste excessivo no pneu,Saída de leito carroçável,Com Vítimas Feridas,Pleno dia,Crescente,Céu Claro,Dupla,Reta,Não,1.0,0.0,0.0,1.0,0.0,0.0,1.0,1.0,"-9,8996779","-36,283047",SPRF-AL,DEL02-AL,UOP02-DEL02-AL
584881,2024-03-04,segunda-feira,07:45:00,SC,101.0,216,PALHOCA,Trafegar com motocicleta (ou similar) entre as faixas,Colisão lateral mesmo sentido,Com Vítimas Feridas,Pleno dia,Crescente,Céu Claro,Múltipla,Reta,Sim,2.0,0.0,0.0,1.0,1.0,0.0,1.0,2.0,"-27,65981409","-48,67747798",SPRF-SC,DEL01-SC,UOP02-DEL01-SC
584883,2024-03-04,segunda-feira,06:30:00,DF,60.0,"6,8",BRASILIA,Condutor Dormindo,Saída de leito carroçável,Sem Vítimas,Amanhecer,Decrescente,Céu Claro,Dupla,Reta;Aclive,Não,1.0,0.0,0.0,0.0,1.0,0.0,0.0,1.0,"-15,897939","-48,113056",SPRF-DF,DEL03-DF,UOP01-DEL03-DF
584893,2024-03-04,segunda-feira,07:30:00,RS,158.0,"249,5",JULIO DE CASTILHOS,Chuva,Colisão frontal,Com Vítimas Feridas,Pleno dia,Crescente,Chuva,Simples,Ponte;Reta,Não,6.0,0.0,2.0,1.0,2.0,2.0,3.0,6.0,"-29,10973298","-53,65093978",SPRF-RS,DEL10-RS,UOP02-DEL10-RS
584905,2024-03-04,segunda-feira,07:30:00,AL,101.0,135,SAO MIGUEL DOS CAMPOS,Condutor Dormindo,Colisão frontal,Com Vítimas Feridas,Pleno dia,Decrescente,Sol,Simples,Curva,Não,3.0,0.0,1.0,0.0,1.0,1.0,1.0,3.0,"-9,78834902","-36,10509283",SPRF-AL,DEL02-AL,UOP01-DEL02-AL
584909,2024-03-04,segunda-feira,07:20:00,BA,324.0,520,FEIRA DE SANTANA,Condutor deixou de manter distância do veículo da frente,Colisão traseira,Com Vítimas Feridas,Pleno dia,Decrescente,Céu Claro,Dupla,Reta,Não,6.0,0.0,4.0,0.0,1.0,1.0,4.0,2.0,"-12,27376054","-38,93366564",SPRF-BA,DEL01-BA,UOP03-DEL01-BA
584913,2024-03-04,segunda-feira,09:00:00,SP,116.0,211,GUARULHOS,Ausência de reação do condutor,Colisão lateral mesmo sentido,Com Vítimas Feridas,Pleno dia,Crescente,Sol,Múltipla,Reta,Sim,3.0,0.0,2.0,0.0,0.0,1.0,2.0,2.0,"-23,4324306","-46,4194352",SPRF-SP,DEL01-SP,UOP01-DEL01-SP
584917,2024-03-04,segunda-feira,07:20:00,MT,364.0,347,SANTO ANTONIO DO LEVERGER,Ausência de reação do condutor,Colisão traseira,Com Vítimas Feridas,Amanhecer,Crescente,Céu Claro,Dupla,Reta,Não,39.0,0.0,1.0,5.0,32.0,2.0,6.0,4.0,"-15,807347","-55,54692",SPRF-MT,DEL05-MT,UOP02-DEL05-MT
584918,2024-03-04,segunda-feira,09:18:00,DF,80.0,"3,2",BRASILIA,Transitar na contramão,Colisão frontal,Com Vítimas Fatais,Pleno dia,Crescente,Nublado,Simples,Reta,Não,3.0,1.0,0.0,0.0,1.0,1.0,0.0,3.0,"-15,731544","-48,102749",SPRF-DF,DEL03-DF,UOP02-DEL03-DF
584919,2024-03-04,segunda-feira,08:10:00,MG,381.0,"409,5",NOVA UNIAO,Velocidade Incompatível,Colisão transversal,Com Vítimas Fatais,Pleno dia,Crescente,Céu Claro,Dupla,Curva,Não,3.0,1.0,1.0,1.0,0.0,0.0,2.0,2.0,"-19,74087419","-43,55564117",SPRF-MG,DEL01-MG,UOP01-DEL01-MG
584920,2024-03-04,segunda-feira,08:50:00,PR,369.0,156,LONDRINA,Retorno proibido,Colisão com objeto,Sem Vítimas,Pleno dia,Decrescente,Céu Claro,Dupla,Reta;Interseção de Vias,Não,3.0,0.0,0.0,0.0,2.0,2.0,0.0,4.0,"-23,29137694","-51,21790767",SPRF-PR,DEL07-PR,UOP01-DEL07-PR
584927,2024-03-04,segunda-feira,09:10:00,PB,230.0,22,JOAO PESSOA,Trafegar com motocicleta (ou similar) entre as faixas,Colisão lateral mesmo sentido,Com Vítimas Feridas,Pleno dia,Decrescente,Céu Claro,Dupla,Reta,Sim,2.0,0.0,1.0,0.0,1.0,0.0,1.0,2.0,"-7,1495","-34,8517",SPRF-PB,DEL01-PB,UOP01-DEL01-PB
584933,2024-03-04,segunda-feira,09:15:00,RJ,101.0,318,SAO GONCALO,Manobra de mudança de faixa,Colisão traseira,Sem Vítimas,Pleno dia,Decrescente,Céu Claro,Dupla,Reta,Não,2.0,0.0,0.0,0.0,2.0,0.0,0.0,2.0,"-22,84562994","-43,09841211",SPRF-RJ,DEL02-RJ,UOP02-DEL02-RJ
584936,2024-03-04,segunda-feira,09:15:00,PA,163.0,"996,8",SANTAREM,Ultrapassagem Indevida,Colisão frontal,Com Vítimas Fatais,Pleno dia,Decrescente,Céu Claro,Simples,Reta;Declive,Não,5.0,1.0,2.0,0.0,1.0,3.0,2.0,6.0,"-2,50080537","-54,72993851",SPRF-PA,DEL05-PA,UOP01-DEL05-PA
584937,2024-03-04,segunda-feira,11:30:00,ES,262.0,177,IBATIBA,Reação tardia ou ineficiente do condutor,Colisão traseira,Com Vítimas Feridas,Pleno dia,Crescente,Céu Claro,Simples,Reta,Não,2.0,0.0,1.0,0.0,1.0,0.0,1.0,2.0,"-20,28062181","-41,64687634",SPRF-ES,DEL01-ES,UOP02-DEL01-ES
584939,2024-03-04,segunda-feira,10:50:00,MT,70.0,"380,5",CAMPO VERDE,Condutor deixou de manter distância do veículo da frente,Colisão traseira,Com Vítimas Feridas,Pleno dia,Decrescente,Céu Claro,Simples,Reta,Sim,7.0,0.0,3.0,0.0,3.0,2.0,3.0,4.0,"-15,51448159","-55,11820542",SPRF-MT,DEL05-MT,UOP02-DEL05-MT
584951,2024-03-04,segunda-feira,09:30:00,PE,232.0,335,CUSTODIA,Demais falhas mecânicas ou elétricas,Incêndio,Sem Vítimas,Pleno dia,Decrescente,Sol,Simples,Reta,Não,2.0,0.0,0.0,0.0,1.0,1.0,0.0,2.0,"-8,0843408","-37,64570494",SPRF-PE,DEL04-PE,UOP02-DEL04-PE
584953,2024-03-04,segunda-feira,12:30:00,SC,282.0,"498,8",XANXERE,Condutor deixou de manter distância do veículo da frente,Colisão traseira,Com Vítimas Feridas,Pleno dia,Decrescente,Nublado,Simples,Reta;Aclive,Não,3.0,0.0,1.0,0.0,2.0,0.0,1.0,3.0,"-26,87978","-52,353825",SPRF-SC,DEL07-SC,UOP01-DEL07-SC
584973,2024-03-04,segunda-feira,14:00:00,BA,116.0,371,SERRINHA,Velocidade Incompatível,Colisão frontal,Com Vítimas Fatais,Pleno dia,Crescente,Chuva,Simples,Em Obras;Reta,Sim,3.0,1.0,0.0,0.0,1.0,2.0,0.0,4.0,"-11,77335389","-38,98582792",SPRF-BA,DEL02-BA,UOP01-DEL02-BA
584974,2024-03-04,segunda-feira,15:00:00,PE,424.0,86,GARANHUNS,Acessar a via sem observar a presença dos outros veículos,Colisão transversal,Com Vítimas Feridas,Pleno dia,Crescente,Céu Claro,Simples,Aclive,Não,4.0,0.0,0.0,2.0,1.0,1.0,2.0,3.0,"-8,86552886","-36,50934159",SPRF-PE,DEL03-PE,UOP01-DEL03-PE
584979,2024-02-18,domingo,07:27:00,SC,101.0,58,ARAQUARI,Ausência de reação do condutor,Engavetamento,Com Vítimas Feridas,Amanhecer,Decrescente,Nublado,Múltipla,Declive,Não,9.0,0.0,5.0,1.0,2.0,1.0,6.0,5.0,"-26,44025049","-48,80129043",SPRF-SC,DEL03-SC,UOP02-DEL03-SC
584984,2024-02-24,sábado,17:25:00,RN,226.0,4,NATAL,Manobra de mudança de faixa,Colisão traseira,Com Vítimas Feridas,Anoitecer,Crescente,Céu Claro,Simples,Reta;Interseção de Vias,Sim,2.0,0.0,1.0,0.0,1.0,0.0,1.0,2.0,"-5,81958019","-35,25969486",SPRF-RN,DEL01-RN,UOP02-DEL01-RN
584994,2024-03-04,segunda-feira,14:50:00,PA,163.0,622,TRAIRAO,Reação tardia ou ineficiente do condutor,Tombamento,Com Vítimas Feridas,Pleno dia,Crescente,Nublado,Simples,Curva,Não,2.0,0.0,0.0,1.0,0.0,1.0,1.0,2.0,"-4,71056414","-56,01142789",SPRF-PA,DEL05-PA,UOP02-DEL05-PA
585000,2024-03-04,segunda-feira,17:10:00,ES,101.0,"109,2",SOORETAMA,Condutor deixou de manter distância do veículo da frente,Colisão traseira,Com Vítimas Feridas,Anoitecer,Crescente,Céu Claro,Simples,Aclive,Não,5.0,0.0,1.0,0.0,3.0,3.0,1.0,7.0,"-19,0539768","-40,0308224",SPRF-ES,DEL04-ES,UOP01-DEL04-ES
585001,2024-03-04,segunda-feira,16:15:00,SC,280.0,27,ARAQUARI,Acesso irregular,Colisão transversal,Com Vítimas Feridas,Pleno dia,Crescente,Nublado,Simples,Em Obras;Reta,Não,2.0,0.0,1.0,0.0,1.0,0.0,1.0,2.0,"-26,39685622","-48,74021969",SPRF-SC,DEL03-SC,UOP03-DEL03-SC
585008,2024-03-04,segunda-feira,17:00:00,RS,290.0,"152,2",ARROIO DOS RATOS,Acessar a via sem observar a presença dos outros veículos,Colisão transversal,Com Vítimas Feridas,Pleno dia,Decrescente,Céu Claro,Simples,Reta,Sim,3.0,0.0,1.0,0.0,1.0,1.0,1.0,3.0,"-30,104769","-51,727539",SPRF-RS,DEL02-RS,UOP01-DEL02-RS
585012,2024-03-04,segunda-feira,16:30:00,RS,293.0,"48,1",CERRITO,Demais falhas mecânicas ou elétricas,Incêndio,Sem Vítimas,Pleno dia,Decrescente,Céu Claro,Simples,Reta,Não,2.0,0.0,0.0,0.0,1.0,1.0,0.0,2.0,"-31,73313125","-52,81917572",SPRF-RS,DEL07-RS,UOP01-DEL07-RS
585013,2024-03-04,segunda-feira,14:20:00,BA,116.0,"839,8",VITORIA DA CONQUISTA,Velocidade Incompatível,Colisão traseira,Com Vítimas Fatais,Pleno dia,Decrescente,Céu Claro,Simples,Reta,Não,5.0,1.0,0.0,0.0,3.0,4.0,0.0,8.0,"-14,982956","-40,921817",SPRF-BA,DEL08-BA,UOP01-DEL08-BA
585018,2024-03-04,segunda-feira,16:10:00,PR,376.0,348,ORTIGUEIRA,Chuva,Colisão frontal,Com Vítimas Fatais,Pleno dia,Crescente,Chuva,Simples,Reta,Não,4.0,2.0,0.0,0.0,2.0,0.0,0.0,2.0,"-24,19572637","-50,95467567",SPRF-PR,DEL07-PR,UOP02-DEL07-PR
585021,2024-03-04,segunda-feira,14:30:00,MG,381.0,906,CAMBUI,Ausência de reação do condutor,Colisão com objeto,Com Vítimas Feridas,Pleno dia,Decrescente,Céu Claro,Dupla,Declive;Reta,Não,1.0,0.0,1.0,0.0,0.0,0.0,1.0,1.0,"-22,70254777","-46,11752735",SPRF-MG,DEL16-MG,UOP03-DEL16-MG
585027,2024-03-04,segunda-feira,18:20:00,RJ,40.0,114,DUQUE DE CAXIAS,Reação tardia ou ineficiente do condutor,Colisão lateral mesmo sentido,Com Vítimas Feridas,Plena Noite,Decrescente,Céu Claro,Dupla,Reta,Não,6.0,0.0,1.0,0.0,2.0,3.0,1.0,5.0,"-22,71853604","-43,28993324",SPRF-RJ,DEL01-RJ,UOP02-DEL01-RJ
585030,2024-03-04,segunda-feira,18:40:00,PR,116.0,149,MANDIRITUBA,Conversão proibida,Colisão transversal,Com Vítimas Feridas,Plena Noite,Crescente,Chuva,Simples,Reta,Sim,7.0,0.0,3.0,2.0,1.0,1.0,5.0,3.0,"-25,80786497","-49,32658092",SPRF-PR,DEL01-PR,UOP03-DEL01-PR
585041,2024-03-04,segunda-feira,20:10:00,TO,153.0,"399,6",RIO DOS BOIS,Ultrapassagem Indevida,Colisão lateral mesmo sentido,Com Vítimas Feridas,Plena Noite,Decrescente,Nublado,Simples,Curva;Declive,Não,4.0,0.0,1.0,0.0,1.0,2.0,1.0,3.0,"-9,40244997","-48,56660843",SPRF-TO,DEL02-TO,UOP02-DEL02-TO
585044,2024-03-04,segunda-feira,15:35:00,RJ,101.0,328,NITEROI,Condutor deixou de manter distância do veículo da frente,Colisão traseira,Com Vítimas Feridas,Pleno dia,Decrescente,Céu Claro,Dupla,Aclive;Ponte;Reta,Não,2.0,0.0,0.0,1.0,1.0,0.0,1.0,2.0,"-22,87028692","-43,16579699",SPRF-RJ,DEL02-RJ,UOP01-DEL02-RJ
585052,2024-03-04,segunda-feira,15:40:00,MT,70.0,"680,3",CACERES,Ultrapassagem Indevida,Colisão lateral sentido oposto,Com Vítimas Feridas,Pleno dia,Decrescente,Céu Claro,Simples,Reta,Não,6.0,0.0,0.0,1.0,5.0,0.0,1.0,6.0,"-16,12248137","-57,31052671",SPRF-MT,DEL03-MT,UOP02-DEL03-MT
585053,2024-03-04,segunda-feira,17:00:00,PR,277.0,504,GUARANIACU,Carga excessiva e/ou mal acondicionada,Tombamento,Com Vítimas Feridas,Pleno dia,Decrescente,Garoa/Chuvisco,Simples,Curva,Não,2.0,0.0,2.0,0.0,0.0,0.0,2.0,1.0,"-25,13087","-52,72738",SPRF-PR,DEL04-PR,UOP04-DEL04-PR
585060,2024-03-04,segunda-feira,19:37:00,MG,262.0,"576,8",CORREGO DANTA,Acessar a via sem observar a presença dos outros veículos,Colisão transversal,Com Vítimas Feridas,Plena Noite,Decrescente,Chuva,Simples,Reta,Não,3.0,0.0,1.0,0.0,1.0,2.0,1.0,4.0,"-19,68486101","-46,03918512",SPRF-MG,DEL08-MG,UOP02-DEL08-MG