id,data_inversa,dia_semana,horario,uf,br,km,municipio,causa_acidente,tipo_acidente,classificacao_acidente,fase_dia,sentido_via,condicao_metereologica,tipo_pista,tracado_via,uso_solo,pessoas,mortos,feridos_leves,feridos_graves,ilesos,ignorados,feridos,veiculos,latitude,longitude,regional,delegacia,uop
585341,2024-03-06,quarta-feira,07:30:00,RS,293.0,"84,2",PIRATINI,Demais falhas mecânicas ou elétricas,Saída de leito carroçável,Com Vítimas Feridas,Pleno dia,Decrescente,Céu Claro,Simples,Reta,Não,2.0,0.0,2.0,0.0,0.0,0.0,2.0,1.0,"-31,63828281","-53,16457499",SPRF-RS,DEL07-RS,UOP01-DEL07-RS
585347,2024-03-06,quarta-feira,12:30:00,MG,40.0,"525,9",CONTAGEM,Manobra de mudança de faixa,Colisão lateral mesmo sentido,Com Vítimas Feridas,Pleno dia,Crescente,Chuva,Múltipla,Reta,Sim,4.0,0.0,2.0,0.0,1.0,1.0,2.0,3.0,"-19,8923574","-44,05014396",SPRF-MG,DEL01-MG,UOP02-DEL01-MG
585352,2024-03-06,quarta-feira,11:30:00,RS,116.0,257,ESTEIO,Reação tardia ou ineficiente do condutor,Engavetamento,Com Vítimas Feridas,Pleno dia,Decrescente,Céu Claro,Dupla,Em Obras;Curva;Interseção de Vias,Sim,3.0,0.0,2.0,0.0,1.0,0.0,2.0,3.0,"-29,84886857","-51,17858061",SPRF-RS,DEL01-RS,UOP02-DEL01-RS
585353,2024-03-06,quarta-feira,04:00:00,MG,267.0,"245,7",SERITINGA,Condutor Dormindo,Saída de leito carroçável,Com Vítimas Feridas,Amanhecer,Decrescente,Céu Claro,Simples,Declive,Não,1.0,0.0,0.0,1.0,0.0,0.0,1.0,1.0,"-21,92838125","-44,44880298",SPRF-MG,DEL17-MG,UOP01-DEL17-MG
585356,2024-03-06,quarta-feira,09:50:00,BA,242.0,351,LENCOIS,Problema com o freio,Incêndio,Sem Vítimas,Pleno dia,Decrescente,Nublado,Simples,Curva;Aclive,Não,2.0,0.0,0.0,0.0,1.0,1.0,0.0,2.0,"-12,49243908","-41,3280788",SPRF-BA,DEL06-BA,UOP01-DEL06-BA
585359,2024-02-09,sexta-feira,19:50:00,PI,343.0,"345,2",TERESINA,Manobra de mudança de faixa,Colisão transversal,Com Vítimas Feridas,Plena Noite,Crescente,Chuva,Dupla,Reta,Sim,2.0,0.0,0.0,1.0,1.0,0.0,1.0,2.0,"-5,102889","-42,766506",SPRF-PI,DEL01-PI,UOP01-DEL01-PI
585360,2024-03-06,quarta-feira,13:20:00,MG,40.0,828,SIMAO PEREIRA,Curva acentuada,Saída de leito carroçável,Com Vítimas Feridas,Pleno dia,Crescente,Céu Claro,Dupla,Curva,Não,1.0,0.0,1.0,0.0,0.0,0.0,1.0,1.0,"-21,9976780507","-43,2866048542",SPRF-MG,DEL05-MG,UOP01-DEL05-MG
585364,2024-03-06,quarta-feira,09:20:00,MG,40.0,"109,2",LAGOA GRANDE,Transitar na contramão,Colisão frontal,Com Vítimas Feridas,Pleno dia,Crescente,Céu Claro,Simples,Reta;Interseção de Vias,Não,5.0,0.0,2.0,1.0,1.0,1.0,3.0,3.0,"-17,63060747","-46,45792007",SPRF-MG,DEL14-MG,UOP01-DEL14-MG
585366,2024-02-29,quinta-feira,13:10:00,MT,364.0,95,ALTO GARCAS,Acumulo de óleo sobre o pavimento,Colisão traseira,Com Vítimas Feridas,Pleno dia,Decrescente,Céu Claro,Simples,Reta,Não,3.0,0.0,1.0,0.0,1.0,4.0,1.0,6.0,"-16,85806069","-53,75433289",SPRF-MT,DEL02-MT,UOP02-DEL02-MT
585371,2024-03-02,sábado,10:35:00,PR,376.0,"326,7",ORTIGUEIRA,Velocidade Incompatível,Colisão com objeto,Sem Vítimas,Pleno dia,Crescente,Céu Claro,Simples,Declive;Curva,Não,2.0,0.0,0.0,0.0,1.0,1.0,0.0,2.0,"-24,06607","-51,06436",SPRF-PR,DEL07-PR,UOP02-DEL07-PR
585372,2024-03-06,quarta-feira,10:40:00,ES,101.0,"387,7",RIO NOVO DO SUL,Reação tardia ou ineficiente do condutor,Colisão frontal,Com Vítimas Feridas,Pleno dia,Decrescente,Sol,Simples,Declive;Curva,Não,3.0,0.0,1.0,0.0,1.0,2.0,1.0,4.0,"-20,84937594","-40,87581007",SPRF-ES,DEL03-ES,UOP02-DEL03-ES
585373,2024-03-06,quarta-feira,14:10:00,DF,80.0,22,BRASILIA,Ausência de reação do condutor,Colisão traseira,Com Vítimas Feridas,Pleno dia,Crescente,Céu Claro,Simples,Reta,Sim,3.0,0.0,0.0,1.0,1.0,2.0,1.0,4.0,"-15,647892","-48,201756",SPRF-DF,DEL03-DF,UOP02-DEL03-DF
585378,2024-03-06,quarta-feira,12:30:00,MG,50.0,"194,8",DELTA,Chuva,Saída de leito carroçável,Com Vítimas Feridas,Pleno dia,Crescente,Chuva,Dupla,Reta;Declive,Não,1.0,0.0,1.0,0.0,0.0,0.0,1.0,1.0,"-19,887439","-47,848374",SPRF-MG,DEL13-MG,UOP01-DEL13-MG
585381,2024-03-06,quarta-feira,14:30:00,ES,262.0,"171,5",IBATIBA,Reação tardia ou ineficiente do condutor,Tombamento,Com Vítimas Feridas,Pleno dia,Crescente,Nublado,Simples,Curva,Não,2.0,0.0,1.0,0.0,0.0,1.0,1.0,2.0,"-20,26434457","-41,59340179",SPRF-ES,DEL01-ES,UOP02-DEL01-ES
585382,2024-03-06,quarta-feira,15:30:00,ES,101.0,"142,6",LINHARES,Transitar na contramão,Colisão frontal,Com Vítimas Feridas,Pleno dia,Crescente,Céu Claro,Múltipla,Reta,Sim,7.0,0.0,3.0,1.0,0.0,4.0,4.0,5.0,"-19,33458987","-40,06755477",SPRF-ES,DEL04-ES,UOP01-DEL04-ES
585394,2024-03-06,quarta-feira,16:40:00,MG,381.0,845,SAO SEBASTIAO DA BELA VISTA,Velocidade Incompatível,Colisão traseira,Com Vítimas Feridas,Pleno dia,Decrescente,Chuva,Dupla,Curva,Não,2.0,0.0,1.0,0.0,0.0,1.0,1.0,2.0,"-22,20229313","-45,86056352",SPRF-MG,DEL16-MG,UOP01-DEL16-MG
585396,2024-02-27,terça-feira,16:20:00,ES,101.0,"293,5",CARIACICA,Manobra de mudança de faixa,Colisão lateral mesmo sentido,Com Vítimas Feridas,Pleno dia,Decrescente,Céu Claro,Dupla,Em Obras;Reta,Sim,3.0,0.0,1.0,0.0,1.0,1.0,1.0,3.0,"-20,31706838","-40,39575756",SPRF-ES,DEL01-ES,UOP01-DEL01-ES
585398,2024-03-06,quarta-feira,05:20:00,BA,20.0,144,SAO DESIDERIO,Reação tardia ou ineficiente do condutor,Saída de leito carroçável,Com Vítimas Feridas,Pleno dia,Crescente,Céu Claro,Simples,Curva;Aclive,Não,2.0,0.0,0.0,1.0,0.0,1.0,1.0,2.0,"-12,6861195","-45,92994118",SPRF-BA,DEL10-BA,UOP01-DEL10-BA
585399,2024-03-06,quarta-feira,16:05:00,RS,392.0,"15,7",RIO GRANDE,Condutor deixou de manter distância do veículo da frente,Colisão traseira,Com Vítimas Feridas,Pleno dia,Decrescente,Céu Claro,Dupla,Em Obras;Viaduto;Reta,Sim,4.0,0.0,1.0,0.0,1.0,2.0,1.0,4.0,"-32,11079503","-52,15933006",SPRF-RS,DEL07-RS,UOP02-DEL07-RS
585410,2024-02-11,domingo,22:30:00,MA,10.0,288,SAO FRANCISCO DO BREJAO,Demais falhas mecânicas ou elétricas,Incêndio,Sem Vítimas,Plena Noite,Crescente,Ignorado,Simples,Aclive,Não,2.0,0.0,0.0,0.0,1.0,1.0,0.0,2.0,"-5,215772","-47,515965",SPRF-MA,DEL04-MA,UOP01-DEL04-MA
585478,2024-03-06,quarta-feira,16:15:00,RJ,116.0,297,PORTO REAL,Chuva,Engavetamento,Com Vítimas Feridas,Pleno dia,Crescente,Chuva,Dupla,Reta,Não,5.0,0.0,0.0,1.0,3.0,2.0,1.0,6.0,"-22,450125","-44,330193",SPRF-RJ,DEL07-RJ,UOP02-DEL07-RJ
585485,2024-03-06,quarta-feira,18:00:00,SC,101.0,"192,9",BIGUACU,Manobra de mudança de faixa,Colisão traseira,Com Vítimas Feridas,Pleno dia,Decrescente,Céu Claro,Múltipla,Ponte;Reta,Não,3.0,0.0,1.0,0.0,2.0,0.0,1.0,2.0,"-27,48443781","-48,64765238",SPRF-SC,DEL01-SC,UOP01-DEL01-SC
585490,2024-03-06,quarta-feira,18:00:00,SP,116.0,"328,8",JUQUITIBA,Ausência de reação do condutor,Saída de leito carroçável,Com Vítimas Feridas,Pleno dia,Decrescente,Nublado,Dupla,Aclive,Não,3.0,0.0,1.0,0.0,1.0,1.0,1.0,3.0,"-23,93652709","-47,08014299",SPRF-SP,DEL04-SP,UOP03-DEL04-SP
585491,2024-03-06,quarta-feira,18:00:00,GO,414.0,301,VILA PROPICIO,Ingestão de álcool pelo condutor,Colisão lateral mesmo sentido,Sem Vítimas,Plena Noite,Crescente,Céu Claro,Simples,Reta,Não,2.0,0.0,0.0,0.0,2.0,0.0,0.0,2.0,"-15,20091703","-48,70185812",SPRF-GO,DEL02-GO,UOP01-DEL02-GO
585495,2024-03-06,quarta-feira,19:30:00,MG,381.0,496,BETIM,Demais falhas mecânicas ou elétricas,Tombamento,Com Vítimas Feridas,Plena Noite,Decrescente,Chuva,Dupla,Reta;Aclive,Sim,2.0,0.0,0.0,1.0,1.0,0.0,1.0,2.0,"-19,99676497","-44,20958506",SPRF-MG,DEL01-MG,UOP03-DEL01-MG
585497,2024-03-06,quarta-feira,05:40:00,CE,116.0,475,MILAGRES,Acessar a via sem observar a presença dos outros veículos,Colisão transversal,Com Vítimas Feridas,Anoitecer,Decrescente,Céu Claro,Simples,Reta,Não,3.0,0.0,0.0,1.0,0.0,2.0,1.0,3.0,"-7,28554236","-38,86591487",SPRF-CE,DEL05-CE,UOP03-DEL05-CE
585501,2024-03-06,quarta-feira,17:50:00,PE,423.0,"88,1",SAO JOAO,Ultrapassagem Indevida,Colisão frontal,Com Vítimas Feridas,Anoitecer,Crescente,Céu Claro,Simples,Aclive;Reta,Não,4.0,0.0,0.0,1.0,2.0,2.0,1.0,5.0,"-8,82983618","-36,45245561",SPRF-PE,DEL03-PE,UOP01-DEL03-PE
585518,2024-03-06,quarta-feira,19:00:00,PA,230.0,"117,2",MARABA,Acessar a via sem observar a presença dos outros veículos,Colisão transversal,Sem Vítimas,Plena Noite,Crescente,Céu Claro,Dupla,Retorno Regulamentado;Declive;Interseção de Vias;Reta,Sim,4.0,0.0,0.0,0.0,4.0,0.0,0.0,2.0,"-5,35569904","-49,09047302",SPRF-PA,DEL03-PA,UOP01-DEL03-PA
585523,2024-03-06,quarta-feira,09:00:00,RO,364.0,399,OURO PRETO DO OESTE,Ausência de reação do condutor,Colisão traseira,Sem Vítimas,Pleno dia,Decrescente,Céu Claro,Simples,Reta,Não,2.0,0.0,0.0,0.0,2.0,0.0,0.0,2.0,"-10,61069397","-62,33724697",SPRF-RO,DEL03-RO,UOP02-DEL03-RO
585525,2024-03-06,quarta-feira,17:45:00,MT,70.0,523,VARZEA GRANDE,Acessar a via sem observar a presença dos outros veículos,Colisão transversal,Com Vítimas Feridas,Anoitecer,Crescente,Céu Claro,Simples,Reta,Não,2.0,0.0,1.0,0.0,1.0,0.0,1.0,2.0,"-15,67444466","-56,17738724",SPRF-MT,DEL01-MT,UOP02-DEL01-MT
585535,2024-03-06,quarta-feira,22:20:00,MG,50.0,"119,1",UBERABA,Velocidade Incompatível,Colisão transversal,Com Vítimas Feridas,Plena Noite,Decrescente,Céu Claro,Dupla,Retorno Regulamentado,Não,3.0,0.0,1.0,0.0,1.0,2.0,1.0,4.0,"-19,29969201","-48,11376802",SPRF-MG,DEL13-MG,UOP01-DEL13-MG
585546,2024-03-06,quarta-feira,20:00:00,PR,373.0,"412,4",CANDOI,Transitar na contramão,Colisão frontal,Com Vítimas Fatais,Plena Noite,Decrescente,Céu Claro,Simples,Reta,Não,3.0,1.0,0.0,0.0,1.0,2.0,0.0,4.0,"-25,646145","-52,107019",SPRF-PR,DEL08-PR,UOP01-DEL08-PR
585548,2024-03-06,quarta-feira,19:40:00,BA,116.0,"849,5",VITORIA DA CONQUISTA,Ausência de reação do condutor,Colisão traseira,Com Vítimas Feridas,Plena Noite,Decrescente,Nublado,Simples,Reta,Não,2.0,0.0,0.0,1.0,1.0,0.0,1.0,2.0,"-14,98358283","-40,92239221",SPRF-BA,DEL08-BA,UOP01-DEL08-BA
585552,2024-03-07,quinta-feira,00:30:00,MG,262.0,"621,2",IBIA,Transitar na contramão,Colisão frontal,Com Vítimas Fatais,Plena Noite,Decrescente,Céu Claro,Simples,Curva;Aclive,Não,4.0,2.0,1.0,0.0,0.0,3.0,1.0,5.0,"-19,58433463","-46,39957666",SPRF-MG,DEL08-MG,UOP02-DEL08-MG
585558,2024-03-07,quinta-feira,01:45:00,MT,70.0,"119,7",GENERAL CARNEIRO,Ausência de reação do condutor,Tombamento,Com Vítimas Feridas,Plena Noite,Crescente,Nublado,Simples,Curva,Não,2.0,0.0,1.0,0.0,0.0,1.0,1.0,2.0,"-15,60456566","-53,11711786",SPRF-MT,DEL07-MT,UOP01-DEL07-MT
585561,2024-03-07,quinta-feira,04:00:00,ES,101.0,65,SAO MATEUS,Ingestão de álcool pelo condutor,Colisão lateral sentido oposto,Sem Vítimas,Amanhecer,Crescente,Nublado,Simples,Reta,Não,3.0,0.0,0.0,0.0,2.0,2.0,0.0,4.0,"-18,70935945","-39,87762087",SPRF-ES,DEL04-ES,UOP02-DEL04-ES
585566,2024-03-07,quinta-feira,04:35:00,MG,153.0,94,PRATA,Velocidade Incompatível,Colisão traseira,Com Vítimas Feridas,Plena Noite,Crescente,Céu Claro,Simples,Declive;Reta,Não,2.0,0.0,2.0,0.0,0.0,0.0,2.0,2.0,"-19,1790333","-48,9499711",SPRF-MG,DEL15-MG,UOP03-DEL15-MG
585567,2024-03-07,quinta-feira,04:20:00,SC,101.0,"183,5",BIGUACU,Reação tardia ou ineficiente do condutor,Colisão traseira,Com Vítimas Feridas,Plena Noite,Decrescente,Céu Claro,Dupla,Reta,Não,2.0,0.0,1.0,0.0,0.0,1.0,1.0,2.0,"-27,41150002","-48,62744093",SPRF-SC,DEL01-SC,UOP01-DEL01-SC
585572,2024-03-07,quinta-feira,04:20:00,PB,110.0,69,SAO JOSE DE ESPINHARAS,Condutor Dormindo,Colisão com objeto,Com Vítimas Feridas,Plena Noite,Crescente,Nublado,Simples,Curva,Não,1.0,0.0,0.0,1.0,0.0,0.0,1.0,1.0,"-6,8721941","-37,41186648",SPRF-PB,DEL03-PB,UOP01-DEL03-PB
585576,2024-03-06,quarta-feira,19:27:00,SC,470.0,"132,1",LONTRAS,Transitar na contramão,Colisão frontal,Com Vítimas Fatais,Plena Noite,Crescente,Garoa/Chuvisco,Simples,Declive;Reta,Não,3.0,1.0,2.0,0.0,0.0,0.0,2.0,3.0,"-27,16978784","-49,57329512",SPRF-SC,DEL04-SC,UOP02-DEL04-SC
585579,2024-03-06,quarta-feira,18:10:00,MT,70.0,269,PRIMAVERA DO LESTE,Desrespeitar a preferência no cruzamento,Colisão frontal,Com Vítimas Feridas,Plena Noite,Crescente,Céu Claro,Simples,Declive;Reta,Não,8.0,0.0,5.0,3.0,0.0,0.0,8.0,3.0,"-15,5313333","-54,20482018",SPRF-MT,DEL05-MT,UOP01-DEL05-MT
585581,2024-03-06,quarta-feira,14:30:00,RJ,116.0,232,PIRAI,Carga excessiva e/ou mal acondicionada,Derramamento de carga,Sem Vítimas,Pleno dia,Decrescente,Nublado,Dupla,Curva;Declive,Não,2.0,0.0,0.0,0.0,1.0,1.0,0.0,2.0,"-22,65604007","-43,83713888",SPRF-RJ,DEL07-RJ,UOP01-DEL07-RJ
585585,2024-01-31,quarta-feira,18:10:00,SC,280.0,130,RIO NEGRINHO,Ingestão de álcool pelo condutor,Colisão lateral sentido oposto,Com Vítimas Feridas,Pleno dia,Decrescente,Céu Claro,Simples,Aclive;Reta,Não,2.0,0.0,1.0,0.0,1.0,0.0,1.0,2.0,"-26,2530246","-49,52924913",SPRF-SC,DEL06-SC,UOP03-DEL06-SC
585590,2024-03-07,quinta-feira,07:45:00,SC,101.0,331,TUBARAO,Ausência de reação do condutor,Colisão lateral mesmo sentido,Com Vítimas Feridas,Pleno dia,Crescente,Céu Claro,Dupla,Declive,Não,6.0,0.0,1.0,0.0,3.0,2.0,1.0,5.0,"-28,45567521","-48,9812689",SPRF-SC,DEL02-SC,UOP01-DEL02-SC
585594,2024-03-07,quinta-feira,07:00:00,GO,153.0,145,MARA ROSA,Transitar na contramão,Colisão frontal,Com Vítimas Fatais,Pleno dia,Crescente,Céu Claro,Simples,Reta,Não,5.0,1.0,0.0,0.0,3.0,3.0,0.0,6.0,"-14,038253","-49,088352",SPRF-GO,DEL07-GO,UOP02-DEL07-GO
585610,2024-03-07,quinta-feira,05:30:00,MG,40.0,189,JOAO PINHEIRO,Condutor Dormindo,Saída de leito carroçável,Com Vítimas Feridas,Amanhecer,Crescente,Nublado,Simples,Declive,Não,2.0,0.0,1.0,0.0,0.0,2.0,1.0,3.0,"-17,99766946","-45,9067571",SPRF-MG,DEL14-MG,UOP02-DEL14-MG
585612,2024-03-07,quinta-feira,09:00:00,MG,381.0,889,CAMBUI,Acessar a via sem observar a presença dos outros veículos,Colisão traseira,Com Vítimas Feridas,Pleno dia,Decrescente,Nublado,Dupla,Curva,Não,4.0,0.0,1.0,0.0,2.0,1.0,1.0,3.0,"-22,57886713","-46,04447365",SPRF-MG,DEL16-MG,UOP03-DEL16-MG
585618,2024-03-07,quinta-feira,10:38:00,PE,232.0,9,RECIFE,Condutor deixou de manter distância do veículo da frente,Colisão traseira,Sem Vítimas,Pleno dia,Crescente,Céu Claro,Dupla,Reta,Sim,2.0,0.0,0.0,0.0,2.0,0.0,0.0,2.0,"-8,07764447","-34,97863609",SPRF-PE,DEL01-PE,UOP01-DEL01-PE
585619,2024-03-07,quinta-feira,10:25:00,MG,40.0,514,RIBEIRAO DAS NEVES,Ausência de reação do condutor,Colisão lateral mesmo sentido,Com Vítimas Feridas,Pleno dia,Crescente,Céu Claro,Dupla,Reta,Sim,3.0,0.0,1.0,0.0,1.0,1.0,1.0,3.0,"-19,80151928","-44,10000333",SPRF-MG,DEL01-MG,UOP02-DEL01-MG
585620,2024-02-22,quinta-feira,20:00:00,SP,116.0,141,SAO JOSE DOS CAMPOS,Demais falhas mecânicas ou elétricas,Tombamento,Com Vítimas Feridas,Plena Noite,Crescente,Chuva,Dupla,Reta,Sim,7.0,0.0,3.0,0.0,4.0,0.0,3.0,5.0,"-23,17004717","-45,82091491",SPRF-SP,DEL02-SP,UOP01-DEL02-SP
585632,2024-03-07,quinta-feira,11:40:00,PR,277.0,"28,4",MORRETES,Reação tardia ou ineficiente do condutor,Colisão lateral mesmo sentido,Com Vítimas Feridas,Pleno dia,Crescente,Nublado,Dupla,Reta,Não,3.0,0.0,0.0,1.0,1.0,1.0,1.0,3.0,"-25,52874613","-48,73512603",SPRF-PR,DEL01-PR,UOP05-DEL01-PR
585634,2024-03-07,quinta-feira,12:50:00,BA,116.0,419,FEIRA DE SANTANA,Reação tardia ou ineficiente do condutor,Colisão transversal,Com Vítimas Feridas,Pleno dia,Crescente,Sol,Múltipla,Viaduto;Reta;Retorno Regulamentado,Sim,4.0,0.0,0.0,2.0,1.0,1.0,2.0,3.0,"-12,20003598","-38,96559542",SPRF-BA,DEL02-BA,UOP01-DEL02-BA
585638,2024-03-07,quinta-feira,11:40:00,MS,267.0,147,NOVA ANDRADINA,Reação tardia ou ineficiente do condutor,Colisão com objeto,Com Vítimas Fatais,Pleno dia,Crescente,Céu Claro,Simples,Reta;Declive,Não,3.0,1.0,0.0,0.0,1.0,4.0,0.0,6.0,"-21,65659582","-53,4462169",SPRF-MS,DEL02-MS,UOP03-DEL02-MS
585642,2024-03-07,quinta-feira,11:48:00,SC,280.0,157,MAFRA,Reação tardia ou ineficiente do condutor,Colisão traseira,Com Vítimas Feridas,Pleno dia,Decrescente,Céu Claro,Simples,Reta,Não,3.0,0.0,0.0,1.0,1.0,3.0,1.0,5.0,"-26,20081502","-49,74222347",SPRF-SC,DEL06-SC,UOP03-DEL06-SC
585654,2024-03-07,quinta-feira,14:30:00,PB,230.0,"133,4",CAMPINA GRANDE,Condutor Dormindo,Colisão com objeto,Com Vítimas Feridas,Pleno dia,Crescente,Céu Claro,Dupla,Curva,Não,2.0,0.0,1.0,0.0,1.0,0.0,1.0,2.0,"-7,2767","-35,7464",SPRF-PB,DEL02-PB,UOP01-DEL02-PB
585662,2024-03-07,quinta-feira,14:40:00,RS,116.0,253,SAPUCAIA DO SUL,Ausência de reação do condutor,Engavetamento,Com Vítimas Fatais,Pleno dia,Crescente,Céu Claro,Dupla,Reta,Sim,4.0,1.0,0.0,0.0,3.0,0.0,0.0,4.0,"-29,81641659","-51,1698103",SPRF-RS,DEL01-RS,UOP02-DEL01-RS
585664,2024-01-27,sábado,06:30:00,AM,174.0,1139,PRESIDENTE FIGUEIREDO,Demais falhas mecânicas ou elétricas,Incêndio,Sem Vítimas,Pleno dia,Crescente,Céu Claro,Simples,Reta;Ponte,Não,3.0,0.0,0.0,0.0,2.0,1.0,0.0,2.0,"-0,859893","-60,519678",SPRF-AM,DEL01-AM,UOP02-DEL01-AM
585666,2024-03-07,quinta-feira,15:10:00,PR,476.0,179,CONTENDA,Acumulo de óleo sobre o pavimento,Saída de leito carroçável,Sem Vítimas,Pleno dia,Crescente,Céu Claro,Simples,Curva;Aclive,Não,4.0,0.0,0.0,0.0,2.0,2.0,0.0,4.0,"-25,702982","-49,582001",SPRF-PR,DEL01-PR,UOP06-DEL01-PR
585667,2024-03-07,quinta-feira,14:40:00,PR,163.0,140,CAPITAO LEONIDAS MARQUES,Chuva,Colisão lateral sentido oposto,Com Vítimas Feridas,Pleno dia,Decrescente,Chuva,Simples,Curva,Não,3.0,0.0,0.0,1.0,1.0,3.0,1.0,5.0,"-25,49765306","-53,59938318",SPRF-PR,DEL05-PR,UOP05-DEL05-PR
585668,2024-03-07,quinta-feira,15:00:00,CE,116.0,54,PACAJUS,Carga excessiva e/ou mal acondicionada,Tombamento,Com Vítimas Feridas,Pleno dia,Crescente,Nublado,Simples,Curva,Não,4.0,0.0,1.0,0.0,2.0,1.0,1.0,4.0,"-4,19566554","-38,47123658",SPRF-CE,DEL03-CE,UOP02-DEL03-CE
585671,2024-03-07,quinta-feira,15:30:00,MT,163.0,"10,7",ITIQUIRA,Reação tardia ou ineficiente do condutor,Colisão com objeto,Com Vítimas Feridas,Pleno dia,Decrescente,Nublado,Dupla,Reta,Não,7.0,0.0,5.0,0.0,1.0,1.0,5.0,3.0,"-17,43100194","-54,74803183",SPRF-MT,DEL02-MT,UOP03-DEL02-MT
585673,2024-03-07,quinta-feira,12:20:00,MA,135.0,"3,7",SAO LUIS,Acessar a via sem observar a presença dos outros veículos,Colisão transversal,Com Vítimas Feridas,Pleno dia,Crescente,Nublado,Dupla,Retorno Regulamentado;Reta,Sim,2.0,0.0,0.0,1.0,1.0,0.0,1.0,2.0,"-2,6101647","-44,2496717",SPRF-MA,DEL01-MA,UOP01-DEL01-MA
585675,2024-03-07,quinta-feira,16:20:00,PE,101.0,"80,9",JABOATAO DOS GUARARAPES,Condutor deixou de manter distância do veículo da frente,Colisão traseira,Sem Vítimas,Pleno dia,Decrescente,Céu Claro,Dupla,Reta,Não,5.0,0.0,0.0,0.0,2.0,3.0,0.0,4.0,"-8,15112589","-34,9428866",SPRF-PE,DEL01-PE,UOP01-DEL01-PE
585679,2024-03-07,quinta-feira,13:40:00,MG,153.0,"192,2",FRUTAL,Pista Escorregadia,Tombamento,Com Vítimas Feridas,Pleno dia,Crescente,Garoa/Chuvisco,Simples,Reta;Declive,Não,1.0,0.0,1.0,0.0,0.0,0.0,1.0,1.0,"-19,9039277","-48,967624",SPRF-MG,DEL13-MG,UOP02-DEL13-MG
585680,2024-01-18,quinta-feira,11:40:00,SC,116.0,"251,9",LAGES,Reação tardia ou ineficiente do condutor,Colisão lateral sentido oposto,Com Vítimas Feridas,Pleno dia,Crescente,Chuva,Simples,Reta,Não,3.0,0.0,1.0,0.0,2.0,0.0,1.0,3.0,"-27,8494545","-50,38042545",SPRF-SC,DEL05-SC,UOP02-DEL05-SC
585681,2024-02-01,quinta-feira,19:50:00,GO,364.0,296,MINEIROS,Ausência de reação do condutor,Tombamento,Com Vítimas Feridas,Plena Noite,Decrescente,Nublado,Dupla,Reta,Não,2.0,0.0,1.0,0.0,0.0,2.0,1.0,3.0,"-17,578016","-52,518154",SPRF-GO,DEL05-GO,UOP01-DEL05-GO
585682,2024-03-07,quinta-feira,16:00:00,SP,116.0,"84,3",PINDAMONHANGABA,Ausência de reação do condutor,Saída de leito carroçável,Com Vítimas Feridas,Pleno dia,Decrescente,Chuva,Dupla,Reta,Não,2.0,0.0,1.0,0.0,0.0,1.0,1.0,1.0,"-22,91777173","-45,33596814",SPRF-SP,DEL08-SP,UOP01-DEL08-SP
585689,2024-03-07,quinta-feira,16:50:00,ES,101.0,"365,2",ANCHIETA,Mal súbito do condutor,Colisão com objeto,Com Vítimas Feridas,Pleno dia,Crescente,Nublado,Simples,Curva,Não,1.0,0.0,1.0,0.0,0.0,0.0,1.0,1.0,"-20,73397538","-40,7507118",SPRF-ES,DEL03-ES,UOP01-DEL03-ES
585692,2024-03-07,quinta-feira,16:30:00,MG,116.0,257,TEOFILO OTONI,Reação tardia ou ineficiente do condutor,Colisão lateral mesmo sentido,Com Vítimas Feridas,Pleno dia,Crescente,Céu Claro,Simples,Curva;Aclive,Não,5.0,0.0,0.0,1.0,3.0,2.0,1.0,6.0,"-17,70027116","-41,48347758",SPRF-MG,DEL11-MG,UOP01-DEL11-MG
585693,2024-03-07,quinta-feira,15:30:00,MG,50.0,153,UBERABA,Velocidade Incompatível,Colisão traseira,Com Vítimas Feridas,Pleno dia,Crescente,Chuva,Dupla,Reta,Não,4.0,0.0,1.0,0.0,3.0,0.0,1.0,2.0,"-19,59125905","-48,02849514",SPRF-MG,DEL13-MG,UOP01-DEL13-MG
585698,2024-03-07,quinta-feira,18:20:00,MG,50.0,134,UBERABA,Pista Escorregadia,Saída de leito carroçável,Com Vítimas Feridas,Plena Noite,Crescente,Chuva,Dupla,Reta,Não,1.0,0.0,1.0,0.0,0.0,0.0,1.0,1.0,"-19,423087","-48,070205",SPRF-MG,DEL13-MG,UOP01-DEL13-MG
585712,2024-03-07,quinta-feira,19:28:00,SC,280.0,"27,2",ARAQUARI,Acessar a via sem observar a presença dos outros veículos,Atropelamento de Pedestre,Com Vítimas Fatais,Plena Noite,Crescente,Nublado,Simples,Interseção de Vias;Reta,Sim,4.0,1.0,0.0,0.0,2.0,1.0,0.0,3.0,"-26,3998477","-48,742187",SPRF-SC,DEL03-SC,UOP03-DEL03-SC
585717,2024-03-07,quinta-feira,17:00:00,RJ,101.0,252,SILVA JARDIM,Estacionar ou parar em local proibido,Colisão lateral mesmo sentido,Com Vítimas Feridas,Pleno dia,Decrescente,Chuva,Simples,Reta,Não,2.0,0.0,1.0,0.0,1.0,0.0,1.0,2.0,"-22,68214756","-42,53377419",SPRF-RJ,DEL02-RJ,UOP03-DEL02-RJ
585719,2024-03-07,quinta-feira,16:30:00,MG,153.0,108,PRATA,Avarias e/ou desgaste excessivo no pneu,Tombamento,Sem Vítimas,Pleno dia,Decrescente,Garoa/Chuvisco,Simples,Reta;Declive,Não,2.0,0.0,0.0,0.0,1.0,1.0,0.0,2.0,"-19,29654087","-48,90748046",SPRF-MG,DEL15-MG,UOP03-DEL15-MG