id,data_inversa,dia_semana,horario,uf,br,km,municipio,causa_acidente,tipo_acidente,classificacao_acidente,fase_dia,sentido_via,condicao_metereologica,tipo_pista,tracado_via,uso_solo,pessoas,mortos,feridos_leves,feridos_graves,ilesos,ignorados,feridos,veiculos,latitude,longitude,regional,delegacia,uop
586544,2024-03-11,segunda-feira,09:00:00,PR,153.0,2,JACAREZINHO,Ausência de sinalização,Colisão com objeto,Sem Vítimas,Pleno dia,Decrescente,Céu Claro,Simples,Reta,Não,2.0,0.0,0.0,0.0,1.0,1.0,0.0,2.0,"-23,01063981","-49,90871127",SPRF-PR,DEL07-PR,UOP04-DEL07-PR
586546,2024-03-11,segunda-feira,11:00:00,MG,40.0,"567,2",NOVA LIMA,Reação tardia ou ineficiente do condutor,Tombamento,Com Vítimas Feridas,Pleno dia,Crescente,Céu Claro,Simples,Reta,Não,6.0,0.0,0.0,1.0,4.0,1.0,1.0,4.0,"-20,18749199","-43,96845002",SPRF-MG,DEL01-MG,UOP02-DEL01-MG
586547,2024-03-11,segunda-feira,05:20:00,PE,101.0,148,RIBEIRAO,Transitar no Acostamento,Atropelamento de Pedestre,Com Vítimas Feridas,Amanhecer,Crescente,Céu Claro,Múltipla,Reta,Não,3.0,0.0,0.0,1.0,0.0,2.0,1.0,2.0,"-8,48336698","-35,37204035",SPRF-PE,DEL01-PE,UOP03-DEL01-PE
586550,2024-03-11,segunda-feira,11:30:00,ES,262.0,143,MUNIZ FREIRE,Condutor deixou de manter distância do veículo da frente,Colisão traseira,Com Vítimas Feridas,Pleno dia,Crescente,Céu Claro,Simples,Aclive;Reta,Não,3.0,0.0,1.0,0.0,2.0,0.0,1.0,3.0,"-20,232822","-41,395316",SPRF-ES,DEL01-ES,UOP02-DEL01-ES
586554,2024-03-11,segunda-feira,07:50:00,RJ,101.0,217,SILVA JARDIM,Ausência de reação do condutor,Colisão traseira,Com Vítimas Fatais,Pleno dia,Decrescente,Céu Claro,Dupla,Curva,Não,5.0,1.0,2.0,0.0,2.0,0.0,2.0,2.0,"-22,50769291","-42,29165293",SPRF-RJ,DEL02-RJ,UOP03-DEL02-RJ
586555,2024-03-11,segunda-feira,10:00:00,RS,116.0,264,CANOAS,Ingestão de álcool pelo condutor,Colisão com objeto,Com Vítimas Feridas,Pleno dia,Decrescente,Céu Claro,Dupla,Reta,Sim,1.0,0.0,1.0,0.0,0.0,0.0,1.0,1.0,"-29,9144350045","-51,1775449528",SPRF-RS,DEL01-RS,UOP01-DEL01-RS
586556,2024-03-11,segunda-feira,11:40:00,PR,476.0,"157,7",ARAUCARIA,Acessar a via sem observar a presença dos outros veículos,Colisão transversal,Com Vítimas Feridas,Pleno dia,Decrescente,Céu Claro,Simples,Interseção de Vias;Declive;Reta,Sim,4.0,0.0,1.0,0.0,2.0,1.0,1.0,3.0,"-25,60639","-49,421112",SPRF-PR,DEL01-PR,UOP06-DEL01-PR
586557,2024-03-11,segunda-feira,12:30:00,SC,101.0,"203,4",SAO JOSE,Acessar a via sem observar a presença dos outros veículos,Colisão transversal,Com Vítimas Feridas,Pleno dia,Decrescente,Céu Claro,Múltipla,Reta,Sim,4.0,0.0,0.0,1.0,1.0,2.0,1.0,4.0,"-27,5650044","-48,61460082",SPRF-SC,DEL01-SC,UOP01-DEL01-SC
586558,2024-03-11,segunda-feira,08:20:00,RS,285.0,"121,8",VACARIA,Manobra de mudança de faixa,Colisão lateral mesmo sentido,Sem Vítimas,Pleno dia,Decrescente,Céu Claro,Simples,Rotatória,Sim,2.0,0.0,0.0,0.0,2.0,0.0,0.0,2.0,"-28,510252","-50,935688",SPRF-RS,DEL05-RS,UOP03-DEL05-RS
586560,2024-03-11,segunda-feira,12:50:00,MG,381.0,"899,4",CAMBUI,Reação tardia ou ineficiente do condutor,Colisão traseira,Com Vítimas Feridas,Pleno dia,Crescente,Nublado,Dupla,Curva;Em Obras,Sim,2.0,0.0,1.0,0.0,1.0,0.0,1.0,2.0,"-22,65351405","-46,08907579",SPRF-MG,DEL16-MG,UOP03-DEL16-MG
586567,2024-03-11,segunda-feira,09:25:00,RS,392.0,200,SANTANA DA BOA VISTA,Condutor deixou de manter distância do veículo da frente,Colisão traseira,Com Vítimas Feridas,Pleno dia,Decrescente,Céu Claro,Simples,Reta,Sim,3.0,0.0,1.0,1.0,1.0,0.0,2.0,2.0,"-30,87177911","-53,13722109",SPRF-RS,DEL09-RS,UOP02-DEL09-RS
586579,2024-03-11,segunda-feira,14:09:00,RS,470.0,"169,1",VILA FLORES,Acessar a via sem observar a presença dos outros veículos,Colisão transversal,Com Vítimas Feridas,Pleno dia,Decrescente,Céu Claro,Simples,Reta,Não,2.0,0.0,1.0,0.0,1.0,0.0,1.0,2.0,"-28,86454223","-51,55299051",SPRF-RS,DEL06-RS,UOP02-DEL06-RS
586588,2024-03-11,segunda-feira,10:55:00,RS,116.0,474,SAO LOURENCO DO SUL,Ausência de reação do condutor,Tombamento,Com Vítimas Feridas,Pleno dia,Crescente,Céu Claro,Simples,Reta,Não,2.0,0.0,2.0,0.0,0.0,0.0,2.0,1.0,"-31,37297804","-52,09946498",SPRF-RS,DEL07-RS,UOP01-DEL07-RS
586597,2024-03-11,segunda-feira,13:30:00,MG,40.0,"38,6",PARACATU,Transitar na contramão,Colisão lateral sentido oposto,Com Vítimas Feridas,Pleno dia,Crescente,Céu Claro,Simples,Aclive,Não,3.0,0.0,0.0,1.0,1.0,1.0,1.0,3.0,"-17,21050388","-46,89942099",SPRF-MG,DEL14-MG,UOP01-DEL14-MG
586601,2024-03-11,segunda-feira,11:00:00,RJ,40.0,25,TRES RIOS,Mal súbito do condutor,Tombamento,Com Vítimas Feridas,Pleno dia,Crescente,Céu Claro,Simples,Curva,Não,2.0,0.0,1.0,0.0,0.0,1.0,1.0,2.0,"-22,14680002","-43,15810757",SPRF-RJ,DEL05-RJ,UOP02-DEL05-RJ
586602,2024-03-11,segunda-feira,14:45:00,RS,285.0,"378,8",SALDANHA MARINHO,Condutor deixou de manter distância do veículo da frente,Colisão traseira,Com Vítimas Feridas,Pleno dia,Decrescente,Sol,Simples,Reta,Não,2.0,0.0,1.0,0.0,1.0,0.0,1.0,2.0,"-28,428135","-53,135483",SPRF-RS,DEL10-RS,UOP02-DEL10-RS
586603,2024-03-11,segunda-feira,15:25:00,GO,364.0,154,JATAI,Ausência de reação do condutor,Tombamento,Com Vítimas Feridas,Pleno dia,Decrescente,Sol,Simples,Reta;Aclive,Não,2.0,0.0,0.0,1.0,0.0,1.0,1.0,2.0,"-18,138138","-51,454224",SPRF-GO,DEL05-GO,UOP02-DEL05-GO
586612,2024-03-11,segunda-feira,16:30:00,MG,153.0,"184,6",FRUTAL,Problema na suspensão,Saída de leito carroçável,Com Vítimas Feridas,Pleno dia,Crescente,Céu Claro,Simples,Reta,Não,4.0,0.0,3.0,1.0,0.0,0.0,4.0,1.0,"-19,88968108","-48,97343918",SPRF-MG,DEL13-MG,UOP02-DEL13-MG
586613,2024-03-11,segunda-feira,17:00:00,GO,50.0,99,CRISTALINA,Ingestão de substâncias psicoativas pelo condutor,Colisão lateral mesmo sentido,Sem Vítimas,Pleno dia,Crescente,Céu Claro,Dupla,Reta,Sim,3.0,0.0,0.0,0.0,2.0,4.0,0.0,6.0,"-16,9309","-47,7117",SPRF-DF,DEL01-DF,UOP02-DEL01-DF
586615,2024-03-11,segunda-feira,14:15:00,MG,40.0,"39,3",PARACATU,Condutor deixou de manter distância do veículo da frente,Colisão traseira,Sem Vítimas,Pleno dia,Crescente,Céu Claro,Simples,Reta,Sim,2.0,0.0,0.0,0.0,2.0,0.0,0.0,2.0,"-17,21128483","-46,89011999",SPRF-MG,DEL14-MG,UOP01-DEL14-MG
586616,2024-03-11,segunda-feira,16:45:00,MG,381.0,444,SANTA LUZIA,Transitar no Acostamento,Atropelamento de Pedestre,Com Vítimas Feridas,Pleno dia,Crescente,Céu Claro,Simples,Declive;Reta,Sim,3.0,0.0,1.0,1.0,0.0,1.0,2.0,3.0,"-19,80954804","-43,79055977",SPRF-MG,DEL01-MG,UOP01-DEL01-MG
586623,2024-03-11,segunda-feira,17:00:00,SC,101.0,133,BALNEARIO CAMBORIU,Manobra de mudança de faixa,Colisão lateral mesmo sentido,Com Vítimas Feridas,Pleno dia,Decrescente,Céu Claro,Múltipla,Reta,Sim,4.0,0.0,1.0,0.0,2.0,1.0,1.0,3.0,"-26,99936","-48,64609",SPRF-SC,DEL04-SC,UOP03-DEL04-SC
586624,2024-03-11,segunda-feira,18:00:00,GO,153.0,"442,8",ANAPOLIS,Área urbana sem a presença de local apropriado para a travessia de pedestres,Atropelamento de Pedestre,Com Vítimas Feridas,Anoitecer,Crescente,Céu Claro,Dupla,Rotatória,Sim,2.0,0.0,1.0,0.0,1.0,0.0,1.0,2.0,"-16,325272","-48,922024",SPRF-GO,DEL02-GO,UOP01-DEL02-GO
586642,2024-03-11,segunda-feira,18:45:00,BA,324.0,539,AMELIA RODRIGUES,Reação tardia ou ineficiente do condutor,Colisão lateral mesmo sentido,Com Vítimas Feridas,Plena Noite,Crescente,Céu Claro,Dupla,Reta,Não,4.0,0.0,1.0,0.0,2.0,2.0,1.0,4.0,"-12,37995647","-38,79955259",SPRF-BA,DEL01-BA,UOP03-DEL01-BA
586650,2024-03-11,segunda-feira,20:15:00,MG,40.0,"430,9",PARAOPEBA,Ausência de reação do condutor,Saída de leito carroçável,Com Vítimas Feridas,Plena Noite,Crescente,Céu Claro,Simples,Declive;Reta,Não,3.0,0.0,0.0,1.0,0.0,3.0,1.0,4.0,"-19,19728375","-44,47966179",SPRF-MG,DEL02-MG,UOP01-DEL02-MG
586655,2024-02-22,quinta-feira,07:40:00,SC,116.0,69,MONTE CASTELO,Velocidade Incompatível,Tombamento,Sem Vítimas,Pleno dia,Decrescente,Nublado,Simples,Rotatória,Sim,4.0,0.0,0.0,0.0,3.0,1.0,0.0,3.0,"-26,46036818","-50,22889671",SPRF-SC,DEL06-SC,UOP02-DEL06-SC
586657,2024-03-11,segunda-feira,19:40:00,RJ,116.0,137,MAGE,Reação tardia ou ineficiente do condutor,Colisão traseira,Com Vítimas Feridas,Plena Noite,Crescente,Nublado,Dupla,Reta,Não,3.0,0.0,1.0,0.0,1.0,1.0,1.0,3.0,"-22,64791994","-43,18200799",SPRF-RJ,DEL04-RJ,UOP02-DEL04-RJ
586666,2024-03-11,segunda-feira,20:30:00,RJ,493.0,"22,6",MAGE,Transitar na contramão,Colisão frontal,Com Vítimas Feridas,Plena Noite,Crescente,Céu Claro,Simples,Curva,Não,3.0,0.0,1.0,0.0,1.0,1.0,1.0,3.0,"-22,659311","-43,053303",SPRF-RJ,DEL04-RJ,UOP02-DEL04-RJ
586671,2024-03-11,segunda-feira,21:10:00,MG,40.0,606,CONGONHAS,Ausência de reação do condutor,Saída de leito carroçável,Com Vítimas Feridas,Plena Noite,Crescente,Nublado,Simples,Curva,Não,2.0,0.0,1.0,0.0,0.0,1.0,1.0,2.0,"-20,46991053","-43,84337515",SPRF-MG,DEL05-MG,UOP02-DEL05-MG
586676,2024-03-11,segunda-feira,23:15:00,MG,40.0,467,SETE LAGOAS,Demais falhas mecânicas ou elétricas,Colisão com objeto,Com Vítimas Feridas,Plena Noite,Decrescente,Céu Claro,Dupla,Reta;Declive,Não,1.0,0.0,1.0,0.0,0.0,0.0,1.0,1.0,"-19,43835777","-44,33103681",SPRF-MG,DEL02-MG,UOP01-DEL02-MG
586678,2024-03-11,segunda-feira,22:20:00,RJ,101.0,151,MACAE,Velocidade Incompatível,Saída de leito carroçável,Com Vítimas Fatais,Plena Noite,Crescente,Nublado,Simples,Curva,Não,1.0,1.0,0.0,0.0,0.0,0.0,0.0,1.0,"-22,249205","-41,813891",SPRF-RJ,DEL08-RJ,UOP04-DEL08-RJ
586681,2024-03-11,segunda-feira,23:00:00,MG,50.0,59,ARAGUARI,Condutor Dormindo,Colisão traseira,Com Vítimas Feridas,Plena Noite,Crescente,Céu Claro,Dupla,Aclive,Não,3.0,0.0,1.0,0.0,1.0,6.0,1.0,8.0,"-18,80182592","-48,23899615",SPRF-MG,DEL15-MG,UOP02-DEL15-MG
586686,2024-03-12,terça-feira,02:45:00,ES,259.0,"20,7",JOAO NEIVA,Reação tardia ou ineficiente do condutor,Saída de leito carroçável,Com Vítimas Fatais,Plena Noite,Crescente,Nublado,Simples,Curva,Não,1.0,1.0,0.0,0.0,0.0,0.0,0.0,1.0,"-19,65378613","-40,46226743",SPRF-ES,DEL02-ES,UOP01-DEL02-ES
586687,2024-03-12,terça-feira,00:05:00,SP,116.0,"161,9",JACAREI,Reação tardia ou ineficiente do condutor,Colisão traseira,Com Vítimas Feridas,Plena Noite,Decrescente,Céu Claro,Dupla,Reta,Não,4.0,0.0,2.0,0.0,1.0,1.0,2.0,4.0,"-23,27617003","-45,97592098",SPRF-SP,DEL02-SP,UOP01-DEL02-SP
586689,2024-03-11,segunda-feira,19:00:00,RS,116.0,"2,5",VACARIA,Problema com o freio,Colisão com objeto,Com Vítimas Feridas,Anoitecer,Decrescente,Céu Claro,Simples,Curva;Declive,Não,2.0,0.0,1.0,0.0,0.0,1.0,1.0,2.0,"-28,22620159","-50,76085504",SPRF-RS,DEL05-RS,UOP03-DEL05-RS
586691,2024-03-11,segunda-feira,17:19:00,RS,285.0,"85,1",BOM JESUS,Velocidade Incompatível,Tombamento,Com Vítimas Feridas,Pleno dia,Crescente,Sol,Simples,Declive;Curva,Não,4.0,0.0,1.0,0.0,0.0,4.0,1.0,5.0,"-28,63945135","-50,65186501",SPRF-RS,DEL05-RS,UOP03-DEL05-RS
586695,2024-03-12,terça-feira,04:45:00,MG,381.0,329,NOVA ERA,Mal súbito do condutor,Saída de leito carroçável,Com Vítimas Fatais,Amanhecer,Decrescente,Nublado,Dupla,Declive;Curva,Sim,2.0,1.0,0.0,0.0,1.0,0.0,0.0,1.0,"-19,78359101","-43,0443485",SPRF-MG,DEL03-MG,UOP01-DEL03-MG
586699,2024-03-12,terça-feira,06:15:00,SC,101.0,14,GARUVA,Condutor deixou de manter distância do veículo da frente,Colisão traseira,Com Vítimas Feridas,Pleno dia,Decrescente,Nublado,Dupla,Reta,Não,4.0,0.0,0.0,1.0,2.0,3.0,1.0,6.0,"-26,103686","-48,870616",SPRF-SC,DEL03-SC,UOP01-DEL03-SC
586709,2024-03-12,terça-feira,07:40:00,PE,232.0,"32,3",MORENO,Falta de elemento de contenção que evite a saída do leito carroçável,Saída de leito carroçável,Com Vítimas Feridas,Pleno dia,Crescente,Céu Claro,Dupla,Curva;Aclive,Não,4.0,0.0,3.0,0.0,1.0,0.0,3.0,2.0,"-8,104653","-35,170278",SPRF-PE,DEL01-PE,UOP01-DEL01-PE
586712,2024-03-12,terça-feira,06:00:00,PA,316.0,155,CAPANEMA,Ultrapassagem Indevida,Colisão lateral mesmo sentido,Com Vítimas Feridas,Pleno dia,Crescente,Céu Claro,Simples,Reta,Não,2.0,0.0,1.0,0.0,0.0,1.0,1.0,2.0,"-1,23713115","-47,15580718",SPRF-PA,DEL01-PA,UOP03-DEL01-PA
586716,2024-03-12,terça-feira,08:05:00,SC,101.0,"62,1",ARAQUARI,Ultrapassagem Indevida,Colisão lateral mesmo sentido,Sem Vítimas,Pleno dia,Crescente,Sol,Dupla,Reta,Não,2.0,0.0,0.0,0.0,1.0,1.0,0.0,2.0,"-26,45504246","-48,76711901",SPRF-SC,DEL03-SC,UOP02-DEL03-SC
586719,2024-03-12,terça-feira,04:40:00,GO,60.0,421,RIO VERDE,Condutor Dormindo,Saída de leito carroçável,Com Vítimas Feridas,Plena Noite,Decrescente,Céu Claro,Dupla,Curva,Não,2.0,0.0,1.0,0.0,0.0,1.0,1.0,2.0,"-17,82152738","-51,25308752",SPRF-GO,DEL04-GO,UOP02-DEL04-GO
586721,2024-03-12,terça-feira,09:30:00,SP,101.0,"51,1",UBATUBA,Conversão proibida,Colisão transversal,Com Vítimas Feridas,Pleno dia,Crescente,Nublado,Simples,Reta;Interseção de Vias,Sim,2.0,0.0,1.0,0.0,1.0,0.0,1.0,2.0,"-23,45627795","-45,07111896",SPRF-SP,DEL06-SP,UOP01-DEL06-SP
586722,2024-03-12,terça-feira,08:00:00,CE,116.0,26,ITAITINGA,Acessar a via sem observar a presença dos outros veículos,Colisão lateral mesmo sentido,Com Vítimas Feridas,Pleno dia,Crescente,Céu Claro,Dupla,Reta,Não,2.0,0.0,1.0,0.0,0.0,1.0,1.0,2.0,"-3,9752959","-38,51436047",SPRF-CE,DEL01-CE,UOP02-DEL01-CE
586729,2024-03-12,terça-feira,09:50:00,MG,262.0,"356,6",BETIM,Pedestre andava na pista,Atropelamento de Pedestre,Com Vítimas Fatais,Pleno dia,Crescente,Céu Claro,Dupla,Curva;Aclive,Não,4.0,1.0,0.0,0.0,2.0,2.0,0.0,5.0,"-19,9820863","-44,2311591",SPRF-MG,DEL01-MG,UOP03-DEL01-MG
586741,2024-03-12,terça-feira,10:10:00,SC,282.0,"89,5",ALFREDO WAGNER,Manobra de mudança de faixa,Colisão lateral sentido oposto,Com Vítimas Feridas,Pleno dia,Decrescente,Céu Claro,Simples,Curva,Não,4.0,0.0,0.0,1.0,2.0,1.0,1.0,4.0,"-27,677973","-49,215893",SPRF-SC,DEL01-SC,UOP03-DEL01-SC
586745,2024-03-12,terça-feira,11:00:00,SP,381.0,87,GUARULHOS,Reação tardia ou ineficiente do condutor,Colisão traseira,Com Vítimas Feridas,Pleno dia,Crescente,Sol,Múltipla,Reta,Sim,3.0,0.0,1.0,0.0,1.0,2.0,1.0,4.0,"-23,46885001","-46,56996601",SPRF-SP,DEL03-SP,UOP01-DEL03-SP
586754,2024-03-05,terça-feira,01:00:00,PI,343.0,495,AMARANTE,Condutor Dormindo,Colisão com objeto,Com Vítimas Feridas,Plena Noite,Crescente,Céu Claro,Simples,Curva,Não,1.0,0.0,1.0,0.0,0.0,0.0,1.0,1.0,"-6,248091","-42,758327",SPRF-PI,DEL03-PI,UOP01-DEL03-PI
586758,2024-03-05,terça-feira,14:00:00,PA,316.0,62,CASTANHAL,Manobra de mudança de faixa,Colisão lateral mesmo sentido,Sem Vítimas,Pleno dia,Decrescente,Céu Claro,Dupla,Reta,Sim,3.0,0.0,0.0,0.0,2.0,1.0,0.0,3.0,"-1,29786885","-47,93764104",SPRF-PA,DEL01-PA,UOP01-DEL01-PA
586775,2024-03-12,terça-feira,14:20:00,MG,262.0,"382,9",MATEUS LEME,Velocidade Incompatível,Tombamento,Com Vítimas Fatais,Pleno dia,Decrescente,Sol,Dupla,Curva;Declive,Não,2.0,1.0,0.0,0.0,0.0,1.0,0.0,2.0,"-19,93692293","-44,43102837",SPRF-MG,DEL01-MG,UOP03-DEL01-MG
586777,2024-03-07,quinta-feira,01:10:00,MS,267.0,"227,3",NOVA ALVORADA DO SUL,Condutor Dormindo,Colisão lateral sentido oposto,Com Vítimas Feridas,Plena Noite,Crescente,Céu Claro,Simples,Reta,Não,3.0,0.0,1.0,0.0,1.0,2.0,1.0,4.0,"-21,53744068","-54,18926297",SPRF-MS,DEL02-MS,UOP01-DEL02-MS
586793,2024-03-12,terça-feira,10:50:00,PA,163.0,518,TRAIRAO,Transitar na contramão,Colisão frontal,Com Vítimas Fatais,Pleno dia,Crescente,Sol,Simples,Curva,Não,3.0,1.0,0.0,0.0,1.0,3.0,0.0,5.0,"-5,36932212","-55,88988638",SPRF-PA,DEL05-PA,UOP02-DEL05-PA
586794,2024-03-12,terça-feira,13:10:00,SP,116.0,339,JUQUITIBA,Reação tardia ou ineficiente do condutor,Tombamento,Com Vítimas Feridas,Pleno dia,Decrescente,Céu Claro,Dupla,Reta,Não,2.0,0.0,1.0,0.0,0.0,1.0,1.0,2.0,"-23,9983939","-47,14927316",SPRF-SP,DEL04-SP,UOP03-DEL04-SP
586795,2024-03-12,terça-feira,16:00:00,MG,116.0,413,GOVERNADOR VALADARES,Acessar a via sem observar a presença dos outros veículos,Engavetamento,Com Vítimas Feridas,Pleno dia,Crescente,Céu Claro,Simples,Reta;Ponte,Não,5.0,0.0,2.0,0.0,3.0,0.0,2.0,3.0,"-18,873907","-41,966366",SPRF-MG,DEL06-MG,UOP01-DEL06-MG
586801,2024-03-12,terça-feira,16:40:00,CE,116.0,91,CASCAVEL,Condutor deixou de manter distância do veículo da frente,Colisão traseira,Sem Vítimas,Pleno dia,Crescente,Céu Claro,Simples,Reta,Não,2.0,0.0,0.0,0.0,2.0,0.0,0.0,2.0,"-4,47049998","-38,36179093",SPRF-CE,DEL03-CE,UOP02-DEL03-CE
586805,2024-03-12,terça-feira,17:20:00,BA,116.0,"835,7",VITORIA DA CONQUISTA,Reação tardia ou ineficiente do condutor,Saída de leito carroçável,Com Vítimas Feridas,Pleno dia,Decrescente,Chuva,Simples,Reta,Não,7.0,0.0,5.0,0.0,1.0,1.0,5.0,2.0,"-14,954657","-40,902072",SPRF-BA,DEL08-BA,UOP01-DEL08-BA
586806,2024-03-12,terça-feira,17:45:00,SC,101.0,"192,9",BIGUACU,Reação tardia ou ineficiente do condutor,Colisão lateral mesmo sentido,Com Vítimas Feridas,Anoitecer,Decrescente,Céu Claro,Múltipla,Reta,Sim,2.0,0.0,1.0,0.0,1.0,0.0,1.0,2.0,"-27,48443781","-48,64765238",SPRF-SC,DEL01-SC,UOP01-DEL01-SC
586807,2024-03-12,terça-feira,17:10:00,PR,277.0,203,PALMEIRA,Avarias e/ou desgaste excessivo no pneu,Colisão com objeto,Com Vítimas Feridas,Pleno dia,Crescente,Céu Claro,Simples,Reta,Não,2.0,0.0,1.0,0.0,0.0,1.0,1.0,2.0,"-25,4645209","-50,23036303",SPRF-PR,DEL08-PR,UOP02-DEL08-PR
586814,2024-03-12,terça-feira,13:50:00,MS,163.0,158,JUTI,Reação tardia ou ineficiente do condutor,Saída de leito carroçável,Com Vítimas Feridas,Pleno dia,Decrescente,Sol,Simples,Aclive;Curva,Não,2.0,0.0,1.0,0.0,0.0,2.0,1.0,3.0,"-22,927175","-54,493871",SPRF-MS,DEL09-MS,UOP01-DEL09-MS
586818,2024-03-12,terça-feira,18:00:00,MG,40.0,42,PARACATU,Condutor deixou de manter distância do veículo da frente,Colisão traseira,Com Vítimas Feridas,Anoitecer,Decrescente,Nublado,Simples,Reta,Sim,3.0,0.0,2.0,0.0,1.0,0.0,2.0,2.0,"-17,2188441","-46,8666753",SPRF-MG,DEL14-MG,UOP01-DEL14-MG
586819,2024-03-12,terça-feira,00:05:00,RO,364.0,695,PORTO VELHO,Reação tardia ou ineficiente do condutor,Tombamento,Sem Vítimas,Plena Noite,Crescente,Céu Claro,Dupla,Reta,Não,2.0,0.0,0.0,0.0,1.0,2.0,0.0,3.0,"-8,80046896","-63,725947",SPRF-RO,DEL01-RO,UOP01-DEL01-RO
586824,2024-02-22,quinta-feira,18:30:00,PA,153.0,55,SAO DOMINGOS DO ARAGUAIA,Transitar na contramão,Colisão frontal,Com Vítimas Fatais,Plena Noite,Crescente,Ignorado,Simples,Curva,Não,3.0,1.0,0.0,0.0,1.0,1.0,0.0,3.0,"-5,604073","-48,718838",SPRF-PA,DEL03-PA,UOP01-DEL03-PA
586826,2024-03-12,terça-feira,17:55:00,SC,101.0,"37,2",JOINVILLE,Velocidade Incompatível,Engavetamento,Sem Vítimas,Plena Noite,Crescente,Nublado,Dupla,Declive;Reta,Sim,6.0,0.0,0.0,0.0,5.0,1.0,0.0,4.0,"-26,25050176","-48,90863867",SPRF-SC,DEL03-SC,UOP01-DEL03-SC
586830,2024-03-12,terça-feira,18:30:00,SP,116.0,216,GUARULHOS,Ausência de reação do condutor,Colisão traseira,Com Vítimas Feridas,Anoitecer,Crescente,Nublado,Múltipla,Reta,Sim,3.0,0.0,1.0,0.0,2.0,0.0,1.0,3.0,"-23,45056589","-46,46258105",SPRF-SP,DEL01-SP,UOP01-DEL01-SP
586832,2024-03-12,terça-feira,18:45:00,CE,222.0,"248,7",SOBRAL,Transitar na contramão,Colisão frontal,Com Vítimas Feridas,Plena Noite,Decrescente,Chuva,Simples,Reta,Sim,3.0,0.0,0.0,1.0,2.0,0.0,1.0,2.0,"-3,7568905","-40,54116703",SPRF-CE,DEL04-CE,UOP01-DEL04-CE
586839,2024-03-12,terça-feira,13:30:00,SC,285.0,"51,6",TIMBE DO SUL,Demais falhas mecânicas ou elétricas,Tombamento,Com Vítimas Feridas,Pleno dia,Decrescente,Céu Claro,Simples,Curva;Aclive;Em Obras,Não,1.0,0.0,0.0,1.0,0.0,0.0,1.0,1.0,"-28,80615192","-49,94522631",SPRF-SC,DEL02-SC,UOP02-DEL02-SC
586841,2024-03-12,terça-feira,18:05:00,RJ,101.0,437,MANGARATIBA,Avarias e/ou desgaste excessivo no pneu,Colisão frontal,Com Vítimas Feridas,Plena Noite,Decrescente,Chuva,Simples,Curva,Não,3.0,0.0,2.0,0.0,1.0,0.0,2.0,2.0,"-22,9488121","-44,062687",SPRF-RJ,DEL03-RJ,UOP02-DEL03-RJ
586842,2024-03-12,terça-feira,18:15:00,MG,381.0,925,ITAPEVA,Velocidade Incompatível,Tombamento,Com Vítimas Feridas,Anoitecer,Crescente,Céu Claro,Dupla,Curva,Não,4.0,0.0,1.0,0.0,0.0,4.0,1.0,4.0,"-22,777207","-46,23911301",SPRF-MG,DEL16-MG,UOP03-DEL16-MG
586843,2024-03-12,terça-feira,18:40:00,PR,116.0,155,MANDIRITUBA,Conversão proibida,Colisão transversal,Com Vítimas Fatais,Anoitecer,Crescente,Céu Claro,Simples,Reta,Sim,2.0,1.0,0.0,0.0,1.0,0.0,0.0,2.0,"-25,85128206","-49,35740289",SPRF-PR,DEL01-PR,UOP03-DEL01-PR
586851,2024-03-12,terça-feira,20:40:00,AL,104.0,70,MESSIAS,Velocidade Incompatível,Colisão traseira,Com Vítimas Fatais,Plena Noite,Crescente,Céu Claro,Dupla,Reta,Não,3.0,1.0,0.0,0.0,2.0,0.0,0.0,3.0,"-9,35709773","-35,86247814",SPRF-AL,DEL01-AL,UOP02-DEL01-AL
586854,2024-03-12,terça-feira,18:10:00,BA,324.0,6,FEIRA DE SANTANA,Entrada inopinada do pedestre,Atropelamento de Pedestre,Com Vítimas Feridas,Plena Noite,Crescente,Nublado,Dupla,Reta,Sim,2.0,0.0,0.0,1.0,0.0,1.0,1.0,2.0,"-12,267113","-38,966988",SPRF-BA,DEL02-BA,UOP01-DEL02-BA
586857,2024-03-12,terça-feira,20:25:00,PR,369.0,"151,2",LONDRINA,Manobra de mudança de faixa,Colisão lateral mesmo sentido,Sem Vítimas,Plena Noite,Decrescente,Nublado,Simples,Viaduto,Sim,4.0,0.0,0.0,0.0,3.0,1.0,0.0,4.0,"-23,29283539","-51,1723423",SPRF-PR,DEL07-PR,UOP01-DEL07-PR
586858,2024-03-12,terça-feira,20:30:00,PR,153.0,412,PAULO FRONTIN,Ingestão de álcool pelo condutor,Colisão frontal,Com Vítimas Feridas,Plena Noite,Crescente,Céu Claro,Simples,Reta,Sim,3.0,0.0,1.0,1.0,1.0,0.0,2.0,2.0,"-26,04232792","-50,82674063",SPRF-PR,DEL08-PR,UOP02-DEL08-PR
586862,2024-03-12,terça-feira,21:30:00,BA,116.0,514,ITATIM,Demais falhas mecânicas ou elétricas,Incêndio,Sem Vítimas,Plena Noite,Crescente,Céu Claro,Simples,Reta,Não,2.0,0.0,0.0,0.0,1.0,1.0,0.0,2.0,"-12,66490997","-39,63832001",SPRF-BA,DEL03-BA,UOP02-DEL03-BA