id,data_inversa,dia_semana,horario,uf,br,km,municipio,causa_acidente,tipo_acidente,classificacao_acidente,fase_dia,sentido_via,condicao_metereologica,tipo_pista,tracado_via,uso_solo,pessoas,mortos,feridos_leves,feridos_graves,ilesos,ignorados,feridos,veiculos,latitude,longitude,regional,delegacia,uop
586879,2024-03-12,terça-feira,19:30:00,AL,101.0,120,SAO MIGUEL DOS CAMPOS,Problema com o freio,Saída de leito carroçável,Sem Vítimas,Plena Noite,Crescente,Céu Claro,Dupla,Declive;Desvio Temporário,Não,1.0,0.0,0.0,0.0,1.0,0.0,0.0,1.0,"-9,68088104","-36,03736984",SPRF-AL,DEL02-AL,UOP01-DEL02-AL
586881,2024-03-12,terça-feira,23:30:00,BA,116.0,"843,6",VITORIA DA CONQUISTA,Ingestão de álcool pelo condutor,Colisão lateral sentido oposto,Sem Vítimas,Plena Noite,Decrescente,Nublado,Simples,Reta,Não,3.0,0.0,0.0,0.0,2.0,1.0,0.0,3.0,"-15,013221","-40,943822",SPRF-BA,DEL08-BA,UOP01-DEL08-BA
586886,2024-03-13,quarta-feira,00:05:00,BA,110.0,393,SAO SEBASTIAO DO PASSE,Ausência de reação do condutor,Colisão lateral sentido oposto,Sem Vítimas,Plena Noite,Crescente,Céu Claro,Simples,Reta,Não,3.0,0.0,0.0,0.0,1.0,2.0,0.0,3.0,"-12,50766107","-38,49626949",SPRF-BA,DEL01-BA,UOP01-DEL01-BA
586887,2024-03-12,terça-feira,22:30:00,MG,381.0,"791,8",SAO GONCALO DO SAPUCAI,Velocidade Incompatível,Tombamento,Com Vítimas Fatais,Plena Noite,Decrescente,Céu Claro,Dupla,Curva,Não,2.0,1.0,0.0,0.0,0.0,1.0,0.0,2.0,"-21,91694596","-45,58909701",SPRF-MG,DEL16-MG,UOP02-DEL16-MG
586889,2024-03-13,quarta-feira,00:30:00,MG,153.0,45,CANAPOLIS,Chuva,Derramamento de carga,Com Vítimas Feridas,Plena Noite,Decrescente,Chuva,Dupla,Declive,Não,2.0,0.0,1.0,0.0,0.0,1.0,1.0,2.0,"-18,78035791","-49,07866011",SPRF-MG,DEL15-MG,UOP03-DEL15-MG
586890,2024-03-13,quarta-feira,01:30:00,MG,365.0,"781,1",ITUIUTABA,Suicídio (presumido),Colisão lateral sentido oposto,Com Vítimas Feridas,Plena Noite,Crescente,Garoa/Chuvisco,Simples,Reta,Não,4.0,0.0,0.0,2.0,1.0,1.0,2.0,3.0,"-18,95638137","-49,73034202",SPRF-MG,DEL15-MG,UOP03-DEL15-MG
586893,2024-03-13,quarta-feira,03:20:00,AL,101.0,"59,5",MESSIAS,Velocidade Incompatível,Tombamento,Sem Vítimas,Plena Noite,Decrescente,Céu Claro,Dupla,Curva,Sim,1.0,0.0,0.0,0.0,1.0,0.0,0.0,1.0,"-9,28599114","-35,80320663",SPRF-AL,DEL01-AL,UOP02-DEL01-AL
586894,2024-03-13,quarta-feira,03:45:00,PR,376.0,392,IMBAU,Demais falhas mecânicas ou elétricas,Incêndio,Sem Vítimas,Plena Noite,Crescente,Céu Claro,Dupla,Aclive;Reta,Não,4.0,0.0,0.0,0.0,3.0,1.0,0.0,2.0,"-24,537697","-50,694386",SPRF-PR,DEL03-PR,UOP02-DEL03-PR
586895,2024-03-13,quarta-feira,04:30:00,MS,262.0,144,AGUA CLARA,Acesso irregular,Atropelamento de Pedestre,Com Vítimas Feridas,Amanhecer,Decrescente,Céu Claro,Simples,Reta,Sim,3.0,0.0,0.0,1.0,1.0,2.0,1.0,4.0,"-20,44351084","-52,88373113",SPRF-MS,DEL07-MS,UOP02-DEL07-MS
586899,2024-03-13,quarta-feira,04:30:00,RN,406.0,72,JANDAIRA,Animais na Pista,Atropelamento de Animal,Com Vítimas Feridas,Amanhecer,Crescente,Céu Claro,Simples,Reta,Não,2.0,0.0,1.0,0.0,1.0,0.0,1.0,1.0,"-5,39308454","-36,04747925",SPRF-RN,DEL02-RN,UOP01-DEL02-RN
586900,2024-03-13,quarta-feira,06:30:00,RN,226.0,"130,3",CAMPO REDONDO,Reação tardia ou ineficiente do condutor,Tombamento,Com Vítimas Fatais,Pleno dia,Decrescente,Céu Claro,Simples,Curva,Não,1.0,1.0,0.0,0.0,0.0,0.0,0.0,1.0,"-6,20134833","-36,15535833",SPRF-RN,DEL03-RN,UOP02-DEL03-RN
586903,2024-03-13,quarta-feira,07:00:00,SC,480.0,"126,9",CHAPECO,Desrespeitar a preferência no cruzamento,Colisão transversal,Com Vítimas Feridas,Pleno dia,Crescente,Céu Claro,Simples,Reta;Interseção de Vias,Sim,2.0,0.0,1.0,0.0,1.0,0.0,1.0,2.0,"-27,020083","-52,636024",SPRF-SC,DEL07-SC,UOP01-DEL07-SC
586905,2024-03-13,quarta-feira,06:40:00,GO,20.0,116,FLORES DE GOIAS,Acumulo de água sobre o pavimento,Colisão frontal,Com Vítimas Feridas,Pleno dia,Decrescente,Chuva,Simples,Reta,Não,3.0,0.0,1.0,0.0,1.0,3.0,1.0,5.0,"-14,880402","-46,853172",SPRF-DF,DEL02-DF,UOP03-DEL02-DF
586907,2024-03-12,terça-feira,16:30:00,MT,364.0,"615,1",DIAMANTINO,Reação tardia ou ineficiente do condutor,Colisão lateral sentido oposto,Com Vítimas Feridas,Pleno dia,Decrescente,Céu Claro,Simples,Curva,Não,4.0,0.0,1.0,0.0,2.0,2.0,1.0,5.0,"-14,41680214","-56,30735406",SPRF-MT,DEL01-MT,UOP01-DEL01-MT
586914,2024-03-13,quarta-feira,05:50:00,SC,101.0,"176,5",BIGUACU,Demais falhas mecânicas ou elétricas,Colisão com objeto,Com Vítimas Feridas,Amanhecer,Decrescente,Céu Claro,Múltipla,Reta,Não,4.0,0.0,1.0,0.0,2.0,1.0,1.0,4.0,"-27,34661396","-48,63300917",SPRF-SC,DEL01-SC,UOP01-DEL01-SC
586915,2024-03-12,terça-feira,16:30:00,PA,163.0,"518,6",TRAIRAO,Manobra de mudança de faixa,Colisão frontal,Com Vítimas Feridas,Pleno dia,Crescente,Chuva,Simples,Curva,Não,4.0,0.0,0.0,1.0,2.0,6.0,1.0,8.0,"-5,36932212","-55,88988638",SPRF-PA,DEL05-PA,UOP02-DEL05-PA
586926,2024-03-13,quarta-feira,08:00:00,ES,262.0,"63,6",MARECHAL FLORIANO,Condutor Dormindo,Colisão frontal,Com Vítimas Fatais,Pleno dia,Decrescente,Céu Claro,Simples,Curva,Não,2.0,1.0,0.0,0.0,1.0,0.0,0.0,2.0,"-20,42077468","-40,80814348",SPRF-ES,DEL01-ES,UOP02-DEL01-ES
586929,2024-01-29,segunda-feira,07:30:00,PI,343.0,317,ALTOS,Reação tardia ou ineficiente do condutor,Saída de leito carroçável,Com Vítimas Feridas,Pleno dia,Crescente,Céu Claro,Simples,Reta,Não,1.0,0.0,1.0,0.0,0.0,0.0,1.0,1.0,"-5,044959","-42,544502",SPRF-PI,DEL01-PI,UOP01-DEL01-PI
586931,2024-03-13,quarta-feira,05:40:00,GO,20.0,54,FORMOSA,Demais falhas mecânicas ou elétricas,Tombamento,Com Vítimas Feridas,Pleno dia,Crescente,Nublado,Múltipla,Aclive,Não,2.0,0.0,1.0,0.0,0.0,1.0,1.0,2.0,"-15,298045","-47,148319",SPRF-DF,DEL02-DF,UOP02-DEL02-DF
586934,2024-03-13,quarta-feira,07:00:00,RN,226.0,61,SENADOR ELOI DE SOUZA,Conversão proibida,Colisão transversal,Com Vítimas Feridas,Pleno dia,Decrescente,Céu Claro,Simples,Interseção de Vias;Reta,Não,6.0,0.0,2.0,0.0,4.0,0.0,2.0,2.0,"-6,047607","-35,673655",SPRF-RN,DEL01-RN,UOP02-DEL01-RN
586935,2024-03-13,quarta-feira,06:15:00,RS,158.0,"366,3",DILERMANDO DE AGUIAR,Reação tardia ou ineficiente do condutor,Tombamento,Com Vítimas Feridas,Amanhecer,Crescente,Nevoeiro/Neblina,Simples,Reta,Não,2.0,0.0,0.0,2.0,0.0,0.0,2.0,1.0,"-29,82333684","-54,14367916",SPRF-RS,DEL09-RS,UOP01-DEL09-RS
586941,2024-03-13,quarta-feira,09:30:00,PR,116.0,120,CURITIBA,Demais falhas mecânicas ou elétricas,Colisão traseira,Sem Vítimas,Pleno dia,Crescente,Sol,Dupla,Reta,Sim,2.0,0.0,0.0,0.0,2.0,0.0,0.0,2.0,"-25,55122256","-49,30503748",SPRF-PR,DEL01-PR,UOP03-DEL01-PR
586952,2024-03-13,quarta-feira,10:00:00,MG,262.0,"431,7",SAO GONCALO DO PARA,Reação tardia ou ineficiente do condutor,Tombamento,Com Vítimas Feridas,Pleno dia,Decrescente,Céu Claro,Dupla,Curva;Aclive,Não,2.0,0.0,0.0,1.0,0.0,1.0,1.0,2.0,"-19,89164437","-44,81493401",SPRF-MG,DEL08-MG,UOP03-DEL08-MG
586954,2024-03-13,quarta-feira,04:00:00,BA,110.0,203,CIPO,Acesso irregular,Colisão com objeto,Sem Vítimas,Amanhecer,Decrescente,Ignorado,Simples,Reta,Sim,1.0,0.0,0.0,0.0,0.0,1.0,0.0,1.0,"-11,1335009","-38,51534268",SPRF-BA,DEL07-BA,UOP02-DEL07-BA
586964,2024-03-13,quarta-feira,08:50:00,PR,376.0,"314,7",ORTIGUEIRA,Velocidade Incompatível,Tombamento,Com Vítimas Feridas,Pleno dia,Crescente,Céu Claro,Dupla,Curva;Declive,Não,2.0,0.0,1.0,0.0,0.0,2.0,1.0,3.0,"-23,9846421","-51,08318031",SPRF-PR,DEL07-PR,UOP02-DEL07-PR
586966,2024-03-13,quarta-feira,11:30:00,RJ,101.0,267,RIO BONITO,Demais falhas mecânicas ou elétricas,Capotamento,Com Vítimas Feridas,Pleno dia,Decrescente,Céu Claro,Dupla,Reta,Não,2.0,0.0,1.0,0.0,1.0,0.0,1.0,1.0,"-22,70728329","-42,66059086",SPRF-RJ,DEL02-RJ,UOP03-DEL02-RJ
586967,2024-01-03,quarta-feira,03:00:00,RJ,393.0,205,VASSOURAS,Condutor Dormindo,Saída de leito carroçável,Sem Vítimas,Plena Noite,Decrescente,Chuva,Simples,Aclive;Reta,Não,1.0,0.0,0.0,0.0,1.0,0.0,0.0,1.0,"-22,24","-43,418945",SPRF-RJ,DEL05-RJ,UOP03-DEL05-RJ
586968,2024-03-13,quarta-feira,10:59:00,GO,70.0,2,AGUAS LINDAS DE GOIAS,Reação tardia ou ineficiente do condutor,Colisão traseira,Com Vítimas Feridas,Pleno dia,Crescente,Nublado,Dupla,Retorno Regulamentado;Reta,Sim,2.0,0.0,0.0,1.0,1.0,0.0,1.0,2.0,"-15,76095949","-48,23980808",SPRF-DF,DEL03-DF,UOP02-DEL03-DF
586973,2024-01-28,domingo,06:40:00,PR,277.0,307,GUARAPUAVA,Ausência de reação do condutor,Saída de leito carroçável,Com Vítimas Fatais,Amanhecer,Crescente,Céu Claro,Simples,Declive;Curva,Não,2.0,1.0,0.0,0.0,0.0,1.0,0.0,2.0,"-25,317425","-51,19501",SPRF-PR,DEL08-PR,UOP01-DEL08-PR
586978,2024-03-13,quarta-feira,11:20:00,BA,324.0,"554,5",AMELIA RODRIGUES,Velocidade Incompatível,Saída de leito carroçável,Com Vítimas Feridas,Pleno dia,Crescente,Nublado,Dupla,Reta;Aclive,Não,2.0,0.0,1.0,0.0,0.0,1.0,1.0,2.0,"-12,46037726","-38,69681519",SPRF-BA,DEL01-BA,UOP03-DEL01-BA
586981,2024-03-13,quarta-feira,12:42:00,PR,277.0,"430,3",VIRMOND,Desrespeitar a preferência no cruzamento,Colisão transversal,Com Vítimas Feridas,Pleno dia,Decrescente,Sol,Simples,Reta;Interseção de Vias,Sim,4.0,0.0,2.0,0.0,2.0,0.0,2.0,2.0,"-25,3784","-52,202767",SPRF-PR,DEL04-PR,UOP02-DEL04-PR
586994,2024-03-13,quarta-feira,12:40:00,CE,116.0,"79,9",CHOROZINHO,Ausência de reação do condutor,Colisão traseira,Com Vítimas Feridas,Pleno dia,Crescente,Garoa/Chuvisco,Simples,Reta;Em Obras,Não,3.0,0.0,1.0,0.0,1.0,1.0,1.0,3.0,"-4,38873492","-38,4326269",SPRF-CE,DEL03-CE,UOP02-DEL03-CE
586996,2024-01-20,sábado,03:05:00,SP,116.0,"459,5",PARIQUERA-ACU,Estacionar ou parar em local proibido,Colisão traseira,Com Vítimas Fatais,Plena Noite,Crescente,Céu Claro,Dupla,Reta,Não,4.0,1.0,1.0,0.0,1.0,2.0,1.0,4.0,"-24,60917609","-47,88176537",SPRF-SP,DEL05-SP,UOP01-DEL05-SP
587001,2024-03-13,quarta-feira,14:30:00,MG,40.0,"610,3",CONGONHAS,Conversão proibida,Colisão transversal,Com Vítimas Fatais,Pleno dia,Decrescente,Sol,Simples,Curva,Não,5.0,1.0,0.0,0.0,2.0,2.0,0.0,4.0,"-20,507255","-43,838394",SPRF-MG,DEL05-MG,UOP02-DEL05-MG
587003,2024-03-13,quarta-feira,14:35:00,MG,381.0,"914,4",CAMANDUCAIA,Demais falhas mecânicas ou elétricas,Colisão traseira,Com Vítimas Fatais,Pleno dia,Decrescente,Céu Claro,Dupla,Reta,Não,4.0,1.0,1.0,0.0,1.0,1.0,1.0,3.0,"-22,75611112","-46,15527895",SPRF-MG,DEL16-MG,UOP03-DEL16-MG
587006,2024-03-13,quarta-feira,13:30:00,MG,116.0,"142,9",PONTO DOS VOLANTES,Ausência de reação do condutor,Colisão traseira,Com Vítimas Feridas,Pleno dia,Decrescente,Chuva,Simples,Reta,Não,4.0,0.0,1.0,1.0,2.0,0.0,2.0,2.0,"-16,78485706","-41,48261649",SPRF-MG,DEL11-MG,UOP02-DEL11-MG
587009,2024-03-13,quarta-feira,14:50:00,SC,470.0,5,NAVEGANTES,Acessar a via sem observar a presença dos outros veículos,Colisão lateral mesmo sentido,Com Vítimas Feridas,Pleno dia,Decrescente,Céu Claro,Dupla,Em Obras,Não,2.0,0.0,0.0,1.0,1.0,0.0,1.0,2.0,"-26,855688","-48,700333",SPRF-SC,DEL04-SC,UOP04-DEL04-SC
587020,2024-03-13,quarta-feira,15:45:00,PR,277.0,"628,5",CEU AZUL,Transitar na contramão,Colisão frontal,Com Vítimas Fatais,Pleno dia,Decrescente,Céu Claro,Simples,Reta,Não,3.0,1.0,1.0,0.0,0.0,1.0,1.0,3.0,"-25,11179858","-53,77659087",SPRF-PR,DEL05-PR,UOP02-DEL05-PR
587022,2024-03-05,terça-feira,16:40:00,MT,174.0,263,VALE DE SAO DOMINGOS,Ultrapassagem Indevida,Colisão lateral mesmo sentido,Sem Vítimas,Pleno dia,Decrescente,Chuva,Simples,Aclive;Reta,Não,2.0,0.0,0.0,0.0,2.0,0.0,0.0,2.0,"-15,401676","-59,14259",SPRF-MT,DEL04-MT,UOP01-DEL04-MT
587023,2024-03-13,quarta-feira,14:00:00,BA,20.0,101,SAO DESIDERIO,Reação tardia ou ineficiente do condutor,Tombamento,Com Vítimas Feridas,Pleno dia,Crescente,Céu Claro,Simples,Reta,Não,2.0,0.0,1.0,0.0,0.0,1.0,1.0,2.0,"-12,9994","-45,99577",SPRF-BA,DEL10-BA,UOP01-DEL10-BA
587027,2024-03-13,quarta-feira,15:00:00,PB,230.0,"112,9",INGA,Pista Escorregadia,Saída de leito carroçável,Com Vítimas Feridas,Pleno dia,Crescente,Chuva,Dupla,Curva,Não,2.0,0.0,1.0,0.0,0.0,1.0,1.0,2.0,"-7,2117","-35,5822",SPRF-PB,DEL01-PB,UOP03-DEL01-PB
587028,2024-03-13,quarta-feira,16:15:00,PR,116.0,145,MANDIRITUBA,Velocidade Incompatível,Colisão frontal,Com Vítimas Feridas,Pleno dia,Decrescente,Céu Claro,Dupla,Em Obras;Reta,Não,5.0,0.0,0.0,2.0,2.0,2.0,2.0,5.0,"-25,77290167","-49,32325542",SPRF-PR,DEL01-PR,UOP03-DEL01-PR
587029,2024-03-13,quarta-feira,07:00:00,MS,262.0,618,MIRANDA,Ausência de reação do condutor,Tombamento,Sem Vítimas,Pleno dia,Crescente,Céu Claro,Simples,Reta,Não,2.0,0.0,0.0,0.0,1.0,1.0,0.0,2.0,"-19,96733704","-56,83601909",SPRF-MS,DEL03-MS,UOP02-DEL03-MS
587036,2024-03-13,quarta-feira,17:30:00,SC,470.0,147,RIO DO SUL,Ultrapassagem Indevida,Colisão transversal,Com Vítimas Feridas,Pleno dia,Decrescente,Céu Claro,Simples,Reta,Sim,2.0,0.0,0.0,1.0,1.0,0.0,1.0,2.0,"-27,240673","-49,685822",SPRF-SC,DEL04-SC,UOP02-DEL04-SC
587046,2024-03-13,quarta-feira,14:30:00,RJ,116.0,"274,6",BARRA MANSA,Ausência de reação do condutor,Colisão com objeto,Com Vítimas Feridas,Pleno dia,Decrescente,Sol,Dupla,Reta,Não,3.0,0.0,1.0,0.0,1.0,1.0,1.0,3.0,"-22,56163574","-44,14771584",SPRF-RJ,DEL07-RJ,UOP02-DEL07-RJ
587047,2024-03-13,quarta-feira,13:00:00,AL,101.0,82,RIO LARGO,Velocidade Incompatível,Tombamento,Com Vítimas Feridas,Pleno dia,Decrescente,Chuva,Dupla,Ponte;Declive,Não,1.0,0.0,1.0,0.0,0.0,0.0,1.0,1.0,"-9,44864971","-35,86079908",SPRF-AL,DEL01-AL,UOP01-DEL01-AL
587052,2024-03-13,quarta-feira,18:00:00,PR,163.0,293,MARECHAL CANDIDO RONDON,Acessar a via sem observar a presença dos outros veículos,Colisão transversal,Com Vítimas Feridas,Pleno dia,Crescente,Céu Claro,Simples,Aclive;Reta;Interseção de Vias,Não,3.0,0.0,0.0,1.0,1.0,1.0,1.0,3.0,"-24,51149718","-54,11831975",SPRF-PR,DEL06-PR,UOP02-DEL06-PR
587057,2024-03-13,quarta-feira,17:14:00,AC,317.0,292,EPITACIOLANDIA,Ausência de reação do condutor,Colisão transversal,Com Vítimas Feridas,Pleno dia,Decrescente,Céu Claro,Simples,Reta,Sim,2.0,0.0,1.0,0.0,1.0,0.0,1.0,2.0,"-11,03108421","-68,73276472",SPRF-AC,DEL01-AC,UOP02-DEL01-AC
587061,2024-03-13,quarta-feira,19:00:00,SC,101.0,"236,3",PALHOCA,Acessar a via sem observar a presença dos outros veículos,Colisão lateral mesmo sentido,Com Vítimas Fatais,Plena Noite,Crescente,Céu Claro,Dupla,Reta,Não,5.0,1.0,1.0,0.0,1.0,4.0,1.0,6.0,"-27,829308","-48,6300206",SPRF-SC,DEL01-SC,UOP02-DEL01-SC
587062,2024-03-13,quarta-feira,16:15:00,BA,330.0,830,IPIAU,Acessar a via sem observar a presença dos outros veículos,Colisão transversal,Com Vítimas Feridas,Pleno dia,Crescente,Céu Claro,Simples,Curva,Não,2.0,0.0,0.0,1.0,1.0,0.0,1.0,2.0,"-14,08149106","-39,78114237",SPRF-BA,DEL03-BA,UOP01-DEL03-BA
587068,2024-03-13,quarta-feira,18:10:00,MT,364.0,203,RONDONOPOLIS,Demais falhas mecânicas ou elétricas,Incêndio,Sem Vítimas,Anoitecer,Decrescente,Garoa/Chuvisco,Dupla,Reta,Sim,2.0,0.0,0.0,0.0,1.0,1.0,0.0,2.0,"-16,47555256","-54,65344724",SPRF-MT,DEL02-MT,UOP01-DEL02-MT
587069,2024-03-13,quarta-feira,14:00:00,MG,365.0,344,VARJAO DE MINAS,Mal súbito do condutor,Colisão frontal,Com Vítimas Feridas,Pleno dia,Crescente,Céu Claro,Simples,Reta,Sim,3.0,0.0,1.0,0.0,1.0,2.0,1.0,4.0,"-18,31606807","-45,981434",SPRF-MG,DEL10-MG,UOP01-DEL10-MG
587074,2024-03-13,quarta-feira,18:50:00,SC,101.0,"37,2",JOINVILLE,Avarias e/ou desgaste excessivo no pneu,Colisão com objeto,Com Vítimas Feridas,Plena Noite,Crescente,Céu Claro,Dupla,Reta,Não,4.0,0.0,1.0,0.0,2.0,2.0,1.0,5.0,"-26,25050176","-48,90863867",SPRF-SC,DEL03-SC,UOP01-DEL03-SC
587076,2024-03-13,quarta-feira,19:15:00,SE,101.0,"74,5",MARUIM,Demais falhas mecânicas ou elétricas,Incêndio,Sem Vítimas,Plena Noite,Crescente,Chuva,Dupla,Reta;Em Obras,Não,2.0,0.0,0.0,0.0,1.0,2.0,0.0,3.0,"-10,76273662","-37,11145231",SPRF-SE,DEL01-SE,UOP01-DEL01-SE
587085,2024-03-13,quarta-feira,21:50:00,AL,101.0,135,SAO MIGUEL DOS CAMPOS,Área urbana sem a presença de local apropriado para a travessia de pedestres,Atropelamento de Pedestre,Com Vítimas Fatais,Plena Noite,Crescente,Céu Claro,Simples,Reta,Sim,2.0,1.0,0.0,0.0,0.0,1.0,0.0,2.0,"-9,77991538","-36,10623646",SPRF-AL,DEL02-AL,UOP01-DEL02-AL
587089,2024-03-13,quarta-feira,18:05:00,PB,230.0,"124,3",RIACHAO DO BACAMARTE,Condutor Dormindo,Colisão traseira,Sem Vítimas,Plena Noite,Crescente,Chuva,Dupla,Aclive;Reta,Não,3.0,0.0,0.0,0.0,2.0,1.0,0.0,3.0,"-7,25038","-35,683654",SPRF-PB,DEL02-PB,UOP01-DEL02-PB
587100,2024-03-13,quarta-feira,15:45:00,PA,230.0,1116,ITAITUBA,Transitar na contramão,Colisão frontal,Com Vítimas Fatais,Pleno dia,Crescente,Garoa/Chuvisco,Simples,Reta,Não,3.0,1.0,0.0,0.0,1.0,2.0,0.0,4.0,"-4,35698041","-55,80607483",SPRF-PA,DEL05-PA,UOP02-DEL05-PA
587101,2024-03-13,quarta-feira,23:15:00,SP,116.0,85,PINDAMONHANGABA,Ausência de reação do condutor,Colisão traseira,Com Vítimas Feridas,Plena Noite,Decrescente,Céu Claro,Dupla,Reta,Sim,2.0,0.0,1.0,0.0,1.0,0.0,1.0,2.0,"-22,92211829","-45,34450085",SPRF-SP,DEL08-SP,UOP01-DEL08-SP
587102,2024-02-02,sexta-feira,05:40:00,SC,101.0,"106,1",PENHA,Ausência de reação do condutor,Colisão traseira,Com Vítimas Feridas,Amanhecer,Crescente,Nublado,Múltipla,Interseção de Vias;Retorno Regulamentado,Sim,3.0,0.0,1.0,0.0,1.0,2.0,1.0,4.0,"-26,81031601","-48,68293896",SPRF-SC,DEL03-SC,UOP02-DEL03-SC
587103,2024-03-13,quarta-feira,23:11:00,PE,424.0,91,GARANHUNS,Pedestre andava na pista,Atropelamento de Pedestre,Com Vítimas Fatais,Plena Noite,Crescente,Céu Claro,Simples,Reta,Não,2.0,1.0,0.0,0.0,0.0,1.0,0.0,2.0,"-8,90409633","-36,49974647",SPRF-PE,DEL03-PE,UOP01-DEL03-PE
587105,2024-03-14,quinta-feira,00:15:00,MG,262.0,554,LUZ,Ausência de reação do condutor,Tombamento,Com Vítimas Fatais,Plena Noite,Decrescente,Céu Claro,Simples,Curva,Não,2.0,1.0,0.0,0.0,0.0,1.0,0.0,2.0,"-19,71480322","-45,90726126",SPRF-MG,DEL08-MG,UOP02-DEL08-MG
587107,2024-03-14,quinta-feira,00:30:00,SC,101.0,"374,7",ICARA,Condutor Dormindo,Saída de leito carroçável,Com Vítimas Feridas,Plena Noite,Decrescente,Nevoeiro/Neblina,Dupla,Reta,Não,2.0,0.0,1.0,0.0,0.0,2.0,1.0,3.0,"-28,736311","-49,24681664",SPRF-SC,DEL02-SC,UOP01-DEL02-SC
587109,2024-03-14,quinta-feira,00:20:00,RJ,116.0,144,DUQUE DE CAXIAS,Pedestre cruzava a pista fora da faixa,Atropelamento de Pedestre,Com Vítimas Feridas,Plena Noite,Crescente,Céu Claro,Dupla,Reta,Não,2.0,0.0,1.0,0.0,1.0,0.0,1.0,2.0,"-22,66687859","-43,26368215",SPRF-RJ,DEL01-RJ,UOP02-DEL01-RJ
587110,2024-03-14,quinta-feira,00:03:00,PE,316.0,60,TRINDADE,Pedestre andava na pista,Atropelamento de Pedestre,Com Vítimas Fatais,Plena Noite,Decrescente,Nublado,Simples,Declive,Sim,2.0,1.0,0.0,0.0,0.0,1.0,0.0,2.0,"-7,777446","-40,247628",SPRF-PE,DEL05-PE,UOP02-DEL05-PE
587111,2024-03-13,quarta-feira,22:56:00,MG,381.0,"805,2",SAO GONCALO DO SAPUCAI,Carga excessiva e/ou mal acondicionada,Colisão com objeto,Com Vítimas Feridas,Plena Noite,Decrescente,Ignorado,Dupla,Reta,Não,2.0,0.0,1.0,0.0,1.0,0.0,1.0,2.0,"-21,97055811","-45,63081659",SPRF-MG,DEL16-MG,UOP02-DEL16-MG
587113,2024-03-14,quinta-feira,02:00:00,RS,392.0,"169,8",PIRATINI,Ausência de reação do condutor,Colisão lateral sentido oposto,Com Vítimas Fatais,Plena Noite,Crescente,Nevoeiro/Neblina,Simples,Reta,Não,3.0,1.0,0.0,1.0,0.0,1.0,1.0,3.0,"-31,07128409","-52,9987341",SPRF-RS,DEL07-RS,UOP01-DEL07-RS
587114,2024-03-14,quinta-feira,03:50:00,RJ,101.0,66,CAMPOS DOS GOYTACAZES,Reação tardia ou ineficiente do condutor,Colisão transversal,Com Vítimas Fatais,Plena Noite,Crescente,Céu Claro,Simples,Curva;Rotatória;Interseção de Vias,Sim,7.0,1.0,2.0,2.0,2.0,0.0,4.0,2.0,"-21,765306","-41,346521",SPRF-RJ,DEL08-RJ,UOP02-DEL08-RJ
587118,2024-03-14,quinta-feira,04:55:00,MG,381.0,481,CONTAGEM,Manobra de mudança de faixa,Colisão lateral mesmo sentido,Sem Vítimas,Amanhecer,Crescente,Céu Claro,Dupla,Reta,Sim,4.0,0.0,0.0,0.0,2.0,2.0,0.0,3.0,"-19,95931561","-44,08825597",SPRF-MG,DEL01-MG,UOP03-DEL01-MG
587119,2024-03-14,quinta-feira,05:58:00,ES,101.0,263,SERRA,Ausência de reação do condutor,Colisão traseira,Sem Vítimas,Amanhecer,Decrescente,Céu Claro,Múltipla,Reta,Sim,2.0,0.0,0.0,0.0,1.0,1.0,0.0,2.0,"-20,16554736","-40,27301648",SPRF-ES,DEL02-ES,UOP01-DEL02-ES
587123,2024-03-14,quinta-feira,05:30:00,SC,280.0,34,ARAQUARI,Acessar a via sem observar a presença dos outros veículos,Colisão transversal,Com Vítimas Feridas,Amanhecer,Decrescente,Céu Claro,Simples,Reta,Sim,3.0,0.0,1.0,0.0,1.0,2.0,1.0,4.0,"-26,42993971","-48,79615614",SPRF-SC,DEL03-SC,UOP03-DEL03-SC
587124,2024-03-14,quinta-feira,06:30:00,MG,381.0,486,BETIM,Trafegar com motocicleta (ou similar) entre as faixas,Colisão lateral mesmo sentido,Com Vítimas Fatais,Pleno dia,Decrescente,Céu Claro,Múltipla,Reta,Sim,2.0,1.0,0.0,0.0,0.0,1.0,0.0,2.0,"-19,95644414","-44,13611598",SPRF-MG,DEL01-MG,UOP03-DEL01-MG
587127,2024-03-14,quinta-feira,06:50:00,SP,381.0,80,SAO PAULO,Reação tardia ou ineficiente do condutor,Colisão traseira,Com Vítimas Feridas,Pleno dia,Decrescente,Céu Claro,Dupla,Aclive;Curva,Sim,2.0,0.0,1.0,0.0,0.0,1.0,1.0,2.0,"-23,40889686","-46,58095945",SPRF-SP,DEL03-SP,UOP01-DEL03-SP
587130,2024-03-14,quinta-feira,06:50:00,RS,448.0,21,CANOAS,Reação tardia ou ineficiente do condutor,Colisão traseira,Com Vítimas Feridas,Pleno dia,Crescente,Céu Claro,Múltipla,Reta,Não,5.0,0.0,2.0,0.0,3.0,0.0,2.0,3.0,"-29,96574","-51,202034",SPRF-RS,DEL01-RS,UOP01-DEL01-RS
587132,2024-03-13,quarta-feira,23:20:00,PA,316.0,119,SANTA MARIA DO PARA,Entrada inopinada do pedestre,Atropelamento de Pedestre,Com Vítimas Feridas,Plena Noite,Crescente,Céu Claro,Simples,Reta,Não,4.0,0.0,0.0,1.0,3.0,0.0,1.0,2.0,"-1,313478","-47,432678",SPRF-PA,DEL01-PA,UOP02-DEL01-PA