id,data_inversa,dia_semana,horario,uf,br,km,municipio,causa_acidente,tipo_acidente,classificacao_acidente,fase_dia,sentido_via,condicao_metereologica,tipo_pista,tracado_via,uso_solo,pessoas,mortos,feridos_leves,feridos_graves,ilesos,ignorados,feridos,veiculos,latitude,longitude,regional,delegacia,uop
587417,2024-03-15,sexta-feira,12:00:00,MG,116.0,"221,4",CATUJI,Ausência de reação do condutor,Colisão traseira,Com Vítimas Feridas,Pleno dia,Crescente,Céu Claro,Simples,Reta,Não,5.0,0.0,3.0,1.0,1.0,0.0,4.0,3.0,"-17,418719","-41,51359",SPRF-MG,DEL11-MG,UOP01-DEL11-MG
587420,2024-03-11,segunda-feira,11:08:00,RS,392.0,247,CACAPAVA DO SUL,Acessar a via sem observar a presença dos outros veículos,Colisão transversal,Com Vítimas Feridas,Pleno dia,Crescente,Céu Claro,Simples,Declive,Não,3.0,0.0,1.0,0.0,1.0,3.0,1.0,5.0,"-30,56321289","-53,40525986",SPRF-RS,DEL09-RS,UOP02-DEL09-RS
587426,2024-03-15,sexta-feira,12:20:00,AM,174.0,"890,1",MANAUS,Ultrapassagem Indevida,Colisão lateral sentido oposto,Com Vítimas Feridas,Pleno dia,Crescente,Nublado,Simples,Reta,Não,4.0,0.0,1.0,0.0,2.0,2.0,1.0,4.0,"-2,92441787","-60,03694179",SPRF-AM,DEL01-AM,UOP01-DEL01-AM
587431,2024-03-15,sexta-feira,14:15:00,MG,40.0,"708,2",BARBACENA,Ultrapassagem Indevida,Colisão lateral mesmo sentido,Com Vítimas Feridas,Pleno dia,Decrescente,Sol,Dupla,Reta,Não,3.0,0.0,1.0,0.0,1.0,1.0,1.0,3.0,"-21,23806504","-43,70295899",SPRF-MG,DEL05-MG,UOP02-DEL05-MG
587433,2024-03-15,sexta-feira,15:30:00,AL,104.0,64,MURICI,Condutor Dormindo,Colisão lateral sentido oposto,Com Vítimas Feridas,Pleno dia,Decrescente,Céu Claro,Simples,Reta,Não,8.0,0.0,4.0,0.0,4.0,0.0,4.0,4.0,"-9,3301775","-35,90512004",SPRF-AL,DEL01-AL,UOP02-DEL01-AL
587434,2024-03-15,sexta-feira,15:00:00,MT,364.0,250,JUSCIMEIRA,Ausência de reação do condutor,Colisão traseira,Com Vítimas Feridas,Pleno dia,Decrescente,Céu Claro,Dupla,Reta,Não,6.0,0.0,1.0,0.0,5.0,0.0,1.0,2.0,"-16,12029135","-54,85333523",SPRF-MT,DEL02-MT,UOP01-DEL02-MT
587437,2024-03-15,sexta-feira,15:10:00,SC,116.0,"11,9",MAFRA,Condutor Dormindo,Colisão traseira,Com Vítimas Feridas,Pleno dia,Decrescente,Céu Claro,Simples,Reta,Não,5.0,0.0,1.0,0.0,4.0,0.0,1.0,2.0,"-26,17627262","-49,8580203",SPRF-SC,DEL06-SC,UOP01-DEL06-SC
587442,2024-03-03,domingo,02:11:00,MS,262.0,753,CORUMBA,Ausência de reação do condutor,Colisão lateral sentido oposto,Com Vítimas Feridas,Plena Noite,Decrescente,Céu Claro,Simples,Reta,Não,3.0,0.0,0.0,1.0,1.0,1.0,1.0,3.0,"-19,20367401","-57,64584345",SPRF-MS,DEL03-MS,UOP03-DEL03-MS
587444,2024-03-15,sexta-feira,16:15:00,SC,101.0,135,BALNEARIO CAMBORIU,Reação tardia ou ineficiente do condutor,Colisão traseira,Com Vítimas Feridas,Pleno dia,Crescente,Céu Claro,Dupla,Reta,Sim,6.0,0.0,1.0,1.0,2.0,4.0,2.0,7.0,"-27,0050108","-48,62677494",SPRF-SC,DEL04-SC,UOP03-DEL04-SC
587450,2024-03-15,sexta-feira,15:50:00,MT,163.0,1019,TERRA NOVA DO NORTE,Ultrapassagem Indevida,Saída de leito carroçável,Com Vítimas Feridas,Pleno dia,Crescente,Céu Claro,Simples,Reta;Aclive,Não,3.0,0.0,2.0,0.0,0.0,6.0,2.0,8.0,"-10,331053","-55,03852",SPRF-MT,DEL06-MT,UOP03-DEL06-MT
587452,2024-03-15,sexta-feira,14:58:00,PI,343.0,"589,9",FLORIANO,Ausência de reação do condutor,Colisão traseira,Com Vítimas Fatais,Pleno dia,Crescente,Nublado,Dupla,Reta,Sim,3.0,1.0,0.0,0.0,1.0,3.0,0.0,5.0,"-6,776695","-43,009346",SPRF-PI,DEL03-PI,UOP01-DEL03-PI
587459,2024-02-29,quinta-feira,06:00:00,MG,40.0,613,CONGONHAS,Reação tardia ou ineficiente do condutor,Colisão lateral sentido oposto,Com Vítimas Feridas,Amanhecer,Decrescente,Nublado,Simples,Curva,Não,2.0,0.0,1.0,0.0,0.0,1.0,1.0,2.0,"-20,53007002","-43,82353351",SPRF-MG,DEL05-MG,UOP02-DEL05-MG
587460,2024-03-15,sexta-feira,14:43:00,MG,40.0,"708,5",BARBACENA,Reação tardia ou ineficiente do condutor,Colisão traseira,Com Vítimas Feridas,Pleno dia,Decrescente,Céu Claro,Múltipla,Reta;Aclive,Não,3.0,0.0,1.0,0.0,2.0,0.0,1.0,2.0,"-21,23355421","-43,72566853",SPRF-MG,DEL05-MG,UOP02-DEL05-MG
587466,2024-03-15,sexta-feira,13:50:00,PE,428.0,84,SANTA MARIA DA BOA VISTA,Velocidade Incompatível,Colisão lateral sentido oposto,Com Vítimas Feridas,Pleno dia,Decrescente,Céu Claro,Simples,Reta,Sim,3.0,0.0,0.0,1.0,1.0,1.0,1.0,3.0,"-8,79836855","-39,83115382",SPRF-PE,DEL06-PE,UOP03-DEL06-PE
587472,2024-03-15,sexta-feira,13:35:00,RS,386.0,101,SAO JOSE DAS MISSOES,Ausência de reação do condutor,Tombamento,Com Vítimas Feridas,Pleno dia,Decrescente,Céu Claro,Simples,Curva,Não,2.0,0.0,1.0,0.0,0.0,1.0,1.0,2.0,"-27,763994","-53,09584",SPRF-RS,DEL08-RS,UOP01-DEL08-RS
587473,2024-03-15,sexta-feira,16:00:00,MA,316.0,559,CAXIAS,Transitar na contramão,Colisão frontal,Com Vítimas Feridas,Pleno dia,Crescente,Chuva,Simples,Curva,Não,2.0,0.0,0.0,1.0,1.0,0.0,1.0,2.0,"-4,886379","-43,292355",SPRF-MA,DEL03-MA,UOP02-DEL03-MA
587484,2024-03-15,sexta-feira,20:00:00,ES,259.0,54,COLATINA,Condutor deixou de manter distância do veículo da frente,Colisão traseira,Com Vítimas Feridas,Plena Noite,Decrescente,Céu Claro,Dupla,Reta,Não,3.0,0.0,0.0,1.0,1.0,1.0,1.0,3.0,"-19,49717055","-40,63711495",SPRF-ES,DEL02-ES,UOP01-DEL02-ES
587492,2024-03-15,sexta-feira,13:50:00,BA,110.0,"376,5",CATU,Curva acentuada,Saída de leito carroçável,Com Vítimas Feridas,Pleno dia,Crescente,Céu Claro,Simples,Curva,Não,2.0,0.0,1.0,0.0,0.0,1.0,1.0,2.0,"-12,41579896","-38,47467614",SPRF-BA,DEL01-BA,UOP01-DEL01-BA
587493,2024-03-15,sexta-feira,17:40:00,BA,418.0,121,NOVA VICOSA,Manobra de mudança de faixa,Colisão frontal,Com Vítimas Fatais,Anoitecer,Decrescente,Céu Claro,Simples,Reta,Não,8.0,4.0,1.0,0.0,3.0,0.0,1.0,4.0,"-17,88735087","-40,09280942",SPRF-BA,DEL09-BA,UOP02-DEL09-BA
587495,2024-03-15,sexta-feira,19:09:00,PE,232.0,485,VERDEJANTE,Transitar na contramão,Colisão lateral sentido oposto,Com Vítimas Feridas,Plena Noite,Decrescente,Céu Claro,Simples,Aclive;Reta,Não,3.0,0.0,0.0,1.0,1.0,1.0,1.0,3.0,"-8,00758456","-38,93223474",SPRF-PE,DEL05-PE,UOP01-DEL05-PE
587497,2024-03-15,sexta-feira,19:10:00,MG,153.0,197,FRUTAL,Acessar a via sem observar a presença dos outros veículos,Colisão transversal,Com Vítimas Feridas,Plena Noite,Decrescente,Céu Claro,Simples,Interseção de Vias;Rotatória,Não,3.0,0.0,1.0,0.0,2.0,0.0,1.0,2.0,"-19,97863114","-49,0111349",SPRF-MG,DEL13-MG,UOP02-DEL13-MG
587502,2024-03-15,sexta-feira,18:39:00,RJ,116.0,115,MAGE,Falta de acostamento,Colisão traseira,Com Vítimas Feridas,Plena Noite,Decrescente,Ignorado,Simples,Reta,Sim,3.0,0.0,0.0,1.0,1.0,1.0,1.0,3.0,"-22,58686665","-43,0179492",SPRF-RJ,DEL04-RJ,UOP02-DEL04-RJ
587509,2024-03-15,sexta-feira,16:30:00,RO,421.0,38,MONTE NEGRO,Manobra de mudança de faixa,Colisão lateral mesmo sentido,Com Vítimas Feridas,Pleno dia,Crescente,Nublado,Simples,Reta,Não,2.0,0.0,1.0,0.0,1.0,0.0,1.0,2.0,"-10,182835","-63,229015",SPRF-RO,DEL03-RO,UOP01-DEL03-RO
587515,2024-03-15,sexta-feira,20:30:00,PA,155.0,297,MARABA,Ausência de reação do condutor,Colisão traseira,Com Vítimas Feridas,Plena Noite,Crescente,Céu Claro,Simples,Reta,Não,2.0,0.0,0.0,1.0,1.0,0.0,1.0,2.0,"-5,75471176","-49,15875626",SPRF-PA,DEL03-PA,UOP01-DEL03-PA
587518,2024-03-15,sexta-feira,20:40:00,SC,101.0,144,ITAPEMA,Reação tardia ou ineficiente do condutor,Colisão traseira,Com Vítimas Feridas,Plena Noite,Decrescente,Céu Claro,Dupla,Curva,Não,2.0,0.0,1.0,0.0,0.0,1.0,1.0,2.0,"-27,0732659","-48,59672716",SPRF-SC,DEL04-SC,UOP03-DEL04-SC
587529,2024-03-15,sexta-feira,17:40:00,PR,277.0,"484,1",NOVA LARANJEIRAS,Velocidade Incompatível,Tombamento,Com Vítimas Feridas,Pleno dia,Decrescente,Céu Claro,Simples,Curva,Não,2.0,0.0,0.0,1.0,0.0,1.0,1.0,2.0,"-25,25887975","-52,62859052",SPRF-PR,DEL04-PR,UOP02-DEL04-PR
587533,2024-03-15,sexta-feira,19:00:00,GO,20.0,192,POSSE,Ausência de reação do condutor,Colisão traseira,Sem Vítimas,Plena Noite,Decrescente,Nublado,Simples,Reta,Não,2.0,0.0,0.0,0.0,1.0,1.0,0.0,2.0,"-14,381867","-46,446095",SPRF-DF,DEL02-DF,UOP03-DEL02-DF
587539,2024-03-15,sexta-feira,22:00:00,SC,470.0,"72,6",INDAIAL,Reação tardia ou ineficiente do condutor,Colisão traseira,Com Vítimas Feridas,Plena Noite,Crescente,Céu Claro,Dupla,Viaduto;Reta,Não,5.0,0.0,1.0,0.0,3.0,2.0,1.0,4.0,"-26,901979","-49,268745",SPRF-SC,DEL04-SC,UOP01-DEL04-SC
587543,2024-03-15,sexta-feira,20:17:00,SP,381.0,"37,5",ATIBAIA,Condutor deixou de manter distância do veículo da frente,Colisão traseira,Com Vítimas Feridas,Plena Noite,Decrescente,Céu Claro,Dupla,Reta,Sim,4.0,0.0,1.0,1.0,1.0,1.0,2.0,3.0,"-23,09707232","-46,57180706",SPRF-SP,DEL03-SP,UOP01-DEL03-SP
587548,2024-03-15,sexta-feira,23:17:00,RJ,101.0,332,RIO DE JANEIRO,Ausência de reação do condutor,Colisão traseira,Com Vítimas Feridas,Plena Noite,Decrescente,Céu Claro,Dupla,Reta,Sim,2.0,0.0,1.0,0.0,1.0,0.0,1.0,2.0,"-22,87133305","-43,20407695",SPRF-RJ,DEL02-RJ,UOP01-DEL02-RJ
587556,2024-03-15,sexta-feira,21:00:00,PR,153.0,"513,5",GENERAL CARNEIRO,Condutor Dormindo,Saída de leito carroçável,Com Vítimas Feridas,Plena Noite,Crescente,Céu Claro,Simples,Curva,Não,2.0,0.0,1.0,0.0,0.0,1.0,1.0,2.0,"-26,53878004","-51,41670227",SPRF-PR,DEL02-PR,UOP03-DEL02-PR
587566,2024-03-15,sexta-feira,18:00:00,RO,435.0,28,VILHENA,Reação tardia ou ineficiente do condutor,Colisão traseira,Com Vítimas Feridas,Anoitecer,Crescente,Céu Claro,Simples,Reta,Não,3.0,0.0,2.0,0.0,1.0,0.0,2.0,2.0,"-12,79069361","-60,35954018",SPRF-RO,DEL04-RO,UOP02-DEL04-RO
587570,2024-03-16,sábado,00:50:00,PR,116.0,"6,9",CAMPINA GRANDE DO SUL,Condutor Dormindo,Colisão com objeto,Com Vítimas Feridas,Plena Noite,Crescente,Nublado,Dupla,Curva,Não,2.0,0.0,1.0,0.0,0.0,1.0,1.0,2.0,"-25,0823759","-48,6158217",SPRF-PR,DEL01-PR,UOP02-DEL01-PR
587574,2024-03-16,sábado,02:15:00,MG,381.0,378,SAO GONCALO DO RIO ABAIXO,Velocidade Incompatível,Colisão lateral sentido oposto,Com Vítimas Feridas,Plena Noite,Crescente,Céu Claro,Simples,Curva,Não,3.0,0.0,1.0,0.0,1.0,1.0,1.0,3.0,"-19,83376284","-43,36060015",SPRF-MG,DEL01-MG,UOP01-DEL01-MG
587575,2024-03-16,sábado,03:25:00,PR,376.0,300,MAUA DA SERRA,Reação tardia ou ineficiente do condutor,Tombamento,Com Vítimas Feridas,Plena Noite,Crescente,Céu Claro,Dupla,Curva,Não,2.0,0.0,1.0,0.0,0.0,1.0,1.0,2.0,"-23,93311143","-51,13293074",SPRF-PR,DEL07-PR,UOP02-DEL07-PR
587582,2024-03-16,sábado,04:30:00,SC,101.0,151,ITAPEMA,Ingestão de álcool pelo condutor,Colisão lateral mesmo sentido,Sem Vítimas,Plena Noite,Crescente,Céu Claro,Dupla,Reta,Sim,3.0,0.0,0.0,0.0,2.0,1.0,0.0,3.0,"-27,126536","-48,609642",SPRF-SC,DEL04-SC,UOP03-DEL04-SC
587584,2024-03-16,sábado,06:00:00,TO,153.0,624,ALIANCA DO TOCANTINS,Ingestão de álcool pelo condutor,Colisão traseira,Com Vítimas Feridas,Amanhecer,Decrescente,Chuva,Simples,Reta,Sim,3.0,0.0,1.0,0.0,1.0,1.0,1.0,3.0,"-11,30983199","-48,94108506",SPRF-TO,DEL01-TO,UOP02-DEL01-TO
587601,2024-02-09,sexta-feira,12:20:00,PR,163.0,"225,4",CASCAVEL,Acesso irregular,Colisão traseira,Com Vítimas Feridas,Pleno dia,Decrescente,Céu Claro,Dupla,Reta,Não,3.0,0.0,1.0,0.0,1.0,1.0,1.0,3.0,"-24,897235","-53,533793",SPRF-PR,DEL04-PR,UOP01-DEL04-PR
587605,2024-03-16,sábado,05:20:00,SP,116.0,22,LAVRINHAS,Condutor Dormindo,Tombamento,Sem Vítimas,Amanhecer,Crescente,Céu Claro,Dupla,Curva;Aclive,Não,2.0,0.0,0.0,0.0,1.0,1.0,0.0,2.0,"-22,58368521","-44,87772952",SPRF-SP,DEL08-SP,UOP02-DEL08-SP
587609,2024-03-16,sábado,04:34:00,AL,101.0,"10,6",NOVO LINO,Condutor Dormindo,Atropelamento de Pedestre,Com Vítimas Fatais,Amanhecer,Decrescente,Céu Claro,Dupla,Declive;Reta,Não,2.0,1.0,0.0,0.0,0.0,1.0,0.0,2.0,"-8,9481489","-35,66640005",SPRF-AL,DEL01-AL,UOP02-DEL01-AL
587611,2024-03-16,sábado,07:15:00,AL,101.0,83,RIO LARGO,Condutor Dormindo,Saída de leito carroçável,Com Vítimas Feridas,Pleno dia,Crescente,Céu Claro,Dupla,Interseção de Vias;Viaduto,Não,2.0,0.0,1.0,0.0,0.0,1.0,1.0,2.0,"-9,440261","-35,836445",SPRF-AL,DEL01-AL,UOP01-DEL01-AL
587614,2024-03-16,sábado,02:20:00,SC,282.0,"582,5",PINHALZINHO,Condutor Dormindo,Saída de leito carroçável,Com Vítimas Feridas,Plena Noite,Decrescente,Céu Claro,Simples,Curva,Não,1.0,0.0,1.0,0.0,0.0,0.0,1.0,1.0,"-26,826683","-53,002621",SPRF-SC,DEL07-SC,UOP02-DEL07-SC
587619,2024-03-15,sexta-feira,23:40:00,RJ,356.0,156,CAMPOS DOS GOYTACAZES,Transitar na contramão,Colisão frontal,Sem Vítimas,Plena Noite,Crescente,Céu Claro,Simples,Reta,Não,3.0,0.0,0.0,0.0,1.0,2.0,0.0,3.0,"-21,74176222","-41,21112786",SPRF-RJ,DEL08-RJ,UOP02-DEL08-RJ
587630,2024-03-16,sábado,01:00:00,AC,364.0,48,SENADOR GUIOMARD,Ausência de reação do condutor,Saída de leito carroçável,Com Vítimas Fatais,Plena Noite,Crescente,Céu Claro,Simples,Reta,Não,2.0,1.0,0.0,0.0,0.0,1.0,0.0,2.0,"-9,98334098","-67,16174101",SPRF-AC,DEL01-AC,UOP03-DEL01-AC
587637,2024-03-16,sábado,06:40:00,BA,116.0,749,POCOES,Ausência de reação do condutor,Saída de leito carroçável,Com Vítimas Feridas,Amanhecer,Crescente,Céu Claro,Simples,Declive;Reta,Não,1.0,0.0,1.0,0.0,0.0,0.0,1.0,1.0,"-14,46782","-40,340414",SPRF-BA,DEL08-BA,UOP02-DEL08-BA
587640,2024-03-16,sábado,10:25:00,RN,304.0,"105,6",ACU,Avarias e/ou desgaste excessivo no pneu,Saída de leito carroçável,Com Vítimas Feridas,Pleno dia,Crescente,Céu Claro,Simples,Curva,Não,1.0,0.0,1.0,0.0,0.0,0.0,1.0,1.0,"-5,58751146","-36,98086088",SPRF-RN,DEL04-RN,UOP01-DEL04-RN
587658,2024-03-16,sábado,06:55:00,RJ,116.0,195,QUEIMADOS,Condutor deixou de manter distância do veículo da frente,Colisão traseira,Sem Vítimas,Pleno dia,Crescente,Céu Claro,Dupla,Reta,Sim,2.0,0.0,0.0,0.0,2.0,0.0,0.0,2.0,"-22,73573614","-43,54749701",SPRF-RJ,DEL06-RJ,UOP01-DEL06-RJ
587668,2024-03-16,sábado,12:30:00,DF,40.0,3,BRASILIA,Reação tardia ou ineficiente do condutor,Colisão traseira,Com Vítimas Feridas,Pleno dia,Decrescente,Céu Claro,Dupla,Reta,Sim,3.0,0.0,0.0,1.0,1.0,1.0,1.0,3.0,"-16,00656649","-47,98326015",SPRF-DF,DEL01-DF,UOP01-DEL01-DF
587671,2024-03-16,sábado,12:40:00,PE,232.0,28,MORENO,Carga excessiva e/ou mal acondicionada,Derramamento de carga,Sem Vítimas,Pleno dia,Decrescente,Céu Claro,Dupla,Reta,Não,2.0,0.0,0.0,0.0,2.0,0.0,0.0,2.0,"-8,11290892","-35,13442099",SPRF-PE,DEL01-PE,UOP01-DEL01-PE
587674,2024-03-16,sábado,13:50:00,SP,153.0,119,UBARANA,Ausência de reação do condutor,Engavetamento,Com Vítimas Feridas,Pleno dia,Crescente,Céu Claro,Simples,Reta,Não,8.0,0.0,1.0,0.0,6.0,3.0,1.0,7.0,"-21,16208007","-49,71112986",SPRF-SP,DEL09-SP,UOP01-DEL09-SP
587677,2024-03-16,sábado,14:15:00,PE,101.0,51,PAULISTA,Acesso irregular,Colisão lateral mesmo sentido,Sem Vítimas,Pleno dia,Decrescente,Céu Claro,Dupla,Reta,Sim,4.0,0.0,0.0,0.0,2.0,3.0,0.0,4.0,"-7,9169968","-34,89689272",SPRF-PE,DEL01-PE,UOP02-DEL01-PE
587683,2024-03-16,sábado,13:50:00,PE,101.0,"162,5",GAMELEIRA,Condutor Dormindo,Colisão traseira,Com Vítimas Feridas,Pleno dia,Decrescente,Céu Claro,Dupla,Curva;Aclive,Não,5.0,0.0,2.0,1.0,1.0,1.0,3.0,3.0,"-8,550736","-35,44117",SPRF-PE,DEL01-PE,UOP03-DEL01-PE
587687,2024-03-16,sábado,15:00:00,BA,116.0,"350,9",SERRINHA,Demais falhas mecânicas ou elétricas,Incêndio,Sem Vítimas,Pleno dia,Crescente,Céu Claro,Simples,Reta;Aclive,Não,2.0,0.0,0.0,0.0,1.0,1.0,0.0,2.0,"-11,60011202","-38,98482819",SPRF-BA,DEL02-BA,UOP01-DEL02-BA
587689,2024-02-23,sexta-feira,23:00:00,PI,316.0,285,DOM EXPEDITO LOPES,Reação tardia ou ineficiente do condutor,Colisão transversal,Com Vítimas Feridas,Pleno dia,Decrescente,Céu Claro,Simples,Reta;Interseção de Vias,Sim,2.0,0.0,0.0,1.0,0.0,1.0,1.0,2.0,"-6,96840473","-41,65280499",SPRF-PI,DEL04-PI,UOP01-DEL04-PI
587693,2024-03-16,sábado,16:40:00,BA,324.0,623,SALVADOR,Acessar a via sem observar a presença dos outros veículos,Colisão traseira,Sem Vítimas,Pleno dia,Crescente,Céu Claro,Simples,Reta,Sim,2.0,0.0,0.0,0.0,2.0,0.0,0.0,2.0,"-12,933839","-38,47190701",SPRF-BA,DEL01-BA,UOP01-DEL01-BA
587698,2024-03-16,sábado,15:00:00,SC,470.0,"75,3",INDAIAL,Reação tardia ou ineficiente do condutor,Saída de leito carroçável,Com Vítimas Feridas,Pleno dia,Crescente,Céu Claro,Simples,Reta,Não,3.0,0.0,1.0,1.0,1.0,0.0,2.0,1.0,"-26,924833","-49,284004",SPRF-SC,DEL04-SC,UOP01-DEL04-SC
587700,2024-03-16,sábado,14:32:00,RS,116.0,107,SAO MARCOS,Desrespeitar a preferência no cruzamento,Colisão transversal,Com Vítimas Feridas,Pleno dia,Decrescente,Chuva,Simples,Interseção de Vias;Reta,Não,2.0,0.0,0.0,1.0,1.0,0.0,1.0,2.0,"-28,924318","-51,10364",SPRF-RS,DEL05-RS,UOP01-DEL05-RS
587703,2024-03-16,sábado,16:00:00,SC,470.0,"81,8",RODEIO,Ausência de reação do condutor,Colisão transversal,Com Vítimas Feridas,Pleno dia,Crescente,Céu Claro,Simples,Curva,Não,7.0,0.0,2.0,0.0,5.0,0.0,2.0,3.0,"-26,950367","-49,325638",SPRF-SC,DEL04-SC,UOP01-DEL04-SC
587724,2024-03-16,sábado,19:11:00,BA,242.0,849,BARREIRAS,Ingestão de álcool pelo condutor,Colisão traseira,Com Vítimas Feridas,Plena Noite,Crescente,Nublado,Simples,Reta,Não,3.0,0.0,2.0,0.0,1.0,0.0,2.0,2.0,"-12,11105085","-45,27935098",SPRF-BA,DEL10-BA,UOP01-DEL10-BA
587733,2024-03-16,sábado,21:40:00,SC,280.0,"25,5",ARAQUARI,Acessar a via sem observar a presença dos outros veículos,Colisão transversal,Com Vítimas Feridas,Plena Noite,Crescente,Nublado,Simples,Reta,Sim,4.0,0.0,2.0,0.0,2.0,0.0,2.0,2.0,"-26,38352781","-48,72677516",SPRF-SC,DEL03-SC,UOP03-DEL03-SC
587734,2024-03-16,sábado,19:09:00,AC,364.0,126,RIO BRANCO,Transitar na contramão,Colisão lateral sentido oposto,Com Vítimas Feridas,Plena Noite,Decrescente,Nublado,Simples,Reta,Não,2.0,0.0,0.0,1.0,0.0,1.0,1.0,2.0,"-10,012822","-67,80875",SPRF-AC,DEL01-AC,UOP01-DEL01-AC
587754,2024-03-16,sábado,22:30:00,SC,116.0,255,LAGES,Acessar a via sem observar a presença dos outros veículos,Colisão frontal,Sem Vítimas,Plena Noite,Crescente,Céu Claro,Simples,Reta,Não,2.0,0.0,0.0,0.0,1.0,1.0,0.0,2.0,"-27,87402097","-50,40238738",SPRF-SC,DEL05-SC,UOP02-DEL05-SC
587761,2024-03-17,domingo,00:40:00,PR,163.0,331,GUAIRA,Ingestão de álcool pelo condutor,Colisão lateral sentido oposto,Sem Vítimas,Plena Noite,Decrescente,Céu Claro,Simples,Reta,Não,3.0,0.0,0.0,0.0,2.0,2.0,0.0,4.0,"-24,240841","-54,19934555",SPRF-PR,DEL06-PR,UOP01-DEL06-PR
587763,2024-03-17,domingo,01:35:00,BA,116.0,819,VITORIA DA CONQUISTA,Transitar na contramão,Colisão lateral sentido oposto,Com Vítimas Feridas,Plena Noite,Decrescente,Nublado,Simples,Reta,Sim,2.0,0.0,1.0,0.0,1.0,0.0,1.0,2.0,"-14,82998268","-40,83120346",SPRF-BA,DEL08-BA,UOP01-DEL08-BA
587771,2024-03-17,domingo,01:00:00,BA,101.0,372,GANDU,Transitar na contramão,Colisão frontal,Com Vítimas Fatais,Plena Noite,Crescente,Céu Claro,Simples,Reta,Não,5.0,1.0,2.0,0.0,2.0,0.0,2.0,2.0,"-13,806102","-39,496459",SPRF-BA,DEL05-BA,UOP03-DEL05-BA
587773,2024-03-17,domingo,02:48:00,ES,101.0,268,SERRA,Transitar na contramão,Colisão frontal,Sem Vítimas,Plena Noite,Decrescente,Céu Claro,Múltipla,Reta,Sim,2.0,0.0,0.0,0.0,1.0,1.0,0.0,2.0,"-20,21740496","-40,26990578",SPRF-ES,DEL02-ES,UOP01-DEL02-ES
587774,2024-03-17,domingo,00:00:00,MS,267.0,152,NOVA ANDRADINA,Reação tardia ou ineficiente do condutor,Colisão traseira,Com Vítimas Feridas,Plena Noite,Crescente,Céu Claro,Simples,Aclive,Não,3.0,0.0,1.0,0.0,1.0,4.0,1.0,6.0,"-21,64220699","-53,491255",SPRF-MS,DEL02-MS,UOP03-DEL02-MS
587801,2024-03-17,domingo,03:30:00,MT,364.0,"60,5",ALTO GARCAS,Condutor deixou de manter distância do veículo da frente,Colisão frontal,Com Vítimas Feridas,Amanhecer,Crescente,Nevoeiro/Neblina,Simples,Reta,Não,5.0,0.0,0.0,3.0,1.0,1.0,3.0,4.0,"-16,93603436","-53,55152193",SPRF-MT,DEL02-MT,UOP02-DEL02-MT
587805,2024-03-17,domingo,00:00:00,MG,116.0,577,MANHUACU,Reação tardia ou ineficiente do condutor,Saída de leito carroçável,Com Vítimas Feridas,Plena Noite,Crescente,Céu Claro,Simples,Curva,Não,2.0,0.0,1.0,0.0,0.0,1.0,1.0,2.0,"-20,161295","-42,189066",SPRF-MG,DEL06-MG,UOP03-DEL06-MG
587811,2024-03-17,domingo,06:15:00,BA,242.0,221,ITABERABA,Transitar na contramão,Colisão frontal,Com Vítimas Fatais,Amanhecer,Crescente,Céu Claro,Simples,Reta,Não,3.0,1.0,0.0,0.0,1.0,3.0,0.0,5.0,"-12,52111","-40,24028",SPRF-BA,DEL06-BA,UOP02-DEL06-BA
587824,2024-03-17,domingo,10:10:00,RJ,101.0,83,CAMPOS DOS GOYTACAZES,Avarias e/ou desgaste excessivo no pneu,Saída de leito carroçável,Com Vítimas Feridas,Pleno dia,Decrescente,Céu Claro,Simples,Reta,Não,2.0,0.0,1.0,0.0,0.0,1.0,1.0,2.0,"-21,821408","-41,465855",SPRF-RJ,DEL08-RJ,UOP02-DEL08-RJ
587828,2024-03-17,domingo,01:40:00,MA,316.0,"201,1",ZE DOCA,Pedestre - Ingestão de álcool/ substâncias psicoativas,Atropelamento de Pedestre,Com Vítimas Fatais,Plena Noite,Crescente,Ignorado,Simples,Reta,Sim,2.0,1.0,0.0,0.0,1.0,0.0,0.0,2.0,"-3,304672","-45,65876",SPRF-MA,DEL02-MA,UOP01-DEL02-MA
587831,2024-03-17,domingo,10:40:00,SC,101.0,204,SAO JOSE,Ingestão de álcool pelo condutor,Colisão lateral mesmo sentido,Sem Vítimas,Pleno dia,Decrescente,Céu Claro,Múltipla,Reta,Sim,3.0,0.0,0.0,0.0,2.0,1.0,0.0,3.0,"-27,57413014","-48,61363083",SPRF-SC,DEL01-SC,UOP01-DEL01-SC
587832,2024-03-17,domingo,08:30:00,BA,101.0,445,AURELINO LEAL,Pedestre andava na pista,Atropelamento de Pedestre,Com Vítimas Feridas,Pleno dia,Crescente,Céu Claro,Simples,Ponte,Sim,2.0,0.0,0.0,1.0,0.0,1.0,1.0,2.0,"-14,45733798","-39,32048009",SPRF-BA,DEL05-BA,UOP01-DEL05-BA
587834,2024-03-17,domingo,09:30:00,MS,163.0,144,NAVIRAI,Ausência de reação do condutor,Saída de leito carroçável,Com Vítimas Feridas,Pleno dia,Decrescente,Céu Claro,Simples,Reta,Não,2.0,0.0,1.0,0.0,0.0,2.0,1.0,3.0,"-22,9978191","-54,38541902",SPRF-MS,DEL09-MS,UOP01-DEL09-MS