id,data_inversa,dia_semana,horario,uf,br,km,municipio,causa_acidente,tipo_acidente,classificacao_acidente,fase_dia,sentido_via,condicao_metereologica,tipo_pista,tracado_via,uso_solo,pessoas,mortos,feridos_leves,feridos_graves,ilesos,ignorados,feridos,veiculos,latitude,longitude,regional,delegacia,uop
587838,2024-03-17,domingo,11:00:00,BA,242.0,841,BARREIRAS,Transitar na contramão,Colisão frontal,Com Vítimas Feridas,Pleno dia,Decrescente,Céu Claro,Simples,Reta,Não,4.0,0.0,1.0,2.0,0.0,1.0,3.0,3.0,"-12,0945","-45,388749",SPRF-BA,DEL10-BA,UOP01-DEL10-BA
587841,2024-03-17,domingo,12:15:00,SP,116.0,445,REGISTRO,Acessar a via sem observar a presença dos outros veículos,Colisão transversal,Com Vítimas Feridas,Pleno dia,Crescente,Céu Claro,Dupla,Interseção de Vias;Reta,Sim,2.0,0.0,0.0,1.0,1.0,0.0,1.0,2.0,"-24,49790715","-47,84208686",SPRF-SP,DEL05-SP,UOP01-DEL05-SP
587846,2024-03-17,domingo,11:15:00,PR,376.0,373,ORTIGUEIRA,Reação tardia ou ineficiente do condutor,Colisão lateral sentido oposto,Com Vítimas Feridas,Pleno dia,Decrescente,Chuva,Simples,Declive;Curva,Não,5.0,0.0,1.0,0.0,3.0,2.0,1.0,4.0,"-24,39914107","-50,78383753",SPRF-PR,DEL07-PR,UOP02-DEL07-PR
587849,2024-03-17,domingo,11:45:00,MG,251.0,"443,9",GRAO MOGOL,Velocidade Incompatível,Saída de leito carroçável,Com Vítimas Feridas,Pleno dia,Decrescente,Céu Claro,Simples,Reta,Não,2.0,0.0,1.0,0.0,0.0,1.0,1.0,2.0,"-16,41500882","-43,25228005",SPRF-MG,DEL12-MG,UOP01-DEL12-MG
587856,2024-03-17,domingo,10:30:00,SC,282.0,563,NOVA ERECHIM,Reação tardia ou ineficiente do condutor,Colisão lateral mesmo sentido,Com Vítimas Feridas,Pleno dia,Decrescente,Garoa/Chuvisco,Simples,Declive;Reta,Não,4.0,0.0,1.0,0.0,2.0,1.0,1.0,3.0,"-26,902191","-52,868835",SPRF-SC,DEL07-SC,UOP02-DEL07-SC
587857,2024-03-17,domingo,11:00:00,SP,459.0,"2,5",PIQUETE,Reação tardia ou ineficiente do condutor,Colisão com objeto,Com Vítimas Feridas,Pleno dia,Crescente,Céu Claro,Simples,Curva,Não,2.0,0.0,1.0,0.0,0.0,1.0,1.0,2.0,"-22,568756","-45,21368",SPRF-SP,DEL08-SP,UOP02-DEL08-SP
587858,2024-03-17,domingo,13:00:00,MT,70.0,6,BARRA DO GARCAS,Ausência de reação do condutor,Colisão lateral mesmo sentido,Com Vítimas Feridas,Pleno dia,Decrescente,Céu Claro,Dupla,Retorno Regulamentado,Sim,3.0,0.0,1.0,0.0,1.0,3.0,1.0,5.0,"-15,878268","-52,306705",SPRF-MT,DEL07-MT,UOP01-DEL07-MT
587864,2024-03-13,quarta-feira,21:48:00,SC,282.0,"514,8",XAXIM,Demais falhas mecânicas ou elétricas,Incêndio,Sem Vítimas,Plena Noite,Decrescente,Nublado,Simples,Reta;Declive,Não,1.0,0.0,0.0,0.0,1.0,0.0,0.0,1.0,"-26,91970124","-52,49462843",SPRF-SC,DEL07-SC,UOP01-DEL07-SC
587865,2024-03-17,domingo,14:50:00,MG,381.0,"888,5",CAMBUI,Velocidade Incompatível,Tombamento,Com Vítimas Feridas,Pleno dia,Crescente,Chuva,Dupla,Curva,Não,2.0,0.0,1.0,0.0,0.0,1.0,1.0,2.0,"-22,53294961","-46,03054583",SPRF-MG,DEL16-MG,UOP03-DEL16-MG
587873,2024-03-17,domingo,15:30:00,SP,116.0,282,EMBU DAS ARTES,Reação tardia ou ineficiente do condutor,Colisão traseira,Com Vítimas Feridas,Pleno dia,Crescente,Céu Claro,Simples,Retorno Regulamentado,Sim,4.0,0.0,1.0,0.0,3.0,0.0,1.0,2.0,"-23,68570216","-46,85970975",SPRF-SP,DEL04-SP,UOP01-DEL04-SP
587877,2024-03-17,domingo,16:00:00,SP,116.0,372,MIRACATU,Velocidade Incompatível,Tombamento,Com Vítimas Fatais,Pleno dia,Decrescente,Chuva,Dupla,Reta,Sim,4.0,1.0,0.0,1.0,1.0,1.0,1.0,3.0,"-24,16540804","-47,33274697",SPRF-SP,DEL04-SP,UOP02-DEL04-SP
587881,2024-03-17,domingo,15:00:00,PR,476.0,35,ADRIANOPOLIS,Curva acentuada,Colisão lateral sentido oposto,Com Vítimas Feridas,Pleno dia,Crescente,Céu Claro,Simples,Curva,Não,6.0,0.0,3.0,1.0,0.0,2.0,4.0,3.0,"-24,855257","-49,056932",SPRF-PR,DEL01-PR,UOP01-DEL01-PR
587883,2024-03-17,domingo,15:50:00,MG,262.0,"385,9",MATEUS LEME,Reação tardia ou ineficiente do condutor,Saída de leito carroçável,Com Vítimas Feridas,Pleno dia,Decrescente,Sol,Dupla,Reta,Não,2.0,0.0,0.0,1.0,0.0,1.0,1.0,2.0,"-19,93325094","-44,42077402",SPRF-MG,DEL01-MG,UOP03-DEL01-MG
587885,2024-03-17,domingo,16:10:00,RS,392.0,"10,2",RIO GRANDE,Reação tardia ou ineficiente do condutor,Saída de leito carroçável,Com Vítimas Feridas,Pleno dia,Crescente,Céu Claro,Dupla,Reta,Sim,1.0,0.0,1.0,0.0,0.0,0.0,1.0,1.0,"-32,11610015","-52,12097891",SPRF-RS,DEL07-RS,UOP02-DEL07-RS
587904,2024-03-17,domingo,17:50:00,PR,277.0,240,IRATI,Manobra de mudança de faixa,Colisão lateral mesmo sentido,Com Vítimas Feridas,Pleno dia,Decrescente,Garoa/Chuvisco,Simples,Reta,Sim,5.0,0.0,2.0,0.0,2.0,1.0,2.0,4.0,"-25,4636054065","-50,5558989781",SPRF-PR,DEL08-PR,UOP02-DEL08-PR
587917,2024-03-17,domingo,12:00:00,RO,364.0,106,PIMENTA BUENO,Suicídio (presumido),Atropelamento de Pedestre,Com Vítimas Feridas,Pleno dia,Crescente,Céu Claro,Simples,Reta,Não,4.0,0.0,0.0,1.0,1.0,4.0,1.0,5.0,"-12,23970382","-60,68053067",SPRF-RO,DEL04-RO,UOP01-DEL04-RO
587923,2024-03-17,domingo,15:50:00,MG,381.0,633,OLIVEIRA,Velocidade Incompatível,Colisão com objeto,Com Vítimas Feridas,Pleno dia,Crescente,Céu Claro,Dupla,Reta,Não,3.0,0.0,0.0,2.0,0.0,1.0,2.0,2.0,"-20,86933705","-44,84336892",SPRF-MG,DEL04-MG,UOP01-DEL04-MG
587930,2024-03-17,domingo,17:50:00,BA,242.0,418,SEABRA,Ingestão de álcool pelo condutor,Colisão lateral sentido oposto,Sem Vítimas,Anoitecer,Crescente,Céu Claro,Simples,Reta,Não,3.0,0.0,0.0,0.0,3.0,0.0,0.0,2.0,"-12,43079","-41,79601",SPRF-BA,DEL06-BA,UOP01-DEL06-BA
587937,2024-03-17,domingo,18:00:00,PR,376.0,451,TIBAGI,Velocidade Incompatível,Tombamento,Com Vítimas Feridas,Anoitecer,Crescente,Garoa/Chuvisco,Dupla,Curva,Não,2.0,0.0,1.0,0.0,0.0,1.0,1.0,2.0,"-24,94239016","-50,40224704",SPRF-PR,DEL03-PR,UOP02-DEL03-PR
587957,2024-03-17,domingo,18:50:00,MA,10.0,224,GOVERNADOR EDISON LOBAO,Transitar na contramão,Colisão frontal,Com Vítimas Fatais,Plena Noite,Crescente,Nublado,Simples,Reta,Sim,3.0,1.0,0.0,0.0,1.0,1.0,0.0,3.0,"-5,754561","-47,359512",SPRF-MA,DEL04-MA,UOP01-DEL04-MA
587958,2024-03-17,domingo,21:17:00,RN,101.0,108,PARNAMIRIM,Estacionar ou parar em local proibido,Colisão traseira,Com Vítimas Fatais,Plena Noite,Crescente,Céu Claro,Múltipla,Reta,Sim,5.0,1.0,0.0,0.0,2.0,2.0,0.0,4.0,"-5,92825102","-35,26465683",SPRF-RN,DEL01-RN,UOP01-DEL01-RN
587961,2024-03-17,domingo,20:10:00,MT,364.0,352,SANTO ANTONIO DO LEVERGER,Demais falhas mecânicas ou elétricas,Incêndio,Sem Vítimas,Plena Noite,Crescente,Céu Claro,Dupla,Reta,Não,2.0,0.0,0.0,0.0,1.0,1.0,0.0,2.0,"-15,80114637","-55,57413507",SPRF-MT,DEL05-MT,UOP02-DEL05-MT
587975,2024-03-17,domingo,22:30:00,RN,304.0,"10,5",MOSSORO,Animais na Pista,Atropelamento de Animal,Sem Vítimas,Plena Noite,Crescente,Nublado,Simples,Reta,Não,2.0,0.0,0.0,0.0,2.0,0.0,0.0,1.0,"-4,963935","-37,394223",SPRF-RN,DEL04-RN,UOP02-DEL04-RN
587978,2024-03-17,domingo,15:00:00,PR,376.0,"307,5",MAUA DA SERRA,Velocidade Incompatível,Tombamento,Com Vítimas Feridas,Pleno dia,Decrescente,Nublado,Dupla,Curva;Aclive,Sim,2.0,0.0,1.0,0.0,0.0,1.0,1.0,2.0,"-23,95063437","-51,11880273",SPRF-PR,DEL07-PR,UOP02-DEL07-PR
587981,2024-03-17,domingo,22:10:00,SP,116.0,283,EMBU DAS ARTES,Carga excessiva e/ou mal acondicionada,Derramamento de carga,Com Vítimas Feridas,Plena Noite,Decrescente,Céu Claro,Dupla,Reta,Sim,2.0,0.0,1.0,0.0,0.0,2.0,1.0,3.0,"-23,69297005","-46,86352786",SPRF-SP,DEL04-SP,UOP01-DEL04-SP
587984,2024-03-17,domingo,22:50:00,PR,376.0,177,MARINGA,Manobra de mudança de faixa,Colisão lateral mesmo sentido,Com Vítimas Feridas,Plena Noite,Crescente,Céu Claro,Dupla,Reta,Sim,7.0,0.0,1.0,0.0,5.0,3.0,1.0,6.0,"-23,4113569","-51,9407767",SPRF-PR,DEL09-PR,UOP01-DEL09-PR
587988,2024-03-17,domingo,21:06:00,BA,235.0,"5,4",JUAZEIRO,Ingestão de álcool pelo condutor,Colisão traseira,Sem Vítimas,Plena Noite,Crescente,Nublado,Simples,Reta,Sim,3.0,0.0,0.0,0.0,2.0,1.0,0.0,3.0,"-9,450425","-40,489246",SPRF-SE,DEL01-SE,UOP02-DEL01-SE
587997,2024-03-17,domingo,22:50:00,PA,230.0,740,MEDICILANDIA,Estacionar ou parar em local proibido,Colisão traseira,Com Vítimas Fatais,Plena Noite,Decrescente,Ignorado,Simples,Reta,Sim,2.0,1.0,0.0,0.0,0.0,1.0,0.0,2.0,"-3,442947","-52,84863",SPRF-PA,DEL04-PA,UOP01-DEL04-PA
587998,2024-03-18,segunda-feira,01:30:00,BA,324.0,"572,9",SAO SEBASTIAO DO PASSE,Condutor deixou de manter distância do veículo da frente,Colisão traseira,Com Vítimas Feridas,Plena Noite,Decrescente,Nublado,Dupla,Reta,Não,2.0,0.0,1.0,0.0,1.0,0.0,1.0,2.0,"-12,55680911","-38,56690209",SPRF-BA,DEL01-BA,UOP01-DEL01-BA
588000,2024-03-17,domingo,21:00:00,GO,80.0,82,PADRE BERNARDO,Reação tardia ou ineficiente do condutor,Colisão traseira,Com Vítimas Feridas,Plena Noite,Crescente,Céu Claro,Simples,Curva;Aclive,Não,2.0,0.0,0.0,1.0,1.0,0.0,1.0,2.0,"-15,214273","-48,579413",SPRF-DF,DEL03-DF,UOP02-DEL03-DF
588001,2024-03-18,segunda-feira,01:27:00,RJ,101.0,111,CAMPOS DOS GOYTACAZES,Ausência de reação do condutor,Colisão traseira,Com Vítimas Feridas,Plena Noite,Crescente,Céu Claro,Dupla,Curva,Não,3.0,0.0,1.0,0.0,1.0,1.0,1.0,3.0,"-21,962597","-41,648437",SPRF-RJ,DEL08-RJ,UOP02-DEL08-RJ
588002,2024-03-18,segunda-feira,01:00:00,MG,262.0,"791,2",UBERABA,Velocidade Incompatível,Tombamento,Com Vítimas Feridas,Plena Noite,Crescente,Nublado,Simples,Curva,Não,1.0,0.0,1.0,0.0,0.0,0.0,1.0,1.0,"-19,76328194","-47,85919501",SPRF-MG,DEL13-MG,UOP01-DEL13-MG
588005,2024-03-18,segunda-feira,02:45:00,MG,365.0,300,SAO GONCALO DO ABAETE,Reação tardia ou ineficiente do condutor,Colisão frontal,Com Vítimas Feridas,Plena Noite,Crescente,Céu Claro,Simples,Reta,Não,6.0,0.0,0.0,1.0,5.0,0.0,1.0,2.0,"-18,14923115","-45,75725987",SPRF-MG,DEL10-MG,UOP02-DEL010-MG
588006,2024-03-17,domingo,21:45:00,PA,230.0,622,ALTAMIRA,Entrada inopinada do pedestre,Atropelamento de Pedestre,Com Vítimas Fatais,Plena Noite,Decrescente,Céu Claro,Simples,Reta,Sim,2.0,1.0,0.0,0.0,1.0,0.0,0.0,2.0,"-3,17014185","-52,088718",SPRF-PA,DEL04-PA,UOP01-DEL04-PA
588007,2024-03-18,segunda-feira,02:59:00,MG,381.0,"483,1",BETIM,Manobra de mudança de faixa,Colisão traseira,Com Vítimas Feridas,Plena Noite,Decrescente,Céu Claro,Dupla,Curva;Declive,Sim,2.0,0.0,0.0,1.0,1.0,0.0,1.0,2.0,"-19,95799085","-44,07993793",SPRF-MG,DEL01-MG,UOP03-DEL01-MG
588008,2024-03-18,segunda-feira,03:20:00,SP,116.0,228,SAO PAULO,Condutor Dormindo,Colisão traseira,Com Vítimas Feridas,Plena Noite,Decrescente,Céu Claro,Múltipla,Aclive,Sim,3.0,0.0,1.0,0.0,1.0,1.0,1.0,3.0,"-23,50343484","-46,56638712",SPRF-SP,DEL01-SP,UOP01-DEL01-SP
588010,2024-03-18,segunda-feira,03:50:00,MG,381.0,363,SAO GONCALO DO RIO ABAIXO,Reação tardia ou ineficiente do condutor,Colisão frontal,Com Vítimas Feridas,Plena Noite,Crescente,Chuva,Simples,Curva;Declive,Não,2.0,0.0,0.0,1.0,1.0,0.0,1.0,2.0,"-19,85130197","-43,24808594",SPRF-MG,DEL03-MG,UOP01-DEL03-MG
588028,2024-03-18,segunda-feira,02:45:00,PR,277.0,354,GUARAPUAVA,Condutor Dormindo,Saída de leito carroçável,Com Vítimas Feridas,Plena Noite,Crescente,Nublado,Simples,Curva,Não,2.0,0.0,1.0,0.0,1.0,0.0,1.0,1.0,"-25,4153692","-51,5619278",SPRF-PR,DEL08-PR,UOP01-DEL08-PR
588049,2024-03-18,segunda-feira,07:35:00,TO,153.0,496,PARAISO DO TOCANTINS,Conversão proibida,Colisão frontal,Com Vítimas Feridas,Pleno dia,Decrescente,Céu Claro,Simples,Reta,Sim,3.0,0.0,0.0,1.0,1.0,2.0,1.0,4.0,"-10,16657","-48,88118863",SPRF-TO,DEL01-TO,UOP01-DEL01-TO
588059,2024-03-18,segunda-feira,06:30:00,MG,40.0,"824,9",SIMAO PEREIRA,Velocidade Incompatível,Tombamento,Com Vítimas Feridas,Pleno dia,Crescente,Céu Claro,Dupla,Curva,Não,2.0,0.0,1.0,0.0,0.0,1.0,1.0,2.0,"-21,96689732","-43,29126511",SPRF-MG,DEL05-MG,UOP01-DEL05-MG
588060,2024-03-18,segunda-feira,06:00:00,SC,470.0,258,CURITIBANOS,Ausência de reação do condutor,Saída de leito carroçável,Sem Vítimas,Pleno dia,Crescente,Céu Claro,Simples,Declive;Curva,Não,2.0,0.0,0.0,0.0,1.0,1.0,0.0,2.0,"-27,307161","-50,651653",SPRF-SC,DEL05-SC,UOP03-DEL05-SC
588068,2024-03-17,domingo,18:30:00,BA,242.0,352,LENCOIS,Reação tardia ou ineficiente do condutor,Tombamento,Com Vítimas Feridas,Plena Noite,Crescente,Céu Claro,Simples,Declive;Curva,Não,1.0,0.0,1.0,0.0,0.0,0.0,1.0,1.0,"-12,49857081","-41,33159186",SPRF-BA,DEL06-BA,UOP01-DEL06-BA
588073,2024-03-18,segunda-feira,09:30:00,BA,418.0,91,NOVA VICOSA,Conversão proibida,Colisão frontal,Com Vítimas Feridas,Pleno dia,Crescente,Céu Claro,Simples,Rotatória;Reta,Sim,2.0,0.0,0.0,1.0,1.0,0.0,1.0,2.0,"-17,88437368","-39,84544595",SPRF-BA,DEL09-BA,UOP02-DEL09-BA
588077,2024-03-18,segunda-feira,07:40:00,BA,116.0,16,VITORIA DA CONQUISTA,Ausência de reação do condutor,Colisão traseira,Com Vítimas Feridas,Pleno dia,Crescente,Céu Claro,Dupla,Reta,Não,2.0,0.0,1.0,0.0,0.0,1.0,1.0,2.0,"-14,902386","-40,847948",SPRF-BA,DEL08-BA,UOP01-DEL08-BA
588078,2024-03-18,segunda-feira,09:20:00,GO,60.0,"56,3",ABADIANIA,Reação tardia ou ineficiente do condutor,Colisão com objeto,Com Vítimas Feridas,Pleno dia,Decrescente,Céu Claro,Múltipla,Interseção de Vias;Curva,Sim,4.0,0.0,2.0,0.0,1.0,2.0,2.0,4.0,"-16,19068992","-48,67263079",SPRF-GO,DEL02-GO,UOP01-DEL02-GO
588080,2024-03-18,segunda-feira,09:45:00,PR,277.0,"586,3",CASCAVEL,Acessar a via sem observar a presença dos outros veículos,Colisão transversal,Com Vítimas Feridas,Pleno dia,Crescente,Sol,Simples,Retorno Regulamentado;Interseção de Vias;Reta,Sim,3.0,0.0,1.0,0.0,1.0,1.0,1.0,3.0,"-24,9649472","-53,4210459",SPRF-PR,DEL04-PR,UOP01-DEL04-PR
588088,2024-03-18,segunda-feira,10:45:00,SC,101.0,124,ITAJAI,Ausência de reação do condutor,Colisão traseira,Com Vítimas Feridas,Pleno dia,Decrescente,Céu Claro,Dupla,Reta,Não,2.0,0.0,1.0,0.0,1.0,0.0,1.0,2.0,"-26,94335064","-48,69198648",SPRF-SC,DEL04-SC,UOP04-DEL04-SC
588089,2024-03-18,segunda-feira,10:30:00,PR,277.0,230,FERNANDES PINHEIRO,Ausência de reação do condutor,Saída de leito carroçável,Com Vítimas Feridas,Pleno dia,Crescente,Céu Claro,Simples,Reta,Não,2.0,0.0,1.0,0.0,0.0,2.0,1.0,3.0,"-25,466405","-50,46313292",SPRF-PR,DEL08-PR,UOP02-DEL08-PR
588090,2024-03-18,segunda-feira,07:30:00,SC,282.0,"340,9",CAMPOS NOVOS,Reação tardia ou ineficiente do condutor,Colisão frontal,Com Vítimas Fatais,Pleno dia,Crescente,Céu Claro,Simples,Declive;Curva,Sim,2.0,1.0,0.0,0.0,1.0,0.0,0.0,2.0,"-27,388234","-51,203907",SPRF-SC,DEL07-SC,UOP06-DEL07-SC
588091,2024-03-18,segunda-feira,10:45:00,MA,316.0,551,CAXIAS,Manobra de mudança de faixa,Colisão transversal,Sem Vítimas,Pleno dia,Crescente,Céu Claro,Simples,Rotatória,Sim,5.0,0.0,0.0,0.0,4.0,1.0,0.0,3.0,"-4,886332","-43,353386",SPRF-MA,DEL03-MA,UOP02-DEL03-MA
588102,2024-03-15,sexta-feira,05:00:00,SC,280.0,"285,4",IRINEOPOLIS,Velocidade Incompatível,Colisão frontal,Com Vítimas Feridas,Amanhecer,Crescente,Céu Claro,Simples,Declive;Curva,Não,4.0,0.0,0.0,1.0,3.0,0.0,1.0,2.0,"-26,29239616","-50,87751706",SPRF-SC,DEL06-SC,UOP04-DEL06-SC
588104,2024-03-18,segunda-feira,11:45:00,RS,285.0,"458,2",IJUI,Acessar a via sem observar a presença dos outros veículos,Colisão transversal,Com Vítimas Feridas,Pleno dia,Crescente,Sol,Simples,Interseção de Vias;Curva,Sim,2.0,0.0,1.0,0.0,1.0,0.0,1.0,2.0,"-28,400869","-53,898464",SPRF-RS,DEL10-RS,UOP01-DEL10-RS
588105,2024-03-18,segunda-feira,09:55:00,PR,376.0,"671,3",GUARATUBA,Demais falhas mecânicas ou elétricas,Colisão traseira,Com Vítimas Fatais,Pleno dia,Crescente,Céu Claro,Dupla,Reta;Declive,Não,11.0,2.0,0.0,3.0,5.0,1.0,3.0,7.0,"-25,885323","-48,935154",SPRF-PR,DEL01-PR,UOP04-DEL01-PR
588112,2024-03-01,sexta-feira,13:10:00,PE,232.0,51,VITORIA DE SANTO ANTAO,Manobra de mudança de faixa,Colisão transversal,Com Vítimas Feridas,Pleno dia,Crescente,Céu Claro,Múltipla,Reta,Não,2.0,0.0,1.0,0.0,1.0,0.0,1.0,2.0,"-8,13823439","-35,33196918",SPRF-PE,DEL01-PE,UOP01-DEL01-PE
588116,2024-03-18,segunda-feira,12:15:00,RJ,116.0,226,PARACAMBI,Velocidade Incompatível,Tombamento,Com Vítimas Feridas,Pleno dia,Decrescente,Céu Claro,Dupla,Curva,Não,1.0,0.0,1.0,0.0,0.0,0.0,1.0,1.0,"-22,67208078","-43,81789284",SPRF-RJ,DEL07-RJ,UOP01-DEL07-RJ
588119,2024-03-18,segunda-feira,12:10:00,MG,381.0,575,ITAGUARA,Ausência de reação do condutor,Colisão traseira,Sem Vítimas,Pleno dia,Crescente,Céu Claro,Dupla,Reta;Aclive,Não,3.0,0.0,0.0,0.0,2.0,2.0,0.0,4.0,"-20,46631134","-44,57958977",SPRF-MG,DEL04-MG,UOP01-DEL04-MG
588121,2024-02-24,sábado,14:35:00,MG,365.0,258,SAO GONCALO DO ABAETE,Transitar na contramão,Colisão frontal,Com Vítimas Feridas,Pleno dia,Crescente,Céu Claro,Simples,Reta;Aclive,Não,7.0,0.0,0.0,4.0,2.0,3.0,4.0,6.0,"-17,85973618","-45,50552793",SPRF-MG,DEL10-MG,UOP02-DEL010-MG
588126,2024-03-18,segunda-feira,12:30:00,RJ,116.0,77,TERESOPOLIS,Velocidade Incompatível,Colisão frontal,Com Vítimas Feridas,Pleno dia,Decrescente,Nublado,Simples,Curva,Não,2.0,0.0,1.0,0.0,1.0,0.0,1.0,2.0,"-22,36917806","-42,94876879",SPRF-RJ,DEL04-RJ,UOP01-DEL04-RJ
588127,2024-03-18,segunda-feira,13:30:00,RJ,101.0,60,CAMPOS DOS GOYTACAZES,Desrespeitar a preferência no cruzamento,Colisão transversal,Com Vítimas Feridas,Pleno dia,Decrescente,Céu Claro,Simples,Interseção de Vias,Sim,2.0,0.0,1.0,0.0,1.0,0.0,1.0,2.0,"-21,72048414","-41,31448591",SPRF-RJ,DEL08-RJ,UOP01-DEL08-RJ
588132,2024-03-18,segunda-feira,13:20:00,SC,101.0,210,SAO JOSE,Manobra de mudança de faixa,Queda de ocupante de veículo,Com Vítimas Feridas,Pleno dia,Decrescente,Céu Claro,Múltipla,Reta,Sim,3.0,0.0,0.0,2.0,1.0,0.0,2.0,2.0,"-27,6167305","-48,6457265",SPRF-SC,DEL01-SC,UOP01-DEL01-SC
588133,2024-03-18,segunda-feira,12:10:00,MG,262.0,580,CAMPOS ALTOS,Retorno proibido,Colisão transversal,Com Vítimas Feridas,Pleno dia,Crescente,Céu Claro,Simples,Reta,Não,3.0,0.0,0.0,1.0,1.0,2.0,1.0,4.0,"-19,6646721","-46,06563103",SPRF-MG,DEL08-MG,UOP02-DEL08-MG
588135,2024-03-18,segunda-feira,13:35:00,RS,386.0,"307,3",POUSO NOVO,Reação tardia ou ineficiente do condutor,Colisão traseira,Com Vítimas Feridas,Plena Noite,Crescente,Chuva,Simples,Curva;Aclive,Não,3.0,0.0,1.0,0.0,1.0,1.0,1.0,3.0,"-29,202335","-52,183838",SPRF-RS,DEL04-RS,UOP01-DEL04-RS
588142,2024-03-18,segunda-feira,13:00:00,MT,364.0,"248,4",JUSCIMEIRA,Reação tardia ou ineficiente do condutor,Colisão traseira,Com Vítimas Feridas,Pleno dia,Crescente,Céu Claro,Dupla,Reta,Não,3.0,0.0,1.0,0.0,1.0,2.0,1.0,4.0,"-16,13033363","-54,83823376",SPRF-MT,DEL02-MT,UOP01-DEL02-MT
588143,2024-03-18,segunda-feira,10:05:00,SC,282.0,"427,8",VARGEM BONITA,Ausência de reação do condutor,Saída de leito carroçável,Com Vítimas Feridas,Pleno dia,Crescente,Céu Claro,Simples,Reta,Não,5.0,0.0,0.0,1.0,3.0,1.0,1.0,3.0,"-26,975946","-51,771011",SPRF-SC,DEL07-SC,UOP05-DEL07-SC
588147,2024-03-16,sábado,19:10:00,BA,101.0,161,CONCEICAO DO JACUIPE,Deficiência do Sistema de Iluminação/Sinalização,Colisão traseira,Com Vítimas Feridas,Plena Noite,Crescente,Céu Claro,Dupla,Declive,Não,2.0,0.0,1.0,0.0,0.0,1.0,1.0,2.0,"-12,35551436","-38,782478",SPRF-BA,DEL01-BA,UOP03-DEL01-BA
588161,2024-02-19,segunda-feira,09:10:00,MG,116.0,"120,6",ITAOBIM,Acessar a via sem observar a presença dos outros veículos,Atropelamento de Animal,Com Vítimas Feridas,Pleno dia,Crescente,Ignorado,Simples,Reta,Não,5.0,0.0,1.0,0.0,0.0,4.0,1.0,2.0,"-16,60015602","-41,49868089",SPRF-MG,DEL11-MG,UOP02-DEL11-MG
588162,2024-02-22,quinta-feira,10:05:00,RN,304.0,106,ACU,Acesso irregular,Colisão traseira,Com Vítimas Feridas,Pleno dia,Decrescente,Garoa/Chuvisco,Simples,Reta;Interseção de Vias,Não,4.0,0.0,4.0,0.0,0.0,0.0,4.0,2.0,"-5,58834153","-36,96862936",SPRF-RN,DEL04-RN,UOP01-DEL04-RN
588165,2024-03-18,segunda-feira,12:30:00,PI,343.0,"81,2",BURITI DOS LOPES,Mal súbito do condutor,Colisão traseira,Sem Vítimas,Pleno dia,Decrescente,Nublado,Simples,Reta,Não,2.0,0.0,0.0,0.0,2.0,0.0,0.0,2.0,"-3,418552","-41,73816",SPRF-PI,DEL05-PI,UOP01-DEL05-PI
588167,2024-03-18,segunda-feira,10:00:00,PR,116.0,142,MANDIRITUBA,Velocidade Incompatível,Tombamento,Sem Vítimas,Pleno dia,Decrescente,Céu Claro,Simples,Curva,Sim,2.0,0.0,0.0,0.0,1.0,1.0,0.0,2.0,"-25,746524","-49,31741923",SPRF-PR,DEL01-PR,UOP03-DEL01-PR
588170,2024-03-18,segunda-feira,14:45:00,RS,116.0,"236,5",ESTANCIA VELHA,Reação tardia ou ineficiente do condutor,Colisão traseira,Sem Vítimas,Pleno dia,Crescente,Céu Claro,Dupla,Aclive;Reta,Sim,2.0,0.0,0.0,0.0,1.0,1.0,0.0,2.0,"-29,66938502","-51,14304731",SPRF-RS,DEL01-RS,UOP02-DEL01-RS
588182,2024-03-18,segunda-feira,16:30:00,MA,10.0,291,IMPERATRIZ,Ultrapassagem Indevida,Colisão lateral mesmo sentido,Sem Vítimas,Pleno dia,Decrescente,Céu Claro,Simples,Reta,Não,5.0,0.0,0.0,0.0,4.0,1.0,0.0,3.0,"-5,189614","-47,522278",SPRF-MA,DEL04-MA,UOP01-DEL04-MA
588187,2024-03-18,segunda-feira,05:30:00,SC,282.0,86,ALFREDO WAGNER,Velocidade Incompatível,Tombamento,Com Vítimas Feridas,Amanhecer,Crescente,Céu Claro,Simples,Declive;Curva,Não,2.0,0.0,2.0,0.0,0.0,0.0,2.0,1.0,"-27,661551","-49,197906",SPRF-SC,DEL01-SC,UOP03-DEL01-SC
588188,2024-03-18,segunda-feira,16:46:00,SP,116.0,288,ITAPECERICA DA SERRA,Manobra de mudança de faixa,Colisão traseira,Com Vítimas Feridas,Pleno dia,Decrescente,Chuva,Dupla,Reta,Não,2.0,0.0,0.0,1.0,1.0,0.0,1.0,2.0,"-23,719254","-46,883144",SPRF-SP,DEL04-SP,UOP01-DEL04-SP
588191,2024-03-18,segunda-feira,16:50:00,MG,50.0,152,UBERABA,Ausência de reação do condutor,Saída de leito carroçável,Com Vítimas Fatais,Pleno dia,Decrescente,Chuva,Dupla,Aclive;Reta,Não,1.0,1.0,0.0,0.0,0.0,0.0,0.0,1.0,"-19,58265703","-48,03133923",SPRF-MG,DEL13-MG,UOP01-DEL13-MG
588192,2024-03-18,segunda-feira,16:50:00,RS,116.0,"244,6",SAO LEOPOLDO,Entrada inopinada do pedestre,Atropelamento de Pedestre,Com Vítimas Feridas,Plena Noite,Decrescente,Céu Claro,Simples,Reta,Sim,2.0,0.0,1.0,0.0,1.0,0.0,1.0,2.0,"-29,74088003","-51,15039566",SPRF-RS,DEL01-RS,UOP02-DEL01-RS