id,data_inversa,dia_semana,horario,uf,br,km,municipio,causa_acidente,tipo_acidente,classificacao_acidente,fase_dia,sentido_via,condicao_metereologica,tipo_pista,tracado_via,uso_solo,pessoas,mortos,feridos_leves,feridos_graves,ilesos,ignorados,feridos,veiculos,latitude,longitude,regional,delegacia,uop
588491,2024-03-20,quarta-feira,07:45:00,ES,101.0,287,CARIACICA,Trafegar com motocicleta (ou similar) entre as faixas,Colisão lateral mesmo sentido,Com Vítimas Feridas,Pleno dia,Decrescente,Céu Claro,Dupla,Reta,Sim,4.0,0.0,1.0,1.0,2.0,0.0,2.0,4.0,"-20,26493528","-40,38471702",SPRF-ES,DEL01-ES,UOP01-DEL01-ES
588497,2024-03-20,quarta-feira,07:25:00,MS,163.0,374,NOVA ALVORADA DO SUL,Carga excessiva e/ou mal acondicionada,Derramamento de carga,Com Vítimas Feridas,Pleno dia,Crescente,Céu Claro,Simples,Aclive,Não,5.0,0.0,1.0,0.0,3.0,9.0,1.0,13.0,"-21,39332793","-54,40779977",SPRF-MS,DEL02-MS,UOP01-DEL02-MS
588498,2024-03-20,quarta-feira,07:35:00,MS,267.0,"474,5",GUIA LOPES DA LAGUNA,Ausência de reação do condutor,Colisão traseira,Com Vítimas Feridas,Pleno dia,Crescente,Céu Claro,Simples,Reta,Não,3.0,0.0,1.0,0.0,1.0,6.0,1.0,8.0,"-21,43946119","-56,08963325",SPRF-MS,DEL05-MS,UOP01-DEL05-MS
588504,2024-03-20,quarta-feira,05:20:00,BA,407.0,45,JUAZEIRO,Demais falhas mecânicas ou elétricas,Incêndio,Sem Vítimas,Amanhecer,Decrescente,Céu Claro,Simples,Reta,Não,1.0,0.0,0.0,0.0,1.0,0.0,0.0,1.0,"-9,77268013","-40,33617626",SPRF-BA,DEL04-BA,UOP01-DEL04-BA
588505,2024-03-20,quarta-feira,07:30:00,MG,381.0,"481,1",CONTAGEM,Ausência de reação do condutor,Colisão traseira,Com Vítimas Feridas,Pleno dia,Crescente,Nublado,Múltipla,Reta;Aclive,Sim,3.0,0.0,2.0,0.0,1.0,0.0,2.0,2.0,"-19,9586406","-44,0616339",SPRF-MG,DEL01-MG,UOP03-DEL01-MG
588512,2024-03-20,quarta-feira,08:10:00,PB,101.0,126,CAAPORA,Ausência de reação do condutor,Tombamento,Com Vítimas Feridas,Pleno dia,Decrescente,Céu Claro,Dupla,Em Obras;Reta,Não,2.0,0.0,1.0,0.0,0.0,1.0,1.0,2.0,"-7,48484909","-34,98096868",SPRF-PB,DEL01-PB,UOP02-DEL01-PB
588517,2024-03-20,quarta-feira,07:45:00,RS,392.0,"55,8",RIO GRANDE,Manobra de mudança de faixa,Colisão lateral mesmo sentido,Sem Vítimas,Pleno dia,Crescente,Nublado,Dupla,Reta,Não,3.0,0.0,0.0,0.0,2.0,2.0,0.0,4.0,"-31,82930395","-52,32858415",SPRF-RS,DEL07-RS,UOP02-DEL07-RS
588525,2024-03-20,quarta-feira,09:20:00,MG,365.0,413,PATOS DE MINAS,Velocidade Incompatível,Saída de leito carroçável,Com Vítimas Feridas,Pleno dia,Decrescente,Chuva,Simples,Reta,Não,2.0,0.0,1.0,0.0,0.0,1.0,1.0,2.0,"-18,6741811","-46,54412894",SPRF-MG,DEL10-MG,UOP01-DEL10-MG
588526,2024-03-20,quarta-feira,08:35:00,RJ,101.0,405,ITAGUAI,Ultrapassagem Indevida,Colisão traseira,Com Vítimas Feridas,Pleno dia,Decrescente,Céu Claro,Dupla,Reta;Viaduto;Interseção de Vias,Não,3.0,0.0,0.0,1.0,2.0,0.0,1.0,3.0,"-22,867606","-43,802743",SPRF-RJ,DEL03-RJ,UOP01-DEL03-RJ
588527,2024-03-20,quarta-feira,08:30:00,PA,230.0,115,MARABA,Acessar a via sem observar a presença dos outros veículos,Colisão lateral mesmo sentido,Com Vítimas Feridas,Pleno dia,Crescente,Céu Claro,Dupla,Retorno Regulamentado,Não,2.0,0.0,1.0,0.0,1.0,0.0,1.0,2.0,"-5,36241425","-49,07496007",SPRF-PA,DEL03-PA,UOP01-DEL03-PA
588529,2024-03-20,quarta-feira,10:20:00,CE,116.0,10,FORTALEZA,Ausência de reação do condutor,Colisão traseira,Com Vítimas Feridas,Pleno dia,Decrescente,Céu Claro,Dupla,Reta,Não,4.0,0.0,3.0,0.0,1.0,0.0,3.0,3.0,"-3,83603805","-38,5027281",SPRF-CE,DEL01-CE,UOP02-DEL01-CE
588531,2024-03-20,quarta-feira,09:56:00,PE,104.0,118,PANELAS,Curva acentuada,Tombamento,Com Vítimas Feridas,Pleno dia,Decrescente,Sol,Simples,Curva;Declive,Não,3.0,0.0,0.0,2.0,0.0,1.0,2.0,2.0,"-8,69122594","-36,02360716",SPRF-PE,DEL02-PE,UOP03-DEL02-PE
588541,2024-03-20,quarta-feira,09:50:00,PE,407.0,104,PETROLINA,Demais falhas mecânicas ou elétricas,Saída de leito carroçável,Com Vítimas Feridas,Pleno dia,Decrescente,Céu Claro,Simples,Curva,Não,2.0,0.0,1.0,0.0,0.0,1.0,1.0,2.0,"-9,21298989","-40,63243564",SPRF-PE,DEL06-PE,UOP01-DEL06-PE
588543,2024-03-20,quarta-feira,12:00:00,RJ,493.0,121,ITAGUAI,Desrespeitar a preferência no cruzamento,Colisão lateral mesmo sentido,Com Vítimas Feridas,Pleno dia,Decrescente,Céu Claro,Múltipla,Interseção de Vias,Sim,4.0,0.0,3.0,0.0,0.0,1.0,3.0,3.0,"-22,88882738","-43,82411957",SPRF-RJ,DEL03-RJ,UOP01-DEL03-RJ
588545,2024-03-20,quarta-feira,12:01:00,PR,277.0,"40,6",MORRETES,Reação tardia ou ineficiente do condutor,Colisão com objeto,Com Vítimas Feridas,Pleno dia,Decrescente,Sol,Dupla,Em Obras;Declive;Curva,Não,2.0,0.0,1.0,0.0,0.0,1.0,1.0,2.0,"-25,580913","-48,876947",SPRF-PR,DEL01-PR,UOP01-DEL01-PR
588548,2024-03-20,quarta-feira,08:30:00,SC,101.0,117,ITAJAI,Acessar a via sem observar a presença dos outros veículos,Colisão transversal,Sem Vítimas,Pleno dia,Crescente,Céu Claro,Simples,Rotatória,Não,3.0,0.0,0.0,0.0,1.0,2.0,0.0,3.0,"-26,88747187","-48,72252969",SPRF-SC,DEL04-SC,UOP04-DEL04-SC
588550,2024-03-20,quarta-feira,13:00:00,MG,365.0,248,BURITIZEIRO,Condutor Dormindo,Colisão frontal,Com Vítimas Feridas,Pleno dia,Crescente,Céu Claro,Simples,Reta,Não,4.0,0.0,0.0,1.0,1.0,3.0,1.0,5.0,"-17,81227211","-45,44605062",SPRF-MG,DEL10-MG,UOP02-DEL010-MG
588551,2024-03-20,quarta-feira,13:15:00,ES,101.0,151,LINHARES,Reação tardia ou ineficiente do condutor,Colisão traseira,Com Vítimas Feridas,Pleno dia,Crescente,Céu Claro,Simples,Reta,Não,3.0,0.0,1.0,0.0,1.0,1.0,1.0,3.0,"-19,41156656","-40,06592463",SPRF-ES,DEL04-ES,UOP01-DEL04-ES
588553,2024-03-20,quarta-feira,08:20:00,MT,163.0,694,SORRISO,Acessar a via sem observar a presença dos outros veículos,Colisão transversal,Com Vítimas Feridas,Pleno dia,Crescente,Céu Claro,Simples,Reta,Não,8.0,0.0,5.0,0.0,2.0,1.0,5.0,3.0,"-13,02893139","-55,89791363",SPRF-MT,DEL06-MT,UOP01-DEL06-MT
588562,2024-03-20,quarta-feira,14:15:00,ES,101.0,68,SAO MATEUS,Condutor desrespeitou a iluminação vermelha do semáforo,Colisão transversal,Com Vítimas Feridas,Pleno dia,Crescente,Céu Claro,Simples,Interseção de Vias,Não,5.0,0.0,2.0,0.0,2.0,2.0,2.0,5.0,"-18,726597","-39,85975",SPRF-ES,DEL04-ES,UOP02-DEL04-ES
588563,2024-03-20,quarta-feira,14:10:00,SP,116.0,47,CANAS,Reação tardia ou ineficiente do condutor,Engavetamento,Com Vítimas Feridas,Pleno dia,Decrescente,Céu Claro,Dupla,Em Obras;Reta,Não,4.0,0.0,1.0,0.0,2.0,5.0,1.0,8.0,"-22,71946606","-45,06109596",SPRF-SP,DEL08-SP,UOP02-DEL08-SP
588567,2024-03-20,quarta-feira,14:30:00,ES,101.0,299,VIANA,Condutor deixou de manter distância do veículo da frente,Engavetamento,Com Vítimas Feridas,Pleno dia,Decrescente,Céu Claro,Dupla,Curva,Não,5.0,0.0,1.0,0.0,4.0,0.0,1.0,4.0,"-20,35860628","-40,42327504",SPRF-ES,DEL01-ES,UOP01-DEL01-ES
588568,2024-03-12,terça-feira,15:10:00,MS,163.0,"783,2",PEDRO GOMES,Manobra de mudança de faixa,Saída de leito carroçável,Com Vítimas Feridas,Pleno dia,Crescente,Céu Claro,Simples,Aclive;Reta,Não,4.0,0.0,1.0,0.0,2.0,1.0,1.0,3.0,"-18,06873401","-54,69099493",SPRF-MS,DEL06-MS,UOP01-DEL06-MS
588593,2024-03-16,sábado,15:50:00,PR,369.0,153,LONDRINA,Demais falhas mecânicas ou elétricas,Colisão com objeto,Sem Vítimas,Pleno dia,Decrescente,Nublado,Dupla,Declive,Não,3.0,0.0,0.0,0.0,2.0,1.0,0.0,2.0,"-23,29382776","-51,18741095",SPRF-PR,DEL07-PR,UOP01-DEL07-PR
588595,2024-03-20,quarta-feira,14:05:00,MG,40.0,"712,7",BARBACENA,Reação tardia ou ineficiente do condutor,Tombamento,Com Vítimas Feridas,Pleno dia,Crescente,Nublado,Dupla,Curva;Aclive,Não,5.0,0.0,3.0,1.0,0.0,1.0,4.0,3.0,"-21,25078209","-43,66486073",SPRF-MG,DEL05-MG,UOP02-DEL05-MG
588622,2024-03-20,quarta-feira,14:15:00,AC,364.0,136,RIO BRANCO,Reação tardia ou ineficiente do condutor,Atropelamento de Pedestre,Com Vítimas Feridas,Pleno dia,Decrescente,Céu Claro,Dupla,Reta,Sim,3.0,0.0,2.0,0.0,1.0,0.0,2.0,3.0,"-9,977578","-67,8489",SPRF-AC,DEL01-AC,UOP01-DEL01-AC
588623,2024-03-20,quarta-feira,17:50:00,SC,101.0,115,ITAJAI,Trafegar com motocicleta (ou similar) entre as faixas,Colisão lateral mesmo sentido,Com Vítimas Feridas,Pleno dia,Decrescente,Nublado,Múltipla,Reta,Sim,3.0,0.0,1.0,0.0,1.0,2.0,1.0,4.0,"-26,87064015","-48,72954134",SPRF-SC,DEL04-SC,UOP04-DEL04-SC
588625,2024-03-20,quarta-feira,17:10:00,MS,158.0,89,PARANAIBA,Reação tardia ou ineficiente do condutor,Colisão com objeto,Sem Vítimas,Pleno dia,Crescente,Céu Claro,Simples,Reta;Desvio Temporário,Não,2.0,0.0,0.0,0.0,1.0,3.0,0.0,4.0,"-19,63861994","-51,20871078",SPRF-MS,DEL08-MS,UOP01-DEL08-MS
588632,2024-03-20,quarta-feira,17:00:00,SP,381.0,74,SAO PAULO,Demais falhas mecânicas ou elétricas,Incêndio,Sem Vítimas,Pleno dia,Crescente,Nublado,Dupla,Declive,Não,1.0,0.0,0.0,0.0,1.0,0.0,0.0,1.0,"-23,37208014","-46,55700294",SPRF-SP,DEL03-SP,UOP01-DEL03-SP
588635,2024-03-20,quarta-feira,19:16:00,MS,436.0,12,APARECIDA DO TABOADO,Reação tardia ou ineficiente do condutor,Saída de leito carroçável,Com Vítimas Feridas,Plena Noite,Crescente,Nublado,Simples,Rotatória,Não,2.0,0.0,1.0,0.0,0.0,1.0,1.0,2.0,"-20,10620975","-51,08686969",SPRF-MS,DEL08-MS,UOP01-DEL08-MS
588641,2024-03-20,quarta-feira,18:00:00,SC,101.0,"164,3",TIJUCAS,Acesso irregular,Colisão com objeto,Com Vítimas Feridas,Anoitecer,Crescente,Nublado,Múltipla,Retorno Regulamentado;Reta,Não,2.0,0.0,1.0,0.0,0.0,1.0,1.0,2.0,"-27,243868","-48,6309",SPRF-SC,DEL04-SC,UOP03-DEL04-SC
588644,2024-03-20,quarta-feira,15:00:00,PI,407.0,448,GEMINIANO,Ultrapassagem Indevida,Colisão traseira,Com Vítimas Feridas,Pleno dia,Crescente,Céu Claro,Simples,Reta;Aclive,Não,3.0,0.0,1.0,0.0,1.0,1.0,1.0,3.0,"-7,23054734","-41,26589426",SPRF-PI,DEL04-PI,UOP01-DEL04-PI
588645,2024-03-20,quarta-feira,12:30:00,MA,10.0,"257,4",IMPERATRIZ,Reação tardia ou ineficiente do condutor,Colisão lateral sentido oposto,Sem Vítimas,Pleno dia,Decrescente,Céu Claro,Simples,Reta,Não,2.0,0.0,0.0,0.0,2.0,0.0,0.0,2.0,"-5,490634","-47,471973",SPRF-MA,DEL04-MA,UOP01-DEL04-MA
588648,2024-03-20,quarta-feira,18:05:00,RS,386.0,"290,6",POUSO NOVO,Reação tardia ou ineficiente do condutor,Colisão lateral mesmo sentido,Com Vítimas Feridas,Anoitecer,Decrescente,Garoa/Chuvisco,Simples,Curva;Aclive,Não,6.0,0.0,1.0,0.0,4.0,3.0,1.0,8.0,"-29,089539","-52,253685",SPRF-RS,DEL04-RS,UOP03-DEL04-RS
588655,2024-03-20,quarta-feira,18:40:00,RJ,493.0,81,DUQUE DE CAXIAS,Ausência de reação do condutor,Colisão traseira,Com Vítimas Feridas,Plena Noite,Decrescente,Céu Claro,Dupla,Reta,Não,3.0,0.0,2.0,0.0,1.0,0.0,2.0,3.0,"-22,672089","-43,285053",SPRF-RJ,DEL01-RJ,UOP03-DEL01-RJ
588656,2024-03-20,quarta-feira,20:00:00,SP,116.0,314,SAO LOURENCO DA SERRA,Demais falhas mecânicas ou elétricas,Incêndio,Sem Vítimas,Plena Noite,Decrescente,Céu Claro,Dupla,Reta,Sim,2.0,0.0,0.0,0.0,1.0,2.0,0.0,3.0,"-23,89562822","-46,98556063",SPRF-SP,DEL04-SP,UOP01-DEL04-SP
588664,2024-03-08,sexta-feira,04:00:00,RS,285.0,"322,7",PASSO FUNDO,Velocidade Incompatível,Colisão frontal,Com Vítimas Feridas,Plena Noite,Decrescente,Nublado,Simples,Curva,Não,3.0,0.0,1.0,0.0,1.0,1.0,1.0,3.0,"-28,27414884","-52,64579773",SPRF-RS,DEL08-RS,UOP03-DEL08-RS
588667,2024-03-20,quarta-feira,19:15:00,PR,116.0,"0,2",CAMPINA GRANDE DO SUL,Velocidade Incompatível,Colisão com objeto,Com Vítimas Feridas,Plena Noite,Crescente,Céu Claro,Dupla,Curva;Aclive,Não,2.0,0.0,1.0,0.0,0.0,1.0,1.0,2.0,"-25,0604","-48,562973",SPRF-PR,DEL01-PR,UOP02-DEL01-PR
588669,2024-03-20,quarta-feira,20:40:00,MG,381.0,"559,6",ITAGUARA,Velocidade Incompatível,Colisão lateral mesmo sentido,Com Vítimas Feridas,Plena Noite,Crescente,Nublado,Dupla,Curva;Declive,Não,3.0,0.0,2.0,0.0,0.0,1.0,2.0,3.0,"-20,360401","-44,466507",SPRF-MG,DEL04-MG,UOP03-DEL04-MG
588680,2024-03-20,quarta-feira,21:50:00,MG,116.0,"587,5",MANHUACU,Transtornos Mentais (exceto suicidio),Eventos atípicos,Com Vítimas Feridas,Plena Noite,Crescente,Céu Claro,Simples,Reta,Não,4.0,0.0,1.0,1.0,0.0,2.0,2.0,2.0,"-20,24173903","-42,15868042",SPRF-MG,DEL06-MG,UOP03-DEL06-MG
588685,2024-03-20,quarta-feira,17:30:00,SC,153.0,49,VARGEM BONITA,Velocidade Incompatível,Tombamento,Com Vítimas Feridas,Pleno dia,Crescente,Chuva,Simples,Curva,Não,2.0,0.0,1.0,0.0,0.0,1.0,1.0,2.0,"-26,908381","-51,783154",SPRF-SC,DEL07-SC,UOP07-DEL07-SC
588686,2024-03-20,quarta-feira,23:30:00,SC,470.0,7,NAVEGANTES,Condutor deixou de manter distância do veículo da frente,Colisão traseira,Com Vítimas Feridas,Plena Noite,Decrescente,Nublado,Dupla,Reta,Sim,3.0,0.0,1.0,0.0,1.0,1.0,1.0,3.0,"-26,84499","-48,71505",SPRF-SC,DEL04-SC,UOP04-DEL04-SC
588689,2024-03-20,quarta-feira,20:10:00,RJ,116.0,35,TERESOPOLIS,Demais falhas mecânicas ou elétricas,Incêndio,Sem Vítimas,Plena Noite,Crescente,Céu Claro,Simples,Reta;Aclive,Não,2.0,0.0,0.0,0.0,2.0,0.0,0.0,1.0,"-22,10013682","-42,80135",SPRF-RJ,DEL05-RJ,UOP01-DEL05-RJ
588691,2024-03-20,quarta-feira,22:45:00,MG,381.0,"885,5",CAMBUI,Ingestão de álcool pelo condutor,Saída de leito carroçável,Com Vítimas Feridas,Plena Noite,Decrescente,Nublado,Dupla,Reta,Não,2.0,0.0,1.0,0.0,0.0,1.0,1.0,2.0,"-22,54388201","-46,03875199",SPRF-MG,DEL16-MG,UOP03-DEL16-MG
588695,2024-03-20,quarta-feira,23:30:00,AL,101.0,149,JEQUIA DA PRAIA,Velocidade Incompatível,Tombamento,Com Vítimas Feridas,Plena Noite,Crescente,Céu Claro,Dupla,Curva,Não,1.0,0.0,1.0,0.0,0.0,0.0,1.0,1.0,"-9,89402674","-36,14110191",SPRF-AL,DEL02-AL,UOP02-DEL02-AL
588696,2024-03-20,quarta-feira,17:05:00,RS,285.0,"21,3",SAO JOSE DOS AUSENTES,Desrespeitar a preferência no cruzamento,Colisão transversal,Com Vítimas Feridas,Pleno dia,Crescente,Sol,Simples,Declive;Interseção de Vias,Sim,5.0,0.0,3.0,0.0,2.0,0.0,3.0,2.0,"-28,74422945","-50,0566721",SPRF-RS,DEL05-RS,UOP03-DEL05-RS
588701,2024-03-20,quarta-feira,23:00:00,SC,282.0,"459,8",PONTE SERRADA,Transitar na contramão,Colisão frontal,Com Vítimas Fatais,Plena Noite,Decrescente,Céu Claro,Simples,Reta;Aclive,Sim,2.0,1.0,0.0,0.0,1.0,0.0,0.0,2.0,"-26,879523","-52,014036",SPRF-SC,DEL07-SC,UOP04-DEL07-SC
588704,2024-03-20,quarta-feira,20:30:00,RJ,40.0,119,DUQUE DE CAXIAS,Reação tardia ou ineficiente do condutor,Colisão traseira,Com Vítimas Feridas,Plena Noite,Decrescente,Nublado,Múltipla,Reta,Sim,2.0,0.0,1.0,0.0,1.0,0.0,1.0,2.0,"-22,76375592","-43,28683062",SPRF-RJ,DEL01-RJ,UOP02-DEL01-RJ
588707,2024-03-21,quinta-feira,05:30:00,SP,116.0,230,SAO PAULO,Condutor Dormindo,Colisão traseira,Com Vítimas Fatais,Amanhecer,Crescente,Céu Claro,Múltipla,Reta,Sim,5.0,1.0,0.0,1.0,2.0,2.0,1.0,5.0,"-23,52251783","-46,5855702",SPRF-SP,DEL01-SP,UOP01-DEL01-SP
588708,2024-03-21,quinta-feira,05:00:00,PR,277.0,370,GUARAPUAVA,Ausência de reação do condutor,Colisão lateral sentido oposto,Com Vítimas Feridas,Amanhecer,Crescente,Céu Claro,Simples,Reta,Não,3.0,0.0,0.0,1.0,2.0,0.0,1.0,2.0,"-25,43285323","-51,6541522",SPRF-PR,DEL08-PR,UOP01-DEL08-PR
588711,2024-03-21,quinta-feira,06:27:00,RN,304.0,"183,3",ANGICOS,Acessar a via sem observar a presença dos outros veículos,Colisão transversal,Com Vítimas Fatais,Pleno dia,Decrescente,Céu Claro,Simples,Interseção de Vias;Reta,Não,3.0,1.0,0.0,0.0,0.0,2.0,0.0,3.0,"-5,6901045","-36,31102799",SPRF-RN,DEL01-RN,UOP03-DEL01-RN
588713,2024-03-21,quinta-feira,05:50:00,PR,116.0,"78,7",PIRAQUARA,Mal súbito do condutor,Colisão traseira,Com Vítimas Feridas,Pleno dia,Decrescente,Céu Claro,Dupla,Reta,Não,3.0,0.0,2.0,0.0,0.0,1.0,2.0,3.0,"-25,39030098","-49,05511906",SPRF-PR,DEL01-PR,UOP07-DEL01-PR
588715,2024-03-21,quinta-feira,04:21:00,BA,242.0,417,SEABRA,Deficiência do Sistema de Iluminação/Sinalização,Colisão traseira,Sem Vítimas,Plena Noite,Crescente,Ignorado,Simples,Reta,Não,2.0,0.0,0.0,0.0,1.0,1.0,0.0,2.0,"-12,43099561","-41,79739105",SPRF-BA,DEL06-BA,UOP01-DEL06-BA
588720,2024-03-21,quinta-feira,01:15:00,PA,230.0,1117,ITAITUBA,Ausência de reação do condutor,Colisão com objeto,Com Vítimas Feridas,Plena Noite,Decrescente,Chuva,Simples,Aclive,Não,2.0,0.0,1.0,0.0,0.0,2.0,1.0,3.0,"-4,36043041","-55,81418583",SPRF-PA,DEL05-PA,UOP02-DEL05-PA
588726,2024-03-21,quinta-feira,07:00:00,MG,381.0,350,JOAO MONLEVADE,Demais falhas mecânicas ou elétricas,Colisão frontal,Com Vítimas Feridas,Pleno dia,Crescente,Céu Claro,Simples,Interseção de Vias,Não,6.0,0.0,1.0,1.0,3.0,1.0,2.0,4.0,"-19,84953832","-43,15779198",SPRF-MG,DEL03-MG,UOP01-DEL03-MG
588740,2024-03-20,quarta-feira,23:10:00,RS,470.0,193,BENTO GONCALVES,Ingestão de álcool pelo condutor,Colisão com objeto,Sem Vítimas,Plena Noite,Crescente,Céu Claro,Simples,Reta;Ponte,Não,2.0,0.0,0.0,0.0,1.0,2.0,0.0,3.0,"-29,04507912","-51,56926298",SPRF-RS,DEL06-RS,UOP02-DEL06-RS
588745,2024-03-21,quinta-feira,08:00:00,SP,116.0,138,SAO JOSE DOS CAMPOS,Reação tardia ou ineficiente do condutor,Colisão traseira,Com Vítimas Feridas,Pleno dia,Crescente,Céu Claro,Dupla,Reta,Não,2.0,0.0,0.0,1.0,1.0,0.0,1.0,2.0,"-23,1572739","-45,79554605",SPRF-SP,DEL02-SP,UOP01-DEL02-SP
588747,2024-03-16,sábado,09:00:00,BA,101.0,588,CAMACAN,Acessar a via sem observar a presença dos outros veículos,Colisão lateral sentido oposto,Com Vítimas Feridas,Pleno dia,Decrescente,Céu Claro,Simples,Reta,Não,2.0,0.0,1.0,0.0,1.0,0.0,1.0,2.0,"-15,57185184","-39,40626224",SPRF-BA,DEL05-BA,UOP02-DEL05-BA
588751,2024-03-19,terça-feira,08:00:00,MT,70.0,150,GENERAL CARNEIRO,Condutor Dormindo,Tombamento,Com Vítimas Feridas,Pleno dia,Crescente,Céu Claro,Simples,Declive,Não,2.0,0.0,1.0,0.0,0.0,1.0,1.0,2.0,"-15,57595372","-53,38881198",SPRF-MT,DEL07-MT,UOP01-DEL07-MT
588754,2024-03-12,terça-feira,12:55:00,SP,381.0,88,GUARULHOS,Frear bruscamente,Colisão traseira,Com Vítimas Feridas,Pleno dia,Decrescente,Céu Claro,Múltipla,Reta,Sim,3.0,0.0,0.0,1.0,1.0,1.0,1.0,3.0,"-23,47469314","-46,56112919",SPRF-SP,DEL03-SP,UOP01-DEL03-SP
588757,2024-03-21,quinta-feira,07:45:00,RS,386.0,154,ALMIRANTE TAMANDARE DO SUL,Velocidade Incompatível,Colisão lateral sentido oposto,Com Vítimas Feridas,Pleno dia,Crescente,Chuva,Simples,Curva,Não,5.0,0.0,3.0,0.0,1.0,2.0,3.0,4.0,"-28,111137","-52,860538",SPRF-RS,DEL08-RS,UOP01-DEL08-RS
588764,2024-03-21,quinta-feira,10:40:00,SP,381.0,86,SAO PAULO,Acessar a via sem observar a presença dos outros veículos,Colisão lateral mesmo sentido,Com Vítimas Feridas,Pleno dia,Crescente,Céu Claro,Dupla,Reta,Não,2.0,0.0,1.0,0.0,1.0,0.0,1.0,2.0,"-23,45930499","-46,57161179",SPRF-SP,DEL03-SP,UOP01-DEL03-SP
588771,2024-03-21,quinta-feira,06:55:00,AL,101.0,150,JEQUIA DA PRAIA,Velocidade Incompatível,Colisão com objeto,Com Vítimas Feridas,Pleno dia,Crescente,Céu Claro,Dupla,Ponte,Não,3.0,0.0,2.0,0.0,0.0,1.0,2.0,3.0,"-9,89281265","-36,14986086",SPRF-AL,DEL02-AL,UOP02-DEL02-AL
588772,2024-03-21,quinta-feira,09:25:00,PR,376.0,"522,5",PONTA GROSSA,Manobra de mudança de faixa,Colisão lateral mesmo sentido,Sem Vítimas,Pleno dia,Crescente,Céu Claro,Dupla,Reta;Aclive,Não,3.0,0.0,0.0,0.0,2.0,2.0,0.0,4.0,"-25,29555894","-49,89661593",SPRF-PR,DEL03-PR,UOP04-DEL03-PR
588781,2024-01-21,domingo,16:25:00,BA,242.0,759,BARREIRAS,Acumulo de água sobre o pavimento,Colisão frontal,Com Vítimas Fatais,Pleno dia,Crescente,Chuva,Simples,Reta,Não,2.0,1.0,1.0,0.0,0.0,0.0,1.0,2.0,"-12,142873","-44,719096",SPRF-BA,DEL10-BA,UOP01-DEL10-BA
588782,2024-03-21,quinta-feira,09:10:00,PE,232.0,362,FLORES,Avarias e/ou desgaste excessivo no pneu,Capotamento,Com Vítimas Feridas,Pleno dia,Decrescente,Céu Claro,Simples,Reta,Não,3.0,0.0,0.0,1.0,2.0,0.0,1.0,1.0,"-8,04421701","-37,894719",SPRF-PE,DEL04-PE,UOP01-DEL04-PE
588783,2024-03-21,quinta-feira,11:30:00,CE,222.0,"34,4",CAUCAIA,Demais falhas mecânicas ou elétricas,Colisão com objeto,Sem Vítimas,Pleno dia,Crescente,Céu Claro,Dupla,Em Obras;Reta,Não,1.0,0.0,0.0,0.0,1.0,0.0,0.0,1.0,"-3,70296419","-38,85572805",SPRF-CE,DEL01-CE,UOP01-DEL01-CE
588786,2024-03-21,quinta-feira,09:15:00,AL,101.0,172,TEOTONIO VILELA,Reação tardia ou ineficiente do condutor,Colisão traseira,Com Vítimas Feridas,Pleno dia,Crescente,Céu Claro,Dupla,Curva;Declive,Não,3.0,0.0,1.0,0.0,1.0,1.0,1.0,3.0,"-9,90891928","-36,34223292",SPRF-AL,DEL02-AL,UOP02-DEL02-AL
588789,2024-03-21,quinta-feira,12:35:00,PE,232.0,"34,6",MORENO,Condutor deixou de manter distância do veículo da frente,Colisão traseira,Com Vítimas Feridas,Pleno dia,Decrescente,Céu Claro,Dupla,Reta,Sim,2.0,0.0,1.0,0.0,1.0,0.0,1.0,2.0,"-8,109243","-35,192415",SPRF-PE,DEL01-PE,UOP01-DEL01-PE
588790,2024-03-21,quinta-feira,13:00:00,SP,116.0,210,GUARULHOS,Demais falhas mecânicas ou elétricas,Colisão com objeto,Com Vítimas Feridas,Pleno dia,Crescente,Céu Claro,Dupla,Aclive;Reta;Em Obras,Sim,3.0,0.0,1.0,0.0,1.0,1.0,1.0,3.0,"-23,42870023","-46,41085991",SPRF-SP,DEL01-SP,UOP01-DEL01-SP
588791,2024-03-21,quinta-feira,10:00:00,SC,470.0,220,SAO CRISTOVAO DO SUL,Ausência de reação do condutor,Tombamento,Com Vítimas Feridas,Pleno dia,Decrescente,Nublado,Simples,Curva;Declive,Não,1.0,0.0,1.0,0.0,0.0,0.0,1.0,1.0,"-27,309702","-50,30975",SPRF-SC,DEL05-SC,UOP03-DEL05-SC
588792,2024-03-21,quinta-feira,10:00:00,RJ,393.0,"280,5",BARRA DO PIRAI,Reação tardia ou ineficiente do condutor,Colisão lateral sentido oposto,Com Vítimas Feridas,Pleno dia,Crescente,Sol,Simples,Reta,Sim,3.0,0.0,1.0,0.0,1.0,1.0,1.0,3.0,"-22,47750785","-44,01954402",SPRF-RJ,DEL05-RJ,UOP04-DEL05-RJ
588802,2024-03-21,quinta-feira,14:30:00,MG,381.0,352,JOAO MONLEVADE,Ausência de reação do condutor,Colisão frontal,Com Vítimas Feridas,Pleno dia,Crescente,Chuva,Simples,Curva,Não,3.0,0.0,0.0,1.0,1.0,1.0,1.0,3.0,"-19,84205535","-43,17383018",SPRF-MG,DEL03-MG,UOP01-DEL03-MG