id,data_inversa,dia_semana,horario,uf,br,km,municipio,causa_acidente,tipo_acidente,classificacao_acidente,fase_dia,sentido_via,condicao_metereologica,tipo_pista,tracado_via,uso_solo,pessoas,mortos,feridos_leves,feridos_graves,ilesos,ignorados,feridos,veiculos,latitude,longitude,regional,delegacia,uop
588809,2024-03-21,quinta-feira,12:30:00,BA,242.0,630,MUQUEM DE SAO FRANCISCO,Chuva,Saída de leito carroçável,Com Vítimas Feridas,Pleno dia,Crescente,Nublado,Simples,Reta,Não,2.0,0.0,1.0,0.0,0.0,1.0,1.0,2.0,"-12,17708192","-43,39403813",SPRF-BA,DEL06-BA,UOP03-DEL06-BA
588811,2024-03-21,quinta-feira,15:30:00,RS,116.0,"248,1",SAO LEOPOLDO,Acessar a via sem observar a presença dos outros veículos,Colisão transversal,Sem Vítimas,Pleno dia,Crescente,Garoa/Chuvisco,Múltipla,Reta,Sim,2.0,0.0,0.0,0.0,2.0,0.0,0.0,2.0,"-29,77605895","-51,15508618",SPRF-RS,DEL01-RS,UOP02-DEL01-RS
588816,2024-03-21,quinta-feira,15:10:00,PR,476.0,"177,2",CONTENDA,Desrespeitar a preferência no cruzamento,Colisão transversal,Com Vítimas Feridas,Pleno dia,Crescente,Chuva,Simples,Curva,Não,2.0,0.0,0.0,1.0,1.0,0.0,1.0,2.0,"-25,696129","-49,563389",SPRF-PR,DEL01-PR,UOP06-DEL01-PR
588817,2024-03-21,quinta-feira,12:00:00,MG,365.0,341,VARJAO DE MINAS,Acumulo de óleo sobre o pavimento,Colisão frontal,Com Vítimas Feridas,Pleno dia,Crescente,Chuva,Simples,Reta,Não,8.0,0.0,1.0,0.0,6.0,1.0,1.0,3.0,"-18,31339401","-45,96952499",SPRF-MG,DEL10-MG,UOP01-DEL10-MG
588819,2024-03-21,quinta-feira,10:50:00,PI,135.0,541,SAO GONCALO DO GURGUEIA,Transitar na contramão,Colisão frontal,Com Vítimas Feridas,Pleno dia,Crescente,Chuva,Simples,Curva,Não,2.0,0.0,1.0,0.0,1.0,0.0,1.0,2.0,"-10,0491259","-45,29005279",SPRF-PI,DEL03-PI,UOP02-DEL03-PI
588821,2024-03-21,quinta-feira,14:10:00,RJ,101.0,293,ITABORAI,Condutor deixou de manter distância do veículo da frente,Colisão traseira,Com Vítimas Feridas,Pleno dia,Decrescente,Sol,Simples,Reta;Aclive;Viaduto,Sim,3.0,0.0,2.0,0.0,1.0,0.0,2.0,2.0,"-22,756203","-42,88724",SPRF-RJ,DEL02-RJ,UOP02-DEL02-RJ
588824,2024-03-21,quinta-feira,13:20:00,BA,101.0,"711,5",EUNAPOLIS,Velocidade Incompatível,Tombamento,Com Vítimas Feridas,Pleno dia,Crescente,Céu Claro,Simples,Curva;Declive,Não,1.0,0.0,1.0,0.0,0.0,0.0,1.0,1.0,"-16,324645","-39,584317",SPRF-BA,DEL09-BA,UOP01-DEL09-BA
588827,2024-03-21,quinta-feira,15:10:00,SC,116.0,28,ITAIOPOLIS,Demais falhas mecânicas ou elétricas,Incêndio,Sem Vítimas,Pleno dia,Crescente,Céu Claro,Simples,Aclive,Não,2.0,0.0,0.0,0.0,1.0,6.0,0.0,7.0,"-26,29910292","-49,94877311",SPRF-SC,DEL06-SC,UOP01-DEL06-SC
588836,2024-03-21,quinta-feira,16:40:00,SC,101.0,382,ICARA,Ausência de sinalização,Colisão traseira,Com Vítimas Feridas,Pleno dia,Decrescente,Céu Claro,Múltipla,Reta,Sim,2.0,0.0,1.0,0.0,1.0,0.0,1.0,2.0,"-28,75966988","-49,28552404",SPRF-SC,DEL02-SC,UOP02-DEL02-SC
588839,2024-03-21,quinta-feira,14:40:00,RJ,116.0,229,PIRAI,Velocidade Incompatível,Colisão com objeto,Com Vítimas Feridas,Pleno dia,Decrescente,Céu Claro,Simples,Curva;Declive,Não,1.0,0.0,1.0,0.0,0.0,0.0,1.0,1.0,"-22,66355363","-43,84062168",SPRF-RJ,DEL07-RJ,UOP01-DEL07-RJ
588842,2024-03-21,quinta-feira,17:00:00,MG,381.0,"483,5",BETIM,Velocidade Incompatível,Colisão lateral mesmo sentido,Com Vítimas Feridas,Anoitecer,Crescente,Nublado,Dupla,Curva;Declive,Sim,5.0,0.0,2.0,0.0,2.0,1.0,2.0,5.0,"-19,95952368","-44,08175111",SPRF-MG,DEL01-MG,UOP03-DEL01-MG
588843,2024-03-21,quinta-feira,18:10:00,RJ,101.0,330,RIO DE JANEIRO,Reação tardia ou ineficiente do condutor,Eventos atípicos,Sem Vítimas,Plena Noite,Crescente,Céu Claro,Múltipla,Declive;Reta,Não,3.0,0.0,0.0,0.0,2.0,1.0,0.0,2.0,"-22,8684989","-43,18548699",SPRF-RJ,DEL02-RJ,UOP01-DEL02-RJ
588847,2024-03-21,quinta-feira,18:00:00,PR,116.0,38,CAMPINA GRANDE DO SUL,Chuva,Colisão lateral mesmo sentido,Sem Vítimas,Plena Noite,Decrescente,Chuva,Dupla,Reta,Não,2.0,0.0,0.0,0.0,1.0,1.0,0.0,2.0,"-25,14802509","-48,85922071",SPRF-PR,DEL01-PR,UOP02-DEL01-PR
588848,2024-03-21,quinta-feira,14:50:00,MA,10.0,"122,4",ESTREITO,Ausência de reação do condutor,Colisão traseira,Com Vítimas Feridas,Pleno dia,Crescente,Céu Claro,Simples,Reta;Aclive,Não,12.0,0.0,3.0,1.0,7.0,2.0,4.0,4.0,"-6,615201","-47,428745",SPRF-MA,DEL04-MA,UOP02-DEL04-MA
588863,2024-03-21,quinta-feira,12:00:00,MT,70.0,233,POXOREO,Acostamento em desnível,Tombamento,Com Vítimas Feridas,Pleno dia,Decrescente,Nublado,Simples,Curva;Declive,Não,2.0,0.0,0.0,1.0,0.0,1.0,1.0,2.0,"-15,63324793","-53,96682499",SPRF-MT,DEL05-MT,UOP01-DEL05-MT
588866,2024-03-21,quinta-feira,10:20:00,RS,116.0,"24,1",VACARIA,Reação tardia ou ineficiente do condutor,Colisão frontal,Sem Vítimas,Pleno dia,Decrescente,Chuva,Simples,Reta,Não,3.0,0.0,0.0,0.0,2.0,1.0,0.0,3.0,"-28,39810374","-50,85160344",SPRF-RS,DEL05-RS,UOP03-DEL05-RS
588875,2024-03-21,quinta-feira,20:35:00,SP,153.0,"180,6",LINS,Demais falhas mecânicas ou elétricas,Incêndio,Com Vítimas Feridas,Plena Noite,Crescente,Nublado,Simples,Curva,Não,1.0,0.0,1.0,0.0,0.0,0.0,1.0,1.0,"-21,68278303","-49,79066455",SPRF-SP,DEL07-SP,UOP01-DEL07-SP
588882,2024-03-21,quinta-feira,08:30:00,TO,153.0,484,PARAISO DO TOCANTINS,Demais falhas na via,Tombamento,Com Vítimas Feridas,Pleno dia,Decrescente,Nublado,Simples,Curva;Aclive,Não,2.0,0.0,1.0,0.0,0.0,2.0,1.0,3.0,"-10,07900601","-48,85505792",SPRF-TO,DEL01-TO,UOP01-DEL01-TO
588883,2024-03-21,quinta-feira,20:32:00,PI,316.0,"2,7",TERESINA,Ausência de reação do condutor,Colisão traseira,Com Vítimas Fatais,Plena Noite,Crescente,Céu Claro,Múltipla,Reta,Sim,2.0,1.0,0.0,0.0,1.0,0.0,0.0,2.0,"-5,1274162","-42,79340029",SPRF-PI,DEL01-PI,UOP02-DEL01-PI
588886,2024-03-21,quinta-feira,20:50:00,PR,376.0,"657,5",TIJUCAS DO SUL,Demais falhas mecânicas ou elétricas,Incêndio,Sem Vítimas,Plena Noite,Decrescente,Céu Claro,Dupla,Reta,Não,2.0,0.0,0.0,0.0,1.0,1.0,0.0,2.0,"-25,85232468","-49,03032776",SPRF-PR,DEL01-PR,UOP04-DEL01-PR
588888,2024-03-21,quinta-feira,22:50:00,SP,116.0,"306,5",SAO LOURENCO DA SERRA,Reação tardia ou ineficiente do condutor,Atropelamento de Pedestre,Com Vítimas Feridas,Plena Noite,Crescente,Garoa/Chuvisco,Dupla,Curva,Não,3.0,0.0,1.0,0.0,2.0,0.0,1.0,3.0,"-23,8486091","-46,93801566",SPRF-SP,DEL04-SP,UOP01-DEL04-SP
588895,2024-03-21,quinta-feira,23:30:00,GO,50.0,126,IPAMERI,Reação tardia ou ineficiente do condutor,Colisão com objeto,Com Vítimas Feridas,Plena Noite,Crescente,Céu Claro,Dupla,Reta,Não,2.0,0.0,1.0,0.0,0.0,1.0,1.0,2.0,"-16,9736","-47,7434",SPRF-GO,DEL06-GO,UOP01-DEL06-GO
588900,2024-03-21,quinta-feira,23:30:00,MG,381.0,868,POUSO ALEGRE,Demais falhas mecânicas ou elétricas,Incêndio,Sem Vítimas,Plena Noite,Crescente,Nublado,Dupla,Reta,Não,2.0,0.0,0.0,0.0,1.0,1.0,0.0,2.0,"-22,42008488","-45,96507626",SPRF-MG,DEL16-MG,UOP01-DEL16-MG
588907,2024-03-22,sexta-feira,02:08:00,MG,381.0,"483,1",BETIM,Ausência de reação do condutor,Colisão com objeto,Com Vítimas Feridas,Plena Noite,Crescente,Céu Claro,Múltipla,Curva;Declive,Sim,4.0,0.0,1.0,0.0,2.0,1.0,1.0,3.0,"-19,95594491","-44,10721699",SPRF-MG,DEL01-MG,UOP03-DEL01-MG
588908,2024-03-22,sexta-feira,01:50:00,SC,470.0,"47,7",BLUMENAU,Demais falhas mecânicas ou elétricas,Colisão transversal,Com Vítimas Feridas,Plena Noite,Crescente,Nublado,Simples,Reta;Aclive,Não,3.0,0.0,1.0,0.0,1.0,1.0,1.0,3.0,"-26,864044","-49,046516",SPRF-SC,DEL04-SC,UOP01-DEL04-SC
588910,2024-03-22,sexta-feira,00:30:00,RS,392.0,"84,5",PELOTAS,Demais falhas mecânicas ou elétricas,Saída de leito carroçável,Sem Vítimas,Plena Noite,Decrescente,Nublado,Simples,Curva;Aclive,Não,1.0,0.0,0.0,0.0,1.0,0.0,0.0,1.0,"-31,64764106","-52,47931607",SPRF-RS,DEL07-RS,UOP01-DEL07-RS
588913,2024-03-22,sexta-feira,02:40:00,BA,116.0,"656,9",JEQUIE,Ingestão de álcool pelo condutor,Colisão lateral sentido oposto,Sem Vítimas,Plena Noite,Crescente,Céu Claro,Simples,Reta;Aclive,Não,2.0,0.0,0.0,0.0,2.0,0.0,0.0,2.0,"-13,66414221","-40,09537258",SPRF-BA,DEL03-BA,UOP01-DEL03-BA
588917,2024-03-21,quinta-feira,22:20:00,MG,365.0,261,JOAO PINHEIRO,Reação tardia ou ineficiente do condutor,Tombamento,Com Vítimas Feridas,Plena Noite,Crescente,Céu Claro,Simples,Curva,Não,4.0,0.0,2.0,0.0,2.0,0.0,2.0,2.0,"-17,878621","-45,533651",SPRF-MG,DEL10-MG,UOP02-DEL010-MG
588924,2024-03-22,sexta-feira,03:30:00,BA,242.0,633,MUQUEM DE SAO FRANCISCO,Demais falhas mecânicas ou elétricas,Incêndio,Sem Vítimas,Plena Noite,Crescente,Céu Claro,Simples,Reta,Não,2.0,0.0,0.0,0.0,1.0,3.0,0.0,4.0,"-12,20041216","-43,40769372",SPRF-BA,DEL06-BA,UOP03-DEL06-BA
588933,2024-03-22,sexta-feira,07:30:00,MG,40.0,497,ESMERALDAS,Manobra de mudança de faixa,Colisão traseira,Com Vítimas Feridas,Pleno dia,Crescente,Céu Claro,Dupla,Reta,Sim,3.0,0.0,1.0,0.0,1.0,1.0,1.0,3.0,"-19,67802022","-44,18830216",SPRF-MG,DEL02-MG,UOP01-DEL02-MG
588936,2024-03-22,sexta-feira,05:50:00,MG,50.0,119,UBERABA,Ausência de reação do condutor,Colisão traseira,Com Vítimas Feridas,Amanhecer,Crescente,Céu Claro,Dupla,Reta;Rotatória,Não,3.0,0.0,0.0,1.0,1.0,2.0,1.0,4.0,"-19,29969201","-48,11376802",SPRF-MG,DEL13-MG,UOP01-DEL13-MG
588943,2024-03-22,sexta-feira,07:55:00,SP,116.0,285,EMBU DAS ARTES,Trafegar com motocicleta (ou similar) entre as faixas,Colisão lateral mesmo sentido,Com Vítimas Feridas,Pleno dia,Decrescente,Garoa/Chuvisco,Dupla,Reta,Sim,2.0,0.0,1.0,0.0,1.0,0.0,1.0,2.0,"-23,70407794","-46,87249709",SPRF-SP,DEL04-SP,UOP01-DEL04-SP
588947,2024-03-22,sexta-feira,03:10:00,RO,435.0,110,CEREJEIRAS,Objeto estático sobre o leito carroçável,Colisão com objeto,Sem Vítimas,Plena Noite,Decrescente,Chuva,Simples,Declive;Reta,Não,3.0,0.0,0.0,0.0,2.0,3.0,0.0,5.0,"-13,19219828","-60,69489903",SPRF-RO,DEL04-RO,UOP02-DEL04-RO
588950,2024-03-22,sexta-feira,07:00:00,MG,262.0,"755,3",SACRAMENTO,Ausência de reação do condutor,Saída de leito carroçável,Com Vítimas Feridas,Pleno dia,Crescente,Céu Claro,Simples,Interseção de Vias;Rotatória,Não,2.0,0.0,1.0,0.0,0.0,2.0,1.0,3.0,"-19,65377333","-47,5548499",SPRF-MG,DEL13-MG,UOP01-DEL13-MG
588954,2024-03-22,sexta-feira,07:30:00,SC,280.0,"73,3",JARAGUA DO SUL,Ultrapassagem Indevida,Colisão lateral mesmo sentido,Com Vítimas Feridas,Pleno dia,Crescente,Nublado,Simples,Rotatória,Sim,2.0,0.0,1.0,0.0,1.0,0.0,1.0,2.0,"-26,45917102","-49,15245",SPRF-SC,DEL03-SC,UOP03-DEL03-SC
588956,2024-01-24,quarta-feira,01:46:00,PB,230.0,"115,3",INGA,Ausência de reação do condutor,Colisão com objeto,Com Vítimas Feridas,Plena Noite,Decrescente,Céu Claro,Dupla,Curva,Não,2.0,0.0,1.0,0.0,0.0,1.0,1.0,2.0,"-7,2296","-35,5998",SPRF-PB,DEL01-PB,UOP03-DEL01-PB
588964,2024-02-28,quarta-feira,10:30:00,BA,116.0,373,SERRINHA,Reação tardia ou ineficiente do condutor,Colisão traseira,Com Vítimas Fatais,Pleno dia,Decrescente,Céu Claro,Simples,Reta,Não,5.0,1.0,0.0,0.0,2.0,3.0,0.0,6.0,"-11,7878313","-38,98560509",SPRF-BA,DEL02-BA,UOP01-DEL02-BA
588965,2024-03-22,sexta-feira,05:25:00,SC,282.0,"170,3",BOCAINA DO SUL,Ultrapassagem Indevida,Colisão frontal,Com Vítimas Fatais,Amanhecer,Decrescente,Céu Claro,Simples,Reta;Aclive,Não,8.0,1.0,3.0,2.0,1.0,1.0,5.0,4.0,"-27,741282","-49,843479",SPRF-SC,DEL05-SC,UOP01-DEL05-SC
588971,2024-03-22,sexta-feira,09:31:00,SP,381.0,37,ATIBAIA,Acessar a via sem observar a presença dos outros veículos,Colisão traseira,Com Vítimas Feridas,Pleno dia,Decrescente,Garoa/Chuvisco,Dupla,Reta,Não,3.0,0.0,1.0,0.0,2.0,0.0,1.0,2.0,"-23,10506237","-46,56881577",SPRF-SP,DEL03-SP,UOP01-DEL03-SP
588986,2024-03-22,sexta-feira,11:10:00,SP,116.0,226,GUARULHOS,Reação tardia ou ineficiente do condutor,Colisão lateral mesmo sentido,Com Vítimas Feridas,Pleno dia,Decrescente,Garoa/Chuvisco,Múltipla,Reta,Sim,2.0,0.0,1.0,0.0,0.0,1.0,1.0,2.0,"-23,49102507","-46,54878195",SPRF-SP,DEL01-SP,UOP01-DEL01-SP
588987,2024-03-22,sexta-feira,11:25:00,SP,381.0,69,MAIRIPORA,Reação tardia ou ineficiente do condutor,Colisão traseira,Com Vítimas Feridas,Pleno dia,Crescente,Chuva,Dupla,Reta;Aclive,Não,2.0,0.0,1.0,0.0,1.0,0.0,1.0,2.0,"-23,34553108","-46,56787903",SPRF-SP,DEL03-SP,UOP01-DEL03-SP
588990,2024-03-22,sexta-feira,07:50:00,MT,364.0,61,ALTO GARCAS,Transitar na contramão,Colisão lateral sentido oposto,Com Vítimas Feridas,Pleno dia,Crescente,Céu Claro,Simples,Reta,Não,3.0,0.0,1.0,0.0,1.0,4.0,1.0,6.0,"-16,93784698","-53,560784",SPRF-MT,DEL02-MT,UOP02-DEL02-MT
588991,2024-03-22,sexta-feira,08:30:00,SP,116.0,511,CAJATI,Reação tardia ou ineficiente do condutor,Tombamento,Com Vítimas Feridas,Pleno dia,Crescente,Chuva,Simples,Curva;Aclive,Não,1.0,0.0,1.0,0.0,0.0,0.0,1.0,1.0,"-24,83558399","-48,2223738",SPRF-SP,DEL05-SP,UOP02-DEL05-SP
588993,2024-03-22,sexta-feira,11:00:00,PR,376.0,"461,2",TIBAGI,Velocidade Incompatível,Colisão com objeto,Sem Vítimas,Pleno dia,Crescente,Nublado,Dupla,Reta,Não,4.0,0.0,0.0,0.0,3.0,3.0,0.0,6.0,"-24,94888877","-50,39500045",SPRF-PR,DEL03-PR,UOP01-DEL03-PR
588999,2024-03-22,sexta-feira,09:05:00,PE,104.0,66,CARUARU,Ultrapassagem Indevida,Colisão lateral mesmo sentido,Com Vítimas Feridas,Pleno dia,Crescente,Céu Claro,Simples,Reta,Sim,2.0,0.0,0.0,1.0,0.0,1.0,1.0,2.0,"-8,2937","-35,9864",SPRF-PE,DEL02-PE,UOP01-DEL02-PE
589005,2024-03-22,sexta-feira,06:00:00,PR,277.0,279,PRUDENTOPOLIS,Transitar na contramão,Colisão frontal,Com Vítimas Feridas,Pleno dia,Crescente,Nublado,Simples,Curva,Não,3.0,0.0,1.0,0.0,1.0,3.0,1.0,5.0,"-25,36455702","-50,91002702",SPRF-PR,DEL08-PR,UOP02-DEL08-PR
589007,2024-03-22,sexta-feira,08:10:00,RJ,101.0,504,ANGRA DOS REIS,Reação tardia ou ineficiente do condutor,Colisão transversal,Com Vítimas Feridas,Pleno dia,Decrescente,Chuva,Simples,Reta,Não,2.0,0.0,0.0,1.0,1.0,0.0,1.0,2.0,"-22,93155828","-44,38812093",SPRF-RJ,DEL03-RJ,UOP03-DEL03-RJ
589014,2024-03-22,sexta-feira,13:25:00,RS,285.0,"411,7",PANAMBI,Condutor deixou de manter distância do veículo da frente,Engavetamento,Com Vítimas Feridas,Pleno dia,Crescente,Céu Claro,Simples,Reta;Aclive,Não,6.0,0.0,2.0,2.0,1.0,2.0,4.0,6.0,"-28,36250278","-53,43500555",SPRF-RS,DEL10-RS,UOP02-DEL10-RS
589015,2024-03-22,sexta-feira,13:50:00,SP,116.0,137,SAO JOSE DOS CAMPOS,Manobra de mudança de faixa,Colisão lateral mesmo sentido,Com Vítimas Feridas,Pleno dia,Crescente,Chuva,Dupla,Reta,Sim,2.0,0.0,1.0,0.0,0.0,1.0,1.0,2.0,"-23,15300766","-45,78709317",SPRF-SP,DEL02-SP,UOP01-DEL02-SP
589018,2024-03-22,sexta-feira,09:08:00,SC,470.0,"108,8",IBIRAMA,Ingestão de álcool pelo condutor,Colisão frontal,Com Vítimas Feridas,Pleno dia,Crescente,Céu Claro,Simples,Reta,Não,3.0,0.0,0.0,1.0,1.0,1.0,1.0,3.0,"-27,080708","-49,440491",SPRF-SC,DEL04-SC,UOP02-DEL04-SC
589021,2024-03-22,sexta-feira,14:00:00,GO,153.0,575,PIRACANJUBA,Velocidade Incompatível,Saída de leito carroçável,Com Vítimas Feridas,Pleno dia,Crescente,Céu Claro,Dupla,Curva,Não,1.0,0.0,0.0,1.0,0.0,0.0,1.0,1.0,"-17,3442","-49,2472",SPRF-GO,DEL03-GO,UOP01-DEL03-GO
589037,2024-03-22,sexta-feira,12:30:00,BA,116.0,442,FEIRA DE SANTANA,Reação tardia ou ineficiente do condutor,Tombamento,Com Vítimas Feridas,Pleno dia,Crescente,Céu Claro,Dupla,Declive;Curva,Não,3.0,0.0,0.0,1.0,1.0,1.0,1.0,2.0,"-12,33676101","-39,07328599",SPRF-BA,DEL02-BA,UOP01-DEL02-BA
589040,2024-03-22,sexta-feira,17:00:00,RN,101.0,110,PARNAMIRIM,Reação tardia ou ineficiente do condutor,Colisão transversal,Sem Vítimas,Anoitecer,Crescente,Céu Claro,Dupla,Viaduto,Sim,2.0,0.0,0.0,0.0,2.0,0.0,0.0,2.0,"-5,946376","-35,26485",SPRF-RN,DEL01-RN,UOP01-DEL01-RN
589052,2024-03-22,sexta-feira,16:30:00,MS,163.0,374,NOVA ALVORADA DO SUL,Acessar a via sem observar a presença dos outros veículos,Colisão transversal,Com Vítimas Feridas,Pleno dia,Crescente,Céu Claro,Simples,Declive,Não,4.0,0.0,1.0,0.0,2.0,1.0,1.0,3.0,"-21,39332793","-54,40779977",SPRF-MS,DEL02-MS,UOP01-DEL02-MS
589059,2024-03-22,sexta-feira,15:00:00,CE,222.0,253,SOBRAL,Ingestão de álcool pelo condutor,Colisão lateral sentido oposto,Com Vítimas Feridas,Pleno dia,Crescente,Nublado,Simples,Reta,Não,2.0,0.0,0.0,1.0,1.0,0.0,1.0,2.0,"-3,75413988","-40,58599699",SPRF-CE,DEL04-CE,UOP02-DEL04-CE
589066,2024-03-22,sexta-feira,19:00:00,MG,40.0,518,RIBEIRAO DAS NEVES,Reação tardia ou ineficiente do condutor,Engavetamento,Com Vítimas Feridas,Plena Noite,Decrescente,Garoa/Chuvisco,Dupla,Reta,Sim,8.0,0.0,2.0,0.0,5.0,2.0,2.0,6.0,"-19,8321242","-44,08208533",SPRF-MG,DEL01-MG,UOP02-DEL01-MG
589068,2024-03-22,sexta-feira,12:16:00,SC,116.0,"130,6",SANTA CECILIA,Ausência de reação do condutor,Colisão traseira,Com Vítimas Feridas,Pleno dia,Decrescente,Céu Claro,Simples,Reta,Não,5.0,0.0,0.0,2.0,1.0,3.0,2.0,5.0,"-26,89105589","-50,43451019",SPRF-SC,DEL06-SC,UOP02-DEL06-SC
589078,2024-03-22,sexta-feira,15:30:00,PB,427.0,"35,3",POMBAL,Velocidade Incompatível,Saída de leito carroçável,Com Vítimas Feridas,Pleno dia,Decrescente,Céu Claro,Simples,Reta,Não,3.0,0.0,1.0,1.0,0.0,1.0,2.0,2.0,"-6,75903094","-37,772584",SPRF-PB,DEL03-PB,UOP02-DEL03-PB
589091,2024-03-22,sexta-feira,19:40:00,SP,116.0,56,LORENA,Reação tardia ou ineficiente do condutor,Colisão lateral mesmo sentido,Com Vítimas Feridas,Plena Noite,Crescente,Chuva,Dupla,Reta,Não,2.0,0.0,1.0,0.0,1.0,0.0,1.0,2.0,"-22,76904403","-45,13040598",SPRF-SP,DEL08-SP,UOP02-DEL08-SP
589092,2024-03-22,sexta-feira,20:16:00,MA,230.0,314,SAO RAIMUNDO DAS MANGABEIRAS,Transitar na contramão,Colisão frontal,Com Vítimas Fatais,Plena Noite,Crescente,Céu Claro,Simples,Declive;Curva,Sim,4.0,1.0,0.0,0.0,1.0,2.0,0.0,4.0,"-7,015551","-45,47434027",SPRF-MA,DEL05-MA,UOP01-DEL05-MA
589093,2024-03-22,sexta-feira,19:50:00,SC,470.0,"52,6",BLUMENAU,Acessar a via sem observar a presença dos outros veículos,Colisão transversal,Com Vítimas Feridas,Plena Noite,Decrescente,Céu Claro,Simples,Interseção de Vias,Sim,4.0,0.0,1.0,0.0,3.0,0.0,1.0,2.0,"-26,862286","-49,093903",SPRF-SC,DEL04-SC,UOP01-DEL04-SC
589101,2024-03-22,sexta-feira,20:30:00,MG,262.0,"579,6",CORREGO DANTA,Velocidade Incompatível,Colisão frontal,Com Vítimas Feridas,Plena Noite,Crescente,Chuva,Simples,Reta,Não,4.0,0.0,1.0,1.0,1.0,1.0,2.0,3.0,"-19,65292411","-46,06876373",SPRF-MG,DEL08-MG,UOP02-DEL08-MG
589105,2024-03-22,sexta-feira,18:30:00,MT,163.0,464,VARZEA GRANDE,Ausência de reação do condutor,Saída de leito carroçável,Com Vítimas Fatais,Anoitecer,Decrescente,Chuva,Simples,Ponte;Curva,Não,2.0,1.0,0.0,0.0,0.0,3.0,0.0,4.0,"-15,4978417","-56,27305627",SPRF-MT,DEL01-MT,UOP01-DEL01-MT
589108,2024-03-22,sexta-feira,20:12:00,RS,392.0,"666,2",CERRO LARGO,Acessar a via sem observar a presença dos outros veículos,Colisão transversal,Com Vítimas Feridas,Plena Noite,Decrescente,Céu Claro,Simples,Curva,Não,3.0,0.0,0.0,1.0,1.0,1.0,1.0,3.0,"-28,12339091","-54,77497816",SPRF-RS,DEL10-RS,UOP01-DEL10-RS
589115,2024-03-22,sexta-feira,22:00:00,BA,242.0,898,LUIS EDUARDO MAGALHAES,Transitar na contramão,Colisão frontal,Com Vítimas Feridas,Plena Noite,Crescente,Céu Claro,Simples,Reta,Não,3.0,0.0,0.0,1.0,1.0,2.0,1.0,4.0,"-12,12138541","-46,01076683",SPRF-BA,DEL10-BA,UOP01-DEL10-BA
589118,2024-03-22,sexta-feira,20:35:00,RJ,101.0,98,CAMPOS DOS GOYTACAZES,Condutor deixou de manter distância do veículo da frente,Colisão traseira,Com Vítimas Feridas,Plena Noite,Decrescente,Chuva,Dupla,Declive,Não,3.0,0.0,1.0,0.0,1.0,1.0,1.0,3.0,"-21,87578294","-41,57377702",SPRF-RJ,DEL08-RJ,UOP02-DEL08-RJ
589122,2024-03-22,sexta-feira,20:40:00,RJ,101.0,309,SAO GONCALO,Reação tardia ou ineficiente do condutor,Colisão traseira,Com Vítimas Feridas,Plena Noite,Crescente,Chuva,Dupla,Reta,Não,2.0,0.0,1.0,0.0,1.0,0.0,1.0,2.0,"-22,79498873","-43,03446105",SPRF-RJ,DEL02-RJ,UOP02-DEL02-RJ
589123,2024-03-22,sexta-feira,23:00:00,MG,262.0,194,SAO DOMINGOS DO PRATA,Velocidade Incompatível,Colisão frontal,Com Vítimas Feridas,Plena Noite,Decrescente,Garoa/Chuvisco,Simples,Reta,Não,6.0,0.0,3.0,2.0,1.0,0.0,5.0,2.0,"-19,87527123","-43,07514717",SPRF-MG,DEL03-MG,UOP01-DEL03-MG
589129,2024-03-22,sexta-feira,23:15:00,BA,324.0,542,AMELIA RODRIGUES,Velocidade Incompatível,Tombamento,Com Vítimas Feridas,Plena Noite,Decrescente,Céu Claro,Dupla,Curva,Sim,2.0,0.0,1.0,0.0,0.0,1.0,1.0,2.0,"-12,39373185","-38,77646394",SPRF-BA,DEL01-BA,UOP03-DEL01-BA
589131,2024-03-22,sexta-feira,19:50:00,MT,174.0,2,PONTES E LACERDA,Conversão proibida,Colisão transversal,Com Vítimas Feridas,Plena Noite,Crescente,Céu Claro,Simples,Reta,Sim,2.0,0.0,0.0,1.0,0.0,1.0,1.0,2.0,"-15,226537","-59,335728",SPRF-MT,DEL04-MT,UOP01-DEL04-MT
589132,2024-03-23,sábado,00:10:00,SC,101.0,"166,9",TIJUCAS,Ausência de reação do condutor,Saída de leito carroçável,Com Vítimas Feridas,Plena Noite,Crescente,Nublado,Dupla,Reta,Não,2.0,0.0,1.0,0.0,0.0,1.0,1.0,2.0,"-27,26147697","-48,63180349",SPRF-SC,DEL04-SC,UOP03-DEL04-SC
589137,2024-03-23,sábado,02:00:00,SC,282.0,"16,4",PALHOCA,Acessar a via sem observar a presença dos outros veículos,Colisão transversal,Com Vítimas Feridas,Plena Noite,Crescente,Nublado,Simples,Reta,Sim,5.0,0.0,1.0,0.0,3.0,2.0,1.0,4.0,"-27,658611","-48,681847",SPRF-SC,DEL01-SC,UOP02-DEL01-SC
589143,2024-03-23,sábado,03:25:00,RS,290.0,"40,9",SANTO ANTONIO DA PATRULHA,Condutor Dormindo,Colisão com objeto,Com Vítimas Fatais,Plena Noite,Crescente,Céu Claro,Dupla,Reta,Não,6.0,1.0,0.0,0.0,1.0,4.0,0.0,5.0,"-29,886173","-50,658577",SPRF-RS,DEL03-RS,UOP01-DEL03-RS
589150,2024-03-23,sábado,06:15:00,RS,101.0,"39,5",TRES CACHOEIRAS,Manobra de mudança de faixa,Colisão lateral mesmo sentido,Com Vítimas Feridas,Amanhecer,Crescente,Nublado,Dupla,Reta;Declive,Não,7.0,0.0,2.0,1.0,3.0,1.0,3.0,3.0,"-29,53409619","-50,01717704",SPRF-RS,DEL03-RS,UOP02-DEL03-RS