id,data_inversa,dia_semana,horario,uf,br,km,municipio,causa_acidente,tipo_acidente,classificacao_acidente,fase_dia,sentido_via,condicao_metereologica,tipo_pista,tracado_via,uso_solo,pessoas,mortos,feridos_leves,feridos_graves,ilesos,ignorados,feridos,veiculos,latitude,longitude,regional,delegacia,uop
589153,2024-03-23,sábado,03:40:00,BA,242.0,363,LENCOIS,Velocidade Incompatível,Tombamento,Com Vítimas Feridas,Plena Noite,Decrescente,Céu Claro,Simples,Curva,Não,2.0,0.0,1.0,0.0,0.0,1.0,1.0,2.0,"-12,46727769","-41,4150469",SPRF-BA,DEL08-BA,
589155,2024-03-23,sábado,06:10:00,MG,365.0,"682,5",MONTE ALEGRE DE MINAS,Condutor Dormindo,Saída de leito carroçável,Com Vítimas Feridas,Amanhecer,Crescente,Garoa/Chuvisco,Dupla,Reta,Não,2.0,0.0,1.0,0.0,0.0,2.0,1.0,3.0,"-18,85072626","-48,84092331",SPRF-MG,DEL15-MG,UOP01-DEL15-MG
589164,2024-03-23,sábado,07:10:00,MG,153.0,"76,7",MONTE ALEGRE DE MINAS,Condutor Dormindo,Colisão lateral sentido oposto,Com Vítimas Feridas,Amanhecer,Decrescente,Chuva,Simples,Ponte;Reta,Não,4.0,0.0,0.0,1.0,2.0,6.0,1.0,9.0,"-19,03073298","-49,01085007",SPRF-MG,DEL15-MG,UOP03-DEL15-MG
589165,2024-03-23,sábado,04:30:00,MT,163.0,1110,GUARANTA DO NORTE,Ausência de reação do condutor,Saída de leito carroçável,Com Vítimas Feridas,Plena Noite,Decrescente,Céu Claro,Simples,Reta,Não,2.0,0.0,1.0,0.0,0.0,3.0,1.0,4.0,"-9,59912691","-54,89298248",SPRF-MT,DEL06-MT,UOP03-DEL06-MT
589168,2024-03-23,sábado,07:15:00,PR,376.0,"137,2",NOVA ESPERANCA,Entrada inopinada do pedestre,Atropelamento de Pedestre,Com Vítimas Feridas,Pleno dia,Decrescente,Céu Claro,Múltipla,Curva,Não,3.0,0.0,1.0,0.0,1.0,2.0,1.0,4.0,"-23,21631106","-52,18536405",SPRF-PR,DEL09-PR,UOP02-DEL09-PR
589170,2024-03-23,sábado,06:00:00,CE,116.0,"223,1",SAO JOAO DO JAGUARIBE,Condutor Dormindo,Tombamento,Com Vítimas Feridas,Amanhecer,Decrescente,Céu Claro,Simples,Curva;Aclive,Não,2.0,0.0,1.0,0.0,0.0,1.0,1.0,2.0,"-5,36230407","-38,20200091",SPRF-CE,DEL03-CE,UOP01-DEL03-CE
589171,2024-03-04,segunda-feira,19:54:00,PR,376.0,503,PONTA GROSSA,Reação tardia ou ineficiente do condutor,Colisão traseira,Com Vítimas Feridas,Plena Noite,Crescente,Céu Claro,Dupla,Reta,Não,2.0,0.0,1.0,0.0,0.0,1.0,1.0,2.0,"-25,22314697","-50,05150696",SPRF-PR,DEL03-PR,UOP04-DEL03-PR
589173,2024-03-23,sábado,06:30:00,MG,40.0,"245,9",SAO GONCALO DO ABAETE,Chuva,Colisão lateral sentido oposto,Com Vítimas Feridas,Pleno dia,Decrescente,Chuva,Simples,Declive;Curva,Não,4.0,0.0,1.0,2.0,0.0,1.0,3.0,3.0,"-18,0946169","-45,47580786",SPRF-MG,DEL14-MG,UOP02-DEL14-MG
589177,2024-03-23,sábado,02:45:00,RO,364.0,305,PRESIDENTE MEDICI,Ausência de sinalização,Colisão com objeto,Com Vítimas Feridas,Plena Noite,Decrescente,Céu Claro,Simples,Reta;Aclive,Não,5.0,0.0,2.0,0.0,2.0,1.0,2.0,3.0,"-11,199493","-61,90149998",SPRF-RO,DEL02-RO,UOP01-DEL02-RO
589178,2024-03-23,sábado,06:50:00,MS,158.0,"94,7",PARANAIBA,Velocidade Incompatível,Colisão traseira,Com Vítimas Feridas,Pleno dia,Decrescente,Nublado,Dupla,Declive;Curva,Sim,5.0,0.0,1.0,0.0,4.0,0.0,1.0,2.0,"-19,68300402","-51,20065706",SPRF-MS,DEL08-MS,UOP01-DEL08-MS
589181,2024-02-09,sexta-feira,04:20:00,MT,158.0,577,AGUA BOA,Condutor Dormindo,Tombamento,Com Vítimas Feridas,Amanhecer,Decrescente,Ignorado,Simples,Reta,Não,2.0,0.0,2.0,0.0,0.0,0.0,2.0,1.0,"-14,12724684","-52,18713907",SPRF-MT,DEL07-MT,UOP02-DEL07-MT
589182,2024-03-23,sábado,06:40:00,BA,116.0,567,NOVA ITARANA,Acessar a via sem observar a presença dos outros veículos,Colisão transversal,Com Vítimas Feridas,Pleno dia,Crescente,Céu Claro,Simples,Interseção de Vias;Reta,Não,4.0,0.0,1.0,1.0,1.0,1.0,2.0,3.0,"-13,01465578","-39,95854139",SPRF-BA,DEL03-BA,UOP02-DEL03-BA
589196,2024-03-23,sábado,09:30:00,MG,40.0,"245,7",SAO GONCALO DO ABAETE,Demais falhas mecânicas ou elétricas,Capotamento,Com Vítimas Feridas,Pleno dia,Crescente,Chuva,Simples,Declive;Curva,Não,2.0,0.0,1.0,1.0,0.0,0.0,2.0,1.0,"-18,0946169","-45,47580786",SPRF-MG,DEL14-MG,UOP02-DEL14-MG
589197,2024-03-23,sábado,07:50:00,MG,381.0,382,SAO GONCALO DO RIO ABAIXO,Ausência de reação do condutor,Incêndio,Sem Vítimas,Pleno dia,Decrescente,Céu Claro,Dupla,Desvio Temporário;Em Obras;Aclive,Não,2.0,0.0,0.0,0.0,1.0,1.0,0.0,2.0,"-19,8203938","-43,39028183",SPRF-MG,DEL01-MG,UOP01-DEL01-MG
589199,2024-03-23,sábado,10:50:00,CE,222.0,197,FORQUILHA,Velocidade Incompatível,Colisão lateral sentido oposto,Com Vítimas Feridas,Pleno dia,Crescente,Chuva,Simples,Curva,Não,3.0,0.0,2.0,0.0,0.0,2.0,2.0,4.0,"-3,80735907","-40,17579399",SPRF-CE,DEL04-CE,UOP01-DEL04-CE
589208,2024-03-23,sábado,11:20:00,SE,101.0,205,CRISTINAPOLIS,Reação tardia ou ineficiente do condutor,Colisão traseira,Com Vítimas Feridas,Pleno dia,Crescente,Céu Claro,Simples,Em Obras;Reta,Não,3.0,0.0,1.0,0.0,1.0,1.0,1.0,3.0,"-11,51443822","-37,79490977",SPRF-SE,DEL02-SE,UOP03-DEL02-SE
589213,2024-01-03,quarta-feira,13:15:00,RS,470.0,225,GARIBALDI,Acessar a via sem observar a presença dos outros veículos,Colisão lateral mesmo sentido,Sem Vítimas,Pleno dia,Decrescente,Céu Claro,Simples,Reta,Não,2.0,0.0,0.0,0.0,2.0,0.0,0.0,2.0,"-29,21454003","-51,51762617",SPRF-RS,DEL06-RS,UOP01-DEL06-RS
589219,2024-03-23,sábado,09:50:00,RS,470.0,179,VERANOPOLIS,Conversão proibida,Colisão transversal,Com Vítimas Feridas,Pleno dia,Crescente,Céu Claro,Simples,Reta,Não,3.0,0.0,1.0,0.0,1.0,1.0,1.0,3.0,"-28,95614928","-51,56242466",SPRF-RS,DEL06-RS,UOP02-DEL06-RS
589225,2024-03-23,sábado,10:40:00,MT,163.0,827,SINOP,Ausência de reação do condutor,Colisão traseira,Com Vítimas Feridas,Pleno dia,Decrescente,Chuva,Simples,Reta;Retorno Regulamentado,Sim,4.0,0.0,2.0,0.0,1.0,3.0,2.0,5.0,"-11,93004683","-55,51299334",SPRF-MT,DEL06-MT,UOP02-DEL06-MT
589227,2024-03-23,sábado,11:20:00,PA,10.0,"19,8",DOM ELISEU,Acesso irregular,Colisão transversal,Com Vítimas Feridas,Pleno dia,Crescente,Sol,Simples,Reta,Sim,3.0,0.0,0.0,1.0,1.0,2.0,1.0,4.0,"-4,28420096","-47,55821975",SPRF-PA,DEL02-PA,UOP02-DEL02-PA
589230,2024-03-23,sábado,10:20:00,MG,251.0,311,SALINAS,Velocidade Incompatível,Colisão traseira,Sem Vítimas,Pleno dia,Decrescente,Céu Claro,Simples,Reta;Rotatória,Sim,4.0,0.0,0.0,0.0,3.0,1.0,0.0,3.0,"-16,16534212","-42,31540918",SPRF-MG,DEL12-MG,UOP02-DEL12-MG
589231,2024-03-23,sábado,13:30:00,SE,235.0,"51,5",ITABAIANA,Acessar a via sem observar a presença dos outros veículos,Colisão lateral mesmo sentido,Com Vítimas Fatais,Pleno dia,Decrescente,Céu Claro,Simples,Reta,Sim,2.0,1.0,0.0,0.0,0.0,1.0,0.0,2.0,"-10,700226","-37,431423",SPRF-SE,DEL01-SE,UOP02-DEL01-SE
589232,2024-03-23,sábado,03:40:00,SC,158.0,103,CUNHA PORA,Ingestão de álcool pelo condutor,Colisão lateral sentido oposto,Com Vítimas Feridas,Plena Noite,Crescente,Céu Claro,Simples,Reta,Não,3.0,0.0,2.0,0.0,1.0,0.0,2.0,2.0,"-26,85293519","-53,16889316",SPRF-SC,DEL07-SC,UOP02-DEL07-SC
589233,2024-03-23,sábado,10:40:00,MT,158.0,"727,6",BARRA DO GARCAS,Avarias e/ou desgaste excessivo no pneu,Incêndio,Sem Vítimas,Pleno dia,Crescente,Céu Claro,Simples,Reta,Não,2.0,0.0,0.0,0.0,1.0,3.0,0.0,4.0,"-15,28886497","-52,18173294",SPRF-MT,DEL07-MT,UOP01-DEL07-MT
589236,2024-03-23,sábado,10:45:00,RJ,40.0,80,PETROPOLIS,Pista Escorregadia,Colisão com objeto,Com Vítimas Feridas,Pleno dia,Crescente,Chuva,Dupla,Declive;Curva,Não,1.0,0.0,1.0,0.0,0.0,0.0,1.0,1.0,"-22,49798597","-43,22878703",SPRF-RJ,DEL01-RJ,UOP01-DEL01-RJ
589240,2024-03-23,sábado,14:10:00,MG,40.0,510,RIBEIRAO DAS NEVES,Ingestão de álcool pelo condutor,Colisão lateral mesmo sentido,Sem Vítimas,Pleno dia,Crescente,Céu Claro,Dupla,Reta;Aclive,Sim,2.0,0.0,0.0,0.0,1.0,1.0,0.0,2.0,"-19,77463885","-44,12321882",SPRF-MG,DEL01-MG,UOP02-DEL01-MG
589249,2024-03-23,sábado,14:55:00,MS,262.0,16,TRES LAGOAS,Suicídio (presumido),Colisão frontal,Com Vítimas Feridas,Pleno dia,Crescente,Nublado,Simples,Declive;Reta,Sim,2.0,0.0,0.0,1.0,1.0,0.0,1.0,2.0,"-20,81380239","-51,74605698",SPRF-MS,DEL07-MS,UOP01-DEL07-MS
589252,2024-03-23,sábado,13:30:00,ES,262.0,"95,2",DOMINGOS MARTINS,Acessar a via sem observar a presença dos outros veículos,Colisão transversal,Com Vítimas Feridas,Pleno dia,Crescente,Garoa/Chuvisco,Simples,Interseção de Vias;Reta,Não,3.0,0.0,1.0,0.0,1.0,1.0,1.0,3.0,"-20,3659225","-41,06040133",SPRF-ES,DEL01-ES,UOP02-DEL01-ES
589254,2024-03-23,sábado,15:10:00,MG,364.0,"27,8",FRUTAL,Ingestão de álcool pelo condutor,Saída de leito carroçável,Sem Vítimas,Pleno dia,Crescente,Garoa/Chuvisco,Dupla,Curva;Rotatória,Não,1.0,0.0,0.0,0.0,1.0,0.0,0.0,1.0,"-20,02233696","-48,89875174",SPRF-MG,DEL13-MG,UOP02-DEL13-MG
589263,2024-03-23,sábado,17:00:00,RS,392.0,"673,4",SALVADOR DAS MISSOES,Falta de acostamento,Colisão lateral mesmo sentido,Com Vítimas Feridas,Pleno dia,Decrescente,Sol,Simples,Reta;Interseção de Vias,Não,6.0,0.0,3.0,1.0,1.0,1.0,4.0,3.0,"-28,12051439","-54,84718323",SPRF-RS,DEL10-RS,UOP01-DEL10-RS
589268,2024-03-23,sábado,17:00:00,PE,101.0,"122,8",ESCADA,Condutor Dormindo,Saída de leito carroçável,Com Vítimas Feridas,Pleno dia,Decrescente,Nublado,Múltipla,Curva,Não,1.0,0.0,0.0,1.0,0.0,0.0,1.0,1.0,"-8,35939636","-35,19500398",SPRF-PE,DEL01-PE,UOP03-DEL01-PE
589271,2024-03-23,sábado,14:20:00,RS,285.0,"97,5",MONTE ALEGRE DOS CAMPOS,Demais falhas mecânicas ou elétricas,Capotamento,Sem Vítimas,Pleno dia,Crescente,Céu Claro,Simples,Curva,Não,2.0,0.0,0.0,0.0,1.0,1.0,0.0,2.0,"-28,590602","-50,754878",SPRF-RS,DEL05-RS,UOP03-DEL05-RS
589280,2024-03-23,sábado,15:00:00,MA,135.0,"248,9",CAPINZAL DO NORTE,Transitar na contramão,Colisão frontal,Com Vítimas Fatais,Pleno dia,Crescente,Céu Claro,Simples,Curva,Não,3.0,1.0,0.0,0.0,1.0,1.0,0.0,3.0,"-4,55556397","-44,34678315",SPRF-MA,DEL03-MA,UOP01-DEL03-MA
589283,2024-03-23,sábado,18:30:00,PE,101.0,68,RECIFE,Manobra de mudança de faixa,Colisão lateral mesmo sentido,Com Vítimas Feridas,Plena Noite,Crescente,Céu Claro,Múltipla,Viaduto;Reta,Não,4.0,0.0,1.0,0.0,2.0,1.0,1.0,3.0,"-8,05074296","-34,94580619",SPRF-PE,DEL01-PE,UOP01-DEL01-PE
589285,2024-03-23,sábado,12:30:00,MT,70.0,131,GENERAL CARNEIRO,Velocidade Incompatível,Tombamento,Com Vítimas Feridas,Pleno dia,Crescente,Nublado,Simples,Curva,Não,2.0,0.0,1.0,0.0,0.0,2.0,1.0,3.0,"-15,59942051","-53,20801222",SPRF-MT,DEL07-MT,UOP01-DEL07-MT
589289,2024-03-23,sábado,16:40:00,MG,50.0,57,ARAGUARI,Demais falhas mecânicas ou elétricas,Tombamento,Com Vítimas Feridas,Pleno dia,Decrescente,Céu Claro,Dupla,Curva,Não,1.0,0.0,1.0,0.0,0.0,0.0,1.0,1.0,"-18,78608604","-48,23160008",SPRF-MG,DEL15-MG,UOP02-DEL15-MG
589292,2024-03-23,sábado,14:03:00,MT,174.0,252,JAURU,Velocidade Incompatível,Tombamento,Com Vítimas Feridas,Pleno dia,Decrescente,Céu Claro,Simples,Curva;Declive,Não,3.0,0.0,0.0,1.0,0.0,3.0,1.0,4.0,"-15,479742","-59,085296",SPRF-MT,DEL04-MT,UOP01-DEL04-MT
589294,2024-03-23,sábado,07:40:00,RS,386.0,384,TABAI,Ausência de reação do condutor,Colisão traseira,Sem Vítimas,Pleno dia,Crescente,Céu Claro,Dupla,Reta,Não,2.0,0.0,0.0,0.0,2.0,0.0,0.0,2.0,"-29,676041","-51,731548",SPRF-RS,DEL04-RS,UOP01-DEL04-RS
589299,2024-03-23,sábado,16:20:00,RO,364.0,443,JARU,Acessar a via sem observar a presença dos outros veículos,Colisão frontal,Com Vítimas Feridas,Pleno dia,Decrescente,Céu Claro,Simples,Reta;Em Obras,Não,2.0,0.0,1.0,0.0,1.0,0.0,1.0,2.0,"-10,33792981","-62,60287585",SPRF-RO,DEL03-RO,UOP02-DEL03-RO
589302,2024-03-23,sábado,19:00:00,MS,163.0,481,CAMPO GRANDE,Pedestre andava na pista,Atropelamento de Pedestre,Com Vítimas Feridas,Plena Noite,Decrescente,Nublado,Simples,Curva,Sim,3.0,0.0,0.0,1.0,1.0,3.0,1.0,5.0,"-20,46574669","-54,5582664",SPRF-MS,DEL01-MS,UOP01-DEL01-MS
589306,2024-03-23,sábado,19:50:00,RS,468.0,"105,1",TRES PASSOS,Reação tardia ou ineficiente do condutor,Colisão traseira,Com Vítimas Feridas,Plena Noite,Decrescente,Céu Claro,Dupla,Reta,Sim,3.0,0.0,1.0,1.0,1.0,0.0,2.0,2.0,"-27,44375401","-53,94975605",SPRF-RS,DEL08-RS,UOP02-DEL08-RS
589307,2024-03-23,sábado,19:20:00,SC,282.0,18,PALHOCA,Ingestão de álcool pelo condutor,Colisão traseira,Sem Vítimas,Plena Noite,Decrescente,Céu Claro,Simples,Reta,Não,2.0,0.0,0.0,0.0,2.0,0.0,0.0,2.0,"-27,672798","-48,694286",SPRF-SC,DEL01-SC,UOP02-DEL01-SC
589308,2024-03-23,sábado,20:25:00,PE,110.0,133,IBIMIRIM,Ingestão de álcool pelo condutor,Colisão frontal,Com Vítimas Fatais,Plena Noite,Decrescente,Céu Claro,Simples,Reta,Não,2.0,1.0,0.0,0.0,1.0,0.0,0.0,2.0,"-8,50491749","-37,56997694",SPRF-PE,DEL04-PE,UOP02-DEL04-PE
589315,2024-03-23,sábado,18:25:00,SC,470.0,"99,7",APIUNA,Manobra de mudança de faixa,Colisão frontal,Com Vítimas Fatais,Plena Noite,Decrescente,Garoa/Chuvisco,Simples,Desvio Temporário;Reta;Em Obras,Não,2.0,1.0,0.0,0.0,1.0,0.0,0.0,2.0,"-27,0455908","-49,393765",SPRF-SC,DEL04-SC,UOP02-DEL04-SC
589328,2024-03-23,sábado,20:00:00,MT,163.0,112,RONDONOPOLIS,Condutor deixou de manter distância do veículo da frente,Colisão traseira,Com Vítimas Feridas,Plena Noite,Decrescente,Chuva,Dupla,Reta,Não,3.0,0.0,1.0,0.0,1.0,3.0,1.0,5.0,"-16,56184522","-54,67930759",SPRF-MT,DEL02-MT,UOP01-DEL02-MT
589331,2024-03-23,sábado,17:05:00,RJ,101.0,148,MACAE,Chuva,Colisão frontal,Com Vítimas Fatais,Pleno dia,Decrescente,Chuva,Simples,Curva,Não,5.0,1.0,0.0,1.0,2.0,3.0,1.0,6.0,"-22,2325541","-41,78406897",SPRF-RJ,DEL08-RJ,UOP04-DEL08-RJ
589335,2024-03-23,sábado,22:00:00,MG,153.0,"212,3",FRUTAL,Transitar na contramão,Colisão frontal,Com Vítimas Feridas,Plena Noite,Decrescente,Chuva,Simples,Reta,Não,4.0,0.0,2.0,2.0,0.0,0.0,4.0,2.0,"-20,08853093","-49,08270811",SPRF-MG,DEL13-MG,UOP02-DEL13-MG
589341,2024-03-23,sábado,22:10:00,PR,376.0,644,TIJUCAS DO SUL,Acesso irregular,Colisão transversal,Com Vítimas Feridas,Plena Noite,Crescente,Céu Claro,Dupla,Reta,Não,3.0,0.0,0.0,1.0,1.0,1.0,1.0,3.0,"-25,81419584","-49,13167969",SPRF-PR,DEL01-PR,UOP04-DEL01-PR
589345,2024-03-23,sábado,22:45:00,PR,277.0,618,CEU AZUL,Transitar na contramão,Colisão frontal,Com Vítimas Feridas,Plena Noite,Crescente,Céu Claro,Simples,Reta,Não,43.0,0.0,0.0,1.0,41.0,1.0,1.0,4.0,"-25,07577788","-53,69271805",SPRF-PR,DEL05-PR,UOP02-DEL05-PR
589365,2024-03-23,sábado,22:21:00,CE,222.0,140,IRAUCUBA,Pista esburacada,Colisão frontal,Com Vítimas Feridas,Plena Noite,Decrescente,Chuva,Simples,Reta,Não,3.0,0.0,1.0,0.0,1.0,2.0,1.0,4.0,"-3,74922845","-39,70828968",SPRF-CE,DEL04-CE,UOP03-DEL04-CE
589378,2024-03-24,domingo,03:15:00,AL,101.0,"57,7",MESSIAS,Problema com o freio,Saída de leito carroçável,Com Vítimas Feridas,Amanhecer,Decrescente,Céu Claro,Dupla,Reta,Não,2.0,0.0,1.0,0.0,1.0,0.0,1.0,1.0,"-9,2726282","-35,79226676",SPRF-AL,DEL01-AL,UOP02-DEL01-AL
589382,2024-03-24,domingo,04:34:00,MT,364.0,211,RONDONOPOLIS,Reação tardia ou ineficiente do condutor,Colisão com objeto,Sem Vítimas,Plena Noite,Decrescente,Garoa/Chuvisco,Dupla,Reta,Não,1.0,0.0,0.0,0.0,1.0,0.0,0.0,1.0,"-16,41628416","-54,70728415",SPRF-MT,DEL02-MT,UOP01-DEL02-MT
589393,2024-03-24,domingo,06:00:00,PR,277.0,"5,6",PARANAGUA,Reação tardia ou ineficiente do condutor,Colisão traseira,Com Vítimas Fatais,Amanhecer,Crescente,Chuva,Dupla,Reta,Não,3.0,1.0,0.0,0.0,1.0,2.0,0.0,4.0,"-25,55808376","-48,57216597",SPRF-PR,DEL01-PR,UOP05-DEL01-PR
589400,2024-03-24,domingo,07:28:00,PE,407.0,125,PETROLINA,Condutor deixou de manter distância do veículo da frente,Colisão traseira,Sem Vítimas,Pleno dia,Decrescente,Céu Claro,Dupla,Reta,Não,3.0,0.0,0.0,0.0,3.0,0.0,0.0,3.0,"-9,37739336","-40,53595733",SPRF-PE,DEL06-PE,UOP01-DEL06-PE
589403,2024-03-23,sábado,15:00:00,BA,110.0,312,ALAGOINHAS,Manobra de mudança de faixa,Colisão lateral mesmo sentido,Com Vítimas Fatais,Pleno dia,Decrescente,Nublado,Simples,Reta;Declive,Não,5.0,1.0,0.0,1.0,1.0,2.0,1.0,4.0,"-12,009345","-38,36282629",SPRF-BA,DEL01-BA,UOP04-DEL01-BA
589407,2024-03-24,domingo,04:30:00,RN,304.0,144,ANGICOS,Condutor Dormindo,Colisão frontal,Sem Vítimas,Amanhecer,Decrescente,Céu Claro,Simples,Reta;Declive,Não,2.0,0.0,0.0,0.0,1.0,1.0,0.0,2.0,"-5,6723466","-36,64578493",SPRF-RN,DEL04-RN,UOP01-DEL04-RN
589426,2024-03-24,domingo,10:00:00,PA,10.0,332,SAO MIGUEL DO GUAMA,Manobra de mudança de faixa,Colisão lateral mesmo sentido,Com Vítimas Fatais,Pleno dia,Crescente,Céu Claro,Simples,Reta,Não,3.0,1.0,0.0,0.0,1.0,1.0,0.0,3.0,"-1,53715496","-47,51523686",SPRF-PA,DEL01-PA,UOP02-DEL01-PA
589428,2024-03-24,domingo,10:20:00,GO,60.0,354,SANTO ANTONIO DA BARRA,Ausência de reação do condutor,Capotamento,Com Vítimas Fatais,Pleno dia,Crescente,Céu Claro,Dupla,Reta,Não,5.0,1.0,1.0,2.0,0.0,1.0,3.0,2.0,"-17,5988","-50,7248",SPRF-GO,DEL04-GO,UOP02-DEL04-GO
589441,2024-03-24,domingo,11:55:00,SP,153.0,221,MARILIA,Reação tardia ou ineficiente do condutor,Colisão lateral sentido oposto,Com Vítimas Feridas,Pleno dia,Crescente,Nublado,Simples,Reta,Não,4.0,0.0,1.0,0.0,2.0,1.0,1.0,3.0,"-22,00556207","-49,91107634",SPRF-SP,DEL07-SP,UOP02-DEL07-SP
589457,2024-03-24,domingo,06:57:00,PI,135.0,535,SAO GONCALO DO GURGUEIA,Transitar na contramão,Colisão frontal,Com Vítimas Feridas,Amanhecer,Decrescente,Sol,Simples,Declive;Reta,Não,3.0,0.0,0.0,1.0,1.0,1.0,1.0,3.0,"-10,00419107","-45,31896007",SPRF-PI,DEL03-PI,UOP02-DEL03-PI
589471,2024-03-24,domingo,14:30:00,MG,381.0,544,ITATIAIUCU,Manobra de mudança de faixa,Colisão lateral mesmo sentido,Sem Vítimas,Pleno dia,Crescente,Chuva,Múltipla,Curva;Aclive,Não,3.0,0.0,0.0,0.0,2.0,1.0,0.0,3.0,"-20,28193579","-44,42882633",SPRF-MG,DEL04-MG,UOP03-DEL04-MG
589472,2024-03-24,domingo,14:30:00,BA,101.0,536,SAO JOSE DA VITORIA,Reação tardia ou ineficiente do condutor,Colisão frontal,Com Vítimas Feridas,Pleno dia,Decrescente,Céu Claro,Simples,Reta;Aclive,Não,3.0,0.0,0.0,2.0,0.0,1.0,2.0,2.0,"-15,16120642","-39,41897771",SPRF-BA,DEL05-BA,UOP01-DEL05-BA
589474,2024-03-24,domingo,08:00:00,AM,174.0,1068,PRESIDENTE FIGUEIREDO,Condutor Dormindo,Saída de leito carroçável,Sem Vítimas,Amanhecer,Decrescente,Chuva,Simples,Reta,Não,1.0,0.0,0.0,0.0,0.0,1.0,0.0,1.0,"-1,44333999","-60,29811299",SPRF-AM,DEL01-AM,UOP02-DEL01-AM
589476,2024-03-24,domingo,12:40:00,MT,163.0,835,SINOP,Manobra de mudança de faixa,Colisão lateral mesmo sentido,Sem Vítimas,Pleno dia,Crescente,Nublado,Dupla,Reta;Viaduto,Sim,2.0,0.0,0.0,0.0,1.0,1.0,0.0,2.0,"-11,85683544","-55,49440563",SPRF-MT,DEL06-MT,UOP02-DEL06-MT
589482,2024-03-24,domingo,16:41:00,DF,80.0,"10,7",BRASILIA,Demais falhas mecânicas ou elétricas,Incêndio,Sem Vítimas,Pleno dia,Crescente,Nublado,Simples,Reta,Não,1.0,0.0,0.0,0.0,1.0,0.0,0.0,1.0,"-15,731","-48,168938",SPRF-DF,DEL03-DF,UOP02-DEL03-DF
589493,2024-03-24,domingo,15:35:00,MT,364.0,469,VARZEA GRANDE,Condutor deixou de manter distância do veículo da frente,Saída de leito carroçável,Com Vítimas Feridas,Pleno dia,Decrescente,Chuva,Simples,Reta,Não,3.0,0.0,1.0,0.0,1.0,3.0,1.0,5.0,"-15,4667031","-56,31189606",SPRF-MT,DEL01-MT,UOP02-DEL01-MT
589506,2024-03-03,domingo,11:40:00,MG,381.0,"447,3",SANTA LUZIA,Ausência de reação do condutor,Tombamento,Com Vítimas Feridas,Pleno dia,Decrescente,Céu Claro,Simples,Declive;Curva,Não,3.0,0.0,0.0,2.0,0.0,1.0,2.0,2.0,"-19,83447607","-43,85011601",SPRF-MG,DEL01-MG,UOP01-DEL01-MG
589510,2024-03-24,domingo,17:30:00,PE,316.0,97,OURICURI,Transitar na contramão,Colisão lateral sentido oposto,Com Vítimas Feridas,Anoitecer,Crescente,Sol,Simples,Reta,Não,3.0,0.0,0.0,1.0,2.0,0.0,1.0,3.0,"-7,92756991","-39,97177396",SPRF-PE,DEL05-PE,UOP02-DEL05-PE
589511,2024-03-24,domingo,13:35:00,MT,174.0,580,COMODORO,Problema com o freio,Incêndio,Sem Vítimas,Pleno dia,Crescente,Céu Claro,Simples,Reta,Não,3.0,0.0,0.0,0.0,1.0,2.0,0.0,3.0,"-12,93229289","-60,04401768",SPRF-MT,DEL04-MT,UOP02-DEL04-MT
589513,2024-03-24,domingo,14:44:00,AC,317.0,188,XAPURI,Transitar na contramão,Colisão lateral sentido oposto,Sem Vítimas,Pleno dia,Decrescente,Céu Claro,Simples,Reta;Aclive,Não,2.0,0.0,0.0,0.0,2.0,0.0,0.0,2.0,"-10,60866802","-68,02852698",SPRF-AC,DEL01-AC,UOP02-DEL01-AC
589515,2024-03-24,domingo,18:50:00,BA,116.0,"18,5",VITORIA DA CONQUISTA,Ausência de reação do condutor,Colisão transversal,Com Vítimas Feridas,Plena Noite,Decrescente,Céu Claro,Simples,Interseção de Vias;Reta,Não,5.0,0.0,1.0,1.0,2.0,1.0,2.0,3.0,"-14,89640301","-40,82704282",SPRF-BA,DEL08-BA,UOP01-DEL08-BA
589522,2024-03-24,domingo,20:00:00,BA,324.0,516,FEIRA DE SANTANA,Acessar a via sem observar a presença dos outros veículos,Colisão transversal,Com Vítimas Feridas,Plena Noite,Decrescente,Céu Claro,Simples,Reta,Sim,3.0,0.0,1.0,0.0,1.0,1.0,1.0,3.0,"-12,2417119","-38,93768485",SPRF-BA,DEL02-BA,UOP01-DEL02-BA
589524,2024-03-24,domingo,19:30:00,SC,470.0,127,LONTRAS,Ultrapassagem Indevida,Colisão lateral mesmo sentido,Com Vítimas Feridas,Plena Noite,Decrescente,Céu Claro,Simples,Curva,Não,9.0,0.0,7.0,0.0,0.0,2.0,7.0,3.0,"-27,14322769","-49,54884946",SPRF-SC,DEL04-SC,UOP02-DEL04-SC
589530,2024-03-24,domingo,20:00:00,MG,381.0,"489,1",BETIM,Reação tardia ou ineficiente do condutor,Colisão traseira,Sem Vítimas,Plena Noite,Decrescente,Céu Claro,Múltipla,Reta;Aclive,Sim,4.0,0.0,0.0,0.0,3.0,1.0,0.0,4.0,"-19,9563874","-44,13459063",SPRF-MG,DEL01-MG,UOP03-DEL01-MG
589554,2024-03-24,domingo,20:50:00,MA,222.0,671,ACAILANDIA,Reação tardia ou ineficiente do condutor,Queda de ocupante de veículo,Com Vítimas Feridas,Plena Noite,Decrescente,Céu Claro,Simples,Declive,Sim,2.0,0.0,0.0,1.0,0.0,1.0,1.0,2.0,"-4,94304617","-47,4690399",SPRF-MA,DEL04-MA,UOP03-DEL04-MA
589571,2024-03-25,segunda-feira,02:00:00,MG,262.0,"611,3",IBIA,Pista Escorregadia,Colisão com objeto,Com Vítimas Feridas,Plena Noite,Decrescente,Chuva,Simples,Curva;Declive,Não,4.0,0.0,2.0,0.0,1.0,1.0,2.0,3.0,"-19,59794921","-46,2913541",SPRF-MG,DEL08-MG,UOP02-DEL08-MG