id,data_inversa,dia_semana,horario,uf,br,km,municipio,causa_acidente,tipo_acidente,classificacao_acidente,fase_dia,sentido_via,condicao_metereologica,tipo_pista,tracado_via,uso_solo,pessoas,mortos,feridos_leves,feridos_graves,ilesos,ignorados,feridos,veiculos,latitude,longitude,regional,delegacia,uop
589573,2024-03-25,segunda-feira,01:35:00,SP,116.0,170,JACAREI,Condutor Dormindo,Colisão traseira,Com Vítimas Feridas,Plena Noite,Crescente,Céu Claro,Dupla,Reta,Não,2.0,0.0,1.0,0.0,1.0,0.0,1.0,2.0,"-23,30794749","-46,0548351",SPRF-SP,DEL02-SP,UOP01-DEL02-SP
589574,2024-03-25,segunda-feira,03:20:00,SP,116.0,452,REGISTRO,Demais falhas mecânicas ou elétricas,Incêndio,Sem Vítimas,Plena Noite,Decrescente,Céu Claro,Dupla,Reta,Não,2.0,0.0,0.0,0.0,1.0,1.0,0.0,2.0,"-24,55357585","-47,86460045",SPRF-SP,DEL05-SP,UOP01-DEL05-SP
589580,2024-03-24,domingo,20:15:00,MG,365.0,"488,9",PATROCINIO,Ausência de reação do condutor,Colisão frontal,Com Vítimas Feridas,Plena Noite,Crescente,Chuva,Simples,Reta,Não,5.0,0.0,0.0,2.0,2.0,1.0,2.0,4.0,"-18,90309317","-47,14086893",SPRF-MG,DEL10-MG,UOP01-DEL10-MG
589582,2024-03-24,domingo,20:30:00,MG,365.0,"488,9",PATROCINIO,Ausência de reação do condutor,Colisão traseira,Sem Vítimas,Plena Noite,Decrescente,Chuva,Simples,Reta,Não,2.0,0.0,0.0,0.0,1.0,1.0,0.0,2.0,"-18,90309317","-47,14086893",SPRF-MG,DEL10-MG,UOP01-DEL10-MG
589585,2024-03-25,segunda-feira,06:20:00,RS,386.0,153,ALMIRANTE TAMANDARE DO SUL,Condutor deixou de manter distância do veículo da frente,Colisão traseira,Com Vítimas Feridas,Pleno dia,Crescente,Céu Claro,Dupla,Reta;Aclive,Sim,2.0,0.0,0.0,1.0,0.0,1.0,1.0,2.0,"-28,103321","-52,860851",SPRF-RS,DEL08-RS,UOP01-DEL08-RS
589587,2024-03-25,segunda-feira,06:43:00,PE,408.0,"96,4",SAO LOURENCO DA MATA,Demais falhas mecânicas ou elétricas,Incêndio,Sem Vítimas,Pleno dia,Decrescente,Céu Claro,Dupla,Reta,Sim,2.0,0.0,0.0,0.0,2.0,0.0,0.0,1.0,"-8,025435","-35,038536",SPRF-PE,DEL01-PE,UOP01-DEL01-PE
589589,2024-03-19,terça-feira,06:30:00,BA,101.0,389,IBIRAPITANGA,Chuva,Tombamento,Com Vítimas Feridas,Pleno dia,Crescente,Chuva,Simples,Curva,Não,1.0,0.0,1.0,0.0,0.0,0.0,1.0,1.0,"-14,025008","-39,423384",SPRF-BA,DEL05-BA,UOP03-DEL05-BA
589592,2024-03-25,segunda-feira,07:20:00,SE,235.0,2,ARACAJU,Condutor deixou de manter distância do veículo da frente,Colisão traseira,Com Vítimas Feridas,Pleno dia,Crescente,Céu Claro,Dupla,Reta;Aclive,Sim,5.0,0.0,2.0,0.0,3.0,0.0,2.0,3.0,"-10,9062","-37,1034",SPRF-SE,DEL01-SE,UOP01-DEL01-SE
589598,2024-03-22,sexta-feira,05:05:00,PR,476.0,"273,9",SAO MATEUS DO SUL,Ausência de sinalização,Colisão com objeto,Sem Vítimas,Plena Noite,Crescente,Ignorado,Simples,Curva;Interseção de Vias,Sim,1.0,0.0,0.0,0.0,1.0,0.0,0.0,1.0,"-25,8937721","-50,37742138",SPRF-PR,DEL02-PR,UOP03-DEL02-PR
589600,2024-03-25,segunda-feira,06:00:00,BA,242.0,828,BARREIRAS,Condutor deixou de manter distância do veículo da frente,Colisão traseira,Sem Vítimas,Amanhecer,Crescente,Céu Claro,Simples,Reta;Aclive,Não,3.0,0.0,0.0,0.0,2.0,3.0,0.0,5.0,"-12,12985099","-45,09699301",SPRF-BA,DEL10-BA,UOP01-DEL10-BA
589606,2024-03-21,quinta-feira,17:40:00,PR,277.0,110,CAMPO LARGO,Mal súbito do condutor,Colisão transversal,Sem Vítimas,Anoitecer,Crescente,Nublado,Dupla,Declive;Reta,Sim,3.0,0.0,0.0,0.0,2.0,1.0,0.0,3.0,"-25,442742","-49,455234",SPRF-PR,DEL03-PR,UOP03-DEL03-PR
589607,2024-03-25,segunda-feira,07:40:00,SC,282.0,580,PINHALZINHO,Reação tardia ou ineficiente do condutor,Colisão transversal,Com Vítimas Feridas,Pleno dia,Crescente,Céu Claro,Simples,Rotatória,Sim,3.0,0.0,0.0,1.0,1.0,1.0,1.0,3.0,"-26,832148","-52,994308",SPRF-SC,DEL07-SC,UOP02-DEL07-SC
589617,2024-03-25,segunda-feira,03:20:00,GO,158.0,8,ARAGARCAS,Falta de elemento de contenção que evite a saída do leito carroçável,Saída de leito carroçável,Com Vítimas Feridas,Plena Noite,Crescente,Céu Claro,Simples,Reta,Sim,3.0,0.0,2.0,1.0,0.0,0.0,3.0,1.0,"-15,9073825","-52,22066402",SPRF-GO,DEL04-GO,UOP02-DEL04-GO
589620,2024-03-25,segunda-feira,08:46:00,PB,230.0,22,JOAO PESSOA,Ausência de reação do condutor,Colisão traseira,Com Vítimas Feridas,Pleno dia,Crescente,Céu Claro,Dupla,Reta,Sim,3.0,0.0,0.0,1.0,2.0,0.0,1.0,3.0,"-7,1495","-34,8517",SPRF-PB,DEL01-PB,UOP01-DEL01-PB
589635,2024-03-25,segunda-feira,09:10:00,ES,101.0,"281,7",SERRA,Demais falhas mecânicas ou elétricas,Colisão com objeto,Sem Vítimas,Pleno dia,Decrescente,Céu Claro,Dupla,Reta,Sim,2.0,0.0,0.0,0.0,1.0,2.0,0.0,3.0,"-20,22357587","-40,35922359",SPRF-ES,DEL02-ES,UOP01-DEL02-ES
589636,2024-03-25,segunda-feira,10:30:00,SP,381.0,"50,1",ATIBAIA,Demais falhas mecânicas ou elétricas,Incêndio,Sem Vítimas,Pleno dia,Decrescente,Céu Claro,Dupla,Reta,Não,4.0,0.0,0.0,0.0,3.0,1.0,0.0,2.0,"-23,21359807","-46,59367981",SPRF-SP,DEL03-SP,UOP01-DEL03-SP
589641,2024-01-18,quinta-feira,20:30:00,SC,470.0,"235,2",SAO CRISTOVAO DO SUL,Transitar no Acostamento,Colisão frontal,Com Vítimas Feridas,Anoitecer,Decrescente,Nublado,Simples,Curva,Não,2.0,0.0,0.0,1.0,1.0,0.0,1.0,2.0,"-27,302292","-50,439423",SPRF-SC,DEL05-SC,UOP03-DEL05-SC
589648,2024-03-25,segunda-feira,10:20:00,PR,116.0,"163,5",QUITANDINHA,Reação tardia ou ineficiente do condutor,Colisão traseira,Com Vítimas Feridas,Pleno dia,Decrescente,Nublado,Simples,Reta,Não,4.0,0.0,1.0,0.0,2.0,2.0,1.0,4.0,"-25,86442035","-49,41795105",SPRF-PR,DEL01-PR,UOP03-DEL01-PR
589650,2024-03-25,segunda-feira,11:30:00,MG,40.0,"819,9",SIMAO PEREIRA,Mal súbito do condutor,Saída de leito carroçável,Sem Vítimas,Pleno dia,Decrescente,Nublado,Dupla,Reta,Não,2.0,0.0,0.0,0.0,1.0,1.0,0.0,2.0,"-21,93024704","-43,31535211",SPRF-MG,DEL05-MG,UOP01-DEL05-MG
589654,2024-03-25,segunda-feira,10:00:00,GO,153.0,615,MORRINHOS,Condutor deixou de manter distância do veículo da frente,Colisão traseira,Com Vítimas Feridas,Pleno dia,Decrescente,Nublado,Dupla,Reta,Não,3.0,0.0,0.0,1.0,1.0,1.0,1.0,3.0,"-17,6778","-49,1621",SPRF-GO,DEL03-GO,UOP01-DEL03-GO
589658,2024-03-25,segunda-feira,12:20:00,RS,116.0,258,ESTEIO,Reação tardia ou ineficiente do condutor,Colisão lateral mesmo sentido,Com Vítimas Feridas,Pleno dia,Decrescente,Céu Claro,Múltipla,Reta,Sim,2.0,0.0,2.0,0.0,0.0,0.0,2.0,2.0,"-29,86150502","-51,18091535",SPRF-RS,DEL01-RS,UOP02-DEL01-RS
589659,2024-03-25,segunda-feira,12:05:00,PR,476.0,196,LAPA,Suicídio (presumido),Atropelamento de Pedestre,Com Vítimas Feridas,Pleno dia,Crescente,Nublado,Simples,Interseção de Vias,Sim,3.0,0.0,1.0,0.0,1.0,1.0,1.0,3.0,"-25,753437","-49,725754",SPRF-PR,DEL01-PR,UOP06-DEL01-PR
589663,2024-03-25,segunda-feira,11:55:00,PA,316.0,64,CASTANHAL,Ausência de reação do condutor,Colisão traseira,Com Vítimas Fatais,Pleno dia,Decrescente,Céu Claro,Dupla,Reta,Sim,4.0,1.0,1.0,0.0,1.0,2.0,1.0,4.0,"-1,29629557","-47,91983997",SPRF-PA,DEL01-PA,UOP01-DEL01-PA
589664,2024-03-25,segunda-feira,12:30:00,MT,364.0,209,RONDONOPOLIS,Pista Escorregadia,Saída de leito carroçável,Com Vítimas Feridas,Pleno dia,Decrescente,Chuva,Dupla,Reta;Retorno Regulamentado,Sim,2.0,0.0,1.0,0.0,0.0,1.0,1.0,2.0,"-16,42894942","-54,6933816",SPRF-MT,DEL02-MT,UOP01-DEL02-MT
589665,2024-02-07,quarta-feira,15:40:00,MG,40.0,474,SETE LAGOAS,Pista Escorregadia,Saída de leito carroçável,Com Vítimas Feridas,Pleno dia,Decrescente,Chuva,Dupla,Declive;Reta,Não,1.0,0.0,1.0,0.0,0.0,0.0,1.0,1.0,"-19,49804878","-44,27929974",SPRF-MG,DEL02-MG,UOP01-DEL02-MG
589669,2024-03-25,segunda-feira,12:20:00,MG,40.0,"506,6",RIBEIRAO DAS NEVES,Velocidade Incompatível,Colisão traseira,Com Vítimas Fatais,Pleno dia,Crescente,Céu Claro,Dupla,Reta,Sim,4.0,1.0,0.0,1.0,1.0,1.0,1.0,3.0,"-19,751244","-44,144416",SPRF-MG,DEL02-MG,UOP01-DEL02-MG
589671,2024-03-25,segunda-feira,14:00:00,GO,60.0,45,ALEXANIA,Ausência de reação do condutor,Colisão lateral mesmo sentido,Com Vítimas Feridas,Pleno dia,Decrescente,Garoa/Chuvisco,Dupla,Reta;Aclive,Não,4.0,0.0,1.0,0.0,2.0,1.0,1.0,3.0,"-16,1324","-48,5977",SPRF-GO,DEL02-GO,UOP01-DEL02-GO
589674,2024-03-25,segunda-feira,13:57:00,PB,230.0,286,SANTA LUZIA,Acessar a via sem observar a presença dos outros veículos,Colisão transversal,Sem Vítimas,Pleno dia,Crescente,Céu Claro,Simples,Reta,Não,5.0,0.0,0.0,0.0,4.0,4.0,0.0,7.0,"-6,8978","-36,8794",SPRF-PB,DEL03-PB,UOP01-DEL03-PB
589677,2024-03-25,segunda-feira,12:30:00,PE,101.0,112,IPOJUCA,Ausência de reação do condutor,Colisão com objeto,Com Vítimas Feridas,Pleno dia,Crescente,Nublado,Dupla,Curva,Não,1.0,0.0,1.0,0.0,0.0,0.0,1.0,1.0,"-8,3278918","-35,119238",SPRF-PE,DEL01-PE,UOP03-DEL01-PE
589678,2024-03-25,segunda-feira,11:00:00,MT,364.0,490,JANGADA,Ausência de reação do condutor,Colisão traseira,Com Vítimas Feridas,Pleno dia,Crescente,Nublado,Simples,Reta,Não,3.0,0.0,0.0,1.0,1.0,1.0,1.0,3.0,"-15,32587484","-56,42696975",SPRF-MT,DEL01-MT,UOP01-DEL01-MT
589679,2024-03-25,segunda-feira,14:30:00,MT,364.0,"459,2",JANGADA,Acumulo de água sobre o pavimento,Colisão frontal,Com Vítimas Fatais,Pleno dia,Crescente,Chuva,Simples,Reta,Não,3.0,1.0,0.0,0.0,1.0,2.0,0.0,4.0,"-15,32587484","-56,42696975",SPRF-MT,DEL01-MT,UOP02-DEL01-MT
589681,2024-03-25,segunda-feira,11:10:00,MS,163.0,"529,5",JARAGUARI,Condutor Dormindo,Saída de leito carroçável,Com Vítimas Feridas,Pleno dia,Decrescente,Sol,Simples,Declive;Reta,Não,2.0,0.0,1.0,0.0,0.0,2.0,1.0,3.0,"-20,07989041","-54,42998908",SPRF-MS,DEL01-MS,UOP02-DEL01-MS
589684,2024-03-25,segunda-feira,15:20:00,RN,110.0,"46,9",MOSSORO,Condutor deixou de manter distância do veículo da frente,Colisão traseira,Sem Vítimas,Pleno dia,Crescente,Chuva,Simples,Reta,Sim,3.0,0.0,0.0,0.0,3.0,0.0,0.0,2.0,"-5,19797675","-37,31839819",SPRF-RN,DEL04-RN,UOP01-DEL04-RN
589689,2024-03-25,segunda-feira,15:50:00,TO,153.0,"335,9",GUARAI,Ultrapassagem Indevida,Colisão lateral sentido oposto,Com Vítimas Feridas,Pleno dia,Crescente,Céu Claro,Simples,Reta,Não,4.0,0.0,0.0,1.0,2.0,1.0,1.0,4.0,"-8,84481597","-48,5107318",SPRF-TO,DEL02-TO,UOP02-DEL02-TO
589691,2024-03-25,segunda-feira,13:00:00,PR,476.0,274,SAO MATEUS DO SUL,Condutor deixou de manter distância do veículo da frente,Engavetamento,Sem Vítimas,Pleno dia,Crescente,Céu Claro,Simples,Reta,Sim,3.0,0.0,0.0,0.0,3.0,0.0,0.0,3.0,"-25,893393","-50,377842",SPRF-PR,DEL02-PR,UOP03-DEL02-PR
589692,2024-03-25,segunda-feira,14:00:00,MS,163.0,263,DOURADOS,Condutor deixou de manter distância do veículo da frente,Colisão traseira,Com Vítimas Feridas,Pleno dia,Crescente,Céu Claro,Dupla,Rotatória,Sim,2.0,0.0,1.0,0.0,1.0,0.0,1.0,2.0,"-22,2316424","-54,7478208",SPRF-MS,DEL04-MS,UOP01-DEL04-MS
589693,2024-03-25,segunda-feira,14:35:00,MG,116.0,"748,6",LEOPOLDINA,Ultrapassagem Indevida,Colisão transversal,Com Vítimas Feridas,Pleno dia,Decrescente,Nublado,Simples,Reta,Não,2.0,0.0,1.0,1.0,0.0,0.0,2.0,2.0,"-21,44262683","-42,53751514",SPRF-MG,DEL07-MG,UOP01-DEL07-MG
589695,2024-03-25,segunda-feira,14:30:00,RO,364.0,189,PIMENTA BUENO,Condutor deixou de manter distância do veículo da frente,Engavetamento,Com Vítimas Feridas,Pleno dia,Crescente,Sol,Simples,Reta,Não,5.0,0.0,1.0,1.0,2.0,6.0,2.0,10.0,"-11,72754327","-61,13530712",SPRF-RO,DEL02-RO,UOP02-DEL02-RO
589699,2024-03-25,segunda-feira,14:55:00,MG,50.0,194,DELTA,Ausência de sinalização,Atropelamento de Pedestre,Com Vítimas Feridas,Pleno dia,Crescente,Chuva,Dupla,Reta;Declive,Não,3.0,0.0,0.0,1.0,2.0,0.0,1.0,2.0,"-19,887439","-47,848374",SPRF-MG,DEL13-MG,UOP01-DEL13-MG
589704,2024-03-25,segunda-feira,16:35:00,BA,101.0,740,ITABELA,Velocidade Incompatível,Colisão frontal,Com Vítimas Feridas,Pleno dia,Crescente,Chuva,Simples,Declive;Curva,Não,6.0,0.0,2.0,1.0,3.0,0.0,3.0,3.0,"-16,69551604","-39,47368803",SPRF-BA,DEL09-BA,UOP01-DEL09-BA
589708,2024-03-25,segunda-feira,15:30:00,SC,101.0,"106,1",PENHA,Manobra de mudança de faixa,Colisão lateral mesmo sentido,Com Vítimas Feridas,Pleno dia,Decrescente,Céu Claro,Dupla,Curva;Declive,Não,4.0,0.0,2.0,0.0,1.0,1.0,2.0,3.0,"-26,81031601","-48,68293896",SPRF-SC,DEL03-SC,UOP02-DEL03-SC
589718,2024-03-25,segunda-feira,16:30:00,BA,324.0,"615,5",SIMOES FILHO,Entrada inopinada do pedestre,Atropelamento de Pedestre,Com Vítimas Feridas,Pleno dia,Decrescente,Nublado,Dupla,Declive;Reta,Sim,2.0,0.0,1.0,0.0,0.0,1.0,1.0,2.0,"-12,87206398","-38,42746403",SPRF-BA,DEL01-BA,UOP01-DEL01-BA
589727,2024-03-25,segunda-feira,19:00:00,BA,101.0,667,ITAPEBI,Velocidade Incompatível,Tombamento,Com Vítimas Feridas,Plena Noite,Decrescente,Céu Claro,Simples,Curva,Não,2.0,0.0,0.0,1.0,0.0,1.0,1.0,2.0,"-15,99094","-39,57266",SPRF-BA,DEL09-BA,UOP01-DEL09-BA
589731,2024-01-10,quarta-feira,04:00:00,PR,376.0,"379,5",IMBAU,Entrada inopinada do pedestre,Atropelamento de Pedestre,Com Vítimas Fatais,Plena Noite,Crescente,Ignorado,Simples,Reta,Não,2.0,1.0,0.0,0.0,0.0,1.0,0.0,2.0,"-24,39632692","-50,78340501",SPRF-PR,DEL03-PR,UOP02-DEL03-PR
589733,2024-03-25,segunda-feira,14:30:00,MG,153.0,104,PRATA,Acumulo de água sobre o pavimento,Colisão frontal,Com Vítimas Feridas,Pleno dia,Decrescente,Chuva,Simples,Declive;Reta,Não,3.0,0.0,0.0,2.0,0.0,1.0,2.0,3.0,"-19,26347485","-48,92260343",SPRF-MG,DEL15-MG,UOP03-DEL15-MG
589736,2024-03-25,segunda-feira,16:30:00,MG,267.0,"51,3",MARIPA DE MINAS,Problema na suspensão,Tombamento,Com Vítimas Feridas,Pleno dia,Decrescente,Céu Claro,Simples,Declive;Reta,Não,1.0,0.0,1.0,0.0,0.0,0.0,1.0,1.0,"-21,70228417","-42,98867684",SPRF-MG,DEL07-MG,UOP01-DEL07-MG
589737,2024-03-25,segunda-feira,19:50:00,RS,293.0,157,HULHA NEGRA,Condutor Dormindo,Saída de leito carroçável,Com Vítimas Feridas,Plena Noite,Crescente,Céu Claro,Simples,Ponte,Não,2.0,0.0,1.0,0.0,0.0,1.0,1.0,2.0,"-31,39528237","-53,78696899",SPRF-RS,DEL11-RS,UOP03-DEL11-RS
589740,2024-03-25,segunda-feira,19:00:00,MT,163.0,985,TERRA NOVA DO NORTE,Ultrapassagem Indevida,Colisão frontal,Com Vítimas Fatais,Plena Noite,Crescente,Nublado,Simples,Reta;Aclive,Não,3.0,2.0,0.0,0.0,0.0,1.0,0.0,3.0,"-10,7278561","-55,13094895",SPRF-MT,DEL06-MT,UOP03-DEL06-MT
589748,2024-03-25,segunda-feira,19:26:00,PR,277.0,"460,6",LARANJEIRAS DO SUL,Transitar na contramão,Colisão frontal,Com Vítimas Fatais,Plena Noite,Crescente,Céu Claro,Simples,Reta;Aclive,Não,6.0,3.0,0.0,0.0,2.0,1.0,0.0,4.0,"-25,366243","-52,467922",SPRF-PR,DEL04-PR,UOP02-DEL04-PR
589750,2024-03-25,segunda-feira,10:50:00,RJ,116.0,237,PIRAI,Demais falhas mecânicas ou elétricas,Incêndio,Sem Vítimas,Pleno dia,Decrescente,Nublado,Dupla,Reta,Não,1.0,0.0,0.0,0.0,1.0,0.0,0.0,1.0,"-22,6648253","-43,8735",SPRF-RJ,DEL07-RJ,UOP01-DEL07-RJ
589759,2024-03-25,segunda-feira,20:30:00,MT,174.0,3,PONTES E LACERDA,Reação tardia ou ineficiente do condutor,Colisão traseira,Com Vítimas Feridas,Plena Noite,Crescente,Chuva,Simples,Curva,Sim,2.0,0.0,0.0,1.0,0.0,1.0,1.0,2.0,"-15,24248973","-59,33358759",SPRF-MT,DEL04-MT,UOP01-DEL04-MT
589760,2024-03-25,segunda-feira,22:55:00,SP,116.0,"322,8",JUQUITIBA,Ausência de reação do condutor,Colisão traseira,Com Vítimas Feridas,Plena Noite,Crescente,Céu Claro,Dupla,Reta,Não,3.0,0.0,1.0,0.0,1.0,1.0,1.0,3.0,"-23,935106","-47,026682",SPRF-SP,DEL04-SP,UOP03-DEL04-SP
589763,2024-03-26,terça-feira,00:20:00,SC,101.0,"219,3",PALHOCA,Reação tardia ou ineficiente do condutor,Engavetamento,Com Vítimas Feridas,Plena Noite,Decrescente,Céu Claro,Simples,Reta,Sim,5.0,0.0,1.0,0.0,3.0,2.0,1.0,5.0,"-27,68392194","-48,66710085",SPRF-SC,DEL01-SC,UOP02-DEL01-SC
589764,2024-03-25,segunda-feira,23:30:00,PR,373.0,266,PRUDENTOPOLIS,Ausência de reação do condutor,Colisão traseira,Com Vítimas Feridas,Plena Noite,Decrescente,Céu Claro,Simples,Reta,Não,4.0,0.0,1.0,0.0,3.0,0.0,1.0,2.0,"-25,202099","-50,981375",SPRF-PR,DEL08-PR,UOP01-DEL08-PR
589767,2024-03-26,terça-feira,00:07:00,BA,330.0,"817,4",JITAUNA,Animais na Pista,Atropelamento de Animal,Com Vítimas Feridas,Plena Noite,Decrescente,Céu Claro,Simples,Reta,Não,3.0,0.0,1.0,0.0,2.0,0.0,1.0,3.0,"-14,00848308","-39,86592302",SPRF-BA,DEL03-BA,UOP01-DEL03-BA
589768,2024-03-26,terça-feira,00:30:00,AL,101.0,"149,6",JEQUIA DA PRAIA,Problema com o freio,Tombamento,Com Vítimas Feridas,Pleno dia,Decrescente,Nublado,Dupla,Curva;Declive,Não,2.0,0.0,1.0,0.0,0.0,1.0,1.0,2.0,"-9,89402674","-36,14110191",SPRF-AL,DEL02-AL,UOP02-DEL02-AL
589772,2024-03-26,terça-feira,02:40:00,SC,101.0,"127,6",BALNEARIO CAMBORIU,Condutor deixou de manter distância do veículo da frente,Colisão traseira,Com Vítimas Feridas,Plena Noite,Decrescente,Céu Claro,Dupla,Reta,Não,2.0,0.0,0.0,1.0,1.0,0.0,1.0,2.0,"-26,9639319","-48,68328024",SPRF-SC,DEL04-SC,UOP04-DEL04-SC
589777,2024-03-26,terça-feira,02:00:00,BA,116.0,756,POCOES,Ausência de reação do condutor,Colisão traseira,Com Vítimas Feridas,Plena Noite,Crescente,Nublado,Simples,Reta,Sim,3.0,0.0,1.0,0.0,0.0,2.0,1.0,3.0,"-14,47044164","-40,33908151",SPRF-BA,DEL08-BA,UOP02-DEL08-BA
589780,2024-03-26,terça-feira,04:45:00,PR,476.0,"111,8",COLOMBO,Transitar na contramão,Colisão frontal,Com Vítimas Fatais,Plena Noite,Decrescente,Nublado,Simples,Curva;Declive,Não,3.0,1.0,0.0,0.0,1.0,1.0,0.0,3.0,"-25,31672833","-49,15853345",SPRF-PR,DEL01-PR,UOP01-DEL01-PR
589790,2024-03-26,terça-feira,03:00:00,MG,262.0,"611,3",IBIA,Pista Escorregadia,Saída de leito carroçável,Sem Vítimas,Plena Noite,Crescente,Chuva,Simples,Curva;Declive,Não,1.0,0.0,0.0,0.0,1.0,0.0,0.0,1.0,"-19,59794921","-46,2913541",SPRF-MG,DEL08-MG,UOP02-DEL08-MG
589791,2024-03-08,sexta-feira,15:48:00,MT,158.0,530,AGUA BOA,Ultrapassagem Indevida,Tombamento,Com Vítimas Feridas,Pleno dia,Crescente,Céu Claro,Simples,Curva,Não,5.0,0.0,0.0,1.0,3.0,3.0,1.0,5.0,"-13,75253298","-52,04218793",SPRF-MT,DEL07-MT,UOP02-DEL07-MT
589795,2024-03-26,terça-feira,05:40:00,SC,116.0,"215,5",CORREIA PINTO,Reação tardia ou ineficiente do condutor,Tombamento,Com Vítimas Feridas,Pleno dia,Decrescente,Céu Claro,Simples,Reta,Não,2.0,0.0,1.0,0.0,0.0,1.0,1.0,2.0,"-27,538325","-50,376366",SPRF-SC,DEL05-SC,UOP03-DEL05-SC
589797,2024-03-25,segunda-feira,19:20:00,MG,262.0,"42,1",MANHUACU,Reação tardia ou ineficiente do condutor,Tombamento,Com Vítimas Feridas,Plena Noite,Crescente,Céu Claro,Simples,Curva,Não,2.0,0.0,1.0,0.0,0.0,1.0,1.0,2.0,"-20,26976316","-42,06894006",SPRF-MG,DEL06-MG,UOP03-DEL06-MG
589803,2024-03-26,terça-feira,07:40:00,CE,116.0,"499,2",BREJO SANTO,Condutor deixou de manter distância do veículo da frente,Colisão traseira,Com Vítimas Feridas,Pleno dia,Crescente,Nublado,Simples,Reta;Aclive,Não,4.0,0.0,1.0,0.0,2.0,1.0,1.0,3.0,"-7,43580996","-38,97316442",SPRF-CE,DEL05-CE,UOP03-DEL05-CE
589806,2024-03-26,terça-feira,07:25:00,MT,163.0,834,SINOP,Ausência de reação do condutor,Colisão lateral mesmo sentido,Com Vítimas Feridas,Pleno dia,Decrescente,Nublado,Dupla,Rotatória,Não,4.0,0.0,1.0,0.0,2.0,1.0,1.0,3.0,"-11,995863","-55,51709",SPRF-MT,DEL06-MT,UOP02-DEL06-MT
589814,2024-03-26,terça-feira,07:10:00,RS,386.0,"245,9",SOLEDADE,Condutor Dormindo,Colisão frontal,Com Vítimas Feridas,Pleno dia,Crescente,Céu Claro,Simples,Reta,Sim,3.0,0.0,2.0,0.0,1.0,0.0,2.0,2.0,"-28,802004","-52,509708",SPRF-RS,DEL04-RS,UOP03-DEL04-RS
589816,2024-03-26,terça-feira,08:50:00,PR,376.0,629,SAO JOSE DOS PINHAIS,Acessar a via sem observar a presença dos outros veículos,Atropelamento de Pedestre,Com Vítimas Feridas,Pleno dia,Crescente,Céu Claro,Simples,Reta,Não,4.0,0.0,0.0,1.0,2.0,1.0,1.0,4.0,"-25,68698314","-49,14684542",SPRF-PR,DEL01-PR,UOP04-DEL01-PR
589822,2024-03-05,terça-feira,22:00:00,BA,116.0,422,FEIRA DE SANTANA,Desrespeitar a preferência no cruzamento,Colisão traseira,Com Vítimas Feridas,Plena Noite,Decrescente,Céu Claro,Dupla,Interseção de Vias,Sim,3.0,0.0,1.0,0.0,1.0,1.0,1.0,3.0,"-12,2306836","-38,96535158",SPRF-BA,DEL02-BA,UOP01-DEL02-BA
589833,2024-03-26,terça-feira,09:50:00,RO,319.0,60,PORTO VELHO,Manobra de mudança de faixa,Colisão traseira,Com Vítimas Feridas,Pleno dia,Crescente,Céu Claro,Múltipla,Reta;Interseção de Vias,Sim,3.0,0.0,0.0,1.0,1.0,1.0,1.0,3.0,"-8,74196683","-63,89912249",SPRF-RO,DEL01-RO,UOP01-DEL01-RO
589834,2024-03-26,terça-feira,10:10:00,SC,480.0,123,CHAPECO,Reação tardia ou ineficiente do condutor,Tombamento,Com Vítimas Feridas,Pleno dia,Crescente,Céu Claro,Simples,Interseção de Vias;Curva,Não,2.0,0.0,1.0,0.0,0.0,1.0,1.0,2.0,"-26,99739704","-52,64201951",SPRF-SC,DEL07-SC,UOP01-DEL07-SC
589836,2024-03-26,terça-feira,07:20:00,PR,376.0,"227,2",APUCARANA,Reação tardia ou ineficiente do condutor,Saída de leito carroçável,Com Vítimas Feridas,Pleno dia,Crescente,Sol,Dupla,Reta,Não,1.0,0.0,1.0,0.0,0.0,0.0,1.0,1.0,"-23,585","-51,558",SPRF-PR,DEL07-PR,UOP03-DEL07-PR
589841,2024-03-26,terça-feira,05:30:00,PE,101.0,209,XEXEU,Ausência de reação do condutor,Saída de leito carroçável,Com Vítimas Feridas,Amanhecer,Crescente,Céu Claro,Dupla,Curva,Não,2.0,0.0,0.0,1.0,0.0,1.0,1.0,2.0,"-8,83806024","-35,63692618",SPRF-PE,DEL01-PE,UOP03-DEL01-PE
589842,2024-03-26,terça-feira,10:45:00,PR,369.0,155,LONDRINA,Demais falhas mecânicas ou elétricas,Colisão transversal,Com Vítimas Fatais,Pleno dia,Crescente,Sol,Dupla,Interseção de Vias;Reta,Sim,5.0,1.0,0.0,1.0,1.0,3.0,1.0,5.0,"-23,29229725","-51,21536493",SPRF-PR,DEL07-PR,UOP01-DEL07-PR
589844,2024-03-24,domingo,06:00:00,CE,116.0,154,RUSSAS,Ultrapassagem Indevida,Colisão lateral mesmo sentido,Com Vítimas Feridas,Pleno dia,Decrescente,Céu Claro,Simples,Reta,Não,4.0,0.0,1.0,0.0,2.0,1.0,1.0,3.0,"-4,86890407","-38,0287231",SPRF-CE,DEL03-CE,UOP01-DEL03-CE