id,data_inversa,dia_semana,horario,uf,br,km,municipio,causa_acidente,tipo_acidente,classificacao_acidente,fase_dia,sentido_via,condicao_metereologica,tipo_pista,tracado_via,uso_solo,pessoas,mortos,feridos_leves,feridos_graves,ilesos,ignorados,feridos,veiculos,latitude,longitude,regional,delegacia,uop
589851,2024-03-26,terça-feira,13:57:00,GO,60.0,"128,5",GOIANAPOLIS,Ausência de reação do condutor,Colisão lateral mesmo sentido,Com Vítimas Feridas,Pleno dia,Crescente,Chuva,Dupla,Aclive,Não,2.0,0.0,1.0,0.0,1.0,0.0,1.0,2.0,"-16,56512512","-49,15454865",SPRF-GO,DEL01-GO,UOP01-DEL01-GO
589852,2024-03-26,terça-feira,14:20:00,SC,101.0,209,SAO JOSE,Trafegar com motocicleta (ou similar) entre as faixas,Colisão transversal,Com Vítimas Feridas,Pleno dia,Decrescente,Céu Claro,Dupla,Reta,Sim,4.0,0.0,1.0,0.0,1.0,2.0,1.0,4.0,"-27,61000542","-48,63895057",SPRF-SC,DEL01-SC,UOP01-DEL01-SC
589861,2024-03-26,terça-feira,07:40:00,MA,135.0,104,ITAPECURU MIRIM,Acostamento em desnível,Queda de ocupante de veículo,Com Vítimas Fatais,Pleno dia,Crescente,Céu Claro,Simples,Reta;Interseção de Vias,Não,3.0,1.0,0.0,0.0,0.0,2.0,0.0,3.0,"-3,38911583","-44,4963842",SPRF-MA,DEL01-MA,UOP02-DEL01-MA
589865,2024-03-26,terça-feira,07:00:00,PA,163.0,494,ITAITUBA,Transitar na contramão,Tombamento,Com Vítimas Fatais,Amanhecer,Decrescente,Céu Claro,Simples,Reta;Aclive,Não,25.0,3.0,11.0,10.0,0.0,2.0,21.0,4.0,"-5,55278209","-55,82200724",SPRF-PA,DEL05-PA,UOP02-DEL05-PA
589872,2024-03-26,terça-feira,10:40:00,BA,116.0,422,FEIRA DE SANTANA,Carga excessiva e/ou mal acondicionada,Colisão com objeto,Sem Vítimas,Pleno dia,Decrescente,Nublado,Dupla,Rotatória,Sim,2.0,0.0,0.0,0.0,0.0,2.0,0.0,2.0,"-12,22064702","-38,96561131",SPRF-BA,DEL02-BA,UOP01-DEL02-BA
589874,2024-03-26,terça-feira,11:30:00,SC,282.0,351,CAMPOS NOVOS,Entrada inopinada do pedestre,Eventos atípicos,Com Vítimas Feridas,Pleno dia,Decrescente,Céu Claro,Simples,Rotatória,Não,3.0,0.0,1.0,0.0,1.0,1.0,1.0,3.0,"-27,361374","-51,301975",SPRF-SC,DEL07-SC,UOP06-DEL07-SC
589876,2024-03-26,terça-feira,14:30:00,MG,251.0,"472,3",FRANCISCO SA,Demais falhas mecânicas ou elétricas,Saída de leito carroçável,Com Vítimas Feridas,Pleno dia,Crescente,Céu Claro,Simples,Curva;Declive,Não,2.0,0.0,1.0,0.0,0.0,1.0,1.0,2.0,"-16,4669101","-43,43947986",SPRF-MG,DEL12-MG,UOP01-DEL12-MG
589878,2024-03-26,terça-feira,15:15:00,PR,277.0,100,CURITIBA,Demais falhas mecânicas ou elétricas,Tombamento,Sem Vítimas,Pleno dia,Crescente,Céu Claro,Dupla,Curva,Sim,2.0,0.0,0.0,0.0,1.0,1.0,0.0,2.0,"-25,43016962","-49,36505914",SPRF-PR,DEL01-PR,UOP06-DEL01-PR
589883,2024-03-26,terça-feira,16:00:00,MT,364.0,545,ROSARIO OESTE,Demais falhas mecânicas ou elétricas,Colisão traseira,Sem Vítimas,Pleno dia,Decrescente,Nublado,Dupla,Reta,Sim,3.0,0.0,0.0,0.0,2.0,1.0,0.0,3.0,"-14,88773405","-56,46355582",SPRF-MT,DEL01-MT,UOP01-DEL01-MT
589890,2024-03-26,terça-feira,16:40:00,MG,116.0,"692,3",MURIAE,Ausência de reação do condutor,Tombamento,Com Vítimas Feridas,Pleno dia,Decrescente,Chuva,Simples,Curva,Não,2.0,0.0,1.0,0.0,1.0,0.0,1.0,1.0,"-21,03708256","-42,36774445",SPRF-MG,DEL07-MG,UOP02-DEL07-MG
589902,2024-03-26,terça-feira,17:30:00,ES,101.0,"434,9",MIMOSO DO SUL,Ultrapassagem Indevida,Tombamento,Com Vítimas Feridas,Anoitecer,Decrescente,Nublado,Simples,Reta,Não,2.0,0.0,1.0,0.0,0.0,1.0,1.0,2.0,"-21,04949006","-41,18858495",SPRF-ES,DEL03-ES,UOP02-DEL03-ES
589904,2024-03-26,terça-feira,17:50:00,ES,101.0,293,CARIACICA,Acesso irregular,Colisão transversal,Com Vítimas Feridas,Anoitecer,Crescente,Céu Claro,Dupla,Reta;Em Obras,Sim,3.0,0.0,1.0,0.0,1.0,1.0,1.0,3.0,"-20,31526144","-40,39567044",SPRF-ES,DEL01-ES,UOP01-DEL01-ES
589906,2024-03-26,terça-feira,18:10:00,GO,40.0,"42,7",LUZIANIA,Chuva,Saída de leito carroçável,Com Vítimas Feridas,Anoitecer,Crescente,Chuva,Simples,Reta;Declive,Não,2.0,0.0,1.0,0.0,0.0,1.0,1.0,2.0,"-16,38757012","-47,82577515",SPRF-DF,DEL01-DF,UOP02-DEL01-DF
589909,2024-03-26,terça-feira,07:00:00,MG,365.0,17,MONTES CLAROS,Reação tardia ou ineficiente do condutor,Tombamento,Com Vítimas Feridas,Pleno dia,Decrescente,Céu Claro,Simples,Reta,Não,2.0,0.0,1.0,0.0,0.0,1.0,1.0,2.0,"-16,87724015","-43,993381",SPRF-MG,DEL12-MG,UOP01-DEL12-MG
589914,2024-03-26,terça-feira,16:00:00,MG,116.0,"579,3",MANHUACU,Velocidade Incompatível,Tombamento,Com Vítimas Feridas,Pleno dia,Decrescente,Chuva,Simples,Curva,Não,3.0,0.0,2.0,0.0,0.0,1.0,2.0,2.0,"-20,17836097","-42,18664844",SPRF-MG,DEL06-MG,UOP03-DEL06-MG
589916,2024-03-26,terça-feira,16:20:00,MS,163.0,659,RIO VERDE DE MATO GROSSO,Ausência de reação do condutor,Colisão com objeto,Com Vítimas Feridas,Pleno dia,Crescente,Chuva,Simples,Reta;Declive,Não,1.0,0.0,1.0,0.0,0.0,0.0,1.0,1.0,"-19,08794709","-54,77892912",SPRF-MS,DEL06-MS,UOP02-DEL06-MS
589918,2024-03-26,terça-feira,19:10:00,MA,222.0,663,ACAILANDIA,Ausência de reação do condutor,Colisão traseira,Sem Vítimas,Plena Noite,Decrescente,Céu Claro,Simples,Reta;Aclive,Não,4.0,0.0,0.0,0.0,3.0,2.0,0.0,4.0,"-4,88471004","-47,36887698",SPRF-MA,DEL04-MA,UOP03-DEL04-MA
589922,2024-03-26,terça-feira,18:10:00,PE,407.0,118,PETROLINA,Acessar a via sem observar a presença dos outros veículos,Colisão transversal,Com Vítimas Feridas,Anoitecer,Crescente,Céu Claro,Simples,Reta,Não,2.0,0.0,1.0,0.0,1.0,0.0,1.0,2.0,"-9,32245397","-40,56878794",SPRF-PE,DEL06-PE,UOP01-DEL06-PE
589925,2024-03-16,sábado,21:10:00,RO,364.0,492,ARIQUEMES,Condutor deixou de manter distância do veículo da frente,Colisão traseira,Com Vítimas Fatais,Plena Noite,Decrescente,Céu Claro,Simples,Reta,Não,2.0,1.0,0.0,0.0,0.0,1.0,0.0,2.0,"-10,09560911","-62,96269506",SPRF-RO,DEL03-RO,UOP01-DEL03-RO
589928,2024-03-26,terça-feira,18:35:00,PI,316.0,38,LAGOA DO PIAUI,Ultrapassagem Indevida,Colisão lateral sentido oposto,Com Vítimas Feridas,Plena Noite,Decrescente,Nublado,Simples,Reta,Não,4.0,0.0,1.0,0.0,1.0,2.0,1.0,4.0,"-5,39060364","-42,6643009",SPRF-PI,DEL01-PI,UOP02-DEL01-PI
589933,2024-03-26,terça-feira,21:10:00,RS,290.0,"56,3",GLORINHA,Ausência de reação do condutor,Colisão traseira,Com Vítimas Feridas,Plena Noite,Decrescente,Céu Claro,Dupla,Reta,Não,3.0,0.0,1.0,0.0,1.0,2.0,1.0,4.0,"-29,915447","-50,818508",SPRF-RS,DEL03-RS,UOP01-DEL03-RS
589940,2024-03-26,terça-feira,19:00:00,MS,163.0,486,CAMPO GRANDE,Acessar a via sem observar a presença dos outros veículos,Colisão transversal,Com Vítimas Feridas,Plena Noite,Crescente,Céu Claro,Simples,Interseção de Vias;Reta,Sim,3.0,0.0,0.0,1.0,2.0,0.0,1.0,2.0,"-20,43297483","-54,54391122",SPRF-MS,DEL01-MS,UOP02-DEL01-MS
589949,2024-03-26,terça-feira,21:30:00,MT,158.0,556,AGUA BOA,Ausência de reação do condutor,Colisão traseira,Com Vítimas Feridas,Plena Noite,Decrescente,Nublado,Simples,Reta,Não,5.0,0.0,1.0,0.0,3.0,1.0,1.0,3.0,"-13,95871907","-52,11673091",SPRF-MT,DEL07-MT,UOP02-DEL07-MT
589951,2024-03-26,terça-feira,09:40:00,PE,101.0,"80,4",JABOATAO DOS GUARARAPES,Desrespeitar a preferência no cruzamento,Colisão transversal,Com Vítimas Fatais,Pleno dia,Crescente,Céu Claro,Múltipla,Reta,Sim,3.0,1.0,0.0,0.0,1.0,1.0,0.0,3.0,"-8,15112589","-34,9428866",SPRF-PE,DEL01-PE,UOP01-DEL01-PE
589952,2024-03-26,terça-feira,23:10:00,BA,324.0,530,FEIRA DE SANTANA,Condutor Dormindo,Colisão traseira,Com Vítimas Feridas,Plena Noite,Crescente,Nublado,Dupla,Reta;Aclive,Não,3.0,0.0,0.0,1.0,1.0,2.0,1.0,4.0,"-12,32272991","-38,86892893",SPRF-BA,DEL01-BA,UOP03-DEL01-BA
589953,2024-03-27,quarta-feira,00:10:00,S,,,,,,,,,,,,,,,,,,,,,,,,,
496519,2023-01-01,domingo,02:00:00,ES,101.0,114,SOORETAMA,Ausência de reação do condutor,Saída de leito carroçável,Com Vítimas Feridas,Plena Noite,Crescente,Céu Claro,Simples,Reta,Não,1.0,0.0,1.0,0.0,0.0,0.0,1.0,1.0,"-19,09484877","-40,05095848",SPRF-ES,DEL04-ES,UOP01-DEL04-ES
496543,2023-01-01,domingo,03:40:00,SP,116.0,"113,1",TAUBATE,Entrada inopinada do pedestre,Atropelamento de Pedestre,Com Vítimas Fatais,Plena Noite,Decrescente,Céu Claro,Dupla,Reta,Sim,5.0,1.0,0.0,0.0,0.0,4.0,0.0,2.0,"-23,0445658","-45,58259814",SPRF-SP,DEL02-SP,UOP02-DEL02-SP
496590,2023-01-01,domingo,01:40:00,MT,163.0,1112,GUARANTA DO NORTE,Reação tardia ou ineficiente do condutor,Tombamento,,Plena Noite,Crescente,Ignorado,Simples,Curva;Declive,Não,2.0,0.0,0.0,1.0,0.0,2.0,1.0,3.0,"-9,70020602","-54,87588757",SPRF-MT,DEL06-MT,UOP03-DEL06-MT
496610,2023-01-01,domingo,10:40:00,PR,376.0,"314,8",ORTIGUEIRA,Velocidade Incompatível,Tombamento,Sem Vítimas,Pleno dia,Crescente,Sol,Dupla,Curva,Não,2.0,0.0,0.0,0.0,1.0,2.0,0.0,3.0,"-23,985512","-51,083555",SPRF-PR,DEL07-PR,UOP02-DEL07-PR
496659,2023-01-01,domingo,14:55:00,MG,116.0,"569,4",MANHUACU,Acumulo de água sobre o pavimento,Colisão frontal,Com Vítimas Feridas,Pleno dia,Decrescente,Chuva,Simples,Declive;Curva,Não,4.0,0.0,0.0,2.0,1.0,1.0,2.0,3.0,"-20,10007457","-42,17884091",SPRF-MG,DEL06-MG,UOP03-DEL06-MG
496671,2023-01-01,domingo,15:45:00,MG,262.0,"569,8",CORREGO DANTA,Condutor Dormindo,Saída de leito carroçável,Sem Vítimas,Pleno dia,Decrescente,Nublado,Simples,Reta;Aclive,Sim,2.0,0.0,0.0,0.0,1.0,1.0,0.0,2.0,"-19,716043","-46,021922",SPRF-MG,DEL08-MG,UOP02-DEL08-MG
496673,2023-01-01,domingo,18:10:00,PR,116.0,152,MANDIRITUBA,Desrespeitar a preferência no cruzamento,Colisão transversal,Com Vítimas Feridas,Pleno dia,Crescente,Céu Claro,Simples,Interseção de Vias,Sim,5.0,0.0,1.0,0.0,3.0,1.0,1.0,4.0,"-25,862553","-49,362008",SPRF-PR,DEL01-PR,UOP03-DEL01-PR
496686,2023-01-01,domingo,20:00:00,MG,381.0,"897,3",CAMBUI,Demais falhas mecânicas ou elétricas,Incêndio,Sem Vítimas,Plena Noite,Crescente,Ignorado,Dupla,Reta,Não,1.0,0.0,0.0,0.0,1.0,0.0,0.0,1.0,"-22,63961103","-46,08077997",SPRF-MG,DEL16-MG,UOP03-DEL16-MG
496709,2023-01-01,domingo,21:54:00,SP,116.0,"105,5",TAUBATE,Transitar na contramão,Colisão lateral mesmo sentido,Com Vítimas Feridas,Plena Noite,Crescente,Céu Claro,Dupla,Reta,Não,5.0,0.0,2.0,0.0,1.0,2.0,2.0,4.0,"-23,00757973","-45,51466613",SPRF-SP,DEL02-SP,UOP02-DEL02-SP
496711,2023-01-01,domingo,21:50:00,BA,116.0,366,SERRINHA,Velocidade Incompatível,Colisão traseira,Sem Vítimas,Plena Noite,Decrescente,Garoa/Chuvisco,Simples,Reta,Não,2.0,0.0,0.0,0.0,2.0,0.0,0.0,2.0,"-11,72514","-38,98642914",SPRF-BA,DEL02-BA,UOP01-DEL02-BA
496712,2023-01-01,domingo,19:30:00,MG,381.0,365,SAO GONCALO DO RIO ABAIXO,Demais falhas mecânicas ou elétricas,Incêndio,Sem Vítimas,Plena Noite,Decrescente,Chuva,Simples,Aclive;Curva,Não,1.0,0.0,0.0,0.0,1.0,0.0,0.0,1.0,"-19,85428822","-43,22658777",SPRF-MG,DEL03-MG,UOP01-DEL03-MG
496731,2023-01-01,domingo,22:20:00,RJ,465.0,18,NOVA IGUACU,Acessar a via sem observar a presença dos outros veículos,Colisão transversal,Com Vítimas Feridas,Plena Noite,Crescente,Céu Claro,Simples,Reta,Sim,4.0,0.0,0.0,1.0,1.0,2.0,1.0,4.0,"-22,831354","-43,615128",SPRF-RJ,DEL03-RJ,UOP01-DEL03-RJ
496764,2023-01-02,segunda-feira,07:45:00,RS,392.0,680,SAO PEDRO DO BUTIA,Entrada inopinada do pedestre,Atropelamento de Pedestre,Com Vítimas Fatais,Pleno dia,Crescente,Nublado,Simples,Reta,Não,3.0,1.0,0.0,0.0,1.0,1.0,0.0,3.0,"-28,12855781","-54,90058898",SPRF-RS,DEL10-RS,UOP01-DEL10-RS
496772,2023-01-02,segunda-feira,07:23:00,SC,101.0,134,BALNEARIO CAMBORIU,Reação tardia ou ineficiente do condutor,Colisão traseira,Com Vítimas Feridas,Pleno dia,Decrescente,Nublado,Múltipla,Reta,Não,2.0,0.0,1.0,0.0,1.0,0.0,1.0,2.0,"-27,00218","-48,636433",SPRF-SC,DEL04-SC,UOP03-DEL04-SC
496780,2023-01-02,segunda-feira,09:00:00,PI,316.0,"7,7",TERESINA,Acessar a via sem observar a presença dos outros veículos,Colisão transversal,Com Vítimas Feridas,Pleno dia,Decrescente,Sol,Múltipla,Reta,Sim,3.0,0.0,2.0,0.0,1.0,0.0,2.0,2.0,"-5,15584638","-42,77173332",SPRF-PI,DEL01-PI,UOP02-DEL01-PI
496782,2023-01-02,segunda-feira,09:45:00,GO,50.0,"307,6",CUMARI,Acessar a via sem observar a presença dos outros veículos,Colisão lateral mesmo sentido,Com Vítimas Feridas,Pleno dia,Crescente,Nublado,Dupla,Reta,Não,3.0,0.0,1.0,0.0,1.0,1.0,1.0,3.0,"-18,3769","-48,0609",SPRF-GO,DEL06-GO,UOP01-DEL06-GO
496787,2023-01-02,segunda-feira,10:15:00,PE,101.0,68,RECIFE,Ausência de reação do condutor,Engavetamento,Com Vítimas Feridas,Pleno dia,Decrescente,Nublado,Simples,Viaduto,Sim,6.0,0.0,2.0,0.0,3.0,1.0,2.0,4.0,"-8,05074296","-34,94580619",SPRF-PE,DEL01-PE,UOP01-DEL01-PE
496789,2023-01-02,segunda-feira,10:20:00,ES,101.0,"329,8",GUARAPARI,Manobra de mudança de faixa,Colisão transversal,Com Vítimas Feridas,Pleno dia,Decrescente,Nublado,Dupla,Retorno Regulamentado,Não,2.0,0.0,1.0,0.0,1.0,0.0,1.0,2.0,"-20,5929953","-40,50133975",SPRF-ES,DEL03-ES,UOP01-DEL03-ES
496795,2023-01-02,segunda-feira,08:25:00,MG,365.0,376,PATOS DE MINAS,Reação tardia ou ineficiente do condutor,Colisão lateral sentido oposto,Com Vítimas Feridas,Pleno dia,Decrescente,Nublado,Simples,Aclive;Reta,Não,3.0,0.0,1.0,0.0,1.0,3.0,1.0,5.0,"-18,54013425","-46,18821401",SPRF-MG,DEL10-MG,UOP01-DEL10-MG
496804,2023-01-02,segunda-feira,12:05:00,RS,290.0,"127,6",ELDORADO DO SUL,Avarias e/ou desgaste excessivo no pneu,Saída de leito carroçável,Com Vítimas Feridas,Pleno dia,Crescente,Céu Claro,Simples,Reta,Não,2.0,0.0,1.0,0.0,0.0,1.0,1.0,2.0,"-30,056417","-51,479671",SPRF-RS,DEL02-RS,UOP01-DEL02-RS
496807,2023-01-02,segunda-feira,09:00:00,MG,365.0,653,MONTE ALEGRE DE MINAS,Velocidade Incompatível,Tombamento,Com Vítimas Feridas,Pleno dia,Crescente,Céu Claro,Dupla,Viaduto;Interseção de Vias;Curva,Não,2.0,0.0,1.0,0.0,0.0,1.0,1.0,2.0,"-18,86439215","-48,5887742",SPRF-MG,DEL15-MG,UOP01-DEL15-MG
496811,2023-01-02,segunda-feira,12:15:00,MG,381.0,370,SAO GONCALO DO RIO ABAIXO,Demais falhas mecânicas ou elétricas,Derramamento de carga,Com Vítimas Feridas,Pleno dia,Crescente,Chuva,Simples,Curva;Declive,Não,2.0,0.0,1.0,0.0,0.0,1.0,1.0,2.0,"-19,84250801","-43,31533375",SPRF-MG,DEL01-MG,UOP01-DEL01-MG
496817,2023-01-02,segunda-feira,12:55:00,GO,50.0,233,CATALAO,Ausência de reação do condutor,Colisão traseira,Com Vítimas Feridas,Pleno dia,Decrescente,Céu Claro,Dupla,Aclive,Não,3.0,0.0,1.0,0.0,1.0,1.0,1.0,3.0,"-17,8272","-47,7732",SPRF-GO,DEL06-GO,UOP01-DEL06-GO
496818,2023-01-02,segunda-feira,13:00:00,MG,381.0,333,NOVA ERA,Reação tardia ou ineficiente do condutor,Colisão lateral sentido oposto,Com Vítimas Fatais,Pleno dia,Decrescente,Garoa/Chuvisco,Simples,Curva;Declive,Não,3.0,1.0,0.0,0.0,1.0,2.0,0.0,4.0,"-19,80205311","-43,05435026",SPRF-MG,DEL03-MG,UOP01-DEL03-MG
496827,2023-01-02,segunda-feira,13:24:00,PE,101.0,57,PAULISTA,Reação tardia ou ineficiente do condutor,Colisão traseira,Com Vítimas Feridas,Pleno dia,Crescente,Nublado,Dupla,Curva,Não,3.0,0.0,1.0,0.0,1.0,1.0,1.0,2.0,"-7,96346213","-34,91513486",SPRF-PE,DEL01-PE,UOP02-DEL01-PE
496831,2023-01-02,segunda-feira,14:00:00,RS,386.0,154,ALMIRANTE TAMANDARE DO SUL,Transitar na contramão,Colisão frontal,Com Vítimas Feridas,Pleno dia,Decrescente,Céu Claro,Simples,Curva;Declive,Não,5.0,0.0,1.0,3.0,1.0,0.0,4.0,3.0,"-28,11407977","-52,8565979",SPRF-RS,DEL08-RS,UOP01-DEL08-RS
496834,2023-01-02,segunda-feira,14:06:00,MS,376.0,133,IVINHEMA,Transitar na contramão,Colisão frontal,Com Vítimas Fatais,Pleno dia,Crescente,Garoa/Chuvisco,Simples,Reta,Não,4.0,1.0,1.0,1.0,0.0,2.0,2.0,4.0,"-22,36021748","-53,70728925",SPRF-MS,DEL04-MS,UOP04-DEL04-MS
496836,2023-01-02,segunda-feira,14:00:00,MT,163.0,559,DIAMANTINO,Pista Escorregadia,Colisão frontal,Com Vítimas Feridas,Pleno dia,Crescente,Chuva,Simples,Curva,Não,3.0,0.0,2.0,0.0,1.0,0.0,2.0,2.0,"-14,24293501","-56,12516399",SPRF-MT,DEL01-MT,UOP01-DEL01-MT
496840,2023-01-02,segunda-feira,15:16:00,SP,381.0,79,SAO PAULO,Reação tardia ou ineficiente do condutor,Colisão traseira,Com Vítimas Fatais,Pleno dia,Decrescente,Sol,Múltipla,Reta,Não,8.0,1.0,1.0,0.0,6.0,0.0,1.0,5.0,"-23,40319901","-46,57564699",SPRF-SP,DEL03-SP,UOP01-DEL03-SP
496859,2023-01-02,segunda-feira,12:30:00,MA,316.0,"615,7",TIMON,Condutor deixou de manter distância do veículo da frente,Colisão traseira,Com Vítimas Feridas,Pleno dia,Decrescente,Céu Claro,Simples,Reta,Sim,3.0,0.0,1.0,0.0,1.0,1.0,1.0,3.0,"-5,086548","-42,837265",SPRF-MA,DEL03-MA,UOP02-DEL03-MA
496862,2023-01-02,segunda-feira,16:00:00,MG,40.0,588,ITABIRITO,Transitar na contramão,Tombamento,Com Vítimas Fatais,Pleno dia,Decrescente,Chuva,Simples,Curva,Não,9.0,1.0,2.0,1.0,4.0,2.0,3.0,7.0,"-20,35149094","-43,91313094",SPRF-MG,DEL01-MG,UOP02-DEL01-MG
496875,2023-01-02,segunda-feira,17:25:00,SC,101.0,255,PAULO LOPES,Manobra de mudança de faixa,Colisão lateral mesmo sentido,Com Vítimas Feridas,Pleno dia,Decrescente,Céu Claro,Dupla,Reta,Não,7.0,0.0,1.0,0.0,5.0,1.0,1.0,4.0,"-27,98242299","-48,67898469",SPRF-SC,DEL02-SC,UOP03-DEL02-SC
496877,2023-01-02,segunda-feira,17:15:00,SC,101.0,252,PAULO LOPES,Trafegar com motocicleta (ou similar) entre as faixas,Colisão lateral mesmo sentido,Com Vítimas Feridas,Pleno dia,Decrescente,Céu Claro,Dupla,Reta,Não,5.0,0.0,0.0,1.0,2.0,2.0,1.0,4.0,"-27,95672412","-48,6767588",SPRF-SC,DEL02-SC,UOP03-DEL02-SC
496882,2023-01-02,segunda-feira,18:00:00,BA,324.0,533,CONCEICAO DO JACUIPE,Ausência de reação do condutor,Colisão traseira,Com Vítimas Feridas,Plena Noite,Crescente,Chuva,Dupla,Declive;Reta,Não,3.0,0.0,1.0,0.0,2.0,0.0,1.0,2.0,"-12,34449694","-38,84017496",SPRF-BA,DEL01-BA,UOP03-DEL01-BA
496884,2023-01-02,segunda-feira,16:40:00,RS,116.0,"37,9",VACARIA,Acessar a via sem observar a presença dos outros veículos,Colisão transversal,Com Vítimas Feridas,Pleno dia,Crescente,Nublado,Simples,Reta,Sim,3.0,0.0,1.0,0.0,1.0,1.0,1.0,3.0,"-28,49871957","-50,9176864",SPRF-RS,DEL05-RS,UOP03-DEL05-RS
496885,2023-01-02,segunda-feira,17:00:00,PI,316.0,299,PICOS,Transitar na contramão,Colisão lateral sentido oposto,Com Vítimas Feridas,Pleno dia,Decrescente,Céu Claro,Dupla,Aclive;Curva,Não,3.0,0.0,0.0,1.0,1.0,1.0,1.0,3.0,"-7,03649583","-41,55366988",SPRF-PI,DEL04-PI,UOP01-DEL04-PI
496895,2023-01-02,segunda-feira,18:05:00,MT,364.0,586,DIAMANTINO,Demais falhas mecânicas ou elétricas,Incêndio,Sem Vítimas,Anoitecer,Crescente,Céu Claro,Dupla,Reta,Não,1.0,0.0,0.0,0.0,1.0,0.0,0.0,1.0,"-14,533322","-56,230499",SPRF-MT,DEL01-MT,UOP01-DEL01-MT
496901,2023-01-02,segunda-feira,15:10:00,CE,116.0,274,JAGUARIBARA,Pista esburacada,Tombamento,Sem Vítimas,Pleno dia,Crescente,Céu Claro,Simples,Reta,Não,2.0,0.0,0.0,0.0,1.0,3.0,0.0,4.0,"-5,66025238","-38,45395088",SPRF-CE,DEL05-CE,UOP02-DEL05-CE
496904,2023-01-02,segunda-feira,16:45:00,MG,40.0,446,PARAOPEBA,Pedestre andava na pista,Atropelamento de Pedestre,Com Vítimas Feridas,Pleno dia,Crescente,Céu Claro,Dupla,Declive,Não,2.0,0.0,0.0,1.0,1.0,0.0,1.0,2.0,"-19,28815","-44,392",SPRF-MG,DEL02-MG,UOP01-DEL02-MG
496922,2023-01-02,segunda-feira,22:30:00,SC,101.0,"8,9",GARUVA,Reação tardia ou ineficiente do condutor,Tombamento,Com Vítimas Feridas,Plena Noite,Decrescente,Nublado,Dupla,Reta,Não,2.0,0.0,1.0,0.0,0.0,1.0,1.0,2.0,"-26,044942","-48,859703",SPRF-SC,DEL03-SC,UOP01-DEL03-SC
496929,2023-01-02,segunda-feira,22:55:00,MG,116.0,"518,9",CARATINGA,Condutor Dormindo,Saída de leito carroçável,Com Vítimas Feridas,Plena Noite,Crescente,Nublado,Simples,Declive;Reta,Não,1.0,0.0,1.0,0.0,0.0,0.0,1.0,1.0,"-19,71038379","-42,12370706",SPRF-MG,DEL06-MG,UOP02-DEL06-MG
496930,2023-01-02,segunda-feira,22:00:00,AP,210.0,104,PORTO GRANDE,Acessar a via sem observar a presença dos outros veículos,Colisão transversal,Com Vítimas Feridas,Plena Noite,Crescente,Céu Claro,Simples,Reta,Sim,4.0,0.0,0.0,1.0,1.0,2.0,1.0,3.0,"0,6985633","-51,39692189",SPRF-AP,DEL01-AP,UOP01-DEL01-AP
496938,2023-01-03,terça-feira,03:30:00,PB,412.0,"78,6",SERRA BRANCA,Reação tardia ou ineficiente do condutor,Tombamento,Com Vítimas Feridas,Plena Noite,Crescente,Céu Claro,Simples,Reta,Não,2.0,0.0,0.0,1.0,1.0,0.0,1.0,2.0,"-7,498733","-36,681053",SPRF-PB,DEL02-PB,UOP02-DEL02-PB
496943,2023-01-03,terça-feira,04:00:00,RJ,116.0,"270,8",BARRA MANSA,Reação tardia ou ineficiente do condutor,Colisão traseira,Com Vítimas Feridas,Plena Noite,Decrescente,Céu Claro,Dupla,Aclive;Reta,Não,2.0,0.0,1.0,0.0,1.0,0.0,1.0,2.0,"-22,56259683","-44,12204951",SPRF-RJ,DEL07-RJ,UOP02-DEL07-RJ
496949,2023-01-03,terça-feira,06:45:00,MG,40.0,245,SAO GONCALO DO ABAETE,Acumulo de óleo sobre o pavimento,Colisão frontal,Com Vítimas Feridas,Pleno dia,Crescente,Chuva,Dupla,Curva;Declive,Não,3.0,0.0,2.0,0.0,0.0,3.0,2.0,5.0,"-18,0946169","-45,47580786",SPRF-MG,DEL14-MG,UOP02-DEL14-MG
496950,2023-01-03,terça-feira,06:10:00,SC,101.0,262,PAULO LOPES,Manobra de mudança de faixa,Colisão lateral mesmo sentido,Com Vítimas Feridas,Pleno dia,Crescente,Céu Claro,Dupla,Reta,Não,4.0,0.0,1.0,0.0,2.0,2.0,1.0,4.0,"-28,0353863","-48,70884453",SPRF-SC,DEL02-SC,UOP03-DEL02-SC
496956,2023-01-03,terça-feira,06:55:00,SC,101.0,"23,3",JOINVILLE,Transitar na contramão,Colisão frontal,Com Vítimas Feridas,Amanhecer,Decrescente,Céu Claro,Dupla,Reta,Sim,2.0,0.0,1.0,0.0,1.0,0.0,1.0,2.0,"-26,16582501","-48,90742427",SPRF-SC,DEL03-SC,UOP01-DEL03-SC
496969,2023-01-03,terça-feira,07:35:00,PR,376.0,315,ORTIGUEIRA,Carga excessiva e/ou mal acondicionada,Tombamento,Com Vítimas Feridas,Pleno dia,Decrescente,Céu Claro,Dupla,Reta,Não,2.0,0.0,1.0,0.0,0.0,2.0,1.0,3.0,"-24,02668686","-51,09740947",SPRF-PR,DEL07-PR,UOP02-DEL07-PR
496970,2023-01-03,terça-feira,08:15:00,PE,428.0,189,PETROLINA,Condutor desrespeitou a iluminação vermelha do semáforo,Colisão transversal,Com Vítimas Feridas,Pleno dia,Crescente,Céu Claro,Dupla,Reta,Sim,2.0,0.0,1.0,0.0,1.0,0.0,1.0,2.0,"-9,37197508","-40,48679585",SPRF-PE,DEL06-PE,UOP01-DEL06-PE