id,data_inversa,dia_semana,horario,uf,br,km,municipio,causa_acidente,tipo_acidente,classificacao_acidente,fase_dia,sentido_via,condicao_metereologica,tipo_pista,tracado_via,uso_solo,pessoas,mortos,feridos_leves,feridos_graves,ilesos,ignorados,feridos,veiculos,latitude,longitude,regional,delegacia,uop
496978,2023-01-02,segunda-feira,04:15:00,SC,280.0,"77,9",CORUPA,Acessar a via sem observar a presença dos outros veículos,Colisão transversal,Com Vítimas Feridas,Amanhecer,Crescente,Céu Claro,Simples,Interseção de Vias;Curva;Declive,Não,2.0,0.0,1.0,0.0,1.0,0.0,1.0,2.0,"-26,44606085","-49,20347214",SPRF-SC,DEL06-SC,UOP03-DEL06-SC
496983,2023-01-03,terça-feira,08:50:00,SC,470.0,"77,4",INDAIAL,Ausência de reação do condutor,Colisão lateral sentido oposto,Com Vítimas Feridas,Pleno dia,Crescente,Céu Claro,Simples,Reta,Não,4.0,0.0,0.0,2.0,2.0,0.0,2.0,3.0,"-26,940817","-49,29287",SPRF-SC,DEL04-SC,UOP01-DEL04-SC
496989,2023-01-03,terça-feira,09:30:00,GO,20.0,58,FORMOSA,Chuva,Engavetamento,Com Vítimas Fatais,Pleno dia,Crescente,Chuva,Simples,Curva;Declive,Não,4.0,1.0,1.0,0.0,1.0,1.0,1.0,4.0,"-15,263369","-47,16048",SPRF-DF,DEL02-DF,UOP02-DEL02-DF
496991,2023-01-03,terça-feira,10:15:00,SC,480.0,131,CHAPECO,Manobra de mudança de faixa,Colisão lateral mesmo sentido,Com Vítimas Feridas,Pleno dia,Crescente,Sol,Dupla,Reta,Sim,2.0,0.0,1.0,0.0,1.0,0.0,1.0,2.0,"-27,06314223","-52,63234636",SPRF-SC,DEL07-SC,UOP01-DEL07-SC
496992,2023-01-03,terça-feira,06:00:00,MG,40.0,245,SAO GONCALO DO ABAETE,Pista Escorregadia,Saída de leito carroçável,Com Vítimas Feridas,Pleno dia,Decrescente,Chuva,Simples,Declive;Curva,Não,1.0,0.0,1.0,0.0,0.0,0.0,1.0,1.0,"-18,0946169","-45,47580786",SPRF-MG,DEL14-MG,UOP02-DEL14-MG
497003,2023-01-03,terça-feira,07:10:00,RJ,101.0,321,NITEROI,Ausência de reação do condutor,Colisão com objeto,Com Vítimas Feridas,Pleno dia,Decrescente,Céu Claro,Dupla,Curva,Sim,2.0,0.0,1.0,0.0,0.0,1.0,1.0,2.0,"-22,86981096","-43,11046465",SPRF-RJ,DEL02-RJ,UOP01-DEL02-RJ
497005,2023-01-03,terça-feira,09:45:00,MG,262.0,"662,7",IBIA,Reação tardia ou ineficiente do condutor,Colisão traseira,Com Vítimas Feridas,Pleno dia,Crescente,Nublado,Simples,Curva;Aclive,Não,7.0,0.0,0.0,1.0,5.0,1.0,1.0,3.0,"-19,57436983","-46,73638289",SPRF-MG,DEL08-MG,UOP01-DEL08-MG
497013,2023-01-03,terça-feira,10:03:00,MS,158.0,103,PARANAIBA,Reação tardia ou ineficiente do condutor,Colisão traseira,Com Vítimas Feridas,Pleno dia,Decrescente,Nublado,Simples,Reta;Desvio Temporário;Em Obras,Não,6.0,0.0,3.0,0.0,2.0,1.0,3.0,5.0,"-19,72704906","-51,13418411",SPRF-MS,DEL08-MS,UOP01-DEL08-MS
497016,2023-01-03,terça-feira,12:35:00,SE,101.0,"158,8",ESTANCIA,Mal súbito do condutor,Tombamento,Com Vítimas Fatais,Pleno dia,Crescente,Nublado,Simples,Curva;Declive,Não,3.0,1.0,1.0,0.0,0.0,1.0,1.0,2.0,"-11,28684952","-37,46531707",SPRF-SE,DEL02-SE,UOP01-DEL02-SE
497018,2023-01-03,terça-feira,07:00:00,PE,407.0,23,AFRANIO,Curva acentuada,Tombamento,Com Vítimas Feridas,Pleno dia,Crescente,Céu Claro,Simples,Curva,Não,2.0,0.0,1.0,0.0,0.0,1.0,1.0,2.0,"-8,62956368","-40,99411011",SPRF-PE,DEL06-PE,UOP02-DEL06-PE
497023,2023-01-03,terça-feira,09:20:00,MG,153.0,94,PRATA,Ausência de reação do condutor,Colisão traseira,Com Vítimas Feridas,Pleno dia,Crescente,Nublado,Simples,Declive;Reta,Não,6.0,0.0,4.0,0.0,1.0,1.0,4.0,3.0,"-19,17916906","-48,94996047",SPRF-MG,DEL15-MG,UOP03-DEL15-MG
497025,2023-01-03,terça-feira,10:50:00,BA,101.0,382,IBIRAPITANGA,Reação tardia ou ineficiente do condutor,Saída de leito carroçável,Com Vítimas Feridas,Pleno dia,Crescente,Nublado,Simples,Curva;Declive,Não,5.0,0.0,1.0,1.0,2.0,2.0,2.0,3.0,"-13,882186","-39,488227",SPRF-BA,DEL05-BA,UOP03-DEL05-BA
497026,2023-01-03,terça-feira,11:45:00,RS,290.0,"283,9",CACHOEIRA DO SUL,Ausência de reação do condutor,Tombamento,Com Vítimas Feridas,Pleno dia,Decrescente,Céu Claro,Simples,Reta,Não,7.0,0.0,0.0,1.0,5.0,2.0,1.0,7.0,"-30,249758","-53,053596",SPRF-RS,DEL02-RS,UOP03-DEL02-RS
497028,2023-01-03,terça-feira,12:50:00,MG,116.0,703,MURIAE,Desrespeitar a preferência no cruzamento,Colisão transversal,Sem Vítimas,Pleno dia,Decrescente,Sol,Simples,Reta,Sim,3.0,0.0,0.0,0.0,3.0,0.0,0.0,2.0,"-21,12682309","-42,3832189",SPRF-MG,DEL07-MG,UOP02-DEL07-MG
497030,2023-01-03,terça-feira,13:00:00,CE,222.0,297,TIANGUA,Chuva,Saída de leito carroçável,Com Vítimas Feridas,Pleno dia,Decrescente,Chuva,Simples,Reta,Não,2.0,0.0,1.0,0.0,1.0,0.0,1.0,1.0,"-3,65826065","-40,92482891",SPRF-CE,DEL04-CE,UOP02-DEL04-CE
497034,2023-01-03,terça-feira,12:45:00,SC,153.0,90,CONCORDIA,Transitar na contramão,Colisão lateral sentido oposto,Com Vítimas Feridas,Pleno dia,Crescente,Nublado,Simples,Curva,Não,7.0,0.0,1.0,0.0,6.0,0.0,1.0,3.0,"-27,173784","-51,909233",SPRF-SC,DEL07-SC,UOP04-DEL07-SC
497038,2023-01-03,terça-feira,13:50:00,BA,324.0,"525,9",FEIRA DE SANTANA,Reação tardia ou ineficiente do condutor,Tombamento,Com Vítimas Fatais,Pleno dia,Decrescente,Chuva,Dupla,Reta,Sim,3.0,1.0,0.0,0.0,1.0,2.0,0.0,4.0,"-12,315771","-38,877942",SPRF-BA,DEL01-BA,UOP03-DEL01-BA
497040,2023-01-03,terça-feira,13:36:00,PB,101.0,"60,2",SANTA RITA,Ausência de reação do condutor,Colisão traseira,Com Vítimas Feridas,Pleno dia,Decrescente,Céu Claro,Dupla,Aclive,Sim,3.0,0.0,0.0,1.0,1.0,4.0,1.0,6.0,"-7,00141407","-35,06459811",SPRF-PB,DEL01-PB,UOP04-DEL01-PB
497045,2023-01-03,terça-feira,13:45:00,PR,277.0,"326,8",GUARAPUAVA,Condutor deixou de manter distância do veículo da frente,Colisão traseira,Com Vítimas Feridas,Pleno dia,Crescente,Céu Claro,Simples,Reta,Não,5.0,0.0,1.0,0.0,4.0,0.0,1.0,2.0,"-25,37291744","-51,27180793",SPRF-PR,DEL08-PR,UOP01-DEL08-PR
497049,2023-01-03,terça-feira,13:30:00,MG,381.0,380,SAO GONCALO DO RIO ABAIXO,Ausência de reação do condutor,Colisão traseira,Com Vítimas Feridas,Pleno dia,Decrescente,Nublado,Simples,Reta;Em Obras,Sim,3.0,0.0,2.0,0.0,0.0,1.0,2.0,3.0,"-19,8315359","-43,37649498",SPRF-MG,DEL01-MG,UOP01-DEL01-MG
497059,2023-01-03,terça-feira,15:01:00,MT,163.0,800,SINOP,Ausência de reação do condutor,Colisão lateral sentido oposto,Com Vítimas Feridas,Pleno dia,Crescente,Nublado,Simples,Declive;Reta,Não,4.0,0.0,0.0,1.0,2.0,2.0,1.0,5.0,"-12,170115","-55,519555",SPRF-MT,DEL06-MT,UOP02-DEL06-MT
497078,2023-01-03,terça-feira,16:10:00,MG,40.0,"600,9",OURO PRETO,Manobra de mudança de faixa,Colisão traseira,Com Vítimas Feridas,Pleno dia,Crescente,Nublado,Simples,Reta,Não,2.0,0.0,1.0,0.0,1.0,0.0,1.0,2.0,"-20,42625199","-43,86231799",SPRF-MG,DEL05-MG,UOP02-DEL05-MG
497081,2023-01-03,terça-feira,17:45:00,PR,153.0,476,PORTO VITORIA,Avarias e/ou desgaste excessivo no pneu,Colisão frontal,Com Vítimas Feridas,Anoitecer,Crescente,Chuva,Simples,Curva,Não,4.0,0.0,2.0,0.0,2.0,0.0,2.0,2.0,"-26,25554922","-51,16333008",SPRF-PR,DEL02-PR,UOP03-DEL02-PR
497097,2023-01-03,terça-feira,16:18:00,MG,153.0,"152,6",COMENDADOR GOMES,Velocidade Incompatível,Colisão lateral mesmo sentido,Com Vítimas Feridas,Pleno dia,Decrescente,Nublado,Simples,Aclive,Não,5.0,0.0,1.0,0.0,3.0,3.0,1.0,6.0,"-19,62918559","-48,89659299",SPRF-MG,DEL13-MG,UOP02-DEL13-MG
497099,2023-01-03,terça-feira,20:55:00,SC,282.0,"54,6",RANCHO QUEIMADO,Pista Escorregadia,Colisão lateral sentido oposto,Com Vítimas Feridas,Plena Noite,Crescente,Garoa/Chuvisco,Simples,Curva,Não,3.0,0.0,2.0,0.0,1.0,0.0,2.0,2.0,"-27,685799","-48,974514",SPRF-SC,DEL01-SC,UOP03-DEL01-SC
497102,2023-01-03,terça-feira,09:00:00,MG,251.0,"242,5",SANTA CRUZ DE SALINAS,Velocidade Incompatível,Tombamento,Com Vítimas Feridas,Pleno dia,Decrescente,Céu Claro,Simples,Curva,Não,2.0,0.0,1.0,0.0,0.0,2.0,1.0,3.0,"-16,00883576","-41,80162496",SPRF-MG,DEL11-MG,UOP02-DEL11-MG
497108,2023-01-03,terça-feira,21:10:00,SP,116.0,504,CAJATI,Reação tardia ou ineficiente do condutor,Saída de leito carroçável,Com Vítimas Feridas,Plena Noite,Decrescente,Chuva,Dupla,Curva,Não,1.0,0.0,1.0,0.0,0.0,0.0,1.0,1.0,"-24,78266496","-48,20865858",SPRF-SP,DEL05-SP,UOP02-DEL05-SP
497109,2023-01-03,terça-feira,17:00:00,MT,70.0,"609,2",POCONE,Ausência de reação do condutor,Tombamento,Com Vítimas Feridas,Pleno dia,Crescente,Chuva,Simples,Reta;Declive,Não,2.0,0.0,1.0,0.0,0.0,1.0,1.0,2.0,"-15,84932911","-56,80410299",SPRF-MT,DEL03-MT,UOP02-DEL03-MT
497112,2023-01-03,terça-feira,17:17:00,MT,163.0,"625,5",NOVA MUTUM,Obstrução na via,Saída de leito carroçável,Sem Vítimas,Pleno dia,Decrescente,Céu Claro,Simples,Reta,Não,2.0,0.0,0.0,0.0,1.0,2.0,0.0,3.0,"-13,69162599","-56,03929807",SPRF-MT,DEL01-MT,UOP01-DEL01-MT
497113,2023-01-03,terça-feira,16:16:00,MG,381.0,683,RIBEIRAO VERMELHO,Ausência de reação do condutor,Colisão com objeto,Com Vítimas Feridas,Pleno dia,Decrescente,Céu Claro,Dupla,Reta,Não,2.0,0.0,1.0,0.0,0.0,1.0,1.0,2.0,"-21,17656293","-45,12506072",SPRF-MG,DEL04-MG,UOP02-DEL04-MG
497120,2023-01-03,terça-feira,20:20:00,RJ,116.0,"215,5",SEROPEDICA,Ausência de reação do condutor,Colisão traseira,Com Vítimas Feridas,Plena Noite,Crescente,Nublado,Dupla,Aclive,Sim,3.0,0.0,2.0,0.0,0.0,1.0,2.0,3.0,"-22,71145119","-43,73551849",SPRF-RJ,DEL01-RJ,UOP03-DEL01-RJ
497121,2023-01-03,terça-feira,23:15:00,MG,459.0,"28,5",CALDAS,Velocidade Incompatível,Tombamento,Com Vítimas Feridas,Pleno dia,Crescente,Nublado,Simples,Aclive;Curva,Não,2.0,0.0,0.0,2.0,0.0,0.0,2.0,1.0,"-21,92377131","-46,37248278",SPRF-MG,DEL09-MG,UOP01-DEL09-MG
497126,2023-01-03,terça-feira,23:35:00,RS,392.0,"47,7",RIO GRANDE,Ausência de reação do condutor,Colisão traseira,Com Vítimas Feridas,Plena Noite,Crescente,Céu Claro,Dupla,Reta,Não,3.0,0.0,0.0,1.0,1.0,2.0,1.0,4.0,"-31,90118807","-52,31761641",SPRF-RS,DEL07-RS,UOP02-DEL07-RS
497127,2023-01-03,terça-feira,22:40:00,RS,290.0,"429,4",SAO GABRIEL,Ausência de reação do condutor,Atropelamento de Pedestre,Com Vítimas Feridas,Plena Noite,Decrescente,Céu Claro,Simples,Reta,Não,6.0,0.0,0.0,1.0,4.0,1.0,1.0,2.0,"-30,293028","-54,437908",SPRF-RS,DEL11-RS,UOP02-DEL11-RS
497130,2023-01-04,quarta-feira,00:24:00,SC,116.0,"207,4",PONTE ALTA,Chuva,Tombamento,Com Vítimas Feridas,Plena Noite,Decrescente,Chuva,Simples,Rotatória,Sim,1.0,0.0,1.0,0.0,0.0,0.0,1.0,1.0,"-27,48199748","-50,37911479",SPRF-SC,DEL05-SC,UOP03-DEL05-SC
497137,2023-01-03,terça-feira,23:40:00,SC,470.0,241,CURITIBANOS,Chuva,Saída de leito carroçável,Com Vítimas Feridas,Plena Noite,Crescente,Chuva,Simples,Reta,Não,2.0,0.0,1.0,0.0,0.0,1.0,1.0,2.0,"-27,308832","-50,490402",SPRF-SC,DEL05-SC,UOP03-DEL05-SC
497139,2023-01-04,quarta-feira,06:30:00,ES,101.0,"270,3",SERRA,Condutor deixou de manter distância do veículo da frente,Colisão traseira,Com Vítimas Feridas,Pleno dia,Decrescente,Céu Claro,Dupla,Reta,Sim,2.0,0.0,1.0,0.0,0.0,1.0,1.0,2.0,"-20,22662056","-40,27075088",SPRF-ES,DEL02-ES,UOP01-DEL02-ES
497144,2023-01-04,quarta-feira,07:00:00,SC,101.0,145,ITAPEMA,Avarias e/ou desgaste excessivo no pneu,Tombamento,Com Vítimas Feridas,Pleno dia,Crescente,Chuva,Dupla,Reta,Sim,2.0,0.0,1.0,0.0,1.0,0.0,1.0,2.0,"-27,08139206","-48,60130993",SPRF-SC,DEL04-SC,UOP03-DEL04-SC
497153,2023-01-04,quarta-feira,08:20:00,RJ,116.0,215,SEROPEDICA,Demais falhas mecânicas ou elétricas,Eventos atípicos,Com Vítimas Feridas,Pleno dia,Crescente,Céu Claro,Dupla,Reta,Não,2.0,0.0,0.0,1.0,1.0,0.0,1.0,2.0,"-22,71145119","-43,73551849",SPRF-RJ,DEL01-RJ,UOP03-DEL01-RJ
497156,2023-01-04,quarta-feira,04:20:00,MS,158.0,"79,2",PARANAIBA,Reação tardia ou ineficiente do condutor,Tombamento,Com Vítimas Feridas,Amanhecer,Crescente,Garoa/Chuvisco,Simples,Reta;Declive,Não,2.0,0.0,1.0,0.0,0.0,2.0,1.0,3.0,"-19,55764424","-51,24892432",SPRF-MS,DEL08-MS,UOP01-DEL08-MS
497158,2023-01-04,quarta-feira,05:00:00,PR,277.0,"310,8",GUARAPUAVA,Transitar na contramão,Colisão lateral sentido oposto,Com Vítimas Fatais,Amanhecer,Crescente,Chuva,Simples,Reta,Não,23.0,1.0,0.0,0.0,21.0,3.0,0.0,5.0,"-25,317689","-51,21451",SPRF-PR,DEL08-PR,UOP01-DEL08-PR
497163,2023-01-04,quarta-feira,09:00:00,ES,259.0,28,COLATINA,Ultrapassagem Indevida,Colisão frontal,Com Vítimas Fatais,Pleno dia,Crescente,Céu Claro,Simples,Curva,Não,4.0,1.0,0.0,0.0,1.0,2.0,0.0,3.0,"-19,60620039","-40,496789",SPRF-ES,DEL02-ES,UOP01-DEL02-ES
497164,2023-01-04,quarta-feira,07:10:00,SP,116.0,568,BARRA DO TURVO,Reação tardia ou ineficiente do condutor,Saída de leito carroçável,Com Vítimas Feridas,Pleno dia,Crescente,Chuva,Dupla,Reta,Não,2.0,0.0,1.0,0.0,0.0,1.0,1.0,2.0,"-25,055473","-48,55555216",SPRF-SP,DEL05-SP,UOP02-DEL05-SP
497170,2023-01-04,quarta-feira,09:50:00,PR,376.0,"168,8",MARINGA,Pista Escorregadia,Saída de leito carroçável,Com Vítimas Feridas,Pleno dia,Decrescente,Chuva,Dupla,Reta;Declive,Sim,4.0,0.0,2.0,0.0,2.0,0.0,2.0,1.0,"-23,409788","-51,987453",SPRF-PR,DEL09-PR,UOP01-DEL09-PR
497174,2023-01-04,quarta-feira,10:00:00,SC,158.0,112,CUNHA PORA,Afundamento ou ondulação no pavimento,Derramamento de carga,Sem Vítimas,Pleno dia,Crescente,Céu Claro,Simples,Reta,Não,2.0,0.0,0.0,0.0,1.0,1.0,0.0,2.0,"-26,90638046","-53,18738937",SPRF-SC,DEL07-SC,UOP02-DEL07-SC
497175,2023-01-04,quarta-feira,09:30:00,RJ,116.0,138,DUQUE DE CAXIAS,Trafegar com motocicleta (ou similar) entre as faixas,Colisão lateral mesmo sentido,Com Vítimas Fatais,Pleno dia,Crescente,Nublado,Dupla,Reta,Não,3.0,1.0,0.0,0.0,1.0,1.0,0.0,3.0,"-22,64697319","-43,19165101",SPRF-RJ,DEL01-RJ,UOP01-DEL01-RJ
497180,2023-01-04,quarta-feira,10:40:00,CE,116.0,64,CHOROZINHO,Acessar a via sem observar a presença dos outros veículos,Colisão transversal,Com Vítimas Feridas,Pleno dia,Crescente,Céu Claro,Simples,Reta;Interseção de Vias;Rotatória,Sim,3.0,0.0,1.0,0.0,1.0,1.0,1.0,3.0,"-4,28125187","-38,49423541",SPRF-CE,DEL03-CE,UOP02-DEL03-CE
497185,2023-01-04,quarta-feira,10:40:00,SC,116.0,"201,7",PONTE ALTA,Ausência de reação do condutor,Colisão com objeto,Sem Vítimas,Pleno dia,Decrescente,Chuva,Dupla,Reta,Não,2.0,0.0,0.0,0.0,1.0,1.0,0.0,2.0,"-27,43687163","-50,40434884",SPRF-SC,DEL05-SC,UOP03-DEL05-SC
497188,2023-01-04,quarta-feira,10:30:00,PR,277.0,"43,7",MORRETES,Chuva,Colisão lateral mesmo sentido,Sem Vítimas,Pleno dia,Crescente,Chuva,Dupla,Curva;Aclive,Não,2.0,0.0,0.0,0.0,2.0,0.0,0.0,2.0,"-25,59219","-48,888201",SPRF-PR,DEL01-PR,UOP01-DEL01-PR
497192,2023-01-04,quarta-feira,12:30:00,PE,101.0,163,AGUA PRETA,Demais falhas mecânicas ou elétricas,Tombamento,Com Vítimas Feridas,Pleno dia,Decrescente,Céu Claro,Simples,Reta,Não,2.0,0.0,1.0,0.0,0.0,2.0,1.0,3.0,"-8,55039544","-35,44619699",SPRF-PE,DEL01-PE,UOP03-DEL01-PE
497194,2023-01-04,quarta-feira,09:50:00,MA,316.0,"552,1",CAXIAS,Reação tardia ou ineficiente do condutor,Atropelamento de Pedestre,Com Vítimas Fatais,Pleno dia,Decrescente,Sol,Dupla,Reta,Sim,2.0,1.0,0.0,0.0,1.0,0.0,0.0,2.0,"-4,882649","-43,345581",SPRF-MA,DEL03-MA,UOP02-DEL03-MA
497196,2023-01-04,quarta-feira,12:30:00,SC,101.0,"199,9",SAO JOSE,Condutor deixou de manter distância do veículo da frente,Colisão traseira,Com Vítimas Feridas,Pleno dia,Crescente,Nublado,Dupla,Reta,Sim,3.0,0.0,1.0,0.0,2.0,0.0,1.0,2.0,"-27,53413705","-48,63003205",SPRF-SC,DEL01-SC,UOP01-DEL01-SC
497203,2023-01-04,quarta-feira,11:45:00,RJ,493.0,"17,9",GUAPIMIRIM,Reação tardia ou ineficiente do condutor,Colisão traseira,Sem Vítimas,Pleno dia,Crescente,Sol,Dupla,Reta,Não,2.0,0.0,0.0,0.0,2.0,0.0,0.0,2.0,"-22,66791406","-43,00902598",SPRF-RJ,DEL04-RJ,UOP02-DEL04-RJ
497209,2023-01-04,quarta-feira,13:05:00,GO,20.0,181,SIMOLANDIA,Condutor deixou de manter distância do veículo da frente,Colisão traseira,Com Vítimas Feridas,Pleno dia,Decrescente,Nublado,Dupla,Reta,Sim,2.0,0.0,0.0,1.0,1.0,0.0,1.0,2.0,"-14,470801","-46,486183",SPRF-DF,DEL02-DF,UOP03-DEL02-DF
497212,2023-01-04,quarta-feira,10:00:00,RJ,116.0,186,NOVA IGUACU,Reação tardia ou ineficiente do condutor,Colisão com objeto,Com Vítimas Feridas,Pleno dia,Decrescente,Céu Claro,Dupla,Reta,Sim,4.0,0.0,2.0,0.0,2.0,0.0,2.0,1.0,"-22,73962339","-43,46276495",SPRF-RJ,DEL01-RJ,UOP02-DEL01-RJ
497213,2023-01-04,quarta-feira,13:30:00,SC,101.0,199,SAO JOSE,Frear bruscamente,Tombamento,Com Vítimas Feridas,Pleno dia,Decrescente,Nublado,Dupla,Reta,Não,2.0,0.0,1.0,0.0,0.0,12.0,1.0,13.0,"-27,53413705","-48,63003205",SPRF-SC,DEL01-SC,UOP01-DEL01-SC
497218,2023-01-04,quarta-feira,09:30:00,PR,376.0,394,IMBAU,Reação tardia ou ineficiente do condutor,Engavetamento,Com Vítimas Feridas,Pleno dia,Decrescente,Chuva,Simples,Reta,Não,10.0,0.0,1.0,0.0,8.0,2.0,1.0,8.0,"-24,55402879","-50,68691653",SPRF-PR,DEL03-PR,UOP02-DEL03-PR
497223,2023-01-04,quarta-feira,13:40:00,PB,230.0,"49,9",SANTA RITA,Ultrapassagem Indevida,Colisão lateral mesmo sentido,Com Vítimas Feridas,Pleno dia,Decrescente,Sol,Dupla,Reta,Não,7.0,0.0,1.0,0.0,5.0,1.0,1.0,3.0,"-7,1803","-35,0485",SPRF-PB,DEL01-PB,UOP03-DEL01-PB
497226,2023-01-03,terça-feira,10:30:00,MT,163.0,854,SINOP,Acessar a via sem observar a presença dos outros veículos,Colisão transversal,Com Vítimas Feridas,Pleno dia,Crescente,Nublado,Simples,Interseção de Vias;Reta,Sim,4.0,0.0,2.0,0.0,1.0,1.0,2.0,3.0,"-11,69345791","-55,45153856",SPRF-MT,DEL06-MT,NPF/DEL06-MT
497238,2023-01-04,quarta-feira,10:00:00,BA,110.0,35,SANTA BRIGIDA,Reação tardia ou ineficiente do condutor,Tombamento,Com Vítimas Feridas,Pleno dia,Decrescente,Céu Claro,Simples,Reta,Não,1.0,0.0,0.0,1.0,0.0,0.0,1.0,1.0,"-9,76196196","-38,2464172",SPRF-BA,DEL07-BA,UOP01-DEL07-BA
497239,2023-01-04,quarta-feira,12:30:00,PI,343.0,236,COCAL DE TELHA,Ausência de reação do condutor,Saída de leito carroçável,Com Vítimas Feridas,Pleno dia,Decrescente,Céu Claro,Simples,Reta,Não,2.0,0.0,1.0,0.0,0.0,1.0,1.0,2.0,"-4,633632","-42,024948",SPRF-PI,DEL01-PI,UOP03-DEL01-PI
497248,2023-01-04,quarta-feira,06:50:00,MT,163.0,108,RONDONOPOLIS,Problema com o freio,Colisão com objeto,Sem Vítimas,Pleno dia,Decrescente,Céu Claro,Simples,Declive,Não,4.0,0.0,0.0,0.0,1.0,5.0,0.0,5.0,"-16,582138","-54,688807",SPRF-MT,DEL02-MT,UOP01-DEL02-MT
497249,2023-01-04,quarta-feira,15:40:00,BA,101.0,946,MUCURI,Demais falhas na via,Colisão traseira,Com Vítimas Feridas,Pleno dia,Decrescente,Céu Claro,Simples,Reta;Declive,Não,3.0,0.0,1.0,0.0,2.0,0.0,1.0,2.0,"-18,099245","-39,893253",SPRF-BA,DEL09-BA,UOP02-DEL09-BA
497252,2023-01-04,quarta-feira,14:55:00,RJ,101.0,519,ANGRA DOS REIS,Condutor deixou de manter distância do veículo da frente,Colisão lateral sentido oposto,Sem Vítimas,Pleno dia,Decrescente,Garoa/Chuvisco,Simples,Curva,Não,5.0,0.0,0.0,0.0,5.0,0.0,0.0,2.0,"-23,00804213","-44,44745093",SPRF-RJ,DEL03-RJ,UOP03-DEL03-RJ
497256,2023-01-04,quarta-feira,16:10:00,SC,101.0,112,ITAJAI,Acessar a via sem observar a presença dos outros veículos,Colisão transversal,Com Vítimas Feridas,Pleno dia,Decrescente,Nublado,Múltipla,Reta,Sim,3.0,0.0,1.0,0.0,1.0,1.0,1.0,3.0,"-26,84589005","-48,72131295",SPRF-SC,DEL04-SC,UOP04-DEL04-SC
497257,2023-01-04,quarta-feira,15:15:00,MA,316.0,"409,9",ALTO ALEGRE DO MARANHAO,Avarias e/ou desgaste excessivo no pneu,Saída de leito carroçável,Com Vítimas Feridas,Pleno dia,Decrescente,Chuva,Simples,Reta,Não,4.0,0.0,2.0,0.0,2.0,0.0,2.0,1.0,"-4,273087","-44,425312",SPRF-MA,DEL03-MA,UOP01-DEL03-MA
497267,2023-01-04,quarta-feira,13:45:00,SC,470.0,"277,6",BRUNOPOLIS,Velocidade Incompatível,Colisão lateral sentido oposto,Com Vítimas Feridas,Pleno dia,Decrescente,Céu Claro,Simples,Curva,Não,3.0,0.0,1.0,0.0,1.0,3.0,1.0,5.0,"-27,328163","-50,834103",SPRF-SC,DEL07-SC,UOP06-DEL07-SC
497268,2023-01-04,quarta-feira,17:30:00,MG,381.0,"826,5",CAREACU,Animais na Pista,Colisão traseira,Com Vítimas Feridas,Anoitecer,Crescente,Chuva,Dupla,Reta,Não,4.0,0.0,1.0,0.0,3.0,0.0,1.0,2.0,"-22,105967","-45,733168",SPRF-MG,DEL16-MG,UOP01-DEL16-MG
497271,2023-01-04,quarta-feira,18:10:00,SP,116.0,215,GUARULHOS,Reação tardia ou ineficiente do condutor,Colisão com objeto,Sem Vítimas,Anoitecer,Decrescente,Chuva,Dupla,Reta,Sim,2.0,0.0,0.0,0.0,1.0,1.0,0.0,2.0,"-23,44695693","-46,45394103",SPRF-SP,DEL01-SP,UOP01-DEL01-SP
497275,2023-01-04,quarta-feira,17:20:00,RJ,40.0,120,DUQUE DE CAXIAS,Condutor deixou de manter distância do veículo da frente,Engavetamento,Sem Vítimas,Pleno dia,Decrescente,Chuva,Múltipla,Reta,Sim,5.0,0.0,0.0,0.0,5.0,0.0,0.0,5.0,"-22,77280597","-43,28626763",SPRF-RJ,DEL01-RJ,UOP01-DEL01-RJ
497277,2023-01-04,quarta-feira,14:30:00,MG,365.0,73,JEQUITAI,Demais falhas mecânicas ou elétricas,Incêndio,Sem Vítimas,Pleno dia,Crescente,Céu Claro,Simples,Reta,Não,1.0,0.0,0.0,0.0,1.0,0.0,0.0,1.0,"-17,10731108","-44,34847768",SPRF-MG,DEL12-MG,UOP01-DEL12-MG
497279,2023-01-04,quarta-feira,15:20:00,BA,242.0,270,RUY BARBOSA,Acessar a via sem observar a presença dos outros veículos,Colisão transversal,Com Vítimas Feridas,Pleno dia,Decrescente,Céu Claro,Simples,Interseção de Vias,Não,5.0,0.0,2.0,0.0,2.0,2.0,2.0,4.0,"-12,45172596","-40,61941624",SPRF-BA,DEL06-BA,UOP02-DEL06-BA
497284,2023-01-04,quarta-feira,17:30:00,BA,101.0,208,GOVERNADOR MANGABEIRA,Condutor Dormindo,Colisão lateral sentido oposto,Com Vítimas Feridas,Pleno dia,Decrescente,Nublado,Simples,Aclive;Curva,Sim,5.0,0.0,1.0,1.0,2.0,1.0,2.0,3.0,"-12,60137779","-39,05031323",SPRF-BA,DEL01-BA,UOP02-DEL01-BA
497291,2023-01-04,quarta-feira,18:30:00,PR,277.0,330,GUARAPUAVA,Manobra de mudança de faixa,Tombamento,Com Vítimas Fatais,Pleno dia,Decrescente,Céu Claro,Simples,Reta;Aclive,Não,6.0,1.0,0.0,3.0,0.0,3.0,3.0,4.0,"-25,35821419","-51,35762662",SPRF-PR,DEL08-PR,UOP01-DEL08-PR