id,data_inversa,dia_semana,horario,uf,br,km,municipio,causa_acidente,tipo_acidente,classificacao_acidente,fase_dia,sentido_via,condicao_metereologica,tipo_pista,tracado_via,uso_solo,pessoas,mortos,feridos_leves,feridos_graves,ilesos,ignorados,feridos,veiculos,latitude,longitude,regional,delegacia,uop
497296,2023-01-04,quarta-feira,18:35:00,RS,285.0,"167,7",MUITOS CAPOES,Velocidade Incompatível,Tombamento,Sem Vítimas,Anoitecer,Crescente,Céu Claro,Simples,Curva,Não,3.0,0.0,0.0,0.0,2.0,3.0,0.0,5.0,"-28,333096","-51,291729",SPRF-RS,DEL05-RS,UOP03-DEL05-RS
497297,2023-01-04,quarta-feira,18:00:00,RS,158.0,"113,5",PALMEIRA DAS MISSOES,Reação tardia ou ineficiente do condutor,Colisão frontal,Com Vítimas Feridas,Pleno dia,Decrescente,Céu Claro,Simples,Aclive,Não,4.0,0.0,0.0,1.0,3.0,0.0,1.0,2.0,"-28,00584673","-53,34138747",SPRF-RS,DEL08-RS,UOP01-DEL08-RS
497307,2023-01-04,quarta-feira,19:40:00,SP,116.0,79,ROSEIRA,Condutor deixou de manter distância do veículo da frente,Colisão traseira,Com Vítimas Feridas,Plena Noite,Decrescente,Nublado,Dupla,Reta,Não,3.0,0.0,1.0,0.0,1.0,1.0,1.0,3.0,"-22,89420903","-45,29471098",SPRF-SP,DEL08-SP,UOP01-DEL08-SP
497308,2023-01-04,quarta-feira,20:35:00,PE,101.0,35,IGARASSU,Ausência de reação do condutor,Colisão traseira,Com Vítimas Feridas,Plena Noite,Crescente,Céu Claro,Dupla,Reta,Não,2.0,0.0,1.0,0.0,0.0,1.0,1.0,2.0,"-7,77952193","-34,93231384",SPRF-PE,DEL01-PE,UOP02-DEL01-PE
497313,2023-01-04,quarta-feira,20:20:00,MG,40.0,"616,6",CONGONHAS,Transitar na contramão,Colisão frontal,Com Vítimas Feridas,Plena Noite,Crescente,Chuva,Simples,Interseção de Vias,Sim,2.0,0.0,0.0,1.0,1.0,0.0,1.0,2.0,"-20,54605704","-43,81990003",SPRF-MG,DEL05-MG,UOP02-DEL05-MG
497314,2023-01-04,quarta-feira,20:00:00,MT,364.0,349,SANTO ANTONIO DO LEVERGER,Reação tardia ou ineficiente do condutor,Saída de leito carroçável,Com Vítimas Feridas,Plena Noite,Crescente,Céu Claro,Dupla,Curva;Declive,Não,2.0,0.0,1.0,0.0,0.0,2.0,1.0,3.0,"-15,80502622","-55,5546431",SPRF-MT,DEL05-MT,UOP02-DEL05-MT
497321,2023-01-04,quarta-feira,21:20:00,MG,40.0,759,EWBANK DA CAMARA,Manobra de mudança de faixa,Colisão lateral mesmo sentido,Com Vítimas Feridas,Plena Noite,Crescente,Nublado,Simples,Reta,Não,3.0,0.0,1.0,0.0,2.0,0.0,1.0,2.0,"-21,520757","-43,52314305",SPRF-MG,DEL05-MG,UOP01-DEL05-MG
497327,2023-01-04,quarta-feira,20:45:00,SC,470.0,7,NAVEGANTES,Mal súbito do condutor,Colisão com objeto,Com Vítimas Fatais,Plena Noite,Crescente,Nublado,Dupla,Reta;Em Obras,Não,2.0,1.0,0.0,0.0,0.0,1.0,0.0,2.0,"-26,84499","-48,71505",SPRF-SC,DEL04-SC,UOP04-DEL04-SC
497332,2023-01-04,quarta-feira,18:15:00,SC,280.0,"25,4",ARAQUARI,Acessar a via sem observar a presença dos outros veículos,Colisão transversal,Sem Vítimas,Pleno dia,Decrescente,Céu Claro,Simples,Reta;Em Obras,Sim,3.0,0.0,0.0,0.0,2.0,1.0,0.0,3.0,"-26,38352781","-48,72677516",SPRF-SC,DEL03-SC,UOP03-DEL03-SC
497346,2023-01-05,quinta-feira,01:30:00,MT,364.0,"308,4",JACIARA,Demais falhas mecânicas ou elétricas,Tombamento,Sem Vítimas,Plena Noite,Decrescente,Garoa/Chuvisco,Dupla,Reta,Não,2.0,0.0,0.0,0.0,1.0,2.0,0.0,3.0,"-15,81860731","-55,22097308",SPRF-MT,DEL05-MT,UOP02-DEL05-MT
497348,2023-01-04,quarta-feira,23:45:00,PB,230.0,"126,5",RIACHAO DO BACAMARTE,Problema na suspensão,Saída de leito carroçável,Com Vítimas Feridas,Plena Noite,Crescente,Céu Claro,Dupla,Curva,Não,1.0,0.0,1.0,0.0,0.0,0.0,1.0,1.0,"-7,260522","-35,698039",SPRF-PB,DEL02-PB,UOP01-DEL02-PB
497352,2023-01-05,quinta-feira,06:30:00,MG,381.0,750,TRES CORACOES,Avarias e/ou desgaste excessivo no pneu,Colisão com objeto,Com Vítimas Feridas,Pleno dia,Decrescente,Chuva,Dupla,Curva;Declive,Não,6.0,0.0,2.0,0.0,3.0,2.0,2.0,5.0,"-21,64317532","-45,28869336",SPRF-MG,DEL16-MG,UOP02-DEL16-MG
497354,2023-01-05,quinta-feira,06:50:00,SC,101.0,288,IMBITUBA,Ausência de reação do condutor,Saída de leito carroçável,Com Vítimas Feridas,Pleno dia,Crescente,Céu Claro,Dupla,Reta,Sim,2.0,0.0,1.0,0.0,0.0,1.0,1.0,2.0,"-28,24598003","-48,70010284",SPRF-SC,DEL02-SC,UOP03-DEL02-SC
497356,2023-01-05,quinta-feira,07:00:00,MG,381.0,"482,5",CONTAGEM,Reação tardia ou ineficiente do condutor,Colisão transversal,Sem Vítimas,Amanhecer,Decrescente,Chuva,Múltipla,Aclive,Sim,6.0,0.0,0.0,0.0,5.0,1.0,0.0,3.0,"-19,955532","-44,097209",SPRF-MG,DEL01-MG,UOP03-DEL01-MG
497360,2023-01-05,quinta-feira,07:00:00,SP,116.0,"89,9",PINDAMONHANGABA,Velocidade Incompatível,Colisão traseira,Com Vítimas Feridas,Pleno dia,Decrescente,Chuva,Dupla,Reta,Não,3.0,0.0,1.0,0.0,1.0,1.0,1.0,3.0,"-22,93930884","-45,37874708",SPRF-SP,DEL08-SP,UOP01-DEL08-SP
497362,2023-01-05,quinta-feira,07:25:00,RJ,40.0,121,DUQUE DE CAXIAS,Pista Escorregadia,Colisão transversal,Com Vítimas Feridas,Pleno dia,Decrescente,Garoa/Chuvisco,Simples,Declive;Curva;Viaduto,Sim,3.0,0.0,1.0,1.0,1.0,0.0,2.0,2.0,"-22,78185499","-43,28571273",SPRF-RJ,DEL01-RJ,UOP01-DEL01-RJ
497368,2023-01-05,quinta-feira,07:00:00,MG,40.0,587,ITABIRITO,Condutor deixou de manter distância do veículo da frente,Colisão traseira,Com Vítimas Fatais,Amanhecer,Crescente,Chuva,Simples,Curva;Declive,Sim,5.0,1.0,0.0,1.0,2.0,2.0,1.0,6.0,"-20,34858326","-43,92200604",SPRF-MG,DEL01-MG,UOP02-DEL01-MG
497370,2023-01-05,quinta-feira,06:10:00,MG,381.0,531,ITATIAIUCU,Velocidade Incompatível,Engavetamento,Com Vítimas Feridas,Amanhecer,Crescente,Nublado,Dupla,Reta,Não,32.0,0.0,11.0,1.0,19.0,1.0,12.0,9.0,"-20,18182886","-44,37895835",SPRF-MG,DEL04-MG,UOP03-DEL04-MG
497371,2023-01-05,quinta-feira,08:45:00,GO,60.0,107,GOIANAPOLIS,Ingestão de álcool pelo condutor,Colisão traseira,Sem Vítimas,Pleno dia,Decrescente,Nublado,Múltipla,Reta,Não,4.0,0.0,0.0,0.0,4.0,0.0,0.0,2.0,"-16,431","-49,018",SPRF-GO,DEL02-GO,UOP01-DEL02-GO
497372,2023-01-05,quinta-feira,02:50:00,MG,381.0,532,ITATIAIUCU,Velocidade Incompatível,Tombamento,Com Vítimas Feridas,Plena Noite,Decrescente,Chuva,Dupla,Curva,Não,2.0,0.0,1.0,0.0,0.0,1.0,1.0,2.0,"-20,1904316","-44,38268793",SPRF-MG,DEL04-MG,UOP03-DEL04-MG
497376,2023-01-05,quinta-feira,09:00:00,BA,324.0,578,CANDEIAS,Demais falhas mecânicas ou elétricas,Capotamento,Com Vítimas Feridas,Pleno dia,Decrescente,Céu Claro,Dupla,Reta,Não,1.0,0.0,1.0,0.0,0.0,0.0,1.0,1.0,"-12,60415557","-38,49935532",SPRF-BA,DEL01-BA,UOP01-DEL01-BA
497381,2023-01-05,quinta-feira,09:40:00,SP,116.0,215,GUARULHOS,Manobra de mudança de faixa,Colisão transversal,Com Vítimas Feridas,Pleno dia,Crescente,Garoa/Chuvisco,Múltipla,Interseção de Vias;Em Obras,Sim,3.0,0.0,1.0,0.0,1.0,1.0,1.0,3.0,"-23,44695693","-46,45394103",SPRF-SP,DEL01-SP,UOP01-DEL01-SP
497386,2023-01-05,quinta-feira,07:30:00,RO,319.0,45,PORTO VELHO,Acessar a via sem observar a presença dos outros veículos,Colisão lateral mesmo sentido,Com Vítimas Feridas,Pleno dia,Crescente,Chuva,Simples,Reta,Não,5.0,0.0,2.0,0.0,2.0,1.0,2.0,3.0,"-8,68379899","-63,99440378",SPRF-RO,DEL01-RO,UOP01-DEL01-RO
497389,2023-01-05,quinta-feira,10:48:00,RS,386.0,241,SOLEDADE,Ultrapassagem Indevida,Colisão lateral sentido oposto,Com Vítimas Feridas,Pleno dia,Decrescente,Céu Claro,Simples,Reta,Não,3.0,0.0,1.0,0.0,0.0,2.0,1.0,3.0,"-28,774895","-52,533451",SPRF-RS,DEL04-RS,UOP03-DEL04-RS
497396,2023-01-05,quinta-feira,09:30:00,MG,381.0,712,CARMO DA CACHOEIRA,Chuva,Colisão lateral mesmo sentido,Com Vítimas Feridas,Pleno dia,Crescente,Chuva,Dupla,Reta;Declive,Não,6.0,0.0,1.0,0.0,4.0,1.0,1.0,2.0,"-21,39692643","-45,20681689",SPRF-MG,DEL04-MG,UOP02-DEL04-MG
497402,2023-01-05,quinta-feira,12:50:00,MG,40.0,"616,5",CONGONHAS,Reação tardia ou ineficiente do condutor,Colisão traseira,Com Vítimas Feridas,Pleno dia,Decrescente,Chuva,Simples,Reta;Declive,Não,4.0,0.0,0.0,1.0,2.0,1.0,1.0,3.0,"-20,54605704","-43,81990003",SPRF-MG,DEL05-MG,UOP02-DEL05-MG
497406,2023-01-05,quinta-feira,11:40:00,PB,101.0,69,SANTA RITA,Manobra de mudança de faixa,Colisão traseira,Com Vítimas Feridas,Pleno dia,Decrescente,Céu Claro,Dupla,Reta,Não,6.0,0.0,3.0,1.0,2.0,0.0,4.0,2.0,"-7,07320663","-34,99569975",SPRF-PB,DEL01-PB,UOP04-DEL01-PB
497407,2023-01-05,quinta-feira,12:48:00,GO,153.0,120,ESTRELA DO NORTE,Acumulo de água sobre o pavimento,Saída de leito carroçável,Com Vítimas Feridas,Pleno dia,Crescente,Nublado,Simples,Reta,Não,2.0,0.0,1.0,0.0,0.0,1.0,1.0,2.0,"-13,822886","-49,041809",SPRF-GO,DEL07-GO,UOP01-DEL07-GO
497408,2023-01-05,quinta-feira,14:00:00,MG,50.0,194,DELTA,Reação tardia ou ineficiente do condutor,Saída de leito carroçável,Com Vítimas Feridas,Pleno dia,Crescente,Nublado,Dupla,Reta;Declive,Não,1.0,0.0,1.0,0.0,0.0,0.0,1.0,1.0,"-19,887439","-47,848374",SPRF-MG,DEL13-MG,UOP01-DEL13-MG
497411,2023-01-05,quinta-feira,10:15:00,PA,163.0,788,RUROPOLIS,Ultrapassagem Indevida,Colisão lateral mesmo sentido,Com Vítimas Fatais,Pleno dia,Decrescente,Céu Claro,Simples,Reta,Sim,5.0,1.0,0.0,0.0,2.0,3.0,0.0,5.0,"-4,079496","-54,921111",SPRF-PA,DEL05-PA,UOP01-DEL05-PA
497414,2023-01-05,quinta-feira,09:19:00,MG,153.0,94,PRATA,Condutor deixou de manter distância do veículo da frente,Colisão traseira,Com Vítimas Feridas,Pleno dia,Crescente,Nublado,Simples,Ponte,Não,3.0,0.0,2.0,0.0,0.0,2.0,2.0,4.0,"-19,17736794","-48,95075187",SPRF-MG,DEL15-MG,UOP03-DEL15-MG
497417,2023-01-05,quinta-feira,14:00:00,PR,116.0,"106,7",SAO JOSE DOS PINHAIS,Trafegar com motocicleta (ou similar) entre as faixas,Colisão lateral mesmo sentido,Com Vítimas Fatais,Pleno dia,Decrescente,Céu Claro,Dupla,Reta;Ponte,Não,5.0,1.0,1.0,0.0,2.0,4.0,1.0,7.0,"-25,5688715","-49,22875489",SPRF-PR,DEL01-PR,UOP07-DEL01-PR
497419,2023-01-05,quinta-feira,15:20:00,SC,101.0,158,PORTO BELO,Acessar a via sem observar a presença dos outros veículos,Colisão traseira,Com Vítimas Feridas,Pleno dia,Decrescente,Céu Claro,Dupla,Reta,Não,2.0,0.0,0.0,1.0,1.0,0.0,1.0,2.0,"-27,19096301","-48,61259017",SPRF-SC,DEL04-SC,UOP03-DEL04-SC
497425,2023-01-05,quinta-feira,14:50:00,GO,60.0,"110,8",GOIANAPOLIS,Velocidade Incompatível,Saída de leito carroçável,Com Vítimas Fatais,Pleno dia,Crescente,Nublado,Dupla,Reta,Não,2.0,1.0,0.0,0.0,0.0,2.0,0.0,3.0,"-16,45","-49,0316",SPRF-GO,DEL01-GO,UOP01-DEL01-GO
497428,2023-01-05,quinta-feira,10:00:00,PR,376.0,675,GUARATUBA,Problema com o freio,Incêndio,Sem Vítimas,Pleno dia,Crescente,Céu Claro,Dupla,Reta;Declive,Não,2.0,0.0,0.0,0.0,1.0,1.0,0.0,2.0,"-25,930714","-48,912243",SPRF-PR,DEL01-PR,UOP04-DEL01-PR
497433,2023-01-05,quinta-feira,13:25:00,BA,101.0,731,EUNAPOLIS,Curva acentuada,Derramamento de carga,Sem Vítimas,Pleno dia,Decrescente,Céu Claro,Simples,Curva,Não,2.0,0.0,0.0,0.0,1.0,1.0,0.0,2.0,"-16,469703","-39,574648",SPRF-BA,DEL09-BA,UOP01-DEL09-BA
497437,2023-01-05,quinta-feira,15:45:00,SC,101.0,121,ITAJAI,Acessar a via sem observar a presença dos outros veículos,Colisão lateral mesmo sentido,Com Vítimas Feridas,Pleno dia,Crescente,Céu Claro,Simples,Reta,Sim,2.0,0.0,0.0,1.0,1.0,0.0,1.0,2.0,"-26,92103178","-48,70856446",SPRF-SC,DEL04-SC,UOP04-DEL04-SC
497439,2023-01-05,quinta-feira,16:45:00,RN,101.0,"105,3",PARNAMIRIM,Condutor deixou de manter distância do veículo da frente,Colisão transversal,Com Vítimas Feridas,Pleno dia,Crescente,Céu Claro,Dupla,Reta,Sim,2.0,0.0,1.0,0.0,1.0,0.0,1.0,2.0,"-5,90165196","-35,25928517",SPRF-RN,DEL01-RN,UOP01-DEL01-RN
497440,2023-01-05,quinta-feira,15:15:00,MT,163.0,117,RONDONOPOLIS,Chuva,Colisão lateral mesmo sentido,Com Vítimas Feridas,Pleno dia,Crescente,Chuva,Dupla,Reta,Não,3.0,0.0,1.0,0.0,1.0,5.0,1.0,7.0,"-16,52182818","-54,65882461",SPRF-MT,DEL02-MT,UOP01-DEL02-MT
497444,2023-01-05,quinta-feira,15:45:00,MS,158.0,"325,9",TRES LAGOAS,Ausência de reação do condutor,Colisão lateral sentido oposto,Com Vítimas Fatais,Pleno dia,Crescente,Chuva,Simples,Reta,Não,4.0,2.0,1.0,0.0,0.0,5.0,1.0,8.0,"-21,1611037","-51,973749",SPRF-MS,DEL07-MS,UOP01-DEL07-MS
497447,2023-01-05,quinta-feira,16:40:00,CE,116.0,375,ICO,Acessar a via sem observar a presença dos outros veículos,Colisão transversal,Sem Vítimas,Pleno dia,Decrescente,Céu Claro,Simples,Reta;Retorno Regulamentado;Interseção de Vias,Sim,3.0,0.0,0.0,0.0,3.0,0.0,0.0,2.0,"-6,3951252","-38,83101685",SPRF-CE,DEL05-CE,UOP01-DEL05-CE
497448,2023-01-05,quinta-feira,17:10:00,MG,381.0,157,GOVERNADOR VALADARES,Demais falhas mecânicas ou elétricas,Incêndio,Sem Vítimas,Pleno dia,Crescente,Céu Claro,Simples,Reta,Não,2.0,0.0,0.0,0.0,1.0,1.0,0.0,2.0,"-18,91099925","-42,00762101",SPRF-MG,DEL06-MG,UOP01-DEL06-MG
497450,2023-01-05,quinta-feira,17:00:00,BA,116.0,"0,1",VITORIA DA CONQUISTA,Conversão proibida,Colisão transversal,Com Vítimas Feridas,Pleno dia,Crescente,Nublado,Simples,Reta;Interseção de Vias,Não,3.0,0.0,1.0,0.0,1.0,2.0,1.0,4.0,"-14,82703","-40,82879",SPRF-BA,DEL08-BA,UOP01-DEL08-BA
497459,2023-01-05,quinta-feira,12:50:00,BA,116.0,422,FEIRA DE SANTANA,Condutor deixou de manter distância do veículo da frente,Colisão traseira,Sem Vítimas,Pleno dia,Decrescente,Céu Claro,Simples,Curva,Sim,3.0,0.0,0.0,0.0,2.0,2.0,0.0,4.0,"-12,22064702","-38,96561131",SPRF-BA,DEL02-BA,UOP01-DEL02-BA
497470,2023-01-05,quinta-feira,15:40:00,GO,158.0,68,PIRANHAS,Afundamento ou ondulação no pavimento,Tombamento,Sem Vítimas,Pleno dia,Crescente,Nublado,Simples,Reta,Não,2.0,0.0,0.0,0.0,1.0,3.0,0.0,4.0,"-16,32879413","-51,9431882",SPRF-GO,DEL04-GO,UOP02-DEL04-GO
497479,2023-01-05,quinta-feira,20:20:00,SP,116.0,"87,4",PINDAMONHANGABA,Ausência de reação do condutor,Colisão traseira,Com Vítimas Feridas,Plena Noite,Crescente,Nublado,Dupla,Reta,Não,2.0,0.0,1.0,0.0,1.0,0.0,1.0,2.0,"-22,93065267","-45,36166116",SPRF-SP,DEL08-SP,UOP01-DEL08-SP
497483,2023-01-05,quinta-feira,20:50:00,SP,116.0,210,GUARULHOS,Ausência de reação do condutor,Colisão transversal,Com Vítimas Feridas,Plena Noite,Decrescente,Garoa/Chuvisco,Múltipla,Reta,Sim,3.0,0.0,1.0,0.0,1.0,1.0,1.0,3.0,"-23,42870023","-46,41085991",SPRF-SP,DEL01-SP,UOP01-DEL01-SP
497484,2023-01-05,quinta-feira,19:56:00,MA,230.0,"394,2",BALSAS,Pista esburacada,Colisão com objeto,Com Vítimas Feridas,Plena Noite,Crescente,Chuva,Simples,Reta;Ponte,Não,3.0,0.0,1.0,0.0,1.0,1.0,1.0,2.0,"-7,4468583","-46,00934744",SPRF-MA,DEL05-MA,UOP01-DEL05-MA
497490,2023-01-05,quinta-feira,16:15:00,TO,153.0,"679,7",GURUPI,Velocidade Incompatível,Colisão transversal,Com Vítimas Feridas,Pleno dia,Crescente,Chuva,Simples,Reta,Não,5.0,0.0,1.0,0.0,3.0,3.0,1.0,5.0,"-11,78176489","-49,11301313",SPRF-TO,DEL01-TO,UOP02-DEL01-TO
497491,2023-01-05,quinta-feira,18:40:00,RR,174.0,"414,6",IRACEMA,Transitar na contramão,Colisão lateral sentido oposto,Com Vítimas Feridas,Plena Noite,Crescente,Céu Claro,Simples,Reta,Não,4.0,0.0,0.0,1.0,1.0,2.0,1.0,4.0,"2,19506","-61,029976",SPRF-RR,DEL01-RR,UOP01-DEL01-RR
497495,2023-01-05,quinta-feira,15:00:00,MT,163.0,1109,GUARANTA DO NORTE,Ausência de reação do condutor,Saída de leito carroçável,Com Vítimas Feridas,Pleno dia,Crescente,Nublado,Simples,Declive;Curva,Não,2.0,0.0,1.0,0.0,0.0,3.0,1.0,4.0,"-9,60125","-54,885218",SPRF-MT,DEL06-MT,UOP03-DEL06-MT
497497,2023-01-05,quinta-feira,22:50:00,SP,116.0,"377,5",MIRACATU,Pedestre cruzava a pista fora da faixa,Atropelamento de Pedestre,Com Vítimas Fatais,Plena Noite,Decrescente,Chuva,Dupla,Curva,Sim,3.0,1.0,0.0,0.0,1.0,1.0,0.0,3.0,"-24,19911973","-47,36899137",SPRF-SP,DEL04-SP,UOP02-DEL04-SP
497504,2023-01-05,quinta-feira,18:30:00,MT,364.0,575,NOVA MUTUM,Reação tardia ou ineficiente do condutor,Colisão lateral sentido oposto,Com Vítimas Feridas,Plena Noite,Crescente,Chuva,Simples,Reta,Não,8.0,0.0,4.0,1.0,2.0,3.0,5.0,6.0,"-14,1012828","-56,11335754",SPRF-MT,DEL01-MT,UOP01-DEL01-MT
497509,2023-01-06,sexta-feira,02:35:00,SC,101.0,"93,6",BARRA VELHA,Condutor Dormindo,Colisão lateral mesmo sentido,Com Vítimas Feridas,Plena Noite,Crescente,Nublado,Dupla,Curva,Não,4.0,0.0,0.0,1.0,2.0,1.0,1.0,4.0,"-26,7018","-48,6995",SPRF-SC,DEL03-SC,UOP02-DEL03-SC
497511,2023-01-05,quinta-feira,19:15:00,BA,324.0,573,SAO SEBASTIAO DO PASSE,Reação tardia ou ineficiente do condutor,Colisão traseira,Com Vítimas Feridas,Plena Noite,Decrescente,Chuva,Dupla,Reta,Não,6.0,0.0,2.0,1.0,0.0,3.0,3.0,2.0,"-12,5622012","-38,55964515",SPRF-BA,DEL01-BA,UOP01-DEL01-BA
497513,2023-01-06,sexta-feira,04:20:00,SP,116.0,219,GUARULHOS,Reação tardia ou ineficiente do condutor,Tombamento,Com Vítimas Feridas,Amanhecer,Crescente,Chuva,Dupla,Curva,Sim,1.0,0.0,1.0,0.0,0.0,0.0,1.0,1.0,"-23,46143954","-46,48885316",SPRF-SP,DEL01-SP,UOP01-DEL01-SP
497515,2023-01-06,sexta-feira,04:50:00,SP,116.0,195,ARUJA,Manobra de mudança de faixa,Colisão traseira,Com Vítimas Feridas,Amanhecer,Decrescente,Chuva,Simples,Reta,Sim,2.0,0.0,1.0,0.0,1.0,0.0,1.0,2.0,"-23,3888147","-46,27566213",SPRF-SP,DEL01-SP,UOP01-DEL01-SP
497517,2023-01-06,sexta-feira,03:50:00,BA,116.0,423,FEIRA DE SANTANA,Ausência de reação do condutor,Atropelamento de Pedestre,Com Vítimas Fatais,Plena Noite,Decrescente,Céu Claro,Simples,Interseção de Vias,Não,2.0,1.0,0.0,0.0,1.0,0.0,0.0,2.0,"-12,23431521","-38,97560477",SPRF-BA,DEL02-BA,UOP01-DEL02-BA
497539,2023-01-06,sexta-feira,08:16:00,PE,232.0,"101,3",BEZERROS,Reação tardia ou ineficiente do condutor,Colisão com objeto,Sem Vítimas,Pleno dia,Crescente,Sol,Dupla,Reta,Sim,2.0,0.0,0.0,0.0,1.0,1.0,0.0,2.0,"-8,24601067","-35,7568717",SPRF-PE,DEL02-PE,UOP02-DEL02PE
497540,2023-01-06,sexta-feira,08:45:00,PR,163.0,"65,8",PEROLA DOESTE,Acessar a via sem observar a presença dos outros veículos,Colisão transversal,Com Vítimas Feridas,Pleno dia,Crescente,Céu Claro,Simples,Curva;Aclive;Interseção de Vias,Não,4.0,0.0,2.0,0.0,1.0,3.0,2.0,5.0,"-25,824779","-53,751125",SPRF-PR,DEL02-PR,UOP02-DEL02-PR
497548,2023-01-06,sexta-feira,10:00:00,PR,376.0,"154,1",MANDAGUACU,Restrição de visibilidade em curvas horizontais,Colisão traseira,Com Vítimas Feridas,Pleno dia,Decrescente,Sol,Dupla,Curva,Não,4.0,0.0,1.0,0.0,2.0,1.0,1.0,4.0,"-23,33029651","-52,11154461",SPRF-PR,DEL09-PR,UOP01-DEL09-PR
497552,2023-01-06,sexta-feira,08:20:00,BA,116.0,"749,8",POCOES,Ausência de reação do condutor,Colisão traseira,Com Vítimas Feridas,Pleno dia,Crescente,Céu Claro,Simples,Curva,Não,3.0,0.0,0.0,1.0,1.0,1.0,1.0,3.0,"-14,47186606","-40,3368482",SPRF-BA,DEL08-BA,UOP02-DEL08-BA
497555,2023-01-06,sexta-feira,08:50:00,RJ,116.0,171,RIO DE JANEIRO,Condutor deixou de manter distância do veículo da frente,Colisão traseira,Com Vítimas Feridas,Pleno dia,Decrescente,Chuva,Múltipla,Reta,Sim,8.0,0.0,2.0,0.0,6.0,0.0,2.0,6.0,"-22,80672422","-43,34221191",SPRF-RJ,DEL01-RJ,UOP02-DEL01-RJ
497557,2023-01-06,sexta-feira,10:10:00,MG,116.0,"769,6",LEOPOLDINA,Condutor Dormindo,Colisão lateral sentido oposto,Com Vítimas Feridas,Pleno dia,Crescente,Nublado,Simples,Reta,Sim,2.0,0.0,2.0,0.0,0.0,0.0,2.0,2.0,"-21,54856423","-42,66481498",SPRF-MG,DEL07-MG,UOP01-DEL07-MG
497564,2023-01-06,sexta-feira,11:45:00,SC,280.0,"136,9",RIO NEGRINHO,Demais falhas mecânicas ou elétricas,Saída de leito carroçável,Com Vítimas Feridas,Pleno dia,Crescente,Céu Claro,Simples,Curva,Não,2.0,0.0,1.0,0.0,0.0,2.0,1.0,3.0,"-26,270102","-49,58121",SPRF-SC,DEL06-SC,UOP03-DEL06-SC
497568,2023-01-06,sexta-feira,12:40:00,GO,153.0,90,PORANGATU,Transitar na contramão,Colisão frontal,Com Vítimas Fatais,Pleno dia,Crescente,Chuva,Simples,Reta,Não,5.0,1.0,0.0,2.0,2.0,0.0,2.0,2.0,"-13,572134","-49,046021",SPRF-GO,DEL07-GO,UOP01-DEL07-GO
497574,2023-01-06,sexta-feira,08:15:00,MT,364.0,"523,1",ROSARIO OESTE,Acostamento em desnível,Saída de leito carroçável,Com Vítimas Feridas,Pleno dia,Decrescente,Céu Claro,Simples,Reta,Não,3.0,0.0,2.0,0.0,0.0,1.0,2.0,2.0,"-15,06720104","-56,51751552",SPRF-MT,DEL01-MT,UOP01-DEL01-MT
497575,2023-01-05,quinta-feira,23:15:00,MT,364.0,542,ROSARIO OESTE,Reação tardia ou ineficiente do condutor,Colisão traseira,Com Vítimas Fatais,Plena Noite,Decrescente,Céu Claro,Simples,Reta,Sim,3.0,1.0,0.0,0.0,1.0,2.0,0.0,4.0,"-14,91290882","-56,47221224",SPRF-MT,DEL01-MT,UOP01-DEL01-MT
497579,2023-01-06,sexta-feira,12:45:00,RS,392.0,"51,8",RIO GRANDE,Manobra de mudança de faixa,Colisão traseira,Com Vítimas Feridas,Pleno dia,Decrescente,Céu Claro,Dupla,Reta,Não,3.0,0.0,2.0,0.0,1.0,0.0,2.0,2.0,"-31,86521207","-52,32379036",SPRF-RS,DEL07-RS,UOP02-DEL07-RS
497609,2023-01-06,sexta-feira,14:40:00,MG,40.0,"210,9",JOAO PINHEIRO,Chuva,Colisão frontal,Com Vítimas Fatais,Pleno dia,Crescente,Chuva,Simples,Reta,Não,2.0,1.0,0.0,0.0,1.0,0.0,0.0,2.0,"-17,98273484","-45,72905904",SPRF-MG,DEL14-MG,UOP02-DEL14-MG
497610,2023-01-06,sexta-feira,16:45:00,PR,467.0,98,CASCAVEL,Condutor Dormindo,Colisão traseira,Com Vítimas Feridas,Pleno dia,Decrescente,Céu Claro,Dupla,Aclive;Reta,Não,3.0,0.0,1.0,0.0,1.0,1.0,1.0,3.0,"-24,8897","-53,5525",SPRF-PR,DEL04-PR,UOP01-DEL04-PR
497611,2023-01-06,sexta-feira,17:00:00,MG,381.0,481,CONTAGEM,Condutor deixou de manter distância do veículo da frente,Colisão traseira,Com Vítimas Feridas,Pleno dia,Crescente,Garoa/Chuvisco,Dupla,Reta,Sim,4.0,0.0,1.0,0.0,1.0,2.0,1.0,4.0,"-19,95931561","-44,08825597",SPRF-MG,DEL01-MG,UOP03-DEL01-MG
497615,2023-01-06,sexta-feira,13:50:00,RO,364.0,535,ALTO PARAISO,Transitar na contramão,Colisão frontal,Com Vítimas Fatais,Pleno dia,Decrescente,Nublado,Simples,Curva;Declive,Não,3.0,1.0,0.0,0.0,1.0,2.0,0.0,4.0,"-9,75412198","-63,09728697",SPRF-RO,DEL03-RO,UOP01-DEL03-RO
497619,2023-01-06,sexta-feira,17:51:00,SC,101.0,"212,9",PALHOCA,Reação tardia ou ineficiente do condutor,Colisão traseira,Com Vítimas Feridas,Pleno dia,Crescente,Céu Claro,Múltipla,Reta,Sim,3.0,0.0,0.0,1.0,1.0,1.0,1.0,3.0,"-27,62996929","-48,65903871",SPRF-SC,DEL01-SC,UOP02-DEL01-SC