id,data_inversa,dia_semana,horario,uf,br,km,municipio,causa_acidente,tipo_acidente,classificacao_acidente,fase_dia,sentido_via,condicao_metereologica,tipo_pista,tracado_via,uso_solo,pessoas,mortos,feridos_leves,feridos_graves,ilesos,ignorados,feridos,veiculos,latitude,longitude,regional,delegacia,uop
497621,2023-01-06,sexta-feira,16:30:00,MG,40.0,641,CONSELHEIRO LAFAIETE,Acumulo de água sobre o pavimento,Saída de leito carroçável,Com Vítimas Feridas,Pleno dia,Crescente,Chuva,Simples,Curva,Não,3.0,0.0,2.0,1.0,0.0,0.0,3.0,1.0,"-20,74938509","-43,80105361",SPRF-MG,DEL05-MG,UOP02-DEL05-MG
497625,2023-01-06,sexta-feira,17:40:00,DF,20.0,6,BRASILIA,Ausência de reação do condutor,Colisão transversal,Com Vítimas Feridas,Pleno dia,Crescente,Céu Claro,Dupla,Declive;Reta;Interseção de Vias,Sim,5.0,0.0,1.0,2.0,2.0,0.0,3.0,2.0,"-15,665888","-47,808308",SPRF-DF,DEL02-DF,UOP01-DEL02-DF
497630,2023-01-06,sexta-feira,15:00:00,RN,405.0,"150,5",PAU DOS FERROS,Manobra de mudança de faixa,Colisão lateral mesmo sentido,Com Vítimas Feridas,Pleno dia,Decrescente,Céu Claro,Dupla,Reta,Sim,2.0,0.0,0.0,1.0,0.0,1.0,1.0,2.0,"-6,10581398","-38,20595589",SPRF-RN,DEL04-RN,UOP02-DEL04-RN
497634,2023-01-06,sexta-feira,10:20:00,MT,364.0,350,SANTO ANTONIO DO LEVERGER,Falta de elemento de contenção que evite a saída do leito carroçável,Saída de leito carroçável,Com Vítimas Feridas,Pleno dia,Crescente,Nublado,Dupla,Curva,Não,2.0,0.0,1.0,0.0,0.0,1.0,1.0,2.0,"-15,79345114","-55,5857563",SPRF-MT,DEL05-MT,UOP02-DEL05-MT
497637,2023-01-06,sexta-feira,19:10:00,MG,381.0,763,CAMPANHA,Chuva,Colisão traseira,Com Vítimas Feridas,Plena Noite,Crescente,Chuva,Dupla,Reta,Não,6.0,0.0,3.0,0.0,2.0,1.0,3.0,3.0,"-21,74873501","-45,38842699",SPRF-MG,DEL16-MG,UOP02-DEL16-MG
497638,2023-01-06,sexta-feira,18:10:00,PE,101.0,64,RECIFE,Condutor deixou de manter distância do veículo da frente,Engavetamento,Com Vítimas Feridas,Plena Noite,Crescente,Céu Claro,Dupla,Reta;Viaduto,Sim,3.0,0.0,1.0,0.0,2.0,0.0,1.0,3.0,"-8,01678","-34,941022",SPRF-PE,DEL01-PE,UOP01-DEL01-PE
497658,2023-01-06,sexta-feira,09:30:00,MG,251.0,"333,1",FRUTA DE LEITE,Ausência de reação do condutor,Tombamento,Com Vítimas Feridas,Pleno dia,Decrescente,Céu Claro,Simples,Declive;Curva,Não,2.0,0.0,1.0,0.0,0.0,2.0,1.0,3.0,"-16,25637294","-42,4383831",SPRF-MG,DEL12-MG,UOP01-DEL12-MG
497661,2023-01-06,sexta-feira,19:16:00,TO,153.0,455,BARROLANDIA,Manobra de mudança de faixa,Colisão lateral sentido oposto,Com Vítimas Feridas,Plena Noite,Crescente,Céu Claro,Simples,Reta,Não,3.0,0.0,0.0,1.0,1.0,1.0,1.0,3.0,"-9,870686","-48,72482897",SPRF-TO,DEL01-TO,UOP01-DEL01-TO
497667,2023-01-06,sexta-feira,21:10:00,SC,280.0,"33,1",ARAQUARI,Desrespeitar a preferência no cruzamento,Colisão transversal,Com Vítimas Feridas,Plena Noite,Decrescente,Céu Claro,Simples,Reta,Não,4.0,0.0,1.0,1.0,2.0,0.0,2.0,3.0,"-26,42576441","-48,78741376",SPRF-SC,DEL03-SC,UOP03-DEL03-SC
497679,2023-01-06,sexta-feira,22:25:00,SC,470.0,"236,6",SAO CRISTOVAO DO SUL,Ausência de reação do condutor,Colisão frontal,Com Vítimas Feridas,Plena Noite,Decrescente,Nublado,Simples,Reta,Não,3.0,0.0,0.0,1.0,1.0,1.0,1.0,3.0,"-27,30200288","-50,44578552",SPRF-SC,DEL05-SC,UOP03-DEL05-SC
497685,2023-01-07,sábado,00:35:00,RJ,116.0,285,BARRA MANSA,Chuva,Eventos atípicos,Sem Vítimas,Plena Noite,Decrescente,Chuva,Dupla,Aclive;Curva,Não,2.0,0.0,0.0,0.0,1.0,1.0,0.0,2.0,"-22,50496778","-44,22509483",SPRF-RJ,DEL07-RJ,UOP02-DEL07-RJ
497687,2023-01-06,sexta-feira,21:10:00,RJ,465.0,3,SEROPEDICA,Ausência de reação do condutor,Colisão frontal,Com Vítimas Fatais,Plena Noite,Crescente,Chuva,Simples,Reta,Não,2.0,1.0,0.0,0.0,1.0,0.0,0.0,2.0,"-22,73427","-43,711994",SPRF-RJ,DEL01-RJ,UOP03-DEL01-RJ
497695,2023-01-07,sábado,03:19:00,MG,40.0,464,SETE LAGOAS,Acumulo de água sobre o pavimento,Colisão traseira,Com Vítimas Feridas,Plena Noite,Crescente,Chuva,Dupla,Reta,Não,3.0,0.0,2.0,0.0,1.0,0.0,2.0,2.0,"-19,43110896","-44,33657482",SPRF-MG,DEL02-MG,UOP01-DEL02-MG
497697,2023-01-07,sábado,04:25:00,RS,285.0,"298,8",PASSO FUNDO,Transitar na contramão,Colisão frontal,Com Vítimas Fatais,Plena Noite,Crescente,Céu Claro,Simples,Reta,Sim,4.0,1.0,0.0,1.0,1.0,1.0,1.0,3.0,"-28,234184","-52,43314",SPRF-RS,DEL08-RS,UOP03-DEL08-RS
497712,2023-01-07,sábado,06:40:00,MG,262.0,"368,5",JUATUBA,Pista Escorregadia,Colisão lateral mesmo sentido,Com Vítimas Feridas,Pleno dia,Crescente,Céu Claro,Dupla,Reta;Declive;Viaduto,Não,4.0,0.0,2.0,0.0,1.0,3.0,2.0,5.0,"-19,97239513","-44,28042402",SPRF-MG,DEL01-MG,UOP03-DEL01-MG
497721,2023-01-07,sábado,07:50:00,RS,116.0,"261,5",CANOAS,Condutor deixou de manter distância do veículo da frente,Colisão traseira,Com Vítimas Feridas,Pleno dia,Crescente,Céu Claro,Dupla,Reta,Sim,3.0,0.0,1.0,0.0,1.0,1.0,1.0,3.0,"-29,887983","-51,17901",SPRF-RS,DEL01-RS,UOP01-DEL01-RS
497724,2023-01-07,sábado,07:40:00,MG,381.0,770,CAMPANHA,Pista esburacada,Colisão com objeto,Com Vítimas Feridas,Pleno dia,Decrescente,Garoa/Chuvisco,Dupla,Reta,Não,3.0,0.0,0.0,1.0,1.0,1.0,1.0,3.0,"-21,78806301","-45,439064",SPRF-MG,DEL16-MG,UOP02-DEL16-MG
497725,2023-01-07,sábado,06:00:00,MT,70.0,"404,3",CAMPO VERDE,Reação tardia ou ineficiente do condutor,Saída de leito carroçável,Com Vítimas Feridas,Pleno dia,Decrescente,Céu Claro,Simples,Declive,Não,3.0,0.0,1.0,0.0,1.0,2.0,1.0,4.0,"-15,65990219","-55,24811289",SPRF-MT,DEL05-MT,UOP02-DEL05-MT
497727,2023-01-07,sábado,05:40:00,PR,476.0,287,SAO MATEUS DO SUL,Manobra de mudança de faixa,Saída de leito carroçável,Com Vítimas Fatais,Pleno dia,Crescente,Céu Claro,Simples,Reta;Aclive,Não,3.0,1.0,1.0,0.0,1.0,0.0,1.0,3.0,"-25,92116","-50,455887",SPRF-PR,DEL02-PR,UOP03-DEL02-PR
497735,2023-01-07,sábado,08:32:00,SP,116.0,"273,7",TABOAO DA SERRA,Entrada inopinada do pedestre,Atropelamento de Pedestre,Com Vítimas Fatais,Pleno dia,Decrescente,Céu Claro,Dupla,Reta,Sim,2.0,1.0,0.0,0.0,1.0,0.0,0.0,2.0,"-23,62809795","-46,81870306",SPRF-SP,DEL04-SP,UOP01-DEL04-SP
497744,2023-01-07,sábado,09:35:00,PR,116.0,96,SAO JOSE DOS PINHAIS,Demais falhas mecânicas ou elétricas,Incêndio,Sem Vítimas,Pleno dia,Crescente,Nublado,Dupla,Aclive,Não,2.0,0.0,0.0,0.0,1.0,3.0,0.0,4.0,"-25,53357077","-49,1464836",SPRF-PR,DEL01-PR,UOP07-DEL01-PR
497748,2023-01-07,sábado,08:30:00,MS,158.0,"55,1",PARANAIBA,Ultrapassagem Indevida,Colisão frontal,Com Vítimas Fatais,Pleno dia,Crescente,Garoa/Chuvisco,Simples,Reta,Não,6.0,4.0,0.0,0.0,1.0,3.0,0.0,5.0,"-19,40429068","-51,40386983",SPRF-MS,DEL08-MS,UOP01-DEL08-MS
497751,2023-01-04,quarta-feira,08:30:00,RJ,101.0,385,RIO DE JANEIRO,Estacionar ou parar em local proibido,Colisão com objeto,Sem Vítimas,Pleno dia,Crescente,Nublado,Dupla,Reta,Sim,3.0,0.0,0.0,0.0,2.0,2.0,0.0,4.0,"-22,88064129","-43,63218994",SPRF-RJ,DEL03-RJ,UOP01-DEL03-RJ
497756,2023-01-07,sábado,10:00:00,PR,153.0,33,SANTO ANTONIO DA PLATINA,Reação tardia ou ineficiente do condutor,Colisão lateral mesmo sentido,Com Vítimas Fatais,Pleno dia,Decrescente,Céu Claro,Simples,Reta;Ponte,Não,4.0,1.0,0.0,0.0,2.0,3.0,0.0,6.0,"-23,23229394","-50,0364961",SPRF-PR,DEL07-PR,UOP04-DEL07-PR
497766,2023-01-07,sábado,11:40:00,PR,153.0,"98,4",JAPIRA,Ultrapassagem Indevida,Colisão frontal,Com Vítimas Feridas,Pleno dia,Decrescente,Céu Claro,Simples,Curva,Não,2.0,0.0,0.0,1.0,1.0,0.0,1.0,2.0,"-23,75551706","-50,18407866",SPRF-PR,DEL07-PR,UOP04-DEL07-PR
497767,2023-01-07,sábado,12:40:00,PE,101.0,"67,5",RECIFE,Trafegar com motocicleta (ou similar) entre as faixas,Colisão lateral mesmo sentido,Com Vítimas Feridas,Pleno dia,Decrescente,Céu Claro,Dupla,Reta,Sim,3.0,0.0,0.0,1.0,2.0,0.0,1.0,3.0,"-8,042334","-34,943096",SPRF-PE,DEL01-PE,UOP01-DEL01-PE
497769,2023-01-07,sábado,13:15:00,ES,259.0,59,COLATINA,Condutor desrespeitou a iluminação vermelha do semáforo,Colisão transversal,Com Vítimas Feridas,Pleno dia,Crescente,Céu Claro,Simples,Reta,Sim,4.0,0.0,1.0,1.0,1.0,1.0,2.0,3.0,"-19,52125411","-40,66594194",SPRF-ES,DEL02-ES,UOP01-DEL02-ES
497773,2023-01-07,sábado,13:30:00,ES,262.0,131,BREJETUBA,Demais falhas mecânicas ou elétricas,Incêndio,Sem Vítimas,Pleno dia,Crescente,Nublado,Simples,Reta,Não,2.0,0.0,0.0,0.0,1.0,1.0,0.0,2.0,"-20,25656076","-41,30517891",SPRF-ES,DEL01-ES,UOP02-DEL01-ES
497783,2023-01-07,sábado,14:30:00,PE,101.0,149,RIBEIRAO,Demais falhas mecânicas ou elétricas,Saída de leito carroçável,Sem Vítimas,Pleno dia,Crescente,Céu Claro,Dupla,Curva,Sim,2.0,0.0,0.0,0.0,1.0,1.0,0.0,2.0,"-8,49165198","-35,37459703",SPRF-PE,DEL01-PE,UOP03-DEL01-PE
497798,2023-01-07,sábado,11:50:00,MG,116.0,"443,3",ENGENHEIRO CALDAS,Reação tardia ou ineficiente do condutor,Saída de leito carroçável,Com Vítimas Feridas,Pleno dia,Crescente,Céu Claro,Simples,Curva;Declive,Não,1.0,0.0,0.0,1.0,0.0,0.0,1.0,1.0,"-19,09760101","-42,0072935",SPRF-MG,DEL06-MG,UOP01-DEL06-MG
497799,2023-01-07,sábado,16:18:00,RS,101.0,"86,1",OSORIO,Ingestão de álcool pelo condutor,Colisão lateral mesmo sentido,Sem Vítimas,Pleno dia,Decrescente,Céu Claro,Dupla,Curva,Não,3.0,0.0,0.0,0.0,2.0,1.0,0.0,3.0,"-29,8754149","-50,25734711",SPRF-RS,DEL03-RS,UOP01-DEL03-RS
497804,2023-01-07,sábado,16:15:00,MG,262.0,"715,6",ARAXA,Condutor Dormindo,Saída de leito carroçável,Com Vítimas Feridas,Pleno dia,Crescente,Nublado,Simples,Reta,Não,3.0,0.0,1.0,0.0,1.0,1.0,1.0,2.0,"-19,61086327","-47,18691499",SPRF-MG,DEL08-MG,UOP01-DEL08-MG
497806,2023-01-07,sábado,17:00:00,PE,101.0,80,JABOATAO DOS GUARARAPES,Manobra de mudança de faixa,Colisão lateral mesmo sentido,Com Vítimas Feridas,Pleno dia,Crescente,Céu Claro,Dupla,Reta,Sim,3.0,0.0,1.0,0.0,1.0,1.0,1.0,3.0,"-8,15112589","-34,9428866",SPRF-PE,DEL01-PE,UOP01-DEL01-PE
497815,2023-01-06,sexta-feira,22:00:00,SP,116.0,"32,9",CRUZEIRO,Manobra de mudança de faixa,Saída de leito carroçável,Sem Vítimas,Plena Noite,Crescente,Chuva,Dupla,Curva,Não,2.0,0.0,0.0,0.0,1.0,1.0,0.0,2.0,"-22,6422031","-44,94731891",SPRF-SP,DEL08-SP,UOP02-DEL08-SP
497819,2023-01-07,sábado,17:00:00,MG,40.0,555,NOVA LIMA,Acumulo de água sobre o pavimento,Colisão traseira,Com Vítimas Feridas,Pleno dia,Decrescente,Chuva,Dupla,Reta,Não,3.0,0.0,1.0,0.0,1.0,1.0,1.0,3.0,"-20,08472706","-43,97697012",SPRF-MG,DEL01-MG,UOP02-DEL01-MG
497827,2023-01-07,sábado,15:30:00,BA,116.0,578,BREJOES,Ultrapassagem Indevida,Colisão lateral sentido oposto,Com Vítimas Feridas,Pleno dia,Decrescente,Céu Claro,Simples,Curva,Não,3.0,0.0,1.0,0.0,1.0,1.0,1.0,3.0,"-13,07158302","-39,9611107",SPRF-BA,DEL03-BA,UOP02-DEL03-BA
497830,2023-01-07,sábado,11:30:00,AP,210.0,132,PORTO GRANDE,Manobra de mudança de faixa,Colisão transversal,Com Vítimas Feridas,Pleno dia,Crescente,Nublado,Simples,Aclive,Não,2.0,0.0,1.0,0.0,0.0,1.0,1.0,2.0,"0,70564616","-51,41271608",SPRF-AP,DEL01-AP,UOP01-DEL01-AP
497835,2023-01-07,sábado,15:00:00,MG,116.0,779,LEOPOLDINA,Reação tardia ou ineficiente do condutor,Tombamento,Com Vítimas Feridas,Pleno dia,Decrescente,Céu Claro,Simples,Curva,Não,3.0,0.0,2.0,0.0,0.0,1.0,2.0,2.0,"-21,60837977","-42,69596393",SPRF-MG,DEL07-MG,UOP01-DEL07-MG
497840,2023-01-07,sábado,17:40:00,SC,470.0,199,PONTE ALTA,Acessar a via sem observar a presença dos outros veículos,Colisão transversal,Sem Vítimas,Amanhecer,Crescente,Céu Claro,Simples,Reta;Interseção de Vias;Rotatória,Não,3.0,0.0,0.0,0.0,2.0,1.0,0.0,3.0,"-27,30805659","-50,13389826",SPRF-SC,DEL05-SC,UOP03-DEL05-SC
497866,2023-01-07,sábado,21:30:00,GO,20.0,63,FORMOSA,Chuva,Colisão com objeto,Com Vítimas Fatais,Plena Noite,Crescente,Chuva,Simples,Curva;Declive,Não,3.0,2.0,1.0,0.0,0.0,0.0,1.0,1.0,"-15,222443","-47,169949",SPRF-DF,DEL02-DF,UOP02-DEL02-DF
497867,2023-01-07,sábado,22:10:00,PR,277.0,"656,5",MATELANDIA,Reação tardia ou ineficiente do condutor,Colisão lateral mesmo sentido,Sem Vítimas,Plena Noite,Crescente,Céu Claro,Dupla,Curva;Declive,Sim,4.0,0.0,0.0,0.0,2.0,2.0,0.0,4.0,"-25,23423637","-53,96184188",SPRF-PR,DEL05-PR,UOP02-DEL05-PR
497868,2023-01-07,sábado,20:15:00,MG,381.0,166,GOVERNADOR VALADARES,Demais falhas mecânicas ou elétricas,Tombamento,Com Vítimas Feridas,Plena Noite,Decrescente,Chuva,Simples,Reta,Não,2.0,0.0,2.0,0.0,0.0,0.0,2.0,1.0,"-18,95243865","-42,07229536",SPRF-MG,DEL06-MG,UOP01-DEL06-MG
497876,2023-01-07,sábado,21:20:00,GO,40.0,142,CRISTALINA,Transitar na contramão,Colisão lateral sentido oposto,Com Vítimas Feridas,Plena Noite,Crescente,Chuva,Simples,Reta;Declive,Não,2.0,0.0,1.0,0.0,1.0,0.0,1.0,2.0,"-16,965446","-47,267195",SPRF-DF,DEL01-DF,UOP02-DEL01-DF
497892,2023-01-08,domingo,02:16:00,SC,280.0,"22,1",ARAQUARI,Reação tardia ou ineficiente do condutor,Colisão lateral sentido oposto,Com Vítimas Feridas,Plena Noite,Decrescente,Nublado,Simples,Reta,Não,3.0,0.0,1.0,0.0,1.0,2.0,1.0,4.0,"-26,37092616","-48,70204099",SPRF-SC,DEL03-SC,UOP03-DEL03-SC
497898,2023-01-08,domingo,03:15:00,SC,101.0,"242,2",PALHOCA,Manobra de mudança de faixa,Colisão lateral mesmo sentido,Com Vítimas Feridas,Plena Noite,Crescente,Nublado,Dupla,Reta,Não,3.0,0.0,0.0,1.0,1.0,1.0,1.0,3.0,"-27,87545797","-48,64678433",SPRF-SC,DEL01-SC,UOP02-DEL01-SC
497903,2023-01-08,domingo,04:00:00,MG,365.0,"687,5",MONTE ALEGRE DE MINAS,Ausência de reação do condutor,Colisão com objeto,Com Vítimas Feridas,Plena Noite,Crescente,Chuva,Múltipla,Reta,Sim,2.0,0.0,1.0,0.0,0.0,1.0,1.0,2.0,"-18,87548498","-48,87468901",SPRF-MG,DEL15-MG,UOP03-DEL15-MG
497904,2023-01-08,domingo,03:15:00,MA,10.0,200,RIBAMAR FIQUENE,Reação tardia ou ineficiente do condutor,Tombamento,Com Vítimas Feridas,Plena Noite,Crescente,Céu Claro,Simples,Reta;Declive,Não,2.0,0.0,1.0,0.0,0.0,1.0,1.0,2.0,"-5,96539","-47,38356",SPRF-MA,DEL04-MA,UOP01-DEL04-MA
497905,2023-01-07,sábado,19:30:00,MG,251.0,"492,8",FRANCISCO SA,Velocidade Incompatível,Tombamento,Com Vítimas Feridas,Plena Noite,Crescente,Chuva,Simples,Declive;Curva,Não,2.0,0.0,1.0,0.0,0.0,1.0,1.0,2.0,"-16,54433804","-43,59543496",SPRF-MG,DEL12-MG,UOP01-DEL12-MG
497912,2023-01-08,domingo,00:50:00,BA,410.0,19,TUCANO,Velocidade Incompatível,Colisão traseira,Sem Vítimas,Plena Noite,Crescente,Céu Claro,Simples,Reta,Não,3.0,0.0,0.0,0.0,1.0,2.0,0.0,3.0,"-10,90591184","-38,67589213",SPRF-BA,DEL07-BA,UOP02-DEL07-BA
497914,2023-01-07,sábado,20:10:00,RS,285.0,"566,5",SAO LUIZ GONZAGA,Demais falhas mecânicas ou elétricas,Colisão transversal,Com Vítimas Fatais,Plena Noite,Decrescente,Céu Claro,Simples,Reta,Sim,2.0,1.0,0.0,0.0,1.0,0.0,0.0,2.0,"-28,419132","-54,956936",SPRF-RS,DEL10-RS,UOP01-DEL10-RS
497930,2023-01-08,domingo,00:30:00,MG,262.0,780,UBERABA,Velocidade Incompatível,Colisão lateral sentido oposto,Com Vítimas Feridas,Plena Noite,Crescente,Nublado,Simples,Reta,Não,3.0,0.0,1.0,0.0,1.0,2.0,1.0,4.0,"-19,7448167","-47,76085822",SPRF-MG,DEL13-MG,UOP01-DEL13-MG
497935,2023-01-07,sábado,17:30:00,MG,365.0,325,SAO GONCALO DO ABAETE,Transitar na contramão,Colisão lateral sentido oposto,Sem Vítimas,Pleno dia,Decrescente,Chuva,Simples,Reta;Declive,Não,3.0,0.0,0.0,0.0,2.0,2.0,0.0,4.0,"-18,28289196","-45,91092202",SPRF-MG,DEL10-MG,UOP01-DEL10-MG
497939,2023-01-08,domingo,05:30:00,MT,174.0,388,NOVA LACERDA,Ingestão de álcool pelo condutor,Colisão lateral sentido oposto,Com Vítimas Feridas,Pleno dia,Decrescente,Sol,Simples,Reta,Não,4.0,0.0,2.0,0.0,1.0,1.0,2.0,3.0,"-14,482545","-59,58194",SPRF-MT,DEL04-MT,UOP01-DEL04-MT
497948,2023-01-08,domingo,06:30:00,MG,381.0,"576,9",ITAGUARA,Pista esburacada,Saída de leito carroçável,Sem Vítimas,Amanhecer,Crescente,Garoa/Chuvisco,Dupla,Reta;Declive,Não,3.0,0.0,0.0,0.0,2.0,1.0,0.0,2.0,"-20,48100267","-44,58883345",SPRF-MG,DEL04-MG,UOP01-DEL04-MG
497950,2023-01-08,domingo,08:35:00,PE,423.0,76,JUCATI,Carga excessiva e/ou mal acondicionada,Tombamento,Com Vítimas Feridas,Pleno dia,Crescente,Céu Claro,Simples,Declive;Curva,Não,1.0,0.0,1.0,0.0,0.0,0.0,1.0,1.0,"-8,73183901","-36,43146015",SPRF-PE,DEL03-PE,UOP01-DEL03-PE
497953,2023-01-04,quarta-feira,14:40:00,MS,163.0,432,CAMPO GRANDE,Demais falhas mecânicas ou elétricas,Colisão traseira,Sem Vítimas,Pleno dia,Decrescente,Chuva,Múltipla,Reta,Não,2.0,0.0,0.0,0.0,2.0,0.0,0.0,2.0,"-20,88353204","-54,50456322",SPRF-MS,DEL01-MS,UOP01-DEL01-MS
497954,2023-01-08,domingo,07:59:00,PR,277.0,"154,5",PALMEIRA,Ausência de reação do condutor,Colisão lateral sentido oposto,Com Vítimas Feridas,Pleno dia,Crescente,Nublado,Simples,Reta,Não,8.0,0.0,1.0,1.0,5.0,1.0,2.0,4.0,"-25,4791","-49,8707",SPRF-PR,DEL03-PR,UOP03-DEL03-PR
497965,2023-01-08,domingo,11:10:00,MG,262.0,"533,5",LUZ,Condutor Dormindo,Tombamento,Com Vítimas Fatais,Pleno dia,Decrescente,Chuva,Simples,Curva,Não,2.0,1.0,0.0,0.0,0.0,1.0,0.0,2.0,"-19,77821294","-45,74227498",SPRF-MG,DEL08-MG,UOP02-DEL08-MG
497966,2023-01-08,domingo,09:00:00,PA,155.0,321,MARABA,Ultrapassagem Indevida,Colisão frontal,Com Vítimas Feridas,Pleno dia,Crescente,Céu Claro,Simples,Reta,Não,3.0,0.0,1.0,0.0,1.0,1.0,1.0,2.0,"-5,56653113","-49,0769657",SPRF-PA,DEL03-PA,UOP01-DEL03-PA
497981,2023-01-08,domingo,13:20:00,BA,116.0,815,VITORIA DA CONQUISTA,Ingestão de álcool pelo condutor,Engavetamento,Com Vítimas Feridas,Pleno dia,Crescente,Nublado,Simples,Reta;Declive,Sim,7.0,0.0,1.0,0.0,6.0,0.0,1.0,4.0,"-14,77315332","-40,72201784",SPRF-BA,DEL08-BA,UOP01-DEL08-BA
497982,2023-01-08,domingo,07:30:00,PR,476.0,"75,8",RIO BRANCO DO SUL,Reação tardia ou ineficiente do condutor,Colisão lateral sentido oposto,Com Vítimas Feridas,Pleno dia,Decrescente,Nublado,Simples,Declive;Curva,Não,6.0,0.0,3.0,0.0,2.0,2.0,3.0,4.0,"-25,099615","-49,105515",SPRF-PR,DEL01-PR,UOP01-DEL01-PR
497983,2023-01-08,domingo,12:40:00,MG,40.0,"511,8",RIBEIRAO DAS NEVES,Ingestão de álcool pelo condutor,Colisão traseira,Com Vítimas Feridas,Pleno dia,Crescente,Nublado,Dupla,Reta,Não,2.0,0.0,1.0,0.0,1.0,0.0,1.0,2.0,"-19,78164295","-44,11733194",SPRF-MG,DEL01-MG,UOP02-DEL01-MG
497998,2023-01-08,domingo,11:00:00,MT,70.0,72,GENERAL CARNEIRO,Reação tardia ou ineficiente do condutor,Tombamento,Com Vítimas Feridas,Pleno dia,Crescente,Nublado,Simples,Curva,Não,2.0,0.0,1.0,0.0,0.0,3.0,1.0,4.0,"-15,69824441","-52,79619381",SPRF-MT,DEL07-MT,UOP01-DEL07-MT
498007,2023-01-08,domingo,15:35:00,PR,163.0,"23,5",BARRACAO,Ultrapassagem Indevida,Colisão lateral mesmo sentido,Com Vítimas Feridas,Pleno dia,Crescente,Céu Claro,Simples,Reta;Declive,Não,6.0,0.0,2.0,0.0,3.0,2.0,2.0,4.0,"-26,18955394","-53,65594692",SPRF-PR,DEL02-PR,UOP02-DEL02-PR
498008,2023-01-08,domingo,12:00:00,MA,230.0,478,RIACHAO,Pista esburacada,Tombamento,Com Vítimas Feridas,Pleno dia,Decrescente,Céu Claro,Simples,Reta,Não,3.0,0.0,1.0,0.0,1.0,2.0,1.0,3.0,"-7,40288422","-46,64804978",SPRF-MA,DEL05-MA,UOP01-DEL05-MA
498017,2023-01-08,domingo,14:30:00,MG,381.0,"938,7",EXTREMA,Reação tardia ou ineficiente do condutor,Colisão traseira,Com Vítimas Feridas,Pleno dia,Crescente,Chuva,Dupla,Curva,Não,3.0,0.0,0.0,1.0,1.0,1.0,1.0,3.0,"-22,83909203","-46,32850893",SPRF-MG,DEL16-MG,UOP03-DEL16-MG
498022,2023-01-08,domingo,18:04:00,SP,116.0,167,JACAREI,Acessar a via sem observar a presença dos outros veículos,Colisão lateral mesmo sentido,Com Vítimas Feridas,Pleno dia,Decrescente,Garoa/Chuvisco,Dupla,Declive,Sim,2.0,0.0,1.0,0.0,0.0,1.0,1.0,2.0,"-23,30254924","-46,02640493",SPRF-SP,DEL02-SP,UOP01-DEL02-SP
498025,2023-01-08,domingo,16:50:00,MT,364.0,219,RONDONOPOLIS,Velocidade Incompatível,Colisão lateral mesmo sentido,Com Vítimas Fatais,Pleno dia,Decrescente,Céu Claro,Dupla,Curva,Não,4.0,1.0,0.0,0.0,2.0,3.0,0.0,6.0,"-16,35492299","-54,73390098",SPRF-MT,DEL02-MT,UOP01-DEL02-MT
498033,2023-01-08,domingo,16:00:00,MT,163.0,114,RONDONOPOLIS,Velocidade Incompatível,Colisão traseira,Com Vítimas Fatais,Pleno dia,Decrescente,Sol,Dupla,Reta;Aclive,Não,4.0,1.0,0.0,0.0,1.0,3.0,0.0,5.0,"-16,5440645","-54,67086252",SPRF-MT,DEL02-MT,UOP01-DEL02-MT
498040,2023-01-08,domingo,16:32:00,MS,163.0,"646,1",SAO GABRIEL DO OESTE,Ausência de reação do condutor,Tombamento,Com Vítimas Feridas,Pleno dia,Crescente,Céu Claro,Dupla,Reta,Não,2.0,0.0,0.0,1.0,0.0,1.0,1.0,2.0,"-19,194609","-54,74762",SPRF-MS,DEL06-MS,UOP02-DEL06-MS
498045,2023-01-08,domingo,18:00:00,ES,262.0,"53,5",MARECHAL FLORIANO,Problema com o freio,Saída de leito carroçável,Com Vítimas Feridas,Anoitecer,Crescente,Chuva,Simples,Curva,Não,3.0,0.0,2.0,1.0,0.0,0.0,3.0,1.0,"-20,41397156","-40,73317528",SPRF-ES,DEL01-ES,UOP01-DEL01-ES
498055,2023-01-08,domingo,17:10:00,RS,153.0,"403,1",CACHOEIRA DO SUL,Entrada inopinada do pedestre,Atropelamento de Pedestre,Com Vítimas Feridas,Pleno dia,Crescente,Céu Claro,Simples,Aclive,Não,5.0,0.0,0.0,1.0,1.0,3.0,1.0,2.0,"-30,03550492","-52,91456559",SPRF-RS,DEL02-RS,UOP03-DEL02-RS
498066,2023-01-08,domingo,19:30:00,ES,101.0,"347,9",GUARAPARI,Ingestão de álcool pelo condutor,Colisão frontal,Com Vítimas Feridas,Plena Noite,Decrescente,Céu Claro,Simples,Reta,Não,6.0,0.0,2.0,0.0,1.0,4.0,2.0,5.0,"-20,65365634","-40,62631414",SPRF-ES,DEL03-ES,UOP01-DEL03-ES
498069,2023-01-08,domingo,17:10:00,MA,316.0,"616,4",TIMON,Condutor deixou de manter distância do veículo da frente,Colisão transversal,Com Vítimas Fatais,Pleno dia,Decrescente,Céu Claro,Dupla,Reta,Sim,3.0,1.0,0.0,0.0,1.0,1.0,0.0,3.0,"-5,08379169","-42,83964694",SPRF-MA,DEL03-MA,UOP02-DEL03-MA
498078,2023-01-08,domingo,10:45:00,DF,251.0,5,BRASILIA,Reação tardia ou ineficiente do condutor,Tombamento,Com Vítimas Feridas,Pleno dia,Crescente,Céu Claro,Dupla,Curva,Não,2.0,0.0,1.0,0.0,0.0,1.0,1.0,2.0,"-16,007332","-47,552052",SPRF-DF,DEL01-DF,UOP01-DEL01-DF