id,data_inversa,dia_semana,horario,uf,br,km,municipio,causa_acidente,tipo_acidente,classificacao_acidente,fase_dia,sentido_via,condicao_metereologica,tipo_pista,tracado_via,uso_solo,pessoas,mortos,feridos_leves,feridos_graves,ilesos,ignorados,feridos,veiculos,latitude,longitude,regional,delegacia,uop
498086,2023-01-08,domingo,10:30:00,MG,116.0,"226,7",CATUJI,Ingestão de álcool pelo condutor,Tombamento,Com Vítimas Feridas,Pleno dia,Decrescente,Sol,Simples,Curva;Declive,Não,3.0,0.0,0.0,1.0,1.0,2.0,1.0,4.0,"-17,45272285","-41,4999207",SPRF-MG,DEL11-MG,UOP01-DEL11-MG
498093,2023-01-08,domingo,21:50:00,RS,287.0,263,SANTA MARIA,Transitar na contramão,Colisão frontal,Com Vítimas Feridas,Plena Noite,Crescente,Céu Claro,Simples,Reta;Aclive,Não,4.0,0.0,2.0,1.0,0.0,1.0,3.0,3.0,"-29,67234507","-54,00188201",SPRF-RS,DEL09-RS,UOP01-DEL09-RS
498096,2023-01-08,domingo,23:00:00,PR,277.0,"581,3",CASCAVEL,Reação tardia ou ineficiente do condutor,Colisão traseira,Com Vítimas Feridas,Plena Noite,Decrescente,Nublado,Dupla,Reta,Não,3.0,0.0,1.0,0.0,1.0,1.0,1.0,3.0,"-24,98125257","-53,37778678",SPRF-PR,DEL04-PR,UOP01-DEL04-PR
498116,2023-01-08,domingo,23:30:00,MG,262.0,803,UBERABA,Chuva,Engavetamento,Sem Vítimas,Anoitecer,Crescente,Chuva,Dupla,Reta,Sim,8.0,0.0,0.0,0.0,6.0,2.0,0.0,3.0,"-19,77509606","-47,97201785",SPRF-MG,DEL13-MG,UOP01-DEL13-MG
498119,2023-01-09,segunda-feira,00:40:00,MA,222.0,"264,8",SANTA INES,Pedestre andava na pista,Atropelamento de Pedestre,Com Vítimas Fatais,Plena Noite,Crescente,Céu Claro,Simples,Reta,Não,2.0,1.0,0.0,0.0,0.0,1.0,0.0,2.0,"-3,678825","-45,352052",SPRF-MA,DEL01-MA,UOP02-DEL01-MA
498127,2023-01-09,segunda-feira,03:30:00,MG,381.0,"910,9",CAMANDUCAIA,Ausência de reação do condutor,Colisão traseira,Com Vítimas Feridas,Plena Noite,Crescente,Chuva,Dupla,Reta,Não,3.0,0.0,0.0,1.0,1.0,1.0,1.0,3.0,"-22,732552","-46,135303",SPRF-MG,DEL16-MG,UOP03-DEL16-MG
498133,2023-01-09,segunda-feira,06:20:00,PR,116.0,51,CAMPINA GRANDE DO SUL,Ausência de reação do condutor,Tombamento,Com Vítimas Feridas,Amanhecer,Crescente,Céu Claro,Simples,Curva,Não,2.0,0.0,0.0,1.0,0.0,1.0,1.0,2.0,"-25,24249703","-48,90292205",SPRF-PR,DEL01-PR,UOP02-DEL01-PR
498136,2023-01-09,segunda-feira,04:10:00,BA,116.0,"433,5",FEIRA DE SANTANA,Demais falhas mecânicas ou elétricas,Saída de leito carroçável,Com Vítimas Feridas,Amanhecer,Decrescente,Céu Claro,Dupla,Curva,Não,2.0,0.0,1.0,0.0,0.0,1.0,1.0,2.0,"-12,28864802","-39,014561",SPRF-BA,DEL02-BA,UOP01-DEL02-BA
498138,2023-01-09,segunda-feira,06:40:00,PR,376.0,"600,3",CURITIBA,Velocidade Incompatível,Colisão traseira,Com Vítimas Feridas,Pleno dia,Decrescente,Nublado,Dupla,Declive,Sim,2.0,0.0,0.0,1.0,1.0,0.0,1.0,2.0,"-25,53195602","-49,32205901",SPRF-PR,DEL01-PR,UOP06-DEL01-PR
498145,2023-01-09,segunda-feira,06:55:00,RJ,393.0,275,BARRA DO PIRAI,Chuva,Colisão lateral sentido oposto,Sem Vítimas,Pleno dia,Crescente,Chuva,Simples,Declive;Curva,Não,5.0,0.0,0.0,0.0,4.0,1.0,0.0,4.0,"-22,4739175","-43,99434328",SPRF-RJ,DEL05-RJ,UOP04-DEL05-RJ
498148,2023-01-09,segunda-feira,07:40:00,PR,376.0,619,SAO JOSE DOS PINHAIS,Ultrapassagem Indevida,Colisão lateral mesmo sentido,Com Vítimas Feridas,Pleno dia,Crescente,Céu Claro,Simples,Reta,Sim,3.0,0.0,1.0,0.0,1.0,1.0,1.0,3.0,"-25,60034699","-49,17355691",SPRF-PR,DEL01-PR,UOP04-DEL01-PR
498154,2023-01-09,segunda-feira,06:30:00,MS,163.0,266,DOURADOS,Avarias e/ou desgaste excessivo no pneu,Tombamento,Com Vítimas Feridas,Pleno dia,Crescente,Céu Claro,Dupla,Reta,Sim,3.0,0.0,0.0,1.0,1.0,1.0,1.0,3.0,"-22,21821026","-54,72287079",SPRF-MS,DEL04-MS,UOP01-DEL04-MS
498158,2023-01-09,segunda-feira,09:00:00,CE,116.0,44,HORIZONTE,Acessar a via sem observar a presença dos outros veículos,Atropelamento de Pedestre,Com Vítimas Fatais,Pleno dia,Decrescente,Sol,Dupla,Reta,Sim,3.0,1.0,0.0,0.0,1.0,3.0,0.0,5.0,"-4,12328084","-38,48614261",SPRF-CE,DEL01-CE,UOP02-DEL01-CE
498161,2023-01-09,segunda-feira,07:25:00,BA,116.0,"805,3",VITORIA DA CONQUISTA,Condutor Dormindo,Colisão frontal,Com Vítimas Feridas,Pleno dia,Crescente,Nublado,Simples,Reta,Não,5.0,0.0,2.0,0.0,2.0,2.0,2.0,5.0,"-14,768385","-40,712742",SPRF-BA,DEL08-BA,UOP01-DEL08-BA
498168,2023-01-09,segunda-feira,10:05:00,RS,116.0,"259,5",CANOAS,Demais falhas mecânicas ou elétricas,Eventos atípicos,Com Vítimas Feridas,Pleno dia,Crescente,Céu Claro,Dupla,Viaduto,Sim,2.0,0.0,1.0,0.0,1.0,0.0,1.0,1.0,"-29,870408","-51,179909",SPRF-RS,DEL01-RS,UOP01-DEL01-RS
498173,2023-01-09,segunda-feira,07:38:00,MG,365.0,632,UBERLANDIA,Ausência de reação do condutor,Colisão traseira,Com Vítimas Feridas,Pleno dia,Crescente,Nublado,Dupla,Reta,Não,2.0,0.0,1.0,0.0,1.0,0.0,1.0,2.0,"-18,89664394","-48,39041999",SPRF-MG,DEL15-MG,UOP01-DEL15-MG
498177,2023-01-02,segunda-feira,13:00:00,CE,116.0,"327,5",JAGUARIBE,Transitar na contramão,Colisão lateral sentido oposto,Com Vítimas Feridas,Pleno dia,Crescente,Céu Claro,Simples,Reta,Não,3.0,0.0,1.0,1.0,1.0,0.0,2.0,2.0,"-6,04962505","-38,6479769",SPRF-CE,DEL05-CE,UOP02-DEL05-CE
498182,2023-01-09,segunda-feira,08:40:00,MG,116.0,484,DOM CAVATI,Acessar a via sem observar a presença dos outros veículos,Colisão transversal,Com Vítimas Feridas,Pleno dia,Decrescente,Nublado,Simples,Reta,Não,2.0,0.0,0.0,1.0,1.0,0.0,1.0,2.0,"-19,42849704","-42,12289089",SPRF-MG,DEL06-MG,UOP02-DEL06-MG
498189,2023-01-09,segunda-feira,11:50:00,GO,20.0,188,POSSE,Ultrapassagem Indevida,Colisão frontal,Sem Vítimas,Pleno dia,Crescente,Céu Claro,Simples,Declive,Não,12.0,0.0,0.0,0.0,11.0,1.0,0.0,6.0,"-14,41707","-46,454651",SPRF-DF,DEL02-DF,UOP03-DEL02-DF
498194,2023-01-09,segunda-feira,11:30:00,RJ,101.0,268,RIO BONITO,Reação tardia ou ineficiente do condutor,Engavetamento,Com Vítimas Feridas,Pleno dia,Crescente,Chuva,Dupla,Reta,Não,4.0,0.0,1.0,0.0,3.0,0.0,1.0,3.0,"-22,7112997","-42,66922613",SPRF-RJ,DEL02-RJ,UOP03-DEL02-RJ
498196,2023-01-09,segunda-feira,05:50:00,MA,10.0,368,ITINGA DO MARANHAO,Transitar na contramão,Colisão lateral sentido oposto,Sem Vítimas,Pleno dia,Crescente,Céu Claro,Simples,Reta;Declive,Não,2.0,0.0,0.0,0.0,2.0,0.0,0.0,2.0,"-4,531491","-47,501308",SPRF-MA,DEL04-MA,UOP03-DEL04-MA
498199,2023-01-09,segunda-feira,10:45:00,RO,364.0,436,JARU,Condutor deixou de manter distância do veículo da frente,Engavetamento,Sem Vítimas,Pleno dia,Crescente,Chuva,Simples,Aclive,Não,3.0,0.0,0.0,0.0,3.0,0.0,0.0,3.0,"-10,37739925","-62,55303028",SPRF-RO,DEL03-RO,UOP02-DEL03-RO
498201,2023-01-09,segunda-feira,12:00:00,BA,101.0,715,EUNAPOLIS,Ausência de reação do condutor,Colisão transversal,Com Vítimas Feridas,Pleno dia,Decrescente,Céu Claro,Simples,Reta;Interseção de Vias,Sim,2.0,0.0,0.0,1.0,1.0,0.0,1.0,2.0,"-16,34781458","-39,58236694",SPRF-BA,DEL09-BA,UOP01-DEL09-BA
498205,2023-01-09,segunda-feira,12:20:00,MG,381.0,794,SAO GONCALO DO SAPUCAI,Reação tardia ou ineficiente do condutor,Colisão traseira,Com Vítimas Feridas,Pleno dia,Decrescente,Nublado,Dupla,Reta,Não,2.0,0.0,1.0,0.0,0.0,1.0,1.0,2.0,"-21,92913899","-45,61170907",SPRF-MG,DEL16-MG,UOP02-DEL16-MG
498206,2023-01-09,segunda-feira,13:00:00,GO,60.0,97,ANAPOLIS,Ausência de reação do condutor,Saída de leito carroçável,Com Vítimas Feridas,Pleno dia,Crescente,Céu Claro,Dupla,Reta,Sim,1.0,0.0,1.0,0.0,0.0,0.0,1.0,1.0,"-16,3774","-48,9483",SPRF-GO,DEL02-GO,UOP01-DEL02-GO
498212,2023-01-09,segunda-feira,13:05:00,RJ,101.0,166,MACAE,Manobra de mudança de faixa,Colisão lateral sentido oposto,Com Vítimas Feridas,Pleno dia,Crescente,Nublado,Simples,Curva,Não,4.0,0.0,1.0,0.0,2.0,3.0,1.0,6.0,"-22,32707873","-41,91117127",SPRF-RJ,DEL08-RJ,UOP04-DEL08-RJ
498213,2023-01-09,segunda-feira,13:30:00,MS,262.0,766,CORUMBA,Reação tardia ou ineficiente do condutor,Saída de leito carroçável,Com Vítimas Feridas,Pleno dia,Decrescente,Chuva,Simples,Reta,Não,2.0,0.0,1.0,0.0,0.0,2.0,1.0,3.0,"-19,09182008","-57,62211036",SPRF-MS,DEL03-MS,UOP03-DEL03-MS
498226,2023-01-09,segunda-feira,15:00:00,RJ,116.0,312,RESENDE,Manobra de mudança de faixa,Colisão traseira,Com Vítimas Feridas,Pleno dia,Crescente,Garoa/Chuvisco,Dupla,Curva,Não,5.0,0.0,3.0,0.0,1.0,1.0,3.0,3.0,"-22,46068623","-44,45262504",SPRF-RJ,DEL07-RJ,UOP02-DEL07-RJ
498230,2023-01-09,segunda-feira,11:30:00,RJ,40.0,"35,3",AREAL,Ausência de sinalização,Colisão traseira,Com Vítimas Feridas,Pleno dia,Decrescente,Chuva,Dupla,Em Obras,Não,15.0,0.0,3.0,0.0,10.0,2.0,3.0,7.0,"-22,20877957","-43,13804875",SPRF-RJ,DEL05-RJ,UOP02-DEL05-RJ
498234,2023-01-09,segunda-feira,14:55:00,BA,116.0,"6,5",VITORIA DA CONQUISTA,Manobra de mudança de faixa,Colisão traseira,Com Vítimas Feridas,Pleno dia,Decrescente,Ignorado,Simples,Reta;Aclive,Sim,3.0,0.0,1.0,0.0,1.0,1.0,1.0,3.0,"-14,832344","-40,886941",SPRF-BA,DEL08-BA,UOP01-DEL08-BA
498235,2023-01-09,segunda-feira,15:30:00,SP,116.0,"230,5",SAO PAULO,Frear bruscamente,Engavetamento,Com Vítimas Feridas,Pleno dia,Crescente,Nublado,Simples,Reta;Aclive,Sim,5.0,0.0,2.0,0.0,3.0,0.0,2.0,4.0,"-23,52251783","-46,5855702",SPRF-SP,DEL01-SP,UOP01-DEL01-SP
498242,2023-01-09,segunda-feira,15:45:00,GO,153.0,"514,5",APARECIDA DE GOIANIA,Desrespeitar a preferência no cruzamento,Colisão transversal,Com Vítimas Feridas,Pleno dia,Decrescente,Chuva,Múltipla,Reta;Interseção de Vias;Declive,Sim,4.0,0.0,2.0,0.0,1.0,1.0,2.0,3.0,"-16,82688266","-49,24246442",SPRF-GO,DEL01-GO,UOP03-DEL01-GO
498248,2023-01-09,segunda-feira,16:15:00,RJ,101.0,"490,2",ANGRA DOS REIS,Transitar na contramão,Colisão frontal,Com Vítimas Fatais,Pleno dia,Crescente,Chuva,Simples,Reta,Não,4.0,1.0,1.0,1.0,0.0,1.0,2.0,3.0,"-22,95640053","-44,31282898",SPRF-RJ,DEL03-RJ,UOP03-DEL03-RJ
498249,2023-01-09,segunda-feira,14:45:00,MT,158.0,"501,6",CANARANA,Acessar a via sem observar a presença dos outros veículos,Colisão transversal,Com Vítimas Feridas,Pleno dia,Decrescente,Nublado,Simples,Declive;Reta,Não,4.0,0.0,1.0,1.0,1.0,1.0,2.0,3.0,"-13,53230705","-51,91888579",SPRF-MT,DEL07-MT,UOP02-DEL07-MT
498250,2023-01-09,segunda-feira,15:10:00,PR,158.0,534,PATO BRANCO,Condutor deixou de manter distância do veículo da frente,Colisão traseira,Com Vítimas Feridas,Pleno dia,Crescente,Céu Claro,Simples,Reta;Aclive,Não,5.0,0.0,3.0,0.0,2.0,0.0,3.0,3.0,"-26,22652612","-52,68914074",SPRF-PR,DEL02-PR,UOP01-DEL02-PR
498251,2023-01-09,segunda-feira,17:00:00,MG,116.0,417,GOVERNADOR VALADARES,Acessar a via sem observar a presença dos outros veículos,Colisão transversal,Com Vítimas Feridas,Pleno dia,Decrescente,Céu Claro,Simples,Reta,Não,2.0,0.0,1.0,0.0,1.0,0.0,1.0,2.0,"-18,90130308","-41,94492414",SPRF-MG,DEL06-MG,UOP01-DEL06-MG
498265,2023-01-09,segunda-feira,18:10:00,CE,116.0,23,ITAITINGA,Carga excessiva e/ou mal acondicionada,Eventos atípicos,Com Vítimas Feridas,Plena Noite,Crescente,Céu Claro,Dupla,Reta,Sim,4.0,0.0,2.0,0.0,1.0,1.0,2.0,4.0,"-3,95617936","-38,51283073",SPRF-CE,DEL01-CE,UOP02-DEL01-CE
498267,2023-01-09,segunda-feira,17:00:00,MG,40.0,"71,9",PARACATU,Condutor deixou de manter distância do veículo da frente,Engavetamento,Com Vítimas Feridas,Pleno dia,Crescente,Nublado,Simples,Reta;Aclive,Não,6.0,0.0,1.0,0.0,4.0,2.0,1.0,5.0,"-17,40773313","-46,72153313",SPRF-MG,DEL14-MG,UOP01-DEL14-MG
498268,2023-01-09,segunda-feira,15:50:00,SC,101.0,"321,8",PESCARIA BRAVA,Manobra de mudança de faixa,Colisão lateral mesmo sentido,Com Vítimas Feridas,Pleno dia,Decrescente,Céu Claro,Dupla,Reta,Não,5.0,0.0,1.0,1.0,2.0,2.0,2.0,6.0,"-28,42532339","-48,8919091",SPRF-SC,DEL02-SC,UOP01-DEL02-SC
498274,2023-01-09,segunda-feira,16:50:00,GO,153.0,505,APARECIDA DE GOIANIA,Mal súbito do condutor,Colisão traseira,Com Vítimas Feridas,Pleno dia,Crescente,Nublado,Simples,Reta,Sim,2.0,0.0,1.0,0.0,1.0,0.0,1.0,2.0,"-16,75365332","-49,2412591",SPRF-GO,DEL01-GO,UOP01-DEL01-GO
498277,2023-01-09,segunda-feira,16:20:00,MA,222.0,261,MIRANDA DO NORTE,Manobra de mudança de faixa,Colisão frontal,Com Vítimas Feridas,Pleno dia,Crescente,Céu Claro,Simples,Reta,Não,4.0,0.0,1.0,0.0,3.0,0.0,1.0,2.0,"-3,58383859","-44,65699199",SPRF-MA,DEL01-MA,UOP02-DEL01-MA
498284,2023-01-09,segunda-feira,12:00:00,RJ,493.0,"8,5",GUAPIMIRIM,Problema com o freio,Colisão frontal,Com Vítimas Feridas,Pleno dia,Decrescente,Chuva,Simples,Reta,Não,2.0,0.0,1.0,0.0,1.0,0.0,1.0,2.0,"-22,71330892","-42,95334574",SPRF-RJ,DEL04-RJ,UOP02-DEL04-RJ
498291,2023-01-09,segunda-feira,18:20:00,SC,101.0,384,ICARA,Ausência de reação do condutor,Colisão traseira,Com Vítimas Feridas,Pleno dia,Crescente,Céu Claro,Dupla,Reta;Aclive,Não,4.0,0.0,1.0,0.0,2.0,2.0,1.0,4.0,"-28,76851141","-49,3025538",SPRF-SC,DEL02-SC,UOP02-DEL02-SC
498295,2023-01-09,segunda-feira,15:00:00,RJ,493.0,58,NOVA IGUACU,Manobra de mudança de faixa,Colisão lateral mesmo sentido,Sem Vítimas,Pleno dia,Decrescente,Chuva,Dupla,Reta,Não,2.0,0.0,0.0,0.0,1.0,1.0,0.0,2.0,"-22,670896","-43,38074",SPRF-RJ,DEL01-RJ,UOP01-DEL01-RJ
498307,2023-01-09,segunda-feira,09:00:00,MG,251.0,411,GRAO MOGOL,Velocidade Incompatível,Tombamento,Com Vítimas Feridas,Pleno dia,Crescente,Sol,Simples,Reta,Não,4.0,0.0,1.0,0.0,1.0,15.0,1.0,17.0,"-16,28243518","-43,00788693",SPRF-MG,DEL12-MG,UOP01-DEL12-MG
498312,2023-01-09,segunda-feira,19:10:00,SC,116.0,"107,7",MONTE CASTELO,Problema com o freio,Tombamento,Com Vítimas Feridas,Anoitecer,Decrescente,Nublado,Simples,Curva,Não,2.0,0.0,1.0,0.0,0.0,2.0,1.0,3.0,"-26,75473112","-50,33214569",SPRF-SC,DEL06-SC,UOP02-DEL06-SC
498319,2023-01-09,segunda-feira,17:10:00,MT,163.0,"593,7",NOVA MUTUM,Ausência de reação do condutor,Tombamento,Com Vítimas Feridas,Pleno dia,Crescente,Ignorado,Simples,Curva,Não,2.0,0.0,1.0,0.0,0.0,3.0,1.0,4.0,"-13,86424707","-56,08580589",SPRF-MT,DEL01-MT,UOP01-DEL01-MT
498323,2023-01-09,segunda-feira,23:50:00,RJ,116.0,335,RESENDE,Ausência de reação do condutor,Colisão com objeto,Com Vítimas Feridas,Plena Noite,Crescente,Chuva,Dupla,Ponte;Reta,Não,2.0,0.0,1.0,0.0,0.0,1.0,1.0,2.0,"-22,49610291","-44,66027211",SPRF-RJ,DEL07-RJ,UOP02-DEL07-RJ
498327,2023-01-10,terça-feira,02:30:00,GO,364.0,228,JATAI,Ausência de reação do condutor,Colisão traseira,Com Vítimas Fatais,Plena Noite,Crescente,Nublado,Simples,Curva,Não,3.0,1.0,0.0,0.0,1.0,1.0,0.0,3.0,"-17,814425","-51,98473",SPRF-GO,DEL05-GO,UOP01-DEL05-GO
498330,2023-01-10,terça-feira,03:45:00,SC,101.0,"345,2",TREZE DE MAIO,Condutor Dormindo,Saída de leito carroçável,Com Vítimas Feridas,Plena Noite,Decrescente,Céu Claro,Dupla,Reta,Não,3.0,0.0,1.0,1.0,0.0,1.0,2.0,2.0,"-28,54565997","-49,05345334",SPRF-SC,DEL02-SC,UOP01-DEL02-SC
498335,2023-01-10,terça-feira,05:00:00,BA,242.0,199,ITABERABA,Demais falhas mecânicas ou elétricas,Incêndio,Sem Vítimas,Amanhecer,Decrescente,Nublado,Simples,Reta,Não,2.0,0.0,0.0,0.0,1.0,2.0,0.0,3.0,"-12,5205","-40,0959",SPRF-BA,DEL06-BA,UOP02-DEL06-BA
498339,2023-01-09,segunda-feira,18:00:00,MG,365.0,"448,7",PATROCINIO,Condutor deixou de manter distância do veículo da frente,Colisão traseira,Sem Vítimas,Anoitecer,Decrescente,Garoa/Chuvisco,Simples,Reta,Não,2.0,0.0,0.0,0.0,1.0,1.0,0.0,2.0,"-18,82806651","-46,80094611",SPRF-MG,DEL10-MG,UOP01-DEL10-MG
498343,2023-01-10,terça-feira,08:30:00,RJ,116.0,245,PIRAI,Reação tardia ou ineficiente do condutor,Colisão traseira,Com Vítimas Feridas,Pleno dia,Decrescente,Chuva,Dupla,Reta,Não,3.0,0.0,1.0,0.0,1.0,1.0,1.0,3.0,"-22,62040692","-43,92593694",SPRF-RJ,DEL07-RJ,UOP01-DEL07-RJ
498345,2023-01-10,terça-feira,07:15:00,MG,116.0,"496,3",INHAPIM,Velocidade Incompatível,Tombamento,Com Vítimas Feridas,Pleno dia,Decrescente,Nublado,Simples,Curva;Declive,Não,2.0,0.0,1.0,0.0,0.0,2.0,1.0,3.0,"-19,52772702","-42,12719586",SPRF-MG,DEL06-MG,UOP02-DEL06-MG
498347,2023-01-10,terça-feira,08:45:00,MG,262.0,"368,1",JUATUBA,Animais na Pista,Colisão traseira,Com Vítimas Feridas,Pleno dia,Decrescente,Chuva,Dupla,Curva,Não,2.0,0.0,1.0,0.0,1.0,0.0,1.0,2.0,"-19,97239513","-44,28042402",SPRF-MG,DEL01-MG,UOP03-DEL01-MG
498348,2023-01-10,terça-feira,09:20:00,BA,324.0,600,SIMOES FILHO,Manobra de mudança de faixa,Colisão traseira,Com Vítimas Feridas,Pleno dia,Crescente,Céu Claro,Dupla,Reta,Não,6.0,0.0,4.0,0.0,1.0,1.0,4.0,3.0,"-12,74882798","-38,43296497",SPRF-BA,DEL01-BA,UOP01-DEL01-BA
498350,2023-01-10,terça-feira,08:45:00,PR,116.0,"101,5",SAO JOSE DOS PINHAIS,Condutor deixou de manter distância do veículo da frente,Colisão traseira,Com Vítimas Feridas,Pleno dia,Crescente,Céu Claro,Dupla,Reta,Sim,5.0,0.0,2.0,0.0,2.0,4.0,2.0,7.0,"-25,568332","-49,178223",SPRF-PR,DEL01-PR,UOP07-DEL01-PR
498367,2023-01-10,terça-feira,03:20:00,RJ,116.0,25,SAPUCAIA,Velocidade Incompatível,Tombamento,Com Vítimas Feridas,Plena Noite,Decrescente,Céu Claro,Simples,Curva,Não,2.0,0.0,1.0,0.0,0.0,1.0,1.0,2.0,"-22,03820204","-42,78241995",SPRF-RJ,DEL05-RJ,UOP01-DEL05-RJ
498369,2023-01-10,terça-feira,11:40:00,MG,116.0,"480,5",DOM CAVATI,Pista Escorregadia,Colisão traseira,Com Vítimas Feridas,Pleno dia,Decrescente,Garoa/Chuvisco,Simples,Reta,Não,3.0,0.0,1.0,0.0,1.0,1.0,1.0,3.0,"-19,385223","-42,1121509",SPRF-MG,DEL06-MG,UOP02-DEL06-MG
498371,2023-01-10,terça-feira,10:00:00,RO,364.0,12,VILHENA,Desrespeitar a preferência no cruzamento,Colisão transversal,Com Vítimas Feridas,Pleno dia,Crescente,Céu Claro,Simples,Interseção de Vias,Sim,2.0,0.0,1.0,0.0,0.0,1.0,1.0,2.0,"-12,74370233","-60,12147609",SPRF-RO,DEL04-RO,UOP01-DEL04-RO
498378,2023-01-10,terça-feira,11:30:00,BA,324.0,533,FEIRA DE SANTANA,Condutor deixou de manter distância do veículo da frente,Colisão lateral mesmo sentido,Com Vítimas Feridas,Pleno dia,Decrescente,Céu Claro,Dupla,Reta;Declive,Não,5.0,0.0,1.0,0.0,3.0,1.0,1.0,5.0,"-12,34449694","-38,84017496",SPRF-BA,DEL01-BA,UOP03-DEL01-BA
498396,2023-01-10,terça-feira,10:15:00,RO,421.0,20,MONTE NEGRO,Demais falhas mecânicas ou elétricas,Incêndio,Sem Vítimas,Pleno dia,Crescente,Céu Claro,Simples,Reta,Não,1.0,0.0,0.0,0.0,1.0,0.0,0.0,1.0,"-10,037729","-63,184643",SPRF-RO,DEL03-RO,UOP01-DEL03-RO
498401,2023-01-10,terça-feira,15:50:00,RS,386.0,"334,6",MARQUES DE SOUZA,Transitar na contramão,Colisão frontal,Com Vítimas Fatais,Pleno dia,Crescente,Chuva,Simples,Curva;Declive;Em Obras,Não,7.0,1.0,0.0,2.0,3.0,1.0,2.0,3.0,"-29,378033","-52,05743",SPRF-RS,DEL04-RS,UOP01-DEL04-RS
498402,2023-01-10,terça-feira,16:00:00,RS,290.0,"718,3",URUGUAIANA,Transitar na contramão,Colisão frontal,Com Vítimas Feridas,Pleno dia,Crescente,Céu Claro,Simples,Reta,Sim,2.0,0.0,1.0,0.0,1.0,0.0,1.0,2.0,"-29,774612","-57,04377",SPRF-RS,DEL13-RS,UOP01-DEL13-RS
498404,2023-01-10,terça-feira,16:16:00,SC,101.0,222,PALHOCA,Reação tardia ou ineficiente do condutor,Tombamento,Com Vítimas Feridas,Pleno dia,Crescente,Nublado,Múltipla,Reta;Aclive,Não,2.0,0.0,1.0,0.0,1.0,0.0,1.0,2.0,"-27,70865409","-48,65586407",SPRF-SC,DEL01-SC,UOP02-DEL01-SC
498410,2023-01-10,terça-feira,14:00:00,PR,277.0,398,CANDOI,Acessar a via sem observar a presença dos outros veículos,Colisão frontal,Com Vítimas Feridas,Pleno dia,Decrescente,Céu Claro,Simples,Reta,Não,3.0,0.0,0.0,1.0,1.0,2.0,1.0,4.0,"-25,45993726","-51,95629835",SPRF-PR,DEL08-PR,UOP01-DEL08-PR
498422,2023-01-10,terça-feira,18:00:00,RS,386.0,"157,7",ALMIRANTE TAMANDARE DO SUL,Transitar na contramão,Colisão frontal,Com Vítimas Feridas,Pleno dia,Crescente,Nublado,Simples,Aclive;Reta,Não,4.0,0.0,0.0,2.0,1.0,1.0,2.0,3.0,"-28,13654","-52,847372",SPRF-RS,DEL08-RS,UOP01-DEL08-RS
498423,2023-01-10,terça-feira,16:00:00,PR,476.0,145,CURITIBA,Desrespeitar a preferência no cruzamento,Colisão transversal,Com Vítimas Feridas,Pleno dia,Crescente,Nublado,Dupla,Reta;Retorno Regulamentado,Não,3.0,0.0,2.0,0.0,1.0,0.0,2.0,2.0,"-25,54784974","-49,32171648",SPRF-PR,DEL01-PR,UOP06-DEL01-PR
498435,2023-01-10,terça-feira,19:50:00,RJ,116.0,291,BARRA MANSA,Problema com o freio,Engavetamento,Sem Vítimas,Plena Noite,Decrescente,Chuva,Dupla,Reta,Não,3.0,0.0,0.0,0.0,1.0,2.0,0.0,3.0,"-22,47234102","-44,27715902",SPRF-RJ,DEL07-RJ,UOP02-DEL07-RJ
498438,2023-01-10,terça-feira,18:25:00,SC,101.0,"103,2",BALNEARIO PICARRAS,Acessar a via sem observar a presença dos outros veículos,Colisão lateral mesmo sentido,Com Vítimas Feridas,Anoitecer,Crescente,Céu Claro,Dupla,Reta;Declive,Não,4.0,0.0,1.0,0.0,2.0,1.0,1.0,4.0,"-26,785228","-48,682627",SPRF-SC,DEL03-SC,UOP02-DEL03-SC
498443,2023-01-10,terça-feira,20:40:00,MT,163.0,835,SINOP,Ausência de reação do condutor,Colisão frontal,Com Vítimas Fatais,Plena Noite,Crescente,Nublado,Simples,Reta,Sim,3.0,1.0,0.0,0.0,2.0,0.0,0.0,2.0,"-11,986895","-55,517033",SPRF-MT,DEL06-MT,NPF/DEL06-MT
498444,2023-01-10,terça-feira,21:00:00,RJ,101.0,"295,9",ITABORAI,Condutor deixou de manter distância do veículo da frente,Colisão traseira,Com Vítimas Feridas,Plena Noite,Decrescente,Nublado,Múltipla,Reta,Sim,4.0,0.0,0.0,1.0,2.0,1.0,1.0,4.0,"-22,76365068","-42,90223623",SPRF-RJ,DEL02-RJ,UOP02-DEL02-RJ
498452,2023-01-10,terça-feira,20:55:00,SC,282.0,"238,1",LAGES,Ausência de reação do condutor,Colisão com objeto,Com Vítimas Feridas,Plena Noite,Decrescente,Nublado,Simples,Ponte;Reta,Não,4.0,0.0,1.0,0.0,3.0,0.0,1.0,2.0,"-27,780125","-50,498653",SPRF-SC,DEL05-SC,UOP02-DEL05-SC
498453,2023-01-10,terça-feira,18:00:00,SC,101.0,"171,7",TIJUCAS,Reação tardia ou ineficiente do condutor,Saída de leito carroçável,Com Vítimas Feridas,Plena Noite,Decrescente,Nublado,Dupla,Reta,Não,3.0,0.0,0.0,2.0,1.0,0.0,2.0,3.0,"-27,30546499","-48,63258412",SPRF-SC,DEL04-SC,UOP03-DEL04-SC
498455,2023-01-10,terça-feira,23:08:00,SP,116.0,347,MIRACATU,Velocidade Incompatível,Tombamento,Com Vítimas Feridas,Plena Noite,Crescente,Chuva,Dupla,Curva,Não,1.0,0.0,1.0,0.0,0.0,0.0,1.0,1.0,"-24,04699491","-47,19706111",SPRF-SP,DEL04-SP,UOP03-DEL04-SP