id,data_inversa,dia_semana,horario,uf,br,km,municipio,causa_acidente,tipo_acidente,classificacao_acidente,fase_dia,sentido_via,condicao_metereologica,tipo_pista,tracado_via,uso_solo,pessoas,mortos,feridos_leves,feridos_graves,ilesos,ignorados,feridos,veiculos,latitude,longitude,regional,delegacia,uop
498458,2023-01-10,terça-feira,21:30:00,RO,364.0,632,ITAPUA DO OESTE,Demais falhas mecânicas ou elétricas,Incêndio,Sem Vítimas,Plena Noite,Decrescente,Céu Claro,Simples,Reta,Não,2.0,0.0,0.0,0.0,1.0,1.0,0.0,2.0,"-9,072453","-63,38989",SPRF-RO,DEL01-RO,UOP04-DEL01-RO
498459,2023-01-10,terça-feira,23:35:00,SC,101.0,"48,5",JOINVILLE,Velocidade Incompatível,Colisão com objeto,Com Vítimas Feridas,Plena Noite,Crescente,Nublado,Dupla,Curva,Não,4.0,0.0,1.0,0.0,2.0,1.0,1.0,4.0,"-26,35345909","-48,85867862",SPRF-SC,DEL03-SC,UOP01-DEL03-SC
498460,2023-01-10,terça-feira,19:57:00,MA,10.0,131,ESTREITO,Ultrapassagem Indevida,Colisão frontal,Com Vítimas Fatais,Plena Noite,Decrescente,Chuva,Simples,Reta,Sim,3.0,1.0,0.0,0.0,1.0,3.0,0.0,5.0,"-6,549222","-47,432854",SPRF-MA,DEL04-MA,UOP02-DEL04-MA
498462,2023-01-11,quarta-feira,00:47:00,SP,116.0,383,MIRACATU,Demais falhas mecânicas ou elétricas,Incêndio,Sem Vítimas,Plena Noite,Crescente,Céu Claro,Dupla,Reta,Não,2.0,0.0,0.0,0.0,1.0,1.0,0.0,2.0,"-24,24165679","-47,36329124",SPRF-SP,DEL04-SP,UOP02-DEL04-SP
498463,2023-01-10,terça-feira,14:40:00,SP,116.0,564,BARRA DO TURVO,Pista Escorregadia,Saída de leito carroçável,Com Vítimas Feridas,Pleno dia,Crescente,Chuva,Simples,Curva;Aclive,Não,2.0,0.0,1.0,0.0,0.0,1.0,1.0,2.0,"-25,03458919","-48,53543877",SPRF-SP,DEL05-SP,UOP02-DEL05-SP
498475,2023-01-10,terça-feira,23:50:00,PR,376.0,"531,5",PALMEIRA,Reação tardia ou ineficiente do condutor,Capotamento,Sem Vítimas,Plena Noite,Crescente,Chuva,Dupla,Aclive;Reta,Não,1.0,0.0,0.0,0.0,1.0,0.0,0.0,1.0,"-25,30231355","-49,89048243",SPRF-PR,DEL03-PR,UOP03-DEL03-PR
498483,2023-01-11,quarta-feira,01:10:00,RJ,493.0,103,SEROPEDICA,Ausência de reação do condutor,Saída de leito carroçável,Com Vítimas Feridas,Plena Noite,Crescente,Nublado,Dupla,Reta,Não,2.0,0.0,1.0,0.0,0.0,1.0,1.0,2.0,"-22,765904","-43,738137",SPRF-RJ,DEL03-RJ,UOP01-DEL03-RJ
498484,2023-01-11,quarta-feira,05:00:00,MG,365.0,706,MONTE ALEGRE DE MINAS,Reação tardia ou ineficiente do condutor,Saída de leito carroçável,Com Vítimas Feridas,Plena Noite,Decrescente,Nublado,Simples,Rotatória,Não,1.0,0.0,1.0,0.0,0.0,0.0,1.0,1.0,"-18,8789182","-49,05482003",SPRF-MG,DEL15-MG,UOP03-DEL15-MG
498493,2023-01-11,quarta-feira,07:55:00,PI,316.0,"1,2",TERESINA,Estacionar ou parar em local proibido,Colisão com objeto,Com Vítimas Feridas,Pleno dia,Crescente,Céu Claro,Simples,Reta,Sim,4.0,0.0,0.0,1.0,2.0,1.0,1.0,4.0,"-5,12861853","-42,80706778",SPRF-PI,DEL01-PI,UOP02-DEL01-PI
498501,2023-01-11,quarta-feira,08:50:00,MG,381.0,350,JOAO MONLEVADE,Velocidade Incompatível,Colisão traseira,Com Vítimas Feridas,Pleno dia,Crescente,Céu Claro,Simples,Curva;Declive,Não,11.0,0.0,2.0,0.0,9.0,0.0,2.0,4.0,"-19,84953832","-43,15779198",SPRF-MG,DEL03-MG,UOP01-DEL03-MG
498502,2023-01-11,quarta-feira,08:40:00,SP,153.0,151,PROMISSAO,Ausência de reação do condutor,Tombamento,Com Vítimas Feridas,Pleno dia,Decrescente,Nublado,Simples,Reta,Não,1.0,0.0,1.0,0.0,0.0,0.0,1.0,1.0,"-21,42639998","-49,78631982",SPRF-SP,DEL07-SP,UOP01-DEL07-SP
498506,2023-01-11,quarta-feira,09:50:00,PB,230.0,"21,3",JOAO PESSOA,Condutor deixou de manter distância do veículo da frente,Tombamento,Com Vítimas Feridas,Pleno dia,Decrescente,Céu Claro,Dupla,Reta,Sim,4.0,0.0,0.0,2.0,1.0,1.0,2.0,4.0,"-7,1415","-34,8519",SPRF-PB,DEL01-PB,UOP01-DEL01-PB
498516,2023-01-11,quarta-feira,10:30:00,SC,101.0,"129,1",BALNEARIO CAMBORIU,Reação tardia ou ineficiente do condutor,Engavetamento,Sem Vítimas,Pleno dia,Decrescente,Sol,Simples,Reta,Não,3.0,0.0,0.0,0.0,3.0,0.0,0.0,3.0,"-26,98064277","-48,6790679",SPRF-SC,DEL04-SC,UOP03-DEL04-SC
498520,2023-01-11,quarta-feira,12:43:00,ES,101.0,68,SAO MATEUS,Reação tardia ou ineficiente do condutor,Colisão traseira,Com Vítimas Feridas,Pleno dia,Decrescente,Céu Claro,Simples,Reta,Não,5.0,0.0,2.0,0.0,2.0,2.0,2.0,5.0,"-18,726597","-39,85975",SPRF-ES,DEL04-ES,UOP02-DEL04-ES
498528,2023-01-11,quarta-feira,12:40:00,PR,476.0,"125,2",CURITIBA,Condutor deixou de manter distância do veículo da frente,Colisão traseira,Com Vítimas Feridas,Pleno dia,Decrescente,Nublado,Múltipla,Reta,Sim,3.0,0.0,1.0,0.0,1.0,1.0,1.0,3.0,"-25,4083","-49,219658",SPRF-PR,DEL01-PR,UOP01-DEL01-PR
498531,2023-01-11,quarta-feira,13:20:00,RS,285.0,201,LAGOA VERMELHA,Acessar a via sem observar a presença dos outros veículos,Colisão transversal,Com Vítimas Feridas,Pleno dia,Crescente,Céu Claro,Simples,Reta,Sim,6.0,0.0,1.0,0.0,5.0,0.0,1.0,2.0,"-28,206482","-51,538555",SPRF-RS,DEL08-RS,UOP05-DEL08-RS
498533,2023-01-11,quarta-feira,13:45:00,ES,259.0,59,COLATINA,Ausência de reação do condutor,Colisão transversal,Com Vítimas Feridas,Pleno dia,Crescente,Céu Claro,Simples,Interseção de Vias,Não,3.0,0.0,1.0,0.0,1.0,1.0,1.0,3.0,"-19,51820357","-40,66316843",SPRF-ES,DEL02-ES,UOP01-DEL02-ES
498537,2023-01-11,quarta-feira,08:55:00,MG,116.0,784,LEOPOLDINA,Velocidade Incompatível,Tombamento,Com Vítimas Fatais,Pleno dia,Decrescente,Céu Claro,Simples,Declive;Curva,Não,5.0,2.0,2.0,0.0,0.0,1.0,2.0,2.0,"-21,63888361","-42,70379911",SPRF-MG,DEL07-MG,UOP01-DEL07-MG
498548,2023-01-11,quarta-feira,11:00:00,PR,277.0,"0,3",PARANAGUA,Reação tardia ou ineficiente do condutor,Saída de leito carroçável,Sem Vítimas,Pleno dia,Crescente,Céu Claro,Dupla,Reta,Sim,3.0,0.0,0.0,0.0,1.0,2.0,0.0,3.0,"-25,55572206","-48,56060028",SPRF-PR,DEL01-PR,UOP05-DEL01-PR
498556,2023-01-11,quarta-feira,16:45:00,SP,116.0,"97,2",PINDAMONHANGABA,Obras na pista,Colisão traseira,Com Vítimas Feridas,Anoitecer,Decrescente,Céu Claro,Dupla,Reta;Em Obras,Não,4.0,0.0,1.0,0.0,2.0,1.0,1.0,3.0,"-22,97375666","-45,44726115",SPRF-SP,DEL08-SP,UOP01-DEL08-SP
498557,2023-01-11,quarta-feira,16:45:00,PR,158.0,"529,3",PATO BRANCO,Entrada inopinada do pedestre,Atropelamento de Pedestre,Com Vítimas Feridas,Pleno dia,Decrescente,Céu Claro,Simples,Curva,Sim,2.0,0.0,0.0,1.0,1.0,0.0,1.0,2.0,"-26,18598618","-52,66855971",SPRF-PR,DEL02-PR,UOP01-DEL02-PR
498565,2023-01-11,quarta-feira,16:30:00,PR,476.0,"331,2",PAULA FREITAS,Manobra de mudança de faixa,Colisão lateral sentido oposto,Com Vítimas Feridas,Pleno dia,Decrescente,Sol,Simples,Reta,Não,3.0,0.0,0.0,1.0,1.0,1.0,1.0,3.0,"-26,116962","-50,820679",SPRF-PR,DEL02-PR,UOP03-DEL02-PR
498567,2023-01-11,quarta-feira,10:00:00,GO,158.0,172,CAIAPONIA,Reação tardia ou ineficiente do condutor,Saída de leito carroçável,Com Vítimas Feridas,Pleno dia,Crescente,Nublado,Simples,Em Obras;Reta;Declive,Não,2.0,0.0,1.0,0.0,0.0,1.0,1.0,2.0,"-17,07971106","-51,86304764",SPRF-GO,DEL05-GO,UOP01-DEL05-GO
498568,2023-01-11,quarta-feira,17:25:00,PR,376.0,427,TIBAGI,Reação tardia ou ineficiente do condutor,Tombamento,Com Vítimas Feridas,Pleno dia,Crescente,Céu Claro,Dupla,Curva,Não,2.0,0.0,1.0,0.0,0.0,1.0,1.0,2.0,"-24,716635","-50,540994",SPRF-PR,DEL03-PR,UOP02-DEL03-PR
498571,2023-01-11,quarta-feira,16:45:00,RJ,40.0,111,DUQUE DE CAXIAS,Manobra de mudança de faixa,Colisão lateral mesmo sentido,Sem Vítimas,Pleno dia,Decrescente,Chuva,Múltipla,Reta;Declive,Sim,4.0,0.0,0.0,0.0,3.0,3.0,0.0,6.0,"-22,691868","-43,287453",SPRF-RJ,DEL01-RJ,UOP01-DEL01-RJ
498583,2023-01-11,quarta-feira,18:30:00,MG,381.0,"433,8",SABARA,Velocidade Incompatível,Colisão frontal,Com Vítimas Feridas,Plena Noite,Decrescente,Chuva,Simples,Curva;Aclive,Não,3.0,0.0,0.0,1.0,1.0,1.0,1.0,3.0,"-19,786192","-43,721322",SPRF-MG,DEL01-MG,UOP01-DEL01-MG
498587,2023-01-11,quarta-feira,19:40:00,CE,116.0,153,RUSSAS,Manobra de mudança de faixa,Tombamento,Com Vítimas Feridas,Plena Noite,Crescente,Céu Claro,Simples,Reta,Não,3.0,0.0,0.0,1.0,1.0,1.0,1.0,2.0,"-4,86131177","-38,03359664",SPRF-CE,DEL03-CE,UOP01-DEL03-CE
498592,2023-01-11,quarta-feira,17:40:00,MS,262.0,118,AGUA CLARA,Acostamento em desnível,Saída de leito carroçável,Com Vítimas Feridas,Anoitecer,Decrescente,Garoa/Chuvisco,Simples,Reta;Aclive,Não,2.0,0.0,1.0,0.0,0.0,1.0,1.0,2.0,"-20,50995218","-52,65413403",SPRF-MS,DEL07-MS,UOP02-DEL07-MS
498596,2023-01-11,quarta-feira,18:00:00,SC,101.0,86,BARRA VELHA,Reação tardia ou ineficiente do condutor,Colisão lateral mesmo sentido,Com Vítimas Feridas,Pleno dia,Decrescente,Nublado,Dupla,Reta;Declive,Não,2.0,0.0,0.0,1.0,1.0,0.0,1.0,2.0,"-26,63309025","-48,70158255",SPRF-SC,DEL03-SC,UOP02-DEL03-SC
498598,2023-01-11,quarta-feira,20:00:00,RJ,40.0,123,DUQUE DE CAXIAS,Reação tardia ou ineficiente do condutor,Colisão traseira,Com Vítimas Feridas,Plena Noite,Decrescente,Nublado,Múltipla,Reta,Sim,12.0,0.0,9.0,0.0,2.0,1.0,9.0,3.0,"-22,79368063","-43,28717928",SPRF-RJ,DEL01-RJ,UOP01-DEL01-RJ
498605,2023-01-11,quarta-feira,20:00:00,MG,40.0,281,TRES MARIAS,Acessar a via sem observar a presença dos outros veículos,Colisão transversal,Com Vítimas Feridas,Plena Noite,Decrescente,Nublado,Simples,Reta,Sim,4.0,0.0,0.0,1.0,2.0,2.0,1.0,4.0,"-18,24214561","-45,2080525",SPRF-MG,DEL14-MG,UOP02-DEL14-MG
498606,2023-01-11,quarta-feira,20:00:00,MG,116.0,136,PONTO DOS VOLANTES,Acessar a via sem observar a presença dos outros veículos,Colisão transversal,Sem Vítimas,Plena Noite,Decrescente,Céu Claro,Simples,Reta;Declive,Sim,3.0,0.0,0.0,0.0,1.0,2.0,0.0,3.0,"-16,74070098","-41,50618287",SPRF-MG,DEL11-MG,UOP02-DEL11-MG
498613,2023-01-11,quarta-feira,20:30:00,SC,101.0,"117,3",ITAJAI,Condutor deixou de manter distância do veículo da frente,Engavetamento,Sem Vítimas,Plena Noite,Decrescente,Céu Claro,Dupla,Reta,Não,3.0,0.0,0.0,0.0,2.0,1.0,0.0,3.0,"-26,89185051","-48,72051358",SPRF-SC,DEL04-SC,UOP04-DEL04-SC
498616,2023-01-11,quarta-feira,22:30:00,PB,101.0,124,CAAPORA,Manobra de mudança de faixa,Tombamento,Com Vítimas Feridas,Plena Noite,Decrescente,Nublado,Dupla,Curva;Declive,Não,1.0,0.0,1.0,0.0,0.0,0.0,1.0,1.0,"-7,46746892","-34,9772648",SPRF-PB,DEL01-PB,UOP02-DEL01-PB
498620,2023-01-11,quarta-feira,18:00:00,SC,101.0,"316,2",PESCARIA BRAVA,Ausência de reação do condutor,Tombamento,Com Vítimas Feridas,Pleno dia,Decrescente,Céu Claro,Dupla,Aclive;Curva,Sim,2.0,0.0,1.0,0.0,0.0,1.0,1.0,2.0,"-28,42944906","-48,87268066",SPRF-SC,DEL02-SC,UOP01-DEL02-SC
498626,2023-01-11,quarta-feira,20:40:00,PA,230.0,594,VITORIA DO XINGU,Condutor deixou de manter distância do veículo da frente,Colisão traseira,Com Vítimas Feridas,Plena Noite,Crescente,Céu Claro,Simples,Reta,Não,6.0,0.0,1.0,0.0,5.0,0.0,1.0,3.0,"-3,09699324","-51,86687506",SPRF-PA,DEL04-PA,UOP01-DEL04-PA
498628,2023-01-11,quarta-feira,18:00:00,GO,452.0,133,BOM JESUS DE GOIAS,Demais falhas na via,Colisão traseira,Com Vítimas Feridas,Anoitecer,Crescente,Nublado,Simples,Reta;Ponte;Declive,Sim,5.0,0.0,3.0,0.0,1.0,3.0,3.0,6.0,"-18,23703512","-49,71736106",SPRF-GO,DEL03-GO,UOP02-DEL03-GO
498629,2023-01-12,quinta-feira,00:45:00,SP,116.0,"59,9",GUARATINGUETA,Ausência de reação do condutor,Queda de ocupante de veículo,Com Vítimas Fatais,Plena Noite,Crescente,Chuva,Dupla,Reta,Sim,3.0,1.0,0.0,0.0,1.0,2.0,0.0,4.0,"-22,8016865","-45,14218994",SPRF-SP,DEL08-SP,UOP01-DEL08-SP
498638,2023-01-12,quinta-feira,04:30:00,ES,259.0,"12,8",JOAO NEIVA,Demais falhas mecânicas ou elétricas,Incêndio,Sem Vítimas,Amanhecer,Crescente,Nublado,Simples,Reta,Sim,2.0,0.0,0.0,0.0,1.0,1.0,0.0,2.0,"-19,65107","-40,40650405",SPRF-ES,DEL02-ES,UOP01-DEL02-ES
498643,2023-01-12,quinta-feira,00:30:00,SP,116.0,544,BARRA DO TURVO,Reação tardia ou ineficiente do condutor,Colisão com objeto,Com Vítimas Feridas,Plena Noite,Decrescente,Céu Claro,Simples,Curva;Declive,Não,2.0,0.0,0.0,1.0,0.0,1.0,1.0,2.0,"-24,95781406","-48,42123049",SPRF-SP,DEL05-SP,UOP02-DEL05-SP
498647,2023-01-12,quinta-feira,06:10:00,RS,392.0,"102,4",PELOTAS,Ausência de reação do condutor,Colisão transversal,Com Vítimas Feridas,Amanhecer,Decrescente,Céu Claro,Simples,Reta,Não,4.0,0.0,1.0,0.0,2.0,2.0,1.0,5.0,"-31,52321383","-52,59145883",SPRF-RS,DEL07-RS,UOP01-DEL07-RS
498648,2023-01-12,quinta-feira,06:22:00,PE,232.0,41,VITORIA DE SANTO ANTAO,Condutor Dormindo,Tombamento,Com Vítimas Feridas,Pleno dia,Crescente,Céu Claro,Dupla,Reta,Não,1.0,0.0,1.0,0.0,0.0,0.0,1.0,1.0,"-8,11394893","-35,243303",SPRF-PE,DEL01-PE,UOP01-DEL01-PE
498653,2023-01-12,quinta-feira,07:30:00,RS,116.0,239,NOVO HAMBURGO,Manobra de mudança de faixa,Colisão lateral mesmo sentido,Com Vítimas Feridas,Pleno dia,Crescente,Céu Claro,Dupla,Reta,Sim,3.0,0.0,2.0,0.0,0.0,1.0,2.0,2.0,"-29,6961491","-51,14455767",SPRF-RS,DEL01-RS,UOP02-DEL01-RS
498654,2023-01-12,quinta-feira,06:40:00,SP,116.0,145,SAO JOSE DOS CAMPOS,Ingestão de álcool pelo condutor,Colisão lateral mesmo sentido,Sem Vítimas,Pleno dia,Decrescente,Céu Claro,Dupla,Reta,Não,3.0,0.0,0.0,0.0,2.0,1.0,0.0,3.0,"-23,18274416","-45,84633592",SPRF-SP,DEL02-SP,UOP01-DEL02-SP
498656,2023-01-12,quinta-feira,07:25:00,MG,40.0,"610,5",CONGONHAS,Velocidade Incompatível,Derramamento de carga,Sem Vítimas,Pleno dia,Crescente,Nublado,Simples,Curva,Sim,2.0,0.0,0.0,0.0,1.0,1.0,0.0,2.0,"-20,50868132","-43,83903265",SPRF-MG,DEL05-MG,UOP02-DEL05-MG
498668,2023-01-12,quinta-feira,04:20:00,RJ,356.0,49,ITAPERUNA,Demais falhas mecânicas ou elétricas,Tombamento,Com Vítimas Feridas,Plena Noite,Crescente,Céu Claro,Simples,Curva,Não,2.0,0.0,1.0,0.0,0.0,1.0,1.0,2.0,"-21,25281194","-41,78347349",SPRF-RJ,DEL08-RJ,UOP03-DEL08-RJ
498670,2023-01-12,quinta-feira,08:30:00,ES,101.0,"266,7",SERRA,Reação tardia ou ineficiente do condutor,Tombamento,Com Vítimas Feridas,Pleno dia,Crescente,Céu Claro,Dupla,Reta,Sim,2.0,0.0,0.0,1.0,1.0,0.0,1.0,2.0,"-20,190199","-40,26828891",SPRF-ES,DEL02-ES,UOP01-DEL02-ES
498680,2023-01-12,quinta-feira,07:00:00,RS,472.0,"153,7",SANTA ROSA,Acessar a via sem observar a presença dos outros veículos,Colisão transversal,Com Vítimas Feridas,Pleno dia,Decrescente,Sol,Simples,Curva,Não,2.0,0.0,1.0,0.0,1.0,0.0,1.0,2.0,"-27,82134584","-54,40672812",SPRF-RS,DEL10-RS,UOP01-DEL10-RS
498684,2023-01-12,quinta-feira,09:40:00,SC,101.0,"201,3",SAO JOSE,Manobra de mudança de faixa,Colisão lateral mesmo sentido,Com Vítimas Feridas,Pleno dia,Crescente,Céu Claro,Dupla,Reta,Sim,3.0,0.0,1.0,0.0,2.0,0.0,1.0,2.0,"-27,54836599","-48,61977975",SPRF-SC,DEL01-SC,UOP01-DEL01-SC
498689,2023-01-12,quinta-feira,06:30:00,PB,230.0,"104,9",MOGEIRO,Ausência de reação do condutor,Saída de leito carroçável,Sem Vítimas,Pleno dia,Crescente,Céu Claro,Dupla,Curva,Não,1.0,0.0,0.0,0.0,1.0,0.0,0.0,1.0,"-7,2061","-35,5165",SPRF-PB,DEL01-PB,UOP03-DEL01-PB
498690,2023-01-12,quinta-feira,07:30:00,GO,414.0,"424,5",ABADIANIA,Ultrapassagem Indevida,Colisão frontal,Com Vítimas Feridas,Pleno dia,Crescente,Nevoeiro/Neblina,Simples,Reta,Não,2.0,0.0,0.0,1.0,0.0,1.0,1.0,2.0,"-16,15873679","-48,8884715",SPRF-GO,DEL02-GO,UOP01-DEL02-GO
498692,2023-01-12,quinta-feira,11:07:00,PE,101.0,163,RIBEIRAO,Demais falhas mecânicas ou elétricas,Saída de leito carroçável,Sem Vítimas,Pleno dia,Crescente,Céu Claro,Múltipla,Curva,Não,2.0,0.0,0.0,0.0,1.0,1.0,0.0,2.0,"-8,55039544","-35,44619699",SPRF-PE,DEL01-PE,UOP03-DEL01-PE
498699,2023-01-12,quinta-feira,11:35:00,SP,116.0,413,JUQUIA,Ausência de reação do condutor,Colisão traseira,Com Vítimas Feridas,Pleno dia,Decrescente,Céu Claro,Dupla,Reta,Não,3.0,0.0,0.0,1.0,1.0,1.0,1.0,3.0,"-24,33231648","-47,60822296",SPRF-SP,DEL05-SP,UOP01-DEL05-SP
498700,2023-01-12,quinta-feira,07:30:00,PI,135.0,165,MANOEL EMIDIO,Reação tardia ou ineficiente do condutor,Saída de leito carroçável,Com Vítimas Feridas,Pleno dia,Crescente,Céu Claro,Simples,Curva,Não,2.0,0.0,1.0,0.0,0.0,1.0,1.0,2.0,"-7,95284692","-43,84330011",SPRF-PI,DEL03-PI,UOP01-DEL03-PI
498707,2023-01-12,quinta-feira,12:00:00,PA,316.0,"130,6",NOVA TIMBOTEUA,Transitar na contramão,Colisão lateral sentido oposto,Com Vítimas Feridas,Pleno dia,Crescente,Chuva,Simples,Reta,Não,5.0,0.0,2.0,1.0,2.0,0.0,3.0,2.0,"-1,28644069","-47,3517171",SPRF-PA,DEL01-PA,UOP03-DEL01-PA
498708,2023-01-12,quinta-feira,12:25:00,GO,40.0,"43,2",LUZIANIA,Chuva,Colisão frontal,Com Vítimas Feridas,Pleno dia,Decrescente,Chuva,Simples,Reta,Não,5.0,0.0,0.0,2.0,2.0,1.0,2.0,4.0,"-16,384471","-47,826294",SPRF-DF,DEL01-DF,UOP02-DEL01-DF
498711,2023-01-04,quarta-feira,15:05:00,MS,163.0,792,COXIM,Manobra de mudança de faixa,Colisão lateral sentido oposto,Com Vítimas Fatais,Pleno dia,Crescente,Chuva,Simples,Reta,Não,7.0,1.0,3.0,0.0,2.0,5.0,3.0,8.0,"-17,98835701","-54,67877459",SPRF-MS,DEL06-MS,UOP01-DEL06-MS
498724,2023-01-12,quinta-feira,13:50:00,GO,50.0,308,CUMARI,Reação tardia ou ineficiente do condutor,Tombamento,Com Vítimas Feridas,Pleno dia,Crescente,Céu Claro,Dupla,Em Obras;Curva,Não,2.0,0.0,1.0,0.0,0.0,2.0,1.0,3.0,"-18,3829","-48,0674",SPRF-GO,DEL06-GO,UOP01-DEL06-GO
498726,2023-01-12,quinta-feira,13:30:00,PE,407.0,"23,9",AFRANIO,Velocidade Incompatível,Tombamento,Com Vítimas Fatais,Pleno dia,Crescente,Céu Claro,Simples,Curva,Não,2.0,1.0,0.0,0.0,0.0,1.0,0.0,2.0,"-8,62237203","-40,99588613",SPRF-PE,DEL06-PE,UOP02-DEL06-PE
498733,2023-01-12,quinta-feira,14:45:00,SP,153.0,"257,2",MARILIA,Acesso irregular,Eventos atípicos,Com Vítimas Feridas,Pleno dia,Crescente,Céu Claro,Dupla,Reta,Sim,3.0,0.0,0.0,1.0,1.0,1.0,1.0,3.0,"-22,23982103","-49,91965379",SPRF-SP,DEL07-SP,UOP02-DEL07-SP
498736,2023-01-12,quinta-feira,15:00:00,RS,101.0,"78,5",OSORIO,Reação tardia ou ineficiente do condutor,Saída de leito carroçável,Com Vítimas Feridas,Pleno dia,Crescente,Céu Claro,Dupla,Reta,Não,2.0,0.0,1.0,0.0,0.0,1.0,1.0,2.0,"-29,81058704","-50,24122892",SPRF-RS,DEL03-RS,UOP01-DEL03-RS
498737,2023-01-12,quinta-feira,15:10:00,SC,101.0,438,SOMBRIO,Entrada inopinada do pedestre,Atropelamento de Pedestre,Com Vítimas Feridas,Pleno dia,Decrescente,Céu Claro,Dupla,Reta,Não,3.0,0.0,0.0,1.0,1.0,1.0,1.0,3.0,"-29,12427296","-49,6631813",SPRF-SC,DEL02-SC,UOP02-DEL02-SC
498739,2023-01-12,quinta-feira,15:10:00,AL,316.0,261,SATUBA,Transitar na contramão,Colisão lateral sentido oposto,Com Vítimas Feridas,Pleno dia,Decrescente,Céu Claro,Simples,Reta,Não,6.0,0.0,2.0,1.0,3.0,0.0,3.0,2.0,"-9,59005875","-35,89598604",SPRF-AL,DEL02-AL,UOP01-DEL02-AL
498748,2023-01-12,quinta-feira,08:45:00,MT,364.0,523,ROSARIO OESTE,Desvio temporário,Saída de leito carroçável,Com Vítimas Feridas,Pleno dia,Decrescente,Céu Claro,Simples,Reta,Sim,2.0,0.0,1.0,0.0,0.0,3.0,1.0,4.0,"-15,06720104","-56,51751552",SPRF-MT,DEL01-MT,UOP01-DEL01-MT
498749,2023-01-12,quinta-feira,17:00:00,MG,262.0,365,JUATUBA,Pedestre cruzava a pista fora da faixa,Atropelamento de Pedestre,Com Vítimas Fatais,Pleno dia,Decrescente,Céu Claro,Dupla,Reta,Não,3.0,1.0,0.0,0.0,1.0,1.0,0.0,2.0,"-19,97856934","-44,25336717",SPRF-MG,DEL01-MG,UOP03-DEL01-MG
498750,2023-01-12,quinta-feira,10:30:00,SC,280.0,27,ARAQUARI,Demais falhas mecânicas ou elétricas,Incêndio,Sem Vítimas,Pleno dia,Decrescente,Céu Claro,Simples,Reta,Não,1.0,0.0,0.0,0.0,1.0,0.0,0.0,1.0,"-26,39685622","-48,74021969",SPRF-SC,DEL03-SC,UOP03-DEL03-SC
498753,2023-01-12,quinta-feira,17:00:00,SP,116.0,545,BARRA DO TURVO,Reação tardia ou ineficiente do condutor,Tombamento,Com Vítimas Feridas,Pleno dia,Decrescente,Garoa/Chuvisco,Dupla,Curva,Não,2.0,0.0,1.0,0.0,0.0,1.0,1.0,2.0,"-24,95016699","-48,42400302",SPRF-SP,DEL05-SP,UOP02-DEL05-SP
498755,2023-01-12,quinta-feira,17:10:00,GO,60.0,135,GOIANIA,Manobra de mudança de faixa,Saída de leito carroçável,Com Vítimas Feridas,Pleno dia,Decrescente,Céu Claro,Dupla,Reta,Não,2.0,0.0,1.0,0.0,0.0,1.0,1.0,2.0,"-16,589","-49,1945",SPRF-GO,DEL01-GO,UOP01-DEL01-GO
498763,2023-01-12,quinta-feira,11:50:00,PR,277.0,129,BALSA NOVA,Ausência de reação do condutor,Saída de leito carroçável,Com Vítimas Feridas,Pleno dia,Decrescente,Nublado,Dupla,Declive;Curva,Não,1.0,0.0,0.0,1.0,0.0,0.0,1.0,1.0,"-25,469985","-49,631555",SPRF-PR,DEL03-PR,UOP03-DEL03-PR
498773,2023-01-08,domingo,20:50:00,BA,116.0,"777,8",PLANALTO,Acessar a via sem observar a presença dos outros veículos,Colisão transversal,Com Vítimas Fatais,Plena Noite,Crescente,Céu Claro,Simples,Reta,Sim,3.0,1.0,0.0,0.0,1.0,1.0,0.0,3.0,"-14,607391","-40,44086601",SPRF-BA,DEL08-BA,UOP02-DEL08-BA
498774,2023-01-12,quinta-feira,15:00:00,PR,277.0,"555,1",CASCAVEL,Ultrapassagem Indevida,Colisão frontal,Com Vítimas Feridas,Pleno dia,Decrescente,Nublado,Simples,Reta,Não,2.0,0.0,1.0,0.0,1.0,0.0,1.0,2.0,"-25,08851877","-53,17894042",SPRF-PR,DEL04-PR,UOP04-DEL04-PR
498778,2023-01-09,segunda-feira,00:30:00,MG,262.0,"520,9",LUZ,Ingestão de álcool pelo condutor,Colisão frontal,Com Vítimas Feridas,Plena Noite,Decrescente,Chuva,Simples,Aclive;Reta,Não,3.0,0.0,2.0,0.0,1.0,0.0,2.0,2.0,"-19,7891507","-45,61973095",SPRF-MG,DEL08-MG,UOP03-DEL08-MG
498780,2023-01-12,quinta-feira,19:13:00,ES,101.0,"141,5",LINHARES,Ingestão de álcool pelo condutor,Colisão traseira,Com Vítimas Feridas,Plena Noite,Crescente,Céu Claro,Múltipla,Reta,Sim,2.0,0.0,0.0,1.0,1.0,0.0,1.0,2.0,"-19,33239175","-40,0688464",SPRF-ES,DEL04-ES,UOP01-DEL04-ES
498782,2023-01-12,quinta-feira,19:20:00,ES,101.0,279,SERRA,Reação tardia ou ineficiente do condutor,Queda de ocupante de veículo,Com Vítimas Fatais,Plena Noite,Decrescente,Nublado,Dupla,Reta,Não,3.0,1.0,0.0,0.0,1.0,1.0,0.0,3.0,"-20,218122","-40,339325",SPRF-ES,DEL02-ES,UOP01-DEL02-ES