id,data_inversa,dia_semana,horario,uf,br,km,municipio,causa_acidente,tipo_acidente,classificacao_acidente,fase_dia,sentido_via,condicao_metereologica,tipo_pista,tracado_via,uso_solo,pessoas,mortos,feridos_leves,feridos_graves,ilesos,ignorados,feridos,veiculos,latitude,longitude,regional,delegacia,uop
498789,2023-01-12,quinta-feira,17:30:00,TO,153.0,187,NOVA OLINDA,Manobra de mudança de faixa,Colisão lateral mesmo sentido,Sem Vítimas,Pleno dia,Decrescente,Céu Claro,Simples,Reta,Não,5.0,0.0,0.0,0.0,5.0,0.0,0.0,2.0,"-7,53590795","-48,40763309",SPRF-TO,DEL02-TO,UOP01-DEL02-TO
498790,2023-01-12,quinta-feira,17:10:00,MG,365.0,546,ROMARIA,Reação tardia ou ineficiente do condutor,Tombamento,Com Vítimas Feridas,Pleno dia,Crescente,Nublado,Simples,Reta,Não,1.0,0.0,1.0,0.0,0.0,0.0,1.0,1.0,"-18,93205374","-47,64765491",SPRF-MG,DEL10-MG,UOP01-DEL10-MG
498791,2023-01-12,quinta-feira,20:20:00,MG,50.0,"190,9",UBERABA,Condutor deixou de manter distância do veículo da frente,Saída de leito carroçável,Com Vítimas Feridas,Plena Noite,Decrescente,Nublado,Dupla,Reta;Aclive,Não,2.0,0.0,1.0,0.0,0.0,1.0,1.0,2.0,"-19,85630175","-47,86944462",SPRF-MG,DEL13-MG,UOP01-DEL13-MG
498794,2023-01-12,quinta-feira,15:00:00,RO,435.0,97,COLORADO DO OESTE,Animais na Pista,Capotamento,Com Vítimas Feridas,Pleno dia,Crescente,Nublado,Simples,Declive;Curva,Não,4.0,0.0,0.0,1.0,2.0,3.0,1.0,5.0,"-13,19098942","-60,58473621",SPRF-RO,DEL04-RO,UOP02-DEL04-RO
498795,2023-01-12,quinta-feira,20:00:00,MG,40.0,595,OURO PRETO,Estacionar ou parar em local proibido,Colisão traseira,Com Vítimas Feridas,Plena Noite,Crescente,Nublado,Simples,Reta,Não,3.0,0.0,0.0,1.0,0.0,2.0,1.0,3.0,"-20,4079057","-43,89638012",SPRF-MG,DEL05-MG,UOP02-DEL05-MG
498799,2023-01-12,quinta-feira,20:45:00,MG,381.0,"578,3",CARMOPOLIS DE MINAS,Demais falhas mecânicas ou elétricas,Incêndio,Sem Vítimas,Plena Noite,Crescente,Nublado,Dupla,Reta,Não,2.0,0.0,0.0,0.0,1.0,1.0,0.0,2.0,"-20,4741132","-44,58429059",SPRF-MG,DEL04-MG,UOP01-DEL04-MG
498802,2023-01-12,quinta-feira,15:00:00,MS,158.0,"145,8",APARECIDA DO TABOADO,Transitar na contramão,Colisão lateral sentido oposto,Com Vítimas Feridas,Pleno dia,Decrescente,Céu Claro,Simples,Reta,Não,3.0,0.0,1.0,0.0,1.0,1.0,1.0,3.0,"-20,07451637","-51,1280297",SPRF-MS,DEL08-MS,UOP01-DEL08-MS
498806,2023-01-12,quinta-feira,21:47:00,PE,232.0,"213,1",PESQUEIRA,Ingestão de álcool pelo condutor,Colisão traseira,Com Vítimas Feridas,Plena Noite,Decrescente,Nublado,Simples,Reta,Sim,3.0,0.0,1.0,0.0,2.0,0.0,1.0,2.0,"-8,37683577","-36,7222201",SPRF-PE,DEL03-PE,UOP02-DEL03-PE
498814,2023-01-12,quinta-feira,16:26:00,RO,364.0,950,PORTO VELHO,Pista esburacada,Tombamento,Com Vítimas Feridas,Pleno dia,Decrescente,Céu Claro,Simples,Reta,Não,4.0,0.0,1.0,0.0,1.0,2.0,1.0,3.0,"-9,655162136","-65,5460240278",SPRF-RO,DEL01-RO,UOP03-DEL01-RO
498816,2023-01-12,quinta-feira,22:30:00,MT,364.0,474,JANGADA,Reação tardia ou ineficiente do condutor,Tombamento,Com Vítimas Fatais,Plena Noite,Crescente,Céu Claro,Simples,Aclive;Reta,Não,3.0,1.0,0.0,0.0,0.0,3.0,0.0,4.0,"-15,43256174","-56,33922156",SPRF-MT,DEL01-MT,UOP02-DEL01-MT
498817,2023-01-12,quinta-feira,20:00:00,MT,364.0,"263,5",SAO PEDRO DA CIPA,Demais falhas mecânicas ou elétricas,Incêndio,Sem Vítimas,Plena Noite,Decrescente,Garoa/Chuvisco,Dupla,Reta;Aclive,Não,2.0,0.0,0.0,0.0,1.0,1.0,0.0,2.0,"-16,01673751","-54,90686447",SPRF-MT,DEL02-MT,UOP01-DEL02-MT
498818,2023-01-12,quinta-feira,20:45:00,PR,153.0,230,TIBAGI,Problema com o freio,Incêndio,Sem Vítimas,Plena Noite,Decrescente,Céu Claro,Simples,Reta,Não,2.0,0.0,0.0,0.0,1.0,2.0,0.0,3.0,"-24,69481407","-50,44265696",SPRF-PR,DEL03-PR,UOP02-DEL03-PR
498820,2023-01-13,sexta-feira,00:15:00,SC,280.0,"59,2",GUARAMIRIM,Acessar a via sem observar a presença dos outros veículos,Atropelamento de Pedestre,Com Vítimas Feridas,Plena Noite,Crescente,Nublado,Simples,Reta,Sim,2.0,0.0,0.0,1.0,0.0,1.0,1.0,2.0,"-26,476146","-49,031776",SPRF-SC,DEL03-SC,UOP03-DEL03-SC
498823,2023-01-13,sexta-feira,02:10:00,SC,101.0,"207,9",SAO JOSE,Ingestão de álcool pelo condutor,Colisão com objeto,Com Vítimas Fatais,Plena Noite,Decrescente,Céu Claro,Múltipla,Curva;Em Obras,Sim,3.0,1.0,0.0,1.0,1.0,0.0,1.0,2.0,"-27,6028524","-48,6310495",SPRF-SC,DEL01-SC,UOP01-DEL01-SC
498828,2023-01-13,sexta-feira,05:00:00,BA,242.0,852,BARREIRAS,Ingestão de álcool pelo condutor,Colisão frontal,Com Vítimas Fatais,Amanhecer,Decrescente,Nublado,Simples,Reta,Não,3.0,1.0,1.0,0.0,0.0,2.0,1.0,4.0,"-12,10693421","-45,30657503",SPRF-BA,DEL10-BA,UOP01-DEL10-BA
498836,2023-01-12,quinta-feira,22:35:00,PR,373.0,"454,3",CHOPINZINHO,Reação tardia ou ineficiente do condutor,Tombamento,Com Vítimas Feridas,Plena Noite,Crescente,Nublado,Simples,Curva,Não,4.0,0.0,2.0,0.0,1.0,1.0,2.0,2.0,"-25,89790453","-52,37090248",SPRF-PR,DEL02-PR,UOP01-DEL02-PR
498837,2023-01-13,sexta-feira,06:50:00,ES,101.0,261,SERRA,Manobra de mudança de faixa,Capotamento,Com Vítimas Feridas,Pleno dia,Crescente,Céu Claro,Dupla,Reta,Sim,2.0,0.0,0.0,1.0,0.0,1.0,1.0,2.0,"-20,14854215","-40,27970926",SPRF-ES,DEL02-ES,UOP01-DEL02-ES
498838,2023-01-13,sexta-feira,07:40:00,ES,101.0,291,CARIACICA,Condutor deixou de manter distância do veículo da frente,Colisão traseira,Com Vítimas Feridas,Pleno dia,Crescente,Céu Claro,Dupla,Reta,Sim,2.0,0.0,1.0,0.0,1.0,0.0,1.0,2.0,"-20,29755744","-40,39445616",SPRF-ES,DEL01-ES,UOP01-DEL01-ES
498840,2023-01-13,sexta-feira,07:40:00,ES,101.0,"280,1",SERRA,Trafegar com motocicleta (ou similar) entre as faixas,Tombamento,Com Vítimas Fatais,Pleno dia,Decrescente,Céu Claro,Múltipla,Reta,Não,2.0,1.0,0.0,0.0,1.0,0.0,0.0,2.0,"-20,21828666","-40,34895595",SPRF-ES,DEL02-ES,UOP01-DEL02-ES
498855,2023-01-13,sexta-feira,08:28:00,ES,101.0,"432,7",ATILIO VIVACQUA,Manobra de mudança de faixa,Colisão lateral mesmo sentido,Com Vítimas Feridas,Pleno dia,Crescente,Sol,Dupla,Aclive;Curva,Não,9.0,0.0,0.0,5.0,3.0,1.0,5.0,5.0,"-21,03366189","-41,18125221",SPRF-ES,DEL03-ES,UOP02-DEL03-ES
498859,2023-01-13,sexta-feira,09:57:00,RJ,393.0,282,VOLTA REDONDA,Ultrapassagem Indevida,Colisão frontal,Com Vítimas Feridas,Pleno dia,Crescente,Céu Claro,Simples,Curva,Sim,3.0,0.0,1.0,0.0,1.0,1.0,1.0,3.0,"-22,48082784","-44,04047201",SPRF-RJ,DEL05-RJ,UOP04-DEL05-RJ
498868,2023-01-13,sexta-feira,10:23:00,TO,153.0,503,PARAISO DO TOCANTINS,Frear bruscamente,Saída de leito carroçável,Com Vítimas Feridas,Pleno dia,Decrescente,Nublado,Simples,Reta,Não,1.0,0.0,1.0,0.0,0.0,0.0,1.0,1.0,"-10,22749198","-48,87609117",SPRF-TO,DEL01-TO,UOP01-DEL01-TO
498869,2023-01-13,sexta-feira,10:33:00,SC,282.0,17,PALHOCA,Condutor deixou de manter distância do veículo da frente,Engavetamento,Com Vítimas Feridas,Pleno dia,Decrescente,Céu Claro,Simples,Reta,Não,5.0,0.0,1.0,0.0,4.0,0.0,1.0,4.0,"-27,665707","-48,688065",SPRF-SC,DEL01-SC,UOP02-DEL01-SC
498873,2023-01-13,sexta-feira,07:55:00,RR,432.0,1,CARACARAI,Condutor Dormindo,Colisão transversal,Com Vítimas Feridas,Pleno dia,Crescente,Céu Claro,Simples,Reta,Sim,2.0,0.0,0.0,1.0,1.0,0.0,1.0,2.0,"1,23165785","-60,38064974",SPRF-RR,DEL01-RR,UOP01-DEL01-RR
498877,2023-01-13,sexta-feira,11:10:00,RS,285.0,"489,8",ENTRE-IJUIS,Manobra de mudança de faixa,Colisão lateral mesmo sentido,Com Vítimas Feridas,Pleno dia,Crescente,Garoa/Chuvisco,Simples,Reta,Não,3.0,0.0,1.0,0.0,2.0,0.0,1.0,2.0,"-28,3758448","-54,20834541",SPRF-RS,DEL10-RS,UOP01-DEL10-RS
498884,2023-01-13,sexta-feira,12:30:00,ES,101.0,222,IBIRACU,Transitar na contramão,Colisão lateral sentido oposto,Com Vítimas Feridas,Pleno dia,Crescente,Sol,Simples,Curva,Não,5.0,0.0,2.0,0.0,2.0,3.0,2.0,6.0,"-19,86967622","-40,40915873",SPRF-ES,DEL02-ES,UOP01-DEL02-ES
498886,2023-01-13,sexta-feira,07:00:00,PA,155.0,276,ELDORADO DO CARAJAS,Ausência de reação do condutor,Saída de leito carroçável,Sem Vítimas,Pleno dia,Crescente,Céu Claro,Simples,Reta,Não,3.0,0.0,0.0,0.0,2.0,1.0,0.0,3.0,"-5,92992101","-49,21617196",SPRF-PA,DEL03-PA,UOP01-DEL03-PA
498896,2023-01-13,sexta-feira,13:20:00,SP,116.0,202,ARUJA,Chuva,Colisão lateral mesmo sentido,Com Vítimas Feridas,Pleno dia,Decrescente,Chuva,Dupla,Aclive,Sim,4.0,0.0,3.0,0.0,0.0,1.0,3.0,3.0,"-23,40809408","-46,33859597",SPRF-SP,DEL01-SP,UOP01-DEL01-SP
498898,2023-01-13,sexta-feira,13:10:00,SC,470.0,"68,3",INDAIAL,Acessar a via sem observar a presença dos outros veículos,Colisão transversal,Com Vítimas Feridas,Pleno dia,Decrescente,Nublado,Dupla,Reta;Em Obras,Sim,2.0,0.0,0.0,1.0,1.0,0.0,1.0,2.0,"-26,88031441","-49,2426494",SPRF-SC,DEL04-SC,UOP01-DEL04-SC
498899,2023-01-13,sexta-feira,13:10:00,SC,470.0,"86,9",RODEIO,Reação tardia ou ineficiente do condutor,Saída de leito carroçável,Com Vítimas Feridas,Pleno dia,Crescente,Céu Claro,Simples,Curva,Não,2.0,0.0,1.0,1.0,0.0,0.0,2.0,1.0,"-26,94797188","-49,36526299",SPRF-SC,DEL04-SC,UOP01-DEL04-SC
498900,2023-01-13,sexta-feira,12:45:00,PR,153.0,"39,6",SANTO ANTONIO DA PLATINA,Transitar na contramão,Colisão frontal,Com Vítimas Fatais,Pleno dia,Crescente,Chuva,Simples,Reta,Não,3.0,1.0,0.0,0.0,1.0,2.0,0.0,4.0,"-23,27231767","-50,05734289",SPRF-PR,DEL07-PR,UOP04-DEL07-PR
498905,2023-01-13,sexta-feira,09:30:00,MA,226.0,"325,7",JENIPAPO DOS VIEIRAS,Demais falhas mecânicas ou elétricas,Incêndio,Sem Vítimas,Pleno dia,Decrescente,Céu Claro,Simples,Reta,Não,1.0,0.0,0.0,0.0,1.0,0.0,0.0,1.0,"-5,43497368","-45,41832714",SPRF-MA,DEL06-MA,UOP01-DEL06-MA
498911,2023-01-07,sábado,09:55:00,MA,230.0,"138,1",PASTOS BONS,Ingestão de álcool pelo condutor,Colisão frontal,Com Vítimas Fatais,Pleno dia,Crescente,Chuva,Simples,Reta;Declive,Não,6.0,2.0,1.0,1.0,1.0,4.0,2.0,6.0,"-6,58456592","-44,05032997",SPRF-MA,DEL05-MA,UOP01-DEL05-MA
498917,2023-01-13,sexta-feira,14:00:00,PE,101.0,186,PALMARES,Condutor deixou de manter distância do veículo da frente,Colisão traseira,Com Vítimas Feridas,Pleno dia,Decrescente,Sol,Dupla,Reta,Sim,4.0,0.0,1.0,1.0,1.0,1.0,2.0,3.0,"-8,68263674","-35,57938824",SPRF-PE,DEL01-PE,UOP03-DEL01-PE
498918,2023-01-13,sexta-feira,14:45:00,MG,381.0,942,EXTREMA,Reação tardia ou ineficiente do condutor,Engavetamento,Com Vítimas Feridas,Pleno dia,Crescente,Garoa/Chuvisco,Dupla,Retorno Regulamentado;Declive,Não,6.0,0.0,2.0,0.0,3.0,3.0,2.0,6.0,"-22,86021873","-46,34260711",SPRF-MG,DEL16-MG,UOP03-DEL16-MG
498919,2023-01-13,sexta-feira,10:20:00,PR,153.0,"521,8",GENERAL CARNEIRO,Manobra de mudança de faixa,Colisão lateral mesmo sentido,Com Vítimas Feridas,Pleno dia,Crescente,Nublado,Simples,Aclive;Reta,Não,5.0,0.0,1.0,0.0,3.0,1.0,1.0,3.0,"-26,60680433","-51,4718586",SPRF-PR,DEL02-PR,UOP03-DEL02-PR
498923,2023-01-13,sexta-feira,15:25:00,RJ,101.0,27,CAMPOS DOS GOYTACAZES,Ausência de reação do condutor,Colisão traseira,Sem Vítimas,Pleno dia,Decrescente,Nublado,Simples,Reta,Não,3.0,0.0,0.0,0.0,2.0,3.0,0.0,5.0,"-21,44032904","-41,34283239",SPRF-RJ,DEL08-RJ,UOP01-DEL08-RJ
498929,2023-01-13,sexta-feira,15:00:00,GO,452.0,146,BOM JESUS DE GOIAS,Transitar na contramão,Colisão frontal,Com Vítimas Fatais,Pleno dia,Crescente,Céu Claro,Simples,Reta,Não,6.0,1.0,1.0,0.0,2.0,2.0,1.0,3.0,"-18,28356456","-49,6162008",SPRF-GO,DEL03-GO,UOP02-DEL03-GO
498946,2023-01-13,sexta-feira,16:20:00,RS,116.0,465,SAO LOURENCO DO SUL,Acesso irregular,Colisão transversal,Com Vítimas Feridas,Pleno dia,Crescente,Chuva,Simples,Rotatória;Em Obras;Reta;Interseção de Vias,Não,4.0,0.0,2.0,0.0,2.0,0.0,2.0,2.0,"-31,32224393","-52,03089939",SPRF-RS,DEL02-RS,UOP02-DEL02-RS
498951,2023-01-13,sexta-feira,14:00:00,PE,116.0,59,CABROBO,Demais falhas mecânicas ou elétricas,Incêndio,Sem Vítimas,Pleno dia,Decrescente,Sol,Simples,Reta,Não,4.0,0.0,0.0,0.0,2.0,14.0,0.0,15.0,"-8,352674","-39,141792",SPRF-PE,DEL05-PE,UOP03-DEL05-PE
498953,2023-01-13,sexta-feira,15:50:00,RS,470.0,194,BENTO GONCALVES,Transitar na contramão,Colisão frontal,Com Vítimas Feridas,Pleno dia,Crescente,Garoa/Chuvisco,Simples,Curva;Aclive,Não,6.0,0.0,2.0,2.0,1.0,1.0,4.0,3.0,"-29,05004","-51,57519",SPRF-RS,DEL06-RS,UOP02-DEL06-RS
498959,2023-01-13,sexta-feira,16:00:00,GO,452.0,27,RIO VERDE,Ausência de reação do condutor,Tombamento,Com Vítimas Feridas,Pleno dia,Decrescente,Céu Claro,Simples,Reta;Aclive,Não,2.0,0.0,1.0,0.0,0.0,2.0,1.0,3.0,"-17,88924191","-50,67112898",SPRF-GO,DEL04-GO,UOP01-DEL04-GO
498960,2023-01-13,sexta-feira,16:10:00,MG,50.0,"194,4",DELTA,Chuva,Saída de leito carroçável,Com Vítimas Feridas,Pleno dia,Crescente,Garoa/Chuvisco,Dupla,Reta;Declive,Não,1.0,0.0,1.0,0.0,0.0,0.0,1.0,1.0,"-19,887439","-47,848374",SPRF-MG,DEL13-MG,UOP01-DEL13-MG
498963,2023-01-13,sexta-feira,17:05:00,PR,163.0,169,LINDOESTE,Ausência de sinalização,Engavetamento,Com Vítimas Feridas,Pleno dia,Decrescente,Nublado,Dupla,Curva,Não,16.0,0.0,1.0,0.0,13.0,3.0,1.0,13.0,"-25,242274","-53,582909",SPRF-PR,DEL05-PR,UOP05-DEL05-PR
498965,2023-01-13,sexta-feira,14:30:00,GO,153.0,249,SAO LUIZ DO NORTE,Transitar na contramão,Colisão transversal,Com Vítimas Feridas,Pleno dia,Decrescente,Chuva,Simples,Reta,Não,3.0,0.0,2.0,0.0,0.0,1.0,2.0,3.0,"-14,908753","-49,353043",SPRF-GO,DEL07-GO,UOP02-DEL07-GO
498972,2023-01-13,sexta-feira,18:00:00,PR,369.0,"165,5",CAMBE,Reação tardia ou ineficiente do condutor,Colisão frontal,Com Vítimas Feridas,Pleno dia,Decrescente,Garoa/Chuvisco,Dupla,Reta,Não,2.0,0.0,0.0,1.0,1.0,0.0,1.0,2.0,"-23,29529312","-51,29845977",SPRF-PR,DEL07-PR,UOP01-DEL07-PR
498978,2023-01-13,sexta-feira,18:45:00,RS,116.0,"247,9",SAO LEOPOLDO,Acessar a via sem observar a presença dos outros veículos,Tombamento,Com Vítimas Feridas,Anoitecer,Decrescente,Nublado,Dupla,Viaduto,Sim,3.0,0.0,0.0,1.0,2.0,0.0,1.0,3.0,"-29,76733091","-51,1535296",SPRF-RS,DEL01-RS,UOP02-DEL01-RS
498982,2023-01-13,sexta-feira,11:20:00,MG,251.0,337,FRUTA DE LEITE,Reação tardia ou ineficiente do condutor,Saída de leito carroçável,Com Vítimas Feridas,Pleno dia,Decrescente,Céu Claro,Simples,Declive;Curva,Não,2.0,0.0,1.0,0.0,0.0,1.0,1.0,2.0,"-16,2584166","-42,46139979",SPRF-MG,DEL12-MG,UOP01-DEL12-MG
498988,2023-01-13,sexta-feira,16:20:00,SC,282.0,"487,4",FAXINAL DOS GUEDES,Velocidade Incompatível,Colisão frontal,Com Vítimas Feridas,Pleno dia,Decrescente,Céu Claro,Simples,Reta,Sim,2.0,0.0,1.0,0.0,1.0,0.0,1.0,2.0,"-26,85758","-52,263203",SPRF-SC,DEL07-SC,UOP01-DEL07-SC
498990,2023-01-13,sexta-feira,19:45:00,SC,101.0,"93,9",BARRA VELHA,Condutor deixou de manter distância do veículo da frente,Colisão com objeto,Com Vítimas Feridas,Plena Noite,Crescente,Nublado,Dupla,Reta,Não,5.0,0.0,1.0,0.0,3.0,2.0,1.0,6.0,"-26,6899011","-48,69663873",SPRF-SC,DEL03-SC,UOP02-DEL03-SC
498991,2023-01-13,sexta-feira,18:00:00,SC,101.0,"223,6",PALHOCA,Pedestre cruzava a pista fora da faixa,Atropelamento de Pedestre,Com Vítimas Fatais,Anoitecer,Crescente,Nublado,Múltipla,Reta,Não,5.0,1.0,1.0,0.0,2.0,1.0,1.0,5.0,"-27,721214","-48,645202",SPRF-SC,DEL01-SC,UOP02-DEL01-SC
498994,2023-01-13,sexta-feira,20:06:00,ES,101.0,291,CARIACICA,Manobra de mudança de faixa,Colisão lateral mesmo sentido,Com Vítimas Feridas,Plena Noite,Decrescente,Céu Claro,Simples,Reta,Não,4.0,0.0,1.0,0.0,2.0,1.0,1.0,3.0,"-20,29755744","-40,39445616",SPRF-ES,DEL01-ES,UOP01-DEL01-ES
499007,2023-01-13,sexta-feira,21:30:00,RS,386.0,206,VICTOR GRAEFF,Ingestão de álcool pelo condutor,Colisão lateral sentido oposto,Sem Vítimas,Plena Noite,Crescente,Céu Claro,Simples,Reta,Não,3.0,0.0,0.0,0.0,2.0,1.0,0.0,3.0,"-28,52299","-52,62901",SPRF-RS,DEL04-RS,UOP03-DEL04-RS
499009,2023-01-13,sexta-feira,21:00:00,MG,251.0,482,FRANCISCO SA,Acesso irregular,Colisão transversal,Com Vítimas Feridas,Pleno dia,Decrescente,Chuva,Simples,Reta,Sim,4.0,0.0,0.0,2.0,1.0,1.0,2.0,3.0,"-16,493197","-43,52061",SPRF-MG,DEL12-MG,UOP01-DEL12-MG
499010,2023-01-13,sexta-feira,20:20:00,PR,376.0,"355,8",ORTIGUEIRA,Pedestre andava na pista,Atropelamento de Pedestre,Com Vítimas Fatais,Plena Noite,Crescente,Nublado,Simples,Reta;Aclive,Não,2.0,1.0,0.0,0.0,0.0,1.0,0.0,2.0,"-24,278906","-50,885281",SPRF-PR,DEL07-PR,UOP02-DEL07-PR
499011,2023-01-13,sexta-feira,21:44:00,MG,381.0,434,SABARA,Problema com o freio,Tombamento,Com Vítimas Feridas,Plena Noite,Decrescente,Chuva,Simples,Curva;Declive,Sim,2.0,0.0,1.0,1.0,0.0,0.0,2.0,1.0,"-19,80043184","-43,75031407",SPRF-MG,DEL01-MG,UOP01-DEL01-MG
499014,2023-01-13,sexta-feira,20:30:00,MG,40.0,631,CONSELHEIRO LAFAIETE,Conversão proibida,Colisão transversal,Com Vítimas Feridas,Plena Noite,Decrescente,Céu Claro,Simples,Reta,Sim,3.0,0.0,0.0,1.0,2.0,0.0,1.0,2.0,"-20,66692199","-43,80314095",SPRF-MG,DEL05-MG,UOP02-DEL05-MG
499017,2023-01-13,sexta-feira,16:30:00,MG,354.0,"771,8",ITAMONTE,Chuva,Colisão com objeto,Com Vítimas Feridas,Pleno dia,Decrescente,Chuva,Simples,Curva,Não,1.0,0.0,1.0,0.0,0.0,0.0,1.0,1.0,"-22,36470902","-44,77070101",SPRF-MG,DEL17-MG,UOP01-DEL17-MG
499024,2023-01-13,sexta-feira,20:47:00,MG,153.0,46,CANAPOLIS,Pista esburacada,Colisão traseira,Com Vítimas Feridas,Plena Noite,Decrescente,Céu Claro,Dupla,Declive;Reta,Não,9.0,0.0,7.0,1.0,0.0,3.0,8.0,6.0,"-18,790305","-49,084302",SPRF-MG,DEL15-MG,UOP03-DEL15-MG
499025,2023-01-13,sexta-feira,22:40:00,PR,476.0,196,LAPA,Ausência de reação do condutor,Colisão traseira,Com Vítimas Feridas,Plena Noite,Crescente,Céu Claro,Simples,Reta,Sim,3.0,0.0,1.0,0.0,1.0,1.0,1.0,3.0,"-25,753437","-49,725754",SPRF-PR,DEL01-PR,UOP06-DEL01-PR
499038,2023-01-14,sábado,02:03:00,RO,364.0,345,JI-PARANA,Acessar a via sem observar a presença dos outros veículos,Colisão transversal,Com Vítimas Feridas,Plena Noite,Decrescente,Nublado,Dupla,Interseção de Vias,Sim,3.0,0.0,0.0,1.0,1.0,1.0,1.0,3.0,"-10,870282","-61,957701",SPRF-RO,DEL02-RO,UOP01-DEL02-RO
499041,2023-01-13,sexta-feira,20:50:00,SC,282.0,"411,8",CATANDUVAS,Velocidade Incompatível,Saída de leito carroçável,Com Vítimas Fatais,Plena Noite,Crescente,Nublado,Simples,Curva;Declive,Não,1.0,1.0,0.0,0.0,0.0,0.0,0.0,1.0,"-27,059665","-51,677769",SPRF-SC,DEL07-SC,UOP05-DEL07-SC
499045,2023-01-14,sábado,04:40:00,BA,116.0,426,FEIRA DE SANTANA,Condutor Dormindo,Colisão frontal,Sem Vítimas,Amanhecer,Decrescente,Céu Claro,Simples,Reta,Não,4.0,0.0,0.0,0.0,1.0,3.0,0.0,2.0,"-12,24420407","-38,98563987",SPRF-BA,DEL02-BA,UOP01-DEL02-BA
499048,2023-01-14,sábado,05:45:00,MG,50.0,"165,5",UBERABA,Pedestre andava na pista,Atropelamento de Pedestre,Com Vítimas Fatais,Amanhecer,Decrescente,Nublado,Dupla,Reta;Desvio Temporário;Em Obras,Não,2.0,1.0,0.0,0.0,0.0,1.0,0.0,2.0,"-19,69326783","-47,98949154",SPRF-MG,DEL13-MG,UOP01-DEL13-MG
499050,2023-01-14,sábado,06:52:00,MS,163.0,"722,3",COXIM,Condutor Dormindo,Colisão frontal,Com Vítimas Fatais,Pleno dia,Crescente,Chuva,Simples,Aclive,Não,4.0,2.0,0.0,0.0,1.0,3.0,0.0,5.0,"-18,57649004","-54,76393093",SPRF-MS,DEL06-MS,UOP01-DEL06-MS
499077,2023-01-14,sábado,10:15:00,GO,452.0,43,SANTA HELENA DE GOIAS,Reação tardia ou ineficiente do condutor,Colisão com objeto,Sem Vítimas,Pleno dia,Crescente,Sol,Simples,Reta;Declive,Não,3.0,0.0,0.0,0.0,1.0,4.0,0.0,5.0,"-17,94070533","-50,52796841",SPRF-GO,DEL04-GO,UOP01-DEL04-GO
499081,2023-01-14,sábado,07:29:00,PR,373.0,347,GUARAPUAVA,Acessar a via sem observar a presença dos outros veículos,Colisão lateral mesmo sentido,Com Vítimas Feridas,Pleno dia,Decrescente,Céu Claro,Simples,Reta;Em Obras,Sim,6.0,0.0,3.0,2.0,1.0,0.0,5.0,2.0,"-25,37802304","-51,50654018",SPRF-PR,DEL08-PR,UOP01-DEL08-PR
499090,2023-01-14,sábado,11:00:00,PR,376.0,238,APUCARANA,Problema com o freio,Colisão transversal,Com Vítimas Feridas,Pleno dia,Crescente,Céu Claro,Dupla,Retorno Regulamentado,Não,6.0,0.0,3.0,1.0,2.0,0.0,4.0,2.0,"-23,5821404","-51,45390599",SPRF-PR,DEL07-PR,UOP03-DEL07-PR
499094,2023-01-14,sábado,09:15:00,MG,116.0,"528,1",CARATINGA,Condutor deixou de manter distância do veículo da frente,Saída de leito carroçável,Sem Vítimas,Pleno dia,Decrescente,Céu Claro,Simples,Curva;Declive,Sim,2.0,0.0,0.0,0.0,1.0,1.0,0.0,2.0,"-19,794033","-42,13731414",SPRF-MG,DEL06-MG,UOP02-DEL06-MG
499097,2023-01-14,sábado,11:05:00,MG,40.0,549,NOVA LIMA,Velocidade Incompatível,Colisão traseira,Com Vítimas Feridas,Pleno dia,Crescente,Céu Claro,Dupla,Curva,Não,3.0,0.0,1.0,0.0,1.0,1.0,1.0,3.0,"-20,03972326","-43,96703232",SPRF-MG,DEL01-MG,UOP02-DEL01-MG
499098,2023-01-14,sábado,11:30:00,ES,101.0,"349,2",ANCHIETA,Mal súbito do condutor,Saída de leito carroçável,Com Vítimas Fatais,Pleno dia,Crescente,Céu Claro,Simples,Reta,Não,2.0,1.0,1.0,0.0,0.0,0.0,1.0,1.0,"-20,6527553","-40,64346758",SPRF-ES,DEL03-ES,UOP01-DEL03-ES
499100,2023-01-14,sábado,12:02:00,MG,356.0,"270,6",MURIAE,Condutor deixou de manter distância do veículo da frente,Colisão traseira,Com Vítimas Feridas,Pleno dia,Decrescente,Céu Claro,Simples,Reta,Não,2.0,0.0,1.0,0.0,0.0,1.0,1.0,2.0,"-21,12787353","-42,32590567",SPRF-MG,DEL07-MG,UOP02-DEL07-MG
499103,2023-01-14,sábado,10:00:00,MG,40.0,"737,7",SANTOS DUMONT,Demais falhas mecânicas ou elétricas,Tombamento,Sem Vítimas,Pleno dia,Decrescente,Céu Claro,Dupla,Declive,Não,2.0,0.0,0.0,0.0,1.0,1.0,0.0,2.0,"-21,38296999","-43,57033542",SPRF-MG,DEL05-MG,UOP01-DEL05-MG
499105,2023-01-14,sábado,12:00:00,PR,116.0,"94,5",SAO JOSE DOS PINHAIS,Condutor deixou de manter distância do veículo da frente,Colisão traseira,Com Vítimas Feridas,Pleno dia,Crescente,Céu Claro,Dupla,Reta,Sim,3.0,0.0,1.0,0.0,1.0,1.0,1.0,3.0,"-25,526505","-49,140332",SPRF-PR,DEL01-PR,UOP07-DEL01-PR