id,data_inversa,dia_semana,horario,uf,br,km,municipio,causa_acidente,tipo_acidente,classificacao_acidente,fase_dia,sentido_via,condicao_metereologica,tipo_pista,tracado_via,uso_solo,pessoas,mortos,feridos_leves,feridos_graves,ilesos,ignorados,feridos,veiculos,latitude,longitude,regional,delegacia,uop
499597,2023-01-16,segunda-feira,18:00:00,RS,392.0,"92,3",MORRO REDONDO,Reação tardia ou ineficiente do condutor,Colisão lateral sentido oposto,Com Vítimas Feridas,Pleno dia,Decrescente,Céu Claro,Simples,Declive,Não,4.0,0.0,1.0,0.0,2.0,4.0,1.0,7.0,"-31,59202994","-52,53032793",SPRF-RS,DEL07-RS,UOP01-DEL07-RS
499604,2023-01-16,segunda-feira,19:10:00,MG,381.0,513,IGARAPE,Reação tardia ou ineficiente do condutor,Colisão lateral mesmo sentido,Com Vítimas Feridas,Plena Noite,Crescente,Céu Claro,Múltipla,Reta,Sim,3.0,0.0,1.0,0.0,1.0,1.0,1.0,3.0,"-20,099993","-44,318903",SPRF-MG,DEL01-MG,UOP03-DEL01-MG
499605,2023-01-16,segunda-feira,18:45:00,SC,101.0,"274,1",IMBITUBA,Velocidade Incompatível,Colisão traseira,Com Vítimas Fatais,Anoitecer,Decrescente,Céu Claro,Dupla,Reta,Sim,3.0,1.0,1.0,0.0,1.0,0.0,1.0,2.0,"-28,1417472","-48,6920212",SPRF-SC,DEL02-SC,UOP03-DEL02-SC
499606,2023-01-16,segunda-feira,16:40:00,MS,158.0,76,PARANAIBA,Ausência de reação do condutor,Colisão traseira,Com Vítimas Feridas,Pleno dia,Crescente,Céu Claro,Simples,Aclive;Reta,Não,6.0,0.0,1.0,0.0,4.0,1.0,1.0,3.0,"-19,53525103","-51,26533504",SPRF-MS,DEL08-MS,UOP01-DEL08-MS
499610,2023-01-16,segunda-feira,17:00:00,MG,40.0,"57,1",PARACATU,Transitar na contramão,Colisão frontal,Com Vítimas Feridas,Pleno dia,Decrescente,Céu Claro,Simples,Reta,Não,7.0,0.0,0.0,4.0,1.0,3.0,4.0,5.0,"-17,29349791","-46,77346153",SPRF-MG,DEL14-MG,UOP01-DEL14-MG
499623,2023-01-16,segunda-feira,21:40:00,MG,262.0,541,LUZ,Avarias e/ou desgaste excessivo no pneu,Incêndio,Sem Vítimas,Plena Noite,Crescente,Céu Claro,Simples,Reta,Não,2.0,0.0,0.0,0.0,1.0,1.0,0.0,2.0,"-19,75771661","-45,81320299",SPRF-MG,DEL08-MG,UOP02-DEL08-MG
499631,2023-01-16,segunda-feira,20:10:00,MS,163.0,656,RIO VERDE DE MATO GROSSO,Reação tardia ou ineficiente do condutor,Saída de leito carroçável,Sem Vítimas,Plena Noite,Crescente,Céu Claro,Simples,Aclive,Não,3.0,0.0,0.0,0.0,2.0,3.0,0.0,4.0,"-19,10980596","-54,76245493",SPRF-MS,DEL06-MS,UOP02-DEL06-MS
499634,2023-01-16,segunda-feira,22:00:00,MS,163.0,772,COXIM,Ausência de reação do condutor,Tombamento,Com Vítimas Feridas,Plena Noite,Decrescente,Nublado,Simples,Reta,Não,2.0,0.0,1.0,0.0,0.0,2.0,1.0,3.0,"-18,15529422","-54,67066723",SPRF-MS,DEL06-MS,UOP01-DEL06-MS
499635,2023-01-16,segunda-feira,21:41:00,PR,277.0,"480,8",NOVA LARANJEIRAS,Demais falhas mecânicas ou elétricas,Incêndio,Sem Vítimas,Plena Noite,Crescente,Céu Claro,Simples,Reta;Aclive,Não,2.0,0.0,0.0,0.0,1.0,1.0,0.0,2.0,"-25,2857969","-52,58222295",SPRF-PR,DEL04-PR,UOP02-DEL04-PR
499644,2023-01-17,terça-feira,00:40:00,PR,376.0,669,GUARATUBA,Condutor deixou de manter distância do veículo da frente,Colisão traseira,Com Vítimas Feridas,Plena Noite,Crescente,Chuva,Dupla,Curva,Não,3.0,0.0,1.0,0.0,1.0,1.0,1.0,3.0,"-25,86958174","-48,93464712",SPRF-PR,DEL01-PR,UOP04-DEL01-PR
499645,2023-01-16,segunda-feira,22:20:00,SC,470.0,269,BRUNOPOLIS,Velocidade Incompatível,Tombamento,Com Vítimas Feridas,Plena Noite,Decrescente,Chuva,Simples,Curva,Não,1.0,0.0,1.0,0.0,0.0,0.0,1.0,1.0,"-27,31912401","-50,76580524",SPRF-SC,DEL07-SC,UOP06-DEL07-SC
499646,2023-01-17,terça-feira,02:05:00,MG,40.0,"417,9",CURVELO,Condutor Dormindo,Colisão traseira,Com Vítimas Feridas,Plena Noite,Crescente,Nublado,Simples,Aclive,Não,2.0,0.0,0.0,1.0,0.0,1.0,1.0,2.0,"-19,15620979","-44,59445792",SPRF-MG,DEL02-MG,UOP01-DEL02-MG
499647,2023-01-17,terça-feira,00:45:00,PE,232.0,133,CARUARU,Condutor Dormindo,Tombamento,Com Vítimas Feridas,Plena Noite,Crescente,Céu Claro,Dupla,Reta,Sim,1.0,0.0,1.0,0.0,0.0,0.0,1.0,1.0,"-8,29983303","-35,989662",SPRF-PE,DEL02-PE,UOP01-DEL02-PE
499648,2023-01-16,segunda-feira,19:30:00,MT,163.0,557,DIAMANTINO,Chuva,Colisão frontal,Com Vítimas Fatais,Plena Noite,Decrescente,Chuva,Simples,Reta,Não,8.0,1.0,5.0,1.0,0.0,2.0,6.0,4.0,"-14,2536656","-56,1397763",SPRF-MT,DEL01-MT,UOP01-DEL01-MT
499651,2023-01-17,terça-feira,02:00:00,RJ,493.0,52,DUQUE DE CAXIAS,Condutor Dormindo,Colisão com objeto,Com Vítimas Feridas,Plena Noite,Decrescente,Céu Claro,Múltipla,Reta,Sim,1.0,0.0,1.0,0.0,0.0,0.0,1.0,1.0,"-22,6660447","-43,3250838",SPRF-RJ,DEL01-RJ,UOP01-DEL01-RJ
499655,2023-01-17,terça-feira,04:00:00,MG,381.0,921,CAMANDUCAIA,Velocidade Incompatível,Colisão com objeto,Com Vítimas Feridas,Plena Noite,Crescente,Nublado,Dupla,Declive;Curva,Não,2.0,0.0,1.0,0.0,0.0,1.0,1.0,2.0,"-22,7680939","-46,20854399",SPRF-MG,DEL16-MG,UOP03-DEL16-MG
499656,2023-01-16,segunda-feira,23:25:00,MG,262.0,"542,3",LUZ,Ausência de sinalização,Colisão com objeto,Com Vítimas Feridas,Plena Noite,Decrescente,Vento,Simples,Reta;Declive,Não,3.0,0.0,0.0,1.0,1.0,3.0,1.0,5.0,"-19,75250409","-45,81968114",SPRF-MG,DEL08-MG,UOP02-DEL08-MG
499659,2023-01-17,terça-feira,03:48:00,TO,230.0,128,ARAGUATINS,Ausência de reação do condutor,Tombamento,Com Vítimas Feridas,Amanhecer,Crescente,Nublado,Simples,Curva,Não,5.0,0.0,1.0,1.0,0.0,3.0,2.0,3.0,"-5,78393405","-48,02665238",SPRF-TO,DEL02-TO,UOP03-DEL02-TO
499660,2023-01-17,terça-feira,06:15:00,ES,101.0,125,SOORETAMA,Problema com o freio,Colisão traseira,Com Vítimas Feridas,Amanhecer,Crescente,Céu Claro,Simples,Reta,Sim,4.0,0.0,1.0,0.0,2.0,3.0,1.0,6.0,"-19,18496498","-40,09429827",SPRF-ES,DEL04-ES,UOP01-DEL04-ES
499661,2023-01-16,segunda-feira,11:00:00,MG,116.0,"412,8",GOVERNADOR VALADARES,Acessar a via sem observar a presença dos outros veículos,Colisão lateral mesmo sentido,Com Vítimas Feridas,Pleno dia,Crescente,Céu Claro,Dupla,Reta,Sim,3.0,0.0,2.0,0.0,1.0,0.0,2.0,2.0,"-18,86882342","-41,97144241",SPRF-MG,DEL06-MG,UOP01-DEL06-MG
499663,2023-01-17,terça-feira,02:00:00,MG,116.0,"646,5",FERVEDOURO,Condutor Dormindo,Colisão lateral sentido oposto,Com Vítimas Feridas,Plena Noite,Decrescente,Ignorado,Simples,Curva,Não,2.0,0.0,0.0,1.0,1.0,0.0,1.0,2.0,"-20,69799444","-42,27506876",SPRF-MG,DEL07-MG,UOP03-DEL07-MG
499664,2023-01-16,segunda-feira,15:30:00,CE,222.0,126,ITAPAJE,Ingestão de álcool e/ou substâncias psicoativas pelo pedestre,Colisão lateral mesmo sentido,Com Vítimas Feridas,Pleno dia,Crescente,Céu Claro,Simples,Reta,Não,2.0,0.0,1.0,0.0,0.0,1.0,1.0,2.0,"-3,69613087","-39,6007584",SPRF-CE,DEL04-CE,UOP03-DEL04-CE
499665,2023-01-17,terça-feira,06:50:00,SC,101.0,137,BALNEARIO CAMBORIU,Condutor deixou de manter distância do veículo da frente,Colisão lateral mesmo sentido,Com Vítimas Feridas,Pleno dia,Crescente,Céu Claro,Simples,Reta,Sim,3.0,0.0,0.0,1.0,1.0,2.0,1.0,4.0,"-27,0157238","-48,61192763",SPRF-SC,DEL04-SC,UOP03-DEL04-SC
499673,2023-01-17,terça-feira,07:50:00,SC,101.0,127,ITAJAI,Reação tardia ou ineficiente do condutor,Colisão traseira,Com Vítimas Feridas,Pleno dia,Decrescente,Céu Claro,Dupla,Reta,Não,2.0,0.0,1.0,0.0,1.0,0.0,1.0,2.0,"-26,9639319","-48,68328024",SPRF-SC,DEL04-SC,UOP04-DEL04-SC
499678,2023-01-17,terça-feira,08:10:00,PR,116.0,"46,9",CAMPINA GRANDE DO SUL,Velocidade Incompatível,Tombamento,Sem Vítimas,Pleno dia,Crescente,Nublado,Dupla,Curva,Não,2.0,0.0,0.0,0.0,1.0,1.0,0.0,2.0,"-25,20185401","-48,8962139",SPRF-PR,DEL01-PR,UOP02-DEL01-PR
499682,2023-01-17,terça-feira,07:45:00,MG,365.0,"429,8",PATOS DE MINAS,Reação tardia ou ineficiente do condutor,Colisão traseira,Com Vítimas Feridas,Pleno dia,Decrescente,Céu Claro,Simples,Reta,Não,7.0,0.0,3.0,0.0,3.0,4.0,3.0,7.0,"-18,7571266","-46,65766952",SPRF-MG,DEL10-MG,UOP01-DEL10-MG
499687,2023-01-17,terça-feira,07:30:00,PR,277.0,"516,8",GUARANIACU,Ultrapassagem Indevida,Colisão frontal,Com Vítimas Feridas,Pleno dia,Crescente,Céu Claro,Simples,Declive;Reta,Não,3.0,0.0,0.0,1.0,1.0,1.0,1.0,3.0,"-25,11722483","-52,81349172",SPRF-PR,DEL04-PR,UOP04-DEL04-PR
499691,2023-01-17,terça-feira,09:13:00,PE,101.0,73,RECIFE,Ausência de reação do condutor,Tombamento,Com Vítimas Feridas,Pleno dia,Crescente,Sol,Dupla,Curva,Sim,3.0,0.0,1.0,0.0,1.0,1.0,1.0,3.0,"-8,093369","-34,947464",SPRF-PE,DEL01-PE,UOP01-DEL01-PE
499694,2023-01-17,terça-feira,08:00:00,PR,277.0,"515,9",GUARANIACU,Obstrução na via,Colisão traseira,Com Vítimas Feridas,Pleno dia,Crescente,Chuva,Simples,Reta,Não,4.0,0.0,0.0,1.0,2.0,2.0,1.0,5.0,"-25,12174422","-52,80554699",SPRF-PR,DEL04-PR,UOP04-DEL04-PR
499696,2023-01-17,terça-feira,10:00:00,DF,70.0,"11,4",BRASILIA,Ausência de reação do condutor,Colisão traseira,Com Vítimas Feridas,Pleno dia,Crescente,Céu Claro,Dupla,Reta,Sim,3.0,0.0,1.0,0.0,2.0,0.0,1.0,3.0,"-15,790747","-48,15377",SPRF-DF,DEL03-DF,UOP02-DEL03-DF
499698,2023-01-17,terça-feira,09:45:00,PR,153.0,"31,7",SANTO ANTONIO DA PLATINA,Manobra de mudança de faixa,Colisão frontal,Com Vítimas Feridas,Pleno dia,Decrescente,Céu Claro,Simples,Reta,Não,4.0,0.0,0.0,1.0,1.0,2.0,1.0,4.0,"-23,22262134","-50,02015382",SPRF-PR,DEL07-PR,UOP04-DEL07-PR
499700,2023-01-17,terça-feira,06:30:00,AL,101.0,28,JOAQUIM GOMES,Reação tardia ou ineficiente do condutor,Colisão lateral sentido oposto,Com Vítimas Feridas,Pleno dia,Crescente,Céu Claro,Simples,Curva;Aclive,Não,3.0,0.0,1.0,1.0,1.0,0.0,2.0,2.0,"-9,06864496","-35,74109702",SPRF-AL,DEL01-AL,UOP02-DEL01-AL
499709,2023-01-17,terça-feira,11:30:00,TO,153.0,345,GUARAI,Velocidade Incompatível,Colisão traseira,Com Vítimas Feridas,Pleno dia,Crescente,Sol,Simples,Reta,Não,8.0,0.0,2.0,1.0,4.0,1.0,3.0,3.0,"-8,93568917","-48,50773634",SPRF-TO,DEL02-TO,UOP02-DEL02-TO
499713,2023-01-17,terça-feira,12:20:00,SC,282.0,"425,5",VARGEM BONITA,Chuva,Colisão lateral sentido oposto,Com Vítimas Feridas,Pleno dia,Crescente,Chuva,Simples,Aclive;Curva,Não,5.0,0.0,3.0,0.0,1.0,2.0,3.0,4.0,"-26,982269","-51,75414",SPRF-SC,DEL07-SC,UOP05-DEL07-SC
499714,2023-01-17,terça-feira,12:40:00,PB,230.0,"64,4",SAO MIGUEL DE TAIPU,Acumulo de água sobre o pavimento,Saída de leito carroçável,Com Vítimas Feridas,Pleno dia,Decrescente,Chuva,Dupla,Curva,Não,4.0,0.0,2.0,2.0,0.0,0.0,4.0,3.0,"-7,19100704","-35,18355366",SPRF-PB,DEL01-PB,UOP03-DEL01-PB
499721,2023-01-17,terça-feira,10:00:00,MG,381.0,449,SANTA LUZIA,Demais falhas mecânicas ou elétricas,Incêndio,Sem Vítimas,Pleno dia,Decrescente,Céu Claro,Dupla,Reta;Aclive,Sim,2.0,0.0,0.0,0.0,1.0,1.0,0.0,2.0,"-19,82380006","-43,83021355",SPRF-MG,DEL01-MG,UOP01-DEL01-MG
499735,2023-01-17,terça-feira,14:45:00,PR,376.0,506,PONTA GROSSA,Reação tardia ou ineficiente do condutor,Engavetamento,Com Vítimas Feridas,Pleno dia,Decrescente,Chuva,Dupla,Reta;Declive,Não,6.0,0.0,1.0,0.0,4.0,1.0,1.0,6.0,"-25,241402","-50,029533",SPRF-PR,DEL03-PR,UOP04-DEL03-PR
499736,2023-01-17,terça-feira,15:30:00,SP,153.0,"68,5",SAO JOSE DO RIO PRETO,Reação tardia ou ineficiente do condutor,Colisão traseira,Com Vítimas Feridas,Pleno dia,Crescente,Céu Claro,Dupla,Curva,Sim,3.0,0.0,0.0,1.0,2.0,0.0,1.0,2.0,"-20,8505829","-49,383795",SPRF-SP,DEL09-SP,UOP01-DEL09-SP
499739,2023-01-17,terça-feira,15:13:00,PR,277.0,"1,3",PARANAGUA,Acessar a via sem observar a presença dos outros veículos,Colisão lateral mesmo sentido,Com Vítimas Feridas,Pleno dia,Decrescente,Nublado,Simples,Rotatória,Sim,3.0,0.0,0.0,1.0,1.0,2.0,1.0,4.0,"-25,5205","-48,5095",SPRF-PR,DEL01-PR,UOP05-DEL01-PR
499747,2023-01-17,terça-feira,16:00:00,MG,40.0,570,ITABIRITO,Mal súbito do condutor,Colisão lateral sentido oposto,Com Vítimas Feridas,Pleno dia,Decrescente,Céu Claro,Simples,Reta,Sim,3.0,0.0,1.0,0.0,1.0,1.0,1.0,3.0,"-20,21286706","-43,97263241",SPRF-MG,DEL01-MG,UOP02-DEL01-MG
499753,2023-01-17,terça-feira,15:40:00,GO,20.0,"88,7",VILA BOA,Condutor deixou de manter distância do veículo da frente,Colisão traseira,Com Vítimas Feridas,Pleno dia,Decrescente,Sol,Simples,Curva,Sim,9.0,0.0,1.0,0.0,5.0,5.0,1.0,6.0,"-15,035155","-47,056973",SPRF-DF,DEL02-DF,UOP02-DEL02-DF
499756,2023-01-11,quarta-feira,22:25:00,RS,471.0,"459,2",RIO GRANDE,Acessar a via sem observar a presença dos outros veículos,Colisão lateral mesmo sentido,Com Vítimas Feridas,Plena Noite,Decrescente,Céu Claro,Simples,Reta,Não,2.0,0.0,0.0,1.0,1.0,0.0,1.0,2.0,"-32,074825","-52,26466",SPRF-RS,DEL07-RS,UOP02-DEL07-RS
499759,2023-01-17,terça-feira,17:35:00,RN,101.0,"102,4",PARNAMIRIM,Condutor deixou de manter distância do veículo da frente,Colisão lateral mesmo sentido,Sem Vítimas,Pleno dia,Crescente,Nublado,Dupla,Interseção de Vias;Curva,Sim,2.0,0.0,0.0,0.0,2.0,0.0,0.0,2.0,"-5,88873762","-35,24278879",SPRF-RN,DEL01-RN,UOP01-DEL01-RN
499761,2023-01-17,terça-feira,17:30:00,CE,116.0,21,AQUIRAZ,Condutor deixou de manter distância do veículo da frente,Colisão traseira,Com Vítimas Feridas,Pleno dia,Decrescente,Céu Claro,Dupla,Reta,Sim,5.0,0.0,1.0,3.0,0.0,1.0,4.0,4.0,"-3,93175901","-38,50825087",SPRF-CE,DEL01-CE,UOP02-DEL01-CE
499766,2023-01-17,terça-feira,16:40:00,SE,349.0,"4,4",NOSSA SENHORA DO SOCORRO,Manobra de mudança de faixa,Tombamento,Com Vítimas Feridas,Pleno dia,Crescente,Sol,Dupla,Aclive,Sim,2.0,0.0,1.0,0.0,1.0,0.0,1.0,2.0,"-10,90650933","-37,11561978",SPRF-SE,DEL01-SE,UOP01-DEL01-SE
499769,2023-01-17,terça-feira,17:10:00,RS,470.0,241,BARAO,Acessar a via sem observar a presença dos outros veículos,Colisão transversal,Com Vítimas Fatais,Pleno dia,Crescente,Nublado,Simples,Reta;Aclive,Não,2.0,1.0,0.0,0.0,1.0,0.0,0.0,2.0,"-29,36107276","-51,5198493",SPRF-RS,DEL06-RS,UOP01-DEL06-RS
499782,2023-01-17,terça-feira,17:30:00,AL,316.0,"241,4",ATALAIA,Ingestão de álcool pelo condutor,Colisão lateral mesmo sentido,Com Vítimas Feridas,Amanhecer,Crescente,Céu Claro,Simples,Reta,Sim,3.0,0.0,0.0,1.0,1.0,1.0,1.0,3.0,"-9,5015368","-36,0262847",SPRF-AL,DEL01-AL,UOP01-DEL01-AL
499792,2023-01-17,terça-feira,09:10:00,MG,262.0,435,NOVA SERRANA,Velocidade Incompatível,Engavetamento,Com Vítimas Feridas,Pleno dia,Decrescente,Céu Claro,Simples,Reta,Não,3.0,0.0,1.0,0.0,1.0,1.0,1.0,3.0,"-19,89666118","-44,85116191",SPRF-MG,DEL08-MG,UOP03-DEL08-MG
499795,2023-01-17,terça-feira,21:07:00,SP,116.0,"315,8",JUQUITIBA,Conversão proibida,Colisão transversal,Com Vítimas Feridas,Plena Noite,Decrescente,Nublado,Dupla,Reta,Não,2.0,0.0,0.0,1.0,1.0,0.0,1.0,2.0,"-23,90251888","-46,99049317",SPRF-SP,DEL04-SP,UOP03-DEL04-SP
499797,2023-01-17,terça-feira,21:45:00,MG,50.0,176,UBERABA,Demais falhas mecânicas ou elétricas,Colisão com objeto,Com Vítimas Feridas,Plena Noite,Decrescente,Céu Claro,Dupla,Reta;Aclive,Sim,3.0,0.0,2.0,0.0,1.0,0.0,2.0,1.0,"-19,77919981","-47,960032",SPRF-MG,DEL13-MG,UOP01-DEL13-MG
499805,2023-01-17,terça-feira,20:20:00,PR,163.0,"116,6",CAPANEMA,Velocidade Incompatível,Tombamento,Com Vítimas Fatais,Anoitecer,Decrescente,Nublado,Dupla,Curva;Aclive,Não,3.0,1.0,0.0,0.0,0.0,4.0,0.0,5.0,"-25,595093","-53,629269",SPRF-PR,DEL02-PR,UOP02-DEL02-PR
499810,2023-01-17,terça-feira,19:00:00,PI,343.0,"328,7",TERESINA,Obstrução na via,Colisão lateral sentido oposto,Sem Vítimas,Plena Noite,Decrescente,Chuva,Simples,Reta,Não,3.0,0.0,0.0,0.0,3.0,0.0,0.0,2.0,"-5,069324","-42,634327",SPRF-PI,DEL01-PI,UOP01-DEL01-PI
499812,2023-01-17,terça-feira,23:10:00,ES,101.0,"337,6",GUARAPARI,Manobra de mudança de faixa,Colisão lateral mesmo sentido,Com Vítimas Feridas,Plena Noite,Decrescente,Céu Claro,Dupla,Em Obras;Curva,Não,6.0,0.0,2.0,0.0,4.0,0.0,2.0,2.0,"-20,639","-40,545",SPRF-ES,DEL03-ES,UOP01-DEL03-ES
499818,2023-01-18,quarta-feira,00:40:00,SC,101.0,"38,8",JOINVILLE,Ingestão de álcool pelo condutor,Colisão lateral mesmo sentido,Com Vítimas Feridas,Plena Noite,Crescente,Nublado,Dupla,Reta,Sim,3.0,0.0,1.0,1.0,0.0,1.0,2.0,3.0,"-26,30039804","-48,88364553",SPRF-SC,DEL03-SC,UOP01-DEL03-SC
499819,2023-01-17,terça-feira,22:15:00,MG,262.0,"608,1",CAMPOS ALTOS,Condutor Dormindo,Saída de leito carroçável,Com Vítimas Feridas,Plena Noite,Decrescente,Céu Claro,Simples,Reta,Não,1.0,0.0,1.0,0.0,0.0,0.0,1.0,1.0,"-19,600846","-46,286477",SPRF-MG,DEL08-MG,UOP02-DEL08-MG
499823,2023-01-18,quarta-feira,01:50:00,RJ,101.0,"120,5",CAMPOS DOS GOYTACAZES,Ausência de reação do condutor,Colisão traseira,Com Vítimas Fatais,Plena Noite,Crescente,Céu Claro,Dupla,Reta,Sim,2.0,1.0,0.0,0.0,1.0,0.0,0.0,2.0,"-22,031519","-41,69353",SPRF-RJ,DEL08-RJ,UOP02-DEL08-RJ
499824,2023-01-18,quarta-feira,01:30:00,MG,354.0,"732,3",POUSO ALTO,Velocidade Incompatível,Tombamento,Com Vítimas Fatais,Plena Noite,Crescente,Nublado,Simples,Curva;Declive,Não,1.0,1.0,0.0,0.0,0.0,0.0,0.0,1.0,"-22,17502858","-44,97005105",SPRF-MG,DEL17-MG,UOP01-DEL17-MG
499835,2023-01-18,quarta-feira,03:50:00,BA,407.0,"34,4",JUAZEIRO,Ausência de reação do condutor,Saída de leito carroçável,Com Vítimas Feridas,Amanhecer,Decrescente,Nublado,Simples,Reta;Ponte,Não,1.0,0.0,0.0,1.0,0.0,0.0,1.0,1.0,"-9,71448877","-40,36273051",SPRF-BA,DEL04-BA,UOP01-DEL04-BA
499837,2023-01-18,quarta-feira,06:09:00,SC,101.0,119,ITAJAI,Ausência de reação do condutor,Colisão traseira,Com Vítimas Feridas,Amanhecer,Decrescente,Nublado,Dupla,Reta,Sim,2.0,0.0,1.0,0.0,0.0,1.0,1.0,2.0,"-26,9043179","-48,71555481",SPRF-SC,DEL04-SC,UOP04-DEL04-SC
499841,2023-01-18,quarta-feira,05:15:00,GO,452.0,55,RIO VERDE,Ausência de reação do condutor,Colisão traseira,Com Vítimas Feridas,Amanhecer,Decrescente,Céu Claro,Simples,Declive,Não,4.0,0.0,1.0,0.0,2.0,2.0,1.0,4.0,"-17,98329165","-50,43329182",SPRF-GO,DEL04-GO,UOP01-DEL04-GO
499842,2023-01-18,quarta-feira,07:15:00,PB,230.0,23,JOAO PESSOA,Reação tardia ou ineficiente do condutor,Colisão lateral mesmo sentido,Com Vítimas Feridas,Pleno dia,Decrescente,Chuva,Dupla,Reta;Aclive,Sim,3.0,0.0,2.0,0.0,1.0,0.0,2.0,2.0,"-7,1562","-34,8574",SPRF-PB,DEL01-PB,UOP01-DEL01-PB
499846,2023-01-18,quarta-feira,07:30:00,ES,101.0,"271,5",SERRA,Condutor deixou de manter distância do veículo da frente,Colisão traseira,Com Vítimas Feridas,Pleno dia,Decrescente,Chuva,Dupla,Reta,Sim,2.0,0.0,0.0,1.0,1.0,0.0,1.0,2.0,"-20,23267","-40,27658",SPRF-ES,DEL02-ES,UOP01-DEL02-ES
499849,2023-01-18,quarta-feira,00:05:00,MT,364.0,"556,8",ROSARIO OESTE,Desrespeitar a preferência no cruzamento,Colisão transversal,Com Vítimas Feridas,Plena Noite,Decrescente,Nublado,Dupla,Rotatória,Não,5.0,0.0,2.0,0.0,2.0,2.0,2.0,4.0,"-14,80810606","-56,41299395",SPRF-MT,DEL01-MT,UOP01-DEL01-MT
499850,2023-01-17,terça-feira,12:05:00,BA,110.0,"223,7",NOVA SOURE,Manobra de mudança de faixa,Colisão frontal,Com Vítimas Fatais,Pleno dia,Crescente,Céu Claro,Simples,Reta,Não,3.0,1.0,0.0,0.0,1.0,1.0,0.0,3.0,"-11,28631368","-38,42857372",SPRF-BA,DEL07-BA,UOP02-DEL07-BA
499852,2023-01-16,segunda-feira,17:45:00,SC,282.0,"513,8",XAXIM,Ausência de reação do condutor,Tombamento,Com Vítimas Feridas,Pleno dia,Crescente,Sol,Simples,Reta;Aclive,Não,2.0,0.0,1.0,0.0,0.0,1.0,1.0,2.0,"-26,91486","-52,480682",SPRF-SC,DEL07-SC,UOP01-DEL07-SC
499857,2023-01-18,quarta-feira,07:28:00,MG,40.0,531,CONTAGEM,Condutor deixou de manter distância do veículo da frente,Colisão traseira,Com Vítimas Feridas,Pleno dia,Crescente,Céu Claro,Dupla,Reta,Sim,2.0,0.0,0.0,1.0,1.0,0.0,1.0,2.0,"-19,91962483","-44,02522683",SPRF-MG,DEL01-MG,UOP02-DEL01-MG
499858,2023-01-18,quarta-feira,08:30:00,CE,222.0,17,CAUCAIA,Condutor deixou de manter distância do veículo da frente,Colisão traseira,Com Vítimas Feridas,Pleno dia,Decrescente,Garoa/Chuvisco,Simples,Reta;Em Obras,Não,4.0,0.0,1.0,0.0,2.0,1.0,1.0,4.0,"-3,75327316","-38,71134808",SPRF-CE,DEL01-CE,UOP01-DEL01-CE
499876,2023-01-18,quarta-feira,09:00:00,MG,40.0,547,NOVA LIMA,Condutor deixou de manter distância do veículo da frente,Colisão traseira,Sem Vítimas,Pleno dia,Decrescente,Céu Claro,Dupla,Declive,Não,2.0,0.0,0.0,0.0,2.0,0.0,0.0,2.0,"-20,02252424","-43,97026042",SPRF-MG,DEL01-MG,UOP02-DEL01-MG
499878,2023-01-18,quarta-feira,09:40:00,RS,158.0,322,SANTA MARIA,Manobra de mudança de faixa,Colisão lateral mesmo sentido,Sem Vítimas,Pleno dia,Crescente,Céu Claro,Simples,Reta;Aclive;Viaduto,Não,4.0,0.0,0.0,0.0,3.0,2.0,0.0,4.0,"-29,7037466","-53,79524635",SPRF-RS,DEL09-RS,UOP01-DEL09-RS
499883,2023-01-18,quarta-feira,07:30:00,RS,392.0,194,SANTANA DA BOA VISTA,Ausência de reação do condutor,Tombamento,Com Vítimas Feridas,Pleno dia,Decrescente,Céu Claro,Simples,Reta,Não,2.0,0.0,1.0,0.0,0.0,1.0,1.0,2.0,"-30,91242801","-53,10603527",SPRF-RS,DEL09-RS,UOP02-DEL09-RS
499884,2023-01-18,quarta-feira,12:05:00,RS,116.0,"524,8",PELOTAS,Desrespeitar a preferência no cruzamento,Colisão transversal,Com Vítimas Feridas,Pleno dia,Decrescente,Nublado,Dupla,Viaduto;Interseção de Vias;Rotatória,Sim,5.0,0.0,1.0,0.0,4.0,0.0,1.0,2.0,"-31,72863738","-52,38746675",SPRF-RS,DEL07-RS,UOP01-DEL07-RS
499887,2023-01-18,quarta-feira,11:00:00,CE,116.0,"119,5",RUSSAS,Reação tardia ou ineficiente do condutor,Colisão traseira,Com Vítimas Feridas,Pleno dia,Decrescente,Céu Claro,Simples,Aclive;Em Obras;Reta,Não,4.0,0.0,1.0,0.0,1.0,3.0,1.0,5.0,"-4,621847","-38,182728",SPRF-CE,DEL03-CE,UOP01-DEL03-CE
499888,2023-01-18,quarta-feira,09:05:00,GO,153.0,"631,5",MORRINHOS,Condutor usando celular,Colisão lateral mesmo sentido,Com Vítimas Feridas,Pleno dia,Crescente,Céu Claro,Dupla,Reta,Não,5.0,0.0,2.0,1.0,1.0,3.0,3.0,5.0,"-17,8017","-49,2067",SPRF-GO,DEL03-GO,UOP01-DEL03-GO
499889,2023-01-18,quarta-feira,07:50:00,PI,316.0,"5,5",TERESINA,Manobra de mudança de faixa,Colisão lateral mesmo sentido,Com Vítimas Feridas,Pleno dia,Crescente,Céu Claro,Múltipla,Reta,Sim,4.0,0.0,1.0,0.0,1.0,2.0,1.0,3.0,"-5,14169858","-42,78157276",SPRF-PI,DEL01-PI,UOP02-DEL01-PI