id,data_inversa,dia_semana,horario,uf,br,km,municipio,causa_acidente,tipo_acidente,classificacao_acidente,fase_dia,sentido_via,condicao_metereologica,tipo_pista,tracado_via,uso_solo,pessoas,mortos,feridos_leves,feridos_graves,ilesos,ignorados,feridos,veiculos,latitude,longitude,regional,delegacia,uop
500233,2023-01-20,sexta-feira,10:40:00,CE,116.0,3,FORTALEZA,Velocidade Incompatível,Engavetamento,Com Vítimas Feridas,Pleno dia,Crescente,Chuva,Múltipla,Reta,Sim,3.0,0.0,1.0,0.0,2.0,0.0,1.0,3.0,"-3,77866493","-38,51490171",SPRF-CE,DEL01-CE,UOP02-DEL01-CE
500242,2023-01-20,sexta-feira,09:15:00,SC,282.0,62,RANCHO QUEIMADO,Transitar na contramão,Saída de leito carroçável,Sem Vítimas,Pleno dia,Decrescente,Céu Claro,Simples,Reta;Declive,Não,4.0,0.0,0.0,0.0,2.0,2.0,0.0,3.0,"-27,688046","-49,037033",SPRF-SC,DEL01-SC,UOP03-DEL01-SC
500244,2023-01-20,sexta-feira,07:50:00,SC,116.0,"86,8",MONTE CASTELO,Transitar na contramão,Colisão lateral sentido oposto,Com Vítimas Feridas,Pleno dia,Decrescente,Nublado,Simples,Curva,Não,5.0,0.0,0.0,1.0,3.0,2.0,1.0,5.0,"-26,60977491","-50,22937022",SPRF-SC,DEL06-SC,UOP02-DEL06-SC
500250,2023-01-08,domingo,16:30:00,RS,293.0,259,DOM PEDRITO,Manobra de mudança de faixa,Colisão lateral sentido oposto,Com Vítimas Fatais,Pleno dia,Crescente,Céu Claro,Simples,Reta,Não,3.0,1.0,0.0,0.0,1.0,2.0,0.0,4.0,"-30,9353215","-54,74517219",SPRF-RS,DEL11-RS,UOP01-DEL11-RS
500254,2023-01-20,sexta-feira,10:15:00,SC,101.0,312,LAGUNA,Reação tardia ou ineficiente do condutor,Colisão traseira,Com Vítimas Feridas,Pleno dia,Crescente,Sol,Dupla,Reta;Em Obras;Declive,Não,4.0,0.0,0.0,1.0,3.0,0.0,1.0,4.0,"-28,433701","-48,806344",SPRF-SC,DEL02-SC,UOP01-DEL02-SC
500261,2023-01-20,sexta-feira,14:25:00,PE,232.0,"12,1",RECIFE,Ausência de reação do condutor,Colisão traseira,Com Vítimas Feridas,Pleno dia,Decrescente,Céu Claro,Dupla,Reta,Sim,3.0,0.0,1.0,0.0,1.0,1.0,1.0,3.0,"-8,08577691","-35,00345603",SPRF-PE,DEL01-PE,UOP01-DEL01-PE
500272,2023-01-20,sexta-feira,13:45:00,MG,381.0,"710,2",CARMO DA CACHOEIRA,Chuva,Colisão com objeto,Com Vítimas Feridas,Pleno dia,Crescente,Chuva,Dupla,Curva,Não,2.0,0.0,1.0,0.0,1.0,0.0,1.0,1.0,"-21,38614615","-45,1948603",SPRF-MG,DEL04-MG,UOP02-DEL04-MG
500273,2023-01-20,sexta-feira,15:00:00,SC,280.0,"44,5",GUARAMIRIM,Reação tardia ou ineficiente do condutor,Saída de leito carroçável,Com Vítimas Feridas,Pleno dia,Crescente,Sol,Simples,Reta,Não,2.0,0.0,1.0,0.0,0.0,1.0,1.0,2.0,"-26,45228544","-48,8951683",SPRF-SC,DEL03-SC,UOP03-DEL03-SC
500274,2023-01-17,terça-feira,10:00:00,BA,242.0,357,LENCOIS,Reação tardia ou ineficiente do condutor,Colisão traseira,Sem Vítimas,Pleno dia,Decrescente,Nublado,Simples,Reta,Não,13.0,0.0,0.0,0.0,12.0,3.0,0.0,8.0,"-12,47066702","-41,36624402",SPRF-BA,DEL08-BA,UOP04-DEL08-BA
500275,2023-01-20,sexta-feira,11:50:00,SC,101.0,112,NAVEGANTES,Condutor deixou de manter distância do veículo da frente,Colisão traseira,Com Vítimas Feridas,Pleno dia,Crescente,Céu Claro,Dupla,Aclive;Reta;Ponte,Não,4.0,0.0,1.0,0.0,2.0,2.0,1.0,4.0,"-26,84356253","-48,71857166",SPRF-SC,DEL04-SC,UOP04-DEL04-SC
500277,2023-01-20,sexta-feira,12:00:00,SC,470.0,2,NAVEGANTES,Ultrapassagem Indevida,Colisão lateral mesmo sentido,Com Vítimas Feridas,Pleno dia,Crescente,Céu Claro,Múltipla,Reta;Interseção de Vias;Em Obras,Sim,3.0,0.0,1.0,0.0,1.0,1.0,1.0,3.0,"-26,868551","-48,674831",SPRF-SC,DEL04-SC,UOP04-DEL04-SC
500278,2023-01-20,sexta-feira,14:30:00,SC,470.0,12,NAVEGANTES,Condutor deixou de manter distância do veículo da frente,Colisão traseira,Com Vítimas Feridas,Pleno dia,Decrescente,Céu Claro,Dupla,Reta,Não,3.0,0.0,1.0,0.0,1.0,1.0,1.0,3.0,"-26,835169","-48,757267",SPRF-SC,DEL04-SC,UOP04-DEL04-SC
500282,2023-01-20,sexta-feira,16:30:00,GO,153.0,"631,2",MORRINHOS,Condutor Dormindo,Saída de leito carroçável,Com Vítimas Feridas,Pleno dia,Crescente,Céu Claro,Dupla,Reta,Não,3.0,0.0,1.0,1.0,0.0,1.0,2.0,2.0,"-17,7942","-49,2016",SPRF-GO,DEL03-GO,UOP01-DEL03-GO
500285,2023-01-20,sexta-feira,15:55:00,MA,135.0,"7,4",SAO LUIS,Reação tardia ou ineficiente do condutor,Colisão traseira,Sem Vítimas,Pleno dia,Decrescente,Céu Claro,Dupla,Retorno Regulamentado,Sim,2.0,0.0,0.0,0.0,2.0,0.0,0.0,2.0,"-2,63608835","-44,26848552",SPRF-MA,DEL01-MA,UOP01-DEL01-MA
500286,2023-01-20,sexta-feira,16:40:00,MG,50.0,"27,6",ARAGUARI,Velocidade Incompatível,Tombamento,Com Vítimas Feridas,Pleno dia,Crescente,Nublado,Dupla,Reta;Aclive,Não,2.0,0.0,0.0,1.0,0.0,1.0,1.0,2.0,"-18,61943321","-48,09375199",SPRF-MG,DEL15-MG,UOP02-DEL15-MG
500289,2023-01-20,sexta-feira,16:50:00,SC,101.0,202,SAO JOSE,Ausência de reação do condutor,Engavetamento,Com Vítimas Feridas,Pleno dia,Crescente,Céu Claro,Múltipla,Reta,Sim,9.0,0.0,4.0,0.0,4.0,2.0,4.0,7.0,"-27,55711595","-48,61897889",SPRF-SC,DEL01-SC,UOP01-DEL01-SC
500295,2023-01-20,sexta-feira,15:40:00,MT,70.0,"521,6",VARZEA GRANDE,Reação tardia ou ineficiente do condutor,Colisão traseira,Com Vítimas Fatais,Pleno dia,Decrescente,Céu Claro,Simples,Reta,Sim,2.0,1.0,0.0,0.0,1.0,0.0,0.0,2.0,"-15,66793061","-56,18183266",SPRF-MT,DEL01-MT,UOP02-DEL01-MT
500303,2023-01-20,sexta-feira,16:50:00,RS,101.0,"9,7",TORRES,Acessar a via sem observar a presença dos outros veículos,Colisão traseira,Com Vítimas Feridas,Pleno dia,Crescente,Céu Claro,Dupla,Reta,Não,4.0,0.0,1.0,0.0,2.0,2.0,1.0,4.0,"-29,36685801","-49,81514399",SPRF-RS,DEL03-RS,UOP02-DEL03-RS
500310,2023-01-20,sexta-feira,17:29:00,ES,101.0,295,CARIACICA,Condutor deixou de manter distância do veículo da frente,Colisão traseira,Com Vítimas Feridas,Anoitecer,Decrescente,Chuva,Dupla,Reta;Declive,Sim,4.0,0.0,2.0,0.0,2.0,0.0,2.0,3.0,"-20,33223667","-40,40004683",SPRF-ES,DEL01-ES,UOP01-DEL01-ES
500317,2023-01-20,sexta-feira,17:00:00,MT,70.0,282,PRIMAVERA DO LESTE,Acessar a via sem observar a presença dos outros veículos,Colisão transversal,Com Vítimas Feridas,Pleno dia,Crescente,Céu Claro,Simples,Reta,Sim,4.0,0.0,1.0,0.0,2.0,3.0,1.0,6.0,"-15,57124297","-54,31324402",SPRF-MT,DEL05-MT,UOP01-DEL05-MT
500321,2023-01-22,domingo,13:20:00,CE,304.0,"50,3",ARACATI,Ingestão de álcool pelo condutor,Colisão transversal,Com Vítimas Feridas,Pleno dia,Decrescente,Céu Claro,Dupla,Reta;Interseção de Vias,Sim,3.0,0.0,1.0,0.0,2.0,0.0,1.0,2.0,"-4,57352926","-37,76245988",SPRF-CE,DEL03-CE,UOP03-DEL03-CE
500324,2023-01-22,domingo,09:30:00,BA,242.0,822,BARREIRAS,Reação tardia ou ineficiente do condutor,Tombamento,Sem Vítimas,Pleno dia,Decrescente,Garoa/Chuvisco,Simples,Reta,Sim,2.0,0.0,0.0,0.0,1.0,2.0,0.0,3.0,"-12,11990727","-45,04979699",SPRF-BA,DEL10-BA,UOP01-DEL10-BA
500332,2023-01-22,domingo,21:30:00,PR,153.0,76,CONSELHEIRO MAIRINCK,Ausência de reação do condutor,Saída de leito carroçável,Com Vítimas Fatais,Plena Noite,Decrescente,Nublado,Simples,Curva,Não,1.0,1.0,0.0,0.0,0.0,0.0,0.0,1.0,"-23,568391","-50,143047",SPRF-PR,DEL07-PR,UOP04-DEL07-PR
500339,2023-01-22,domingo,12:35:00,PB,230.0,485,SAO JOAO DO RIO DO PEIXE,Condutor Dormindo,Capotamento,Com Vítimas Feridas,Pleno dia,Crescente,Céu Claro,Simples,Declive;Reta,Não,1.0,0.0,1.0,0.0,0.0,0.0,1.0,1.0,"-6,8631","-38,3794",SPRF-PB,DEL03-PB,UOP03-DEL03-PB
500340,2023-01-22,domingo,20:00:00,BA,324.0,366,TANQUINHO,Ausência de reação do condutor,Colisão frontal,Com Vítimas Feridas,Plena Noite,Crescente,Céu Claro,Simples,Reta,Não,5.0,0.0,0.0,1.0,4.0,0.0,1.0,2.0,"-11,96142858","-39,16197713",SPRF-BA,DEL04-BA,UOP02-DEL04-BA
500342,2023-01-22,domingo,17:45:00,SC,153.0,"67,6",IRANI,Ingestão de álcool pelo condutor,Saída de leito carroçável,Sem Vítimas,Pleno dia,Crescente,Céu Claro,Simples,Reta,Não,2.0,0.0,0.0,0.0,2.0,0.0,0.0,1.0,"-27,036904","-51,880014",SPRF-SC,DEL07-SC,UOP04-DEL07-SC
500357,2023-01-22,domingo,08:31:00,RO,364.0,"237,9",CACOAL,Acessar a via sem observar a presença dos outros veículos,Colisão lateral mesmo sentido,Com Vítimas Feridas,Pleno dia,Crescente,Céu Claro,Simples,Reta;Interseção de Vias,Sim,4.0,0.0,0.0,2.0,2.0,0.0,2.0,3.0,"-11,44341056","-61,44672787",SPRF-RO,DEL02-RO,UOP02-DEL02-RO
500362,2023-01-23,segunda-feira,05:50:00,MG,381.0,"484,3",BETIM,Ausência de reação do condutor,Colisão lateral mesmo sentido,Com Vítimas Feridas,Pleno dia,Crescente,Garoa/Chuvisco,Dupla,Reta,Sim,3.0,0.0,1.0,0.0,1.0,1.0,1.0,3.0,"-19,95594491","-44,10721699",SPRF-MG,DEL01-MG,UOP03-DEL01-MG
500366,2023-01-22,domingo,20:00:00,MT,364.0,"270,4",JACIARA,Reação tardia ou ineficiente do condutor,Derramamento de carga,Sem Vítimas,Plena Noite,Decrescente,Nublado,Dupla,Reta,Não,2.0,0.0,0.0,0.0,1.0,2.0,0.0,3.0,"-15,9689785","-54,94463002",SPRF-MT,DEL05-MT,UOP02-DEL05-MT
500372,2023-01-20,sexta-feira,23:40:00,ES,101.0,156,LINHARES,Reação tardia ou ineficiente do condutor,Colisão traseira,Sem Vítimas,Plena Noite,Crescente,Chuva,Simples,Reta,Não,2.0,0.0,0.0,0.0,2.0,0.0,0.0,2.0,"-19,44596035","-40,09435048",SPRF-ES,DEL04-ES,UOP01-DEL04-ES
500373,2023-01-22,domingo,18:55:00,MG,262.0,145,RIO CASCA,Demais falhas mecânicas ou elétricas,Incêndio,Sem Vítimas,Plena Noite,Decrescente,Nublado,Simples,Reta,Não,2.0,0.0,0.0,0.0,1.0,1.0,0.0,2.0,"-20,03578173","-42,73569975",SPRF-MG,DEL03-MG,UOP03-DEL03-MG
500381,2023-01-22,domingo,14:00:00,MG,116.0,"781,7",LEOPOLDINA,Curva acentuada,Tombamento,Com Vítimas Feridas,Pleno dia,Decrescente,Nublado,Simples,Curva;Declive,Não,2.0,0.0,1.0,0.0,0.0,2.0,1.0,3.0,"-21,6267797","-42,69994324",SPRF-MG,DEL07-MG,UOP01-DEL07-MG
500383,2023-01-23,segunda-feira,08:20:00,ES,101.0,260,SERRA,Reação tardia ou ineficiente do condutor,Colisão frontal,Com Vítimas Fatais,Pleno dia,Crescente,Céu Claro,Dupla,Curva,Sim,4.0,1.0,0.0,0.0,3.0,0.0,0.0,4.0,"-20,14616415","-40,28836206",SPRF-ES,DEL02-ES,UOP01-DEL02-ES
500391,2023-01-23,segunda-feira,08:25:00,RN,304.0,52,MOSSORO,Reação tardia ou ineficiente do condutor,Colisão lateral sentido oposto,Com Vítimas Feridas,Pleno dia,Decrescente,Céu Claro,Simples,Reta,Não,3.0,0.0,1.0,0.0,1.0,3.0,1.0,5.0,"-5,26016181","-37,30441867",SPRF-RN,DEL04-RN,UOP01-DEL04-RN
500393,2023-01-22,domingo,11:10:00,MG,116.0,783,LEOPOLDINA,Velocidade Incompatível,Tombamento,Sem Vítimas,Pleno dia,Decrescente,Sol,Simples,Curva;Declive,Não,2.0,0.0,0.0,0.0,1.0,1.0,0.0,2.0,"-21,63453389","-42,69665944",SPRF-MG,DEL07-MG,UOP01-DEL07-MG
500403,2023-01-23,segunda-feira,08:15:00,SC,101.0,117,ITAJAI,Mal súbito do condutor,Saída de leito carroçável,Com Vítimas Feridas,Pleno dia,Decrescente,Céu Claro,Dupla,Reta,Sim,1.0,0.0,1.0,0.0,0.0,0.0,1.0,1.0,"-26,88747187","-48,72252969",SPRF-SC,DEL04-SC,UOP04-DEL04-SC
500404,2023-01-22,domingo,16:45:00,MS,163.0,"400,3",NOVA ALVORADA DO SUL,Manobra de mudança de faixa,Tombamento,Com Vítimas Feridas,Pleno dia,Crescente,Nublado,Simples,Reta,Não,9.0,0.0,3.0,1.0,2.0,7.0,4.0,9.0,"-21,16832399","-54,47599465",SPRF-MS,DEL02-MS,UOP01-DEL02-MS
500405,2023-01-21,sábado,13:55:00,GO,414.0,238,NIQUELANDIA,Ultrapassagem Indevida,Colisão frontal,Com Vítimas Fatais,Pleno dia,Crescente,Garoa/Chuvisco,Simples,Reta,Não,3.0,1.0,0.0,0.0,1.0,1.0,0.0,3.0,"-14,72069917","-48,60820552",SPRF-GO,DEL07-GO,UOP02-DEL07-GO
500409,2023-01-23,segunda-feira,07:00:00,BA,242.0,892,LUIS EDUARDO MAGALHAES,Ausência de reação do condutor,Colisão traseira,Com Vítimas Feridas,Pleno dia,Crescente,Céu Claro,Simples,Reta,Não,4.0,0.0,0.0,1.0,2.0,1.0,1.0,4.0,"-12,10115231","-45,86929849",SPRF-BA,DEL10-BA,UOP01-DEL10-BA
500413,2023-01-20,sexta-feira,05:45:00,MG,116.0,779,LEOPOLDINA,Reação tardia ou ineficiente do condutor,Tombamento,Com Vítimas Feridas,Amanhecer,Decrescente,Céu Claro,Simples,Curva,Não,9.0,0.0,1.0,0.0,7.0,1.0,1.0,3.0,"-21,60837977","-42,69596393",SPRF-MG,DEL07-MG,UOP01-DEL07-MG
500417,2023-01-23,segunda-feira,09:10:00,RJ,101.0,478,ANGRA DOS REIS,Estacionar ou parar em local proibido,Colisão frontal,Com Vítimas Feridas,Pleno dia,Decrescente,Céu Claro,Simples,Curva,Sim,3.0,0.0,1.0,0.0,2.0,0.0,1.0,3.0,"-23,0024652732","-44,2727059415",SPRF-RJ,DEL03-RJ,UOP03-DEL03-RJ
500418,2023-01-21,sábado,04:00:00,RS,285.0,460,IJUI,Ausência de reação do condutor,Colisão com objeto,Com Vítimas Feridas,Plena Noite,Crescente,Céu Claro,Simples,Interseção de Vias,Sim,2.0,0.0,1.0,0.0,0.0,1.0,1.0,2.0,"-28,41555985","-53,91094208",SPRF-RS,DEL10-RS,UOP01-DEL10-RS
500426,2023-01-21,sábado,17:30:00,RJ,116.0,288,BARRA MANSA,Ingestão de álcool pelo condutor,Colisão traseira,Com Vítimas Feridas,Pleno dia,Decrescente,Chuva,Dupla,Curva;Declive,Não,3.0,0.0,1.0,0.0,1.0,1.0,1.0,3.0,"-22,48686584","-44,25027602",SPRF-RJ,DEL07-RJ,UOP02-DEL07-RJ
500446,2023-01-21,sábado,16:20:00,MA,135.0,180,SAO MATEUS DO MARANHAO,Reação tardia ou ineficiente do condutor,Colisão traseira,Sem Vítimas,Pleno dia,Crescente,Céu Claro,Simples,Reta,Sim,3.0,0.0,0.0,0.0,2.0,2.0,0.0,4.0,"-4,02061306","-44,46649723",SPRF-MA,DEL03-MA,UOP01-DEL03-MA
500447,2023-01-20,sexta-feira,08:30:00,MG,381.0,430,SABARA,Avarias e/ou desgaste excessivo no pneu,Tombamento,Com Vítimas Feridas,Pleno dia,Crescente,Nublado,Simples,Curva,Não,3.0,0.0,1.0,0.0,0.0,3.0,1.0,4.0,"-19,78496805","-43,72311799",SPRF-MG,DEL01-MG,UOP01-DEL01-MG
500450,2023-01-23,segunda-feira,05:50:00,ES,101.0,"443,8",MIMOSO DO SUL,Reação tardia ou ineficiente do condutor,Saída de leito carroçável,Com Vítimas Feridas,Pleno dia,Crescente,Céu Claro,Simples,Curva,Não,1.0,0.0,1.0,0.0,0.0,0.0,1.0,1.0,"-21,09789425","-41,25305078",SPRF-ES,DEL03-ES,UOP02-DEL03-ES
500454,2023-01-21,sábado,13:00:00,GO,60.0,5,SANTO ANTONIO DO DESCOBERTO,Reação tardia ou ineficiente do condutor,Colisão com objeto,Com Vítimas Feridas,Pleno dia,Crescente,Chuva,Dupla,Ponte;Curva;Declive,Não,2.0,0.0,1.0,0.0,1.0,0.0,1.0,1.0,"-16,09002147","-48,27547073",SPRF-DF,DEL03-DF,UOP01-DEL03-DF
500460,2023-01-21,sábado,20:37:00,MG,153.0,99,PRATA,Ausência de reação do condutor,Colisão traseira,Com Vítimas Feridas,Plena Noite,Crescente,Nublado,Simples,Reta,Não,6.0,0.0,2.0,0.0,3.0,1.0,2.0,2.0,"-19,21986713","-48,93484939",SPRF-MG,DEL15-MG,UOP03-DEL15-MG
500469,2023-01-23,segunda-feira,11:06:00,SC,101.0,"199,1",BIGUACU,Reação tardia ou ineficiente do condutor,Engavetamento,Com Vítimas Feridas,Pleno dia,Crescente,Céu Claro,Múltipla,Reta,Sim,6.0,0.0,1.0,0.0,4.0,1.0,1.0,5.0,"-27,53413705","-48,63003205",SPRF-SC,DEL01-SC,UOP01-DEL01-SC
500471,2023-01-21,sábado,15:00:00,MA,230.0,312,SAO RAIMUNDO DAS MANGABEIRAS,Velocidade Incompatível,Colisão frontal,Com Vítimas Fatais,Pleno dia,Decrescente,Sol,Simples,Curva;Declive,Não,4.0,2.0,0.0,0.0,0.0,2.0,0.0,3.0,"-7,005147","-45,461262",SPRF-MA,DEL05-MA,UOP01-DEL05-MA
500474,2023-01-23,segunda-feira,09:30:00,BA,242.0,493,OLIVEIRA DOS BREJINHOS,Avarias e/ou desgaste excessivo no pneu,Tombamento,Com Vítimas Fatais,Pleno dia,Crescente,Nublado,Simples,Curva;Declive,Não,5.0,2.0,1.0,1.0,0.0,2.0,2.0,4.0,"-12,39898","-42,39651",SPRF-BA,DEL06-BA,UOP01-DEL06-BA
500477,2023-01-21,sábado,09:50:00,MG,40.0,48,PARACATU,Avarias e/ou desgaste excessivo no pneu,Colisão com objeto,Com Vítimas Feridas,Pleno dia,Decrescente,Chuva,Simples,Reta,Não,5.0,0.0,1.0,1.0,2.0,1.0,2.0,3.0,"-17,24150062","-46,81848808",SPRF-MG,DEL14-MG,UOP01-DEL14-MG
500478,2023-01-20,sexta-feira,16:00:00,PA,163.0,397,ITAITUBA,Reação tardia ou ineficiente do condutor,Colisão traseira,Com Vítimas Feridas,Pleno dia,Crescente,Céu Claro,Simples,Reta,Não,3.0,0.0,1.0,0.0,1.0,4.0,1.0,6.0,"-6,32296799","-55,58613917",SPRF-PA,DEL05-PA,UOP01-DEL05-PA
500481,2023-01-23,segunda-feira,11:04:00,GO,251.0,32,CRISTALINA,Acessar a via sem observar a presença dos outros veículos,Colisão transversal,Com Vítimas Feridas,Pleno dia,Decrescente,Céu Claro,Simples,Reta,Sim,4.0,0.0,1.0,1.0,1.0,1.0,2.0,3.0,"-16,06677565","-47,53166968",SPRF-DF,DEL01-DF,UOP01-DEL01-DF
500490,2023-01-23,segunda-feira,10:55:00,SC,101.0,"41,2",JOINVILLE,Velocidade Incompatível,Colisão traseira,Com Vítimas Feridas,Pleno dia,Decrescente,Céu Claro,Dupla,Reta,Sim,2.0,0.0,1.0,0.0,1.0,0.0,1.0,2.0,"-26,28215489","-48,88973081",SPRF-SC,DEL03-SC,UOP01-DEL03-SC
500491,2023-01-22,domingo,20:10:00,GO,153.0,221,URUACU,Velocidade Incompatível,Colisão traseira,Com Vítimas Feridas,Plena Noite,Decrescente,Céu Claro,Simples,Reta,Não,6.0,0.0,0.0,4.0,2.0,0.0,4.0,2.0,"-14,710026","-49,224863",SPRF-GO,DEL07-GO,UOP02-DEL07-GO
500492,2023-01-22,domingo,08:40:00,GO,153.0,200,URUACU,Entrada inopinada do pedestre,Atropelamento de Pedestre,Com Vítimas Feridas,Pleno dia,Crescente,Céu Claro,Simples,Reta,Sim,3.0,0.0,1.0,0.0,1.0,1.0,1.0,3.0,"-14,531547","-49,160595",SPRF-GO,DEL07-GO,UOP02-DEL07-GO
500502,2023-01-20,sexta-feira,13:20:00,RJ,40.0,107,DUQUE DE CAXIAS,Transitar na contramão,Colisão lateral mesmo sentido,Sem Vítimas,Pleno dia,Crescente,Nublado,Dupla,Reta,Sim,3.0,0.0,0.0,0.0,2.0,1.0,0.0,2.0,"-22,65581497","-43,28378546",SPRF-RJ,DEL01-RJ,UOP01-DEL01-RJ
500505,2023-01-22,domingo,04:25:00,MG,153.0,54,MONTE ALEGRE DE MINAS,Condutor Dormindo,Saída de leito carroçável,Com Vítimas Feridas,Plena Noite,Decrescente,Nublado,Dupla,Aclive,Não,3.0,0.0,2.0,0.0,0.0,1.0,2.0,2.0,"-18,85277763","-49,08301967",SPRF-MG,DEL15-MG,UOP03-DEL15-MG
500506,2023-01-23,segunda-feira,11:40:00,RO,364.0,"185,1",PIMENTA BUENO,Condutor Dormindo,Colisão lateral mesmo sentido,Sem Vítimas,Pleno dia,Crescente,Céu Claro,Simples,Reta,Não,3.0,0.0,0.0,0.0,2.0,1.0,0.0,3.0,"-11,74672","-61,106695",SPRF-RO,DEL02-RO,UOP02-DEL02-RO
500507,2023-01-20,sexta-feira,18:30:00,PR,153.0,338,IRATI,Reação tardia ou ineficiente do condutor,Saída de leito carroçável,Sem Vítimas,Anoitecer,Crescente,Chuva,Simples,Reta,Sim,2.0,0.0,0.0,0.0,1.0,2.0,0.0,3.0,"-25,51485498","-50,65402607",SPRF-PR,DEL08-PR,UOP02-DEL08-PR
500508,2023-01-21,sábado,06:30:00,GO,60.0,382,RIO VERDE,Manobra de mudança de faixa,Colisão lateral mesmo sentido,Com Vítimas Fatais,Amanhecer,Decrescente,Céu Claro,Dupla,Reta,Sim,5.0,1.0,1.0,0.0,1.0,4.0,1.0,6.0,"-17,779","-50,8933",SPRF-GO,DEL04-GO,UOP02-DEL04-GO
500509,2023-01-23,segunda-feira,09:40:00,MG,262.0,"895,5",CAMPO FLORIDO,Reação tardia ou ineficiente do condutor,Saída de leito carroçável,Com Vítimas Fatais,Pleno dia,Decrescente,Nublado,Simples,Ponte;Reta;Declive,Não,2.0,1.0,0.0,0.0,0.0,3.0,0.0,4.0,"-19,715142","-48,728836",SPRF-MG,DEL13-MG,UOP02-DEL13-MG
500510,2023-01-23,segunda-feira,07:50:00,MS,163.0,564,BANDEIRANTES,Ausência de reação do condutor,Tombamento,Com Vítimas Feridas,Amanhecer,Decrescente,Nublado,Simples,Reta,Não,2.0,0.0,1.0,0.0,0.0,2.0,1.0,3.0,"-19,78437199","-54,36537203",SPRF-MS,DEL01-MS,UOP02-DEL01-MS
500512,2023-01-21,sábado,21:40:00,MT,174.0,458,COMODORO,Condutor Dormindo,Colisão traseira,Com Vítimas Feridas,Plena Noite,Crescente,Ignorado,Múltipla,Aclive,Não,3.0,0.0,2.0,0.0,0.0,2.0,2.0,4.0,"-13,90340601","-59,76096714",SPRF-MT,DEL04-MT,UOP02-DEL04-MT
500513,2023-01-23,segunda-feira,12:30:00,PR,373.0,"230,6",IMBITUVA,Transitar na contramão,Colisão frontal,Com Vítimas Fatais,Pleno dia,Decrescente,Céu Claro,Simples,Curva;Declive,Sim,2.0,1.0,0.0,0.0,1.0,0.0,0.0,2.0,"-25,17934169","-50,66209838",SPRF-PR,DEL03-PR,UOP01-DEL03-PR
500520,2023-01-22,domingo,23:30:00,MA,135.0,16,SAO LUIS,Condutor Dormindo,Colisão frontal,Com Vítimas Fatais,Plena Noite,Crescente,Céu Claro,Simples,Reta,Sim,3.0,1.0,0.0,0.0,1.0,1.0,0.0,3.0,"-2,53073","-44,3068",SPRF-MA,DEL01-MA,UOP01-DEL01-MA
500526,2023-01-22,domingo,14:00:00,GO,80.0,149,BARRO ALTO,Transitar na contramão,Colisão lateral sentido oposto,Com Vítimas Feridas,Pleno dia,Crescente,Chuva,Múltipla,Curva;Aclive,Não,2.0,0.0,1.0,0.0,1.0,0.0,1.0,2.0,"-14,93317472","-48,94752502",SPRF-GO,DEL07-GO,UOP02-DEL07-GO
500528,2023-01-22,domingo,18:00:00,MS,262.0,773,CORUMBA,Reação tardia ou ineficiente do condutor,Engavetamento,Sem Vítimas,Anoitecer,Crescente,Céu Claro,Simples,Reta,Sim,4.0,0.0,0.0,0.0,3.0,1.0,0.0,4.0,"-19,08285699","-57,62168025",SPRF-MS,DEL03-MS,UOP03-DEL03-MS
500540,2023-01-23,segunda-feira,14:30:00,SC,101.0,"200,9",SAO JOSE,Condutor Dormindo,Colisão traseira,Com Vítimas Feridas,Pleno dia,Crescente,Céu Claro,Múltipla,Reta,Não,3.0,0.0,2.0,0.0,1.0,0.0,2.0,2.0,"-27,54018513","-48,62287714",SPRF-SC,DEL01-SC,UOP01-DEL01-SC
500541,2023-01-21,sábado,22:30:00,GO,60.0,"70,6",ABADIANIA,Neblina,Colisão traseira,Com Vítimas Feridas,Plena Noite,Crescente,Céu Claro,Simples,Reta,Não,4.0,0.0,1.0,0.0,2.0,1.0,1.0,3.0,"-16,2462","-48,7613",SPRF-GO,DEL02-GO,UOP01-DEL02-GO
500545,2023-01-21,sábado,10:45:00,PR,277.0,347,GUARAPUAVA,Ultrapassagem Indevida,Colisão frontal,Com Vítimas Fatais,Pleno dia,Decrescente,Céu Claro,Simples,Curva,Sim,5.0,1.0,0.0,1.0,2.0,2.0,1.0,5.0,"-25,36845518","-51,49535",SPRF-PR,DEL08-PR,UOP01-DEL08-PR
500547,2023-01-23,segunda-feira,14:00:00,PR,163.0,"154,2",SANTA LUCIA,Ultrapassagem Indevida,Colisão frontal,Com Vítimas Fatais,Pleno dia,Crescente,Sol,Simples,Reta,Não,5.0,1.0,1.0,1.0,1.0,2.0,2.0,4.0,"-25,38467195","-53,57633054",SPRF-PR,DEL05-PR,UOP05-DEL05-PR
500557,2023-01-20,sexta-feira,20:30:00,PR,376.0,265,MARILANDIA DO SUL,Transitar na contramão,Colisão frontal,Com Vítimas Feridas,Plena Noite,Crescente,Céu Claro,Dupla,Curva,Não,5.0,0.0,1.0,1.0,1.0,3.0,2.0,5.0,"-23,72812607","-51,29079206",SPRF-PR,DEL07-PR,UOP03-DEL07-PR
500558,2023-01-21,sábado,16:32:00,MG,251.0,492,FRANCISCO SA,Demais falhas mecânicas ou elétricas,Colisão frontal,Com Vítimas Feridas,Pleno dia,Crescente,Céu Claro,Simples,Declive;Reta,Não,4.0,0.0,3.0,0.0,0.0,3.0,3.0,5.0,"-16,54433804","-43,59543496",SPRF-MG,DEL12-MG,UOP01-DEL12-MG
500563,2023-01-23,segunda-feira,05:10:00,SP,116.0,225,GUARULHOS,Carga excessiva e/ou mal acondicionada,Derramamento de carga,Sem Vítimas,Amanhecer,Decrescente,Céu Claro,Dupla,Reta,Não,5.0,0.0,0.0,0.0,4.0,5.0,0.0,9.0,"-23,48586772","-46,54075317",SPRF-SP,DEL01-SP,UOP01-DEL01-SP