id,data_inversa,dia_semana,horario,uf,br,km,municipio,causa_acidente,tipo_acidente,classificacao_acidente,fase_dia,sentido_via,condicao_metereologica,tipo_pista,tracado_via,uso_solo,pessoas,mortos,feridos_leves,feridos_graves,ilesos,ignorados,feridos,veiculos,latitude,longitude,regional,delegacia,uop
500571,2023-01-21,sábado,13:20:00,ES,101.0,70,SAO MATEUS,Condutor deixou de manter distância do veículo da frente,Colisão traseira,Com Vítimas Feridas,Pleno dia,Crescente,Nublado,Simples,Reta;Em Obras,Não,3.0,0.0,2.0,0.0,1.0,0.0,2.0,3.0,"-18,74453703","-39,86164665",SPRF-ES,DEL04-ES,UOP02-DEL04-ES
500572,2023-01-21,sábado,21:55:00,RJ,101.0,83,CAMPOS DOS GOYTACAZES,Ingestão de álcool pelo condutor,Tombamento,Com Vítimas Feridas,Plena Noite,Crescente,Céu Claro,Simples,Curva,Não,2.0,0.0,1.0,0.0,0.0,1.0,1.0,2.0,"-21,82198875","-41,46111095",SPRF-RJ,DEL08-RJ,UOP02-DEL08-RJ
500575,2023-01-23,segunda-feira,13:30:00,RJ,356.0,23,ITAPERUNA,Transitar na contramão,Colisão lateral sentido oposto,Com Vítimas Fatais,Pleno dia,Crescente,Céu Claro,Simples,Aclive;Curva,Não,2.0,1.0,0.0,0.0,1.0,0.0,0.0,2.0,"-21,18026434","-41,98292495",SPRF-RJ,DEL08-RJ,UOP03-DEL08-RJ
500576,2023-01-20,sexta-feira,19:47:00,BA,242.0,837,BARREIRAS,Ausência de reação do condutor,Colisão traseira,Com Vítimas Feridas,Plena Noite,Decrescente,Nublado,Simples,Reta,Não,4.0,0.0,0.0,1.0,2.0,2.0,1.0,4.0,"-12,11485579","-45,17031206",SPRF-BA,DEL10-BA,UOP01-DEL10-BA
500580,2023-01-21,sábado,08:10:00,BA,116.0,425,FEIRA DE SANTANA,Condutor deixou de manter distância do veículo da frente,Tombamento,Com Vítimas Feridas,Pleno dia,Crescente,Céu Claro,Simples,Curva;Declive,Sim,5.0,0.0,0.0,1.0,3.0,1.0,1.0,5.0,"-12,24034412","-38,98298621",SPRF-BA,DEL02-BA,UOP01-DEL02-BA
500585,2023-01-23,segunda-feira,15:15:00,PR,376.0,406,TIBAGI,Condutor Dormindo,Colisão traseira,Com Vítimas Feridas,Pleno dia,Crescente,Nublado,Dupla,Aclive;Reta,Não,3.0,0.0,0.0,1.0,1.0,3.0,1.0,5.0,"-24,63926284","-50,629534",SPRF-PR,DEL03-PR,UOP02-DEL03-PR
500586,2023-01-23,segunda-feira,14:30:00,MT,70.0,521,VARZEA GRANDE,Ingestão de álcool pelo condutor,Engavetamento,Sem Vítimas,Pleno dia,Decrescente,Céu Claro,Simples,Reta,Sim,4.0,0.0,0.0,0.0,3.0,3.0,0.0,6.0,"-15,6649379","-56,18396586",SPRF-MT,DEL01-MT,UOP02-DEL01-MT
500590,2023-01-06,sexta-feira,03:50:00,PI,135.0,292,CRISTINO CASTRO,Reação tardia ou ineficiente do condutor,Colisão traseira,Com Vítimas Fatais,Plena Noite,Decrescente,Céu Claro,Simples,Aclive;Reta,Não,2.0,1.0,0.0,0.0,0.0,1.0,0.0,2.0,"-8,66981509","-44,05413193",SPRF-PI,DEL03-PI,UOP02-DEL03-PI
500593,2023-01-23,segunda-feira,16:15:00,SP,116.0,273,EMBU DAS ARTES,Reação tardia ou ineficiente do condutor,Colisão traseira,Com Vítimas Feridas,Pleno dia,Decrescente,Céu Claro,Dupla,Viaduto;Reta,Sim,3.0,0.0,1.0,0.0,0.0,2.0,1.0,3.0,"-23,62809795","-46,81870306",SPRF-SP,DEL04-SP,UOP01-DEL04-SP
500607,2023-01-23,segunda-feira,17:32:00,RS,116.0,303,GUAIBA,Retorno proibido,Colisão transversal,Sem Vítimas,Pleno dia,Crescente,Céu Claro,Simples,Reta,Não,3.0,0.0,0.0,0.0,2.0,1.0,0.0,3.0,"-30,14752169","-51,36494646",SPRF-RS,DEL02-RS,UOP01-DEL02-RS
500608,2023-01-23,segunda-feira,16:45:00,BA,116.0,"811,8",VITORIA DA CONQUISTA,Reação tardia ou ineficiente do condutor,Colisão lateral mesmo sentido,Com Vítimas Feridas,Pleno dia,Decrescente,Céu Claro,Simples,Reta,Não,3.0,0.0,1.0,0.0,1.0,1.0,1.0,3.0,"-14,796799","-40,767299",SPRF-BA,DEL08-BA,UOP01-DEL08-BA
500611,2023-01-23,segunda-feira,16:00:00,RN,405.0,155,PAU DOS FERROS,Reação tardia ou ineficiente do condutor,Colisão com objeto,Sem Vítimas,Pleno dia,Crescente,Céu Claro,Simples,Reta,Não,1.0,0.0,0.0,0.0,1.0,0.0,0.0,1.0,"-6,14970137","-38,20583544",SPRF-RN,DEL04-RN,UOP02-DEL04-RN
500617,2023-01-20,sexta-feira,21:28:00,RO,364.0,708,PORTO VELHO,Acessar a via sem observar a presença dos outros veículos,Tombamento,Com Vítimas Feridas,Plena Noite,Crescente,Ignorado,Dupla,Retorno Regulamentado;Reta,Não,2.0,0.0,1.0,0.0,1.0,0.0,1.0,2.0,"-8,79554083","-63,84072487",SPRF-RO,DEL01-RO,UOP01-DEL01-RO
500618,2023-01-23,segunda-feira,16:50:00,SP,116.0,"153,8",SAO JOSE DOS CAMPOS,Reação tardia ou ineficiente do condutor,Colisão lateral mesmo sentido,Com Vítimas Feridas,Pleno dia,Crescente,Chuva,Dupla,Reta,Não,4.0,0.0,3.0,0.0,1.0,0.0,3.0,2.0,"-23,23262274","-45,91372624",SPRF-SP,DEL02-SP,UOP01-DEL02-SP
500619,2023-01-23,segunda-feira,12:00:00,BA,242.0,312,LAJEDINHO,Ultrapassagem Indevida,Colisão frontal,Com Vítimas Fatais,Pleno dia,Crescente,Céu Claro,Simples,Curva,Não,5.0,1.0,0.0,0.0,2.0,3.0,0.0,6.0,"-12,45893011","-40,99413001",SPRF-BA,DEL06-BA,UOP02-DEL06-BA
500623,2023-01-20,sexta-feira,18:30:00,MG,40.0,"736,8",SANTOS DUMONT,Restrição de visibilidade em curvas horizontais,Colisão transversal,Sem Vítimas,Anoitecer,Decrescente,Chuva,Simples,Curva,Não,5.0,0.0,0.0,0.0,5.0,0.0,0.0,2.0,"-21,37609516","-43,56993701",SPRF-MG,DEL05-MG,UOP01-DEL05-MG
500645,2023-01-23,segunda-feira,00:11:00,RO,364.0,624,ITAPUA DO OESTE,Condutor Dormindo,Colisão com objeto,Com Vítimas Fatais,Plena Noite,Decrescente,Céu Claro,Simples,Reta,Não,3.0,1.0,1.0,0.0,0.0,2.0,1.0,3.0,"-9,07258977","-63,31873394",SPRF-RO,DEL01-RO,UOP04-DEL01-RO
500656,2023-01-23,segunda-feira,18:45:00,PR,277.0,325,GUARAPUAVA,Carga excessiva e/ou mal acondicionada,Colisão lateral sentido oposto,Com Vítimas Feridas,Pleno dia,Crescente,Céu Claro,Simples,Reta,Não,7.0,0.0,1.0,0.0,6.0,0.0,1.0,4.0,"-25,37142553","-51,26201107",SPRF-PR,DEL08-PR,UOP01-DEL08-PR
500658,2023-01-23,segunda-feira,20:50:00,RS,290.0,"185,8",MINAS DO LEAO,Reação tardia ou ineficiente do condutor,Engavetamento,Com Vítimas Feridas,Plena Noite,Crescente,Céu Claro,Simples,Aclive,Não,6.0,0.0,1.0,0.0,4.0,1.0,1.0,4.0,"-30,147707","-52,063564",SPRF-RS,DEL02-RS,UOP03-DEL02-RS
500661,2023-01-23,segunda-feira,20:40:00,MS,163.0,117,NAVIRAI,Acessar a via sem observar a presença dos outros veículos,Colisão transversal,Com Vítimas Feridas,Plena Noite,Crescente,Céu Claro,Dupla,Interseção de Vias,Não,3.0,0.0,0.0,1.0,1.0,3.0,1.0,5.0,"-23,13474276","-54,19685366",SPRF-MS,DEL09-MS,UOP01-DEL09-MS
500664,2023-01-23,segunda-feira,18:30:00,SC,470.0,"190,6",POUSO REDONDO,Velocidade Incompatível,Saída de leito carroçável,Com Vítimas Feridas,Plena Noite,Decrescente,Chuva,Simples,Curva,Não,2.0,0.0,1.0,0.0,0.0,1.0,1.0,2.0,"-27,28423073","-50,07761478",SPRF-SC,DEL04-SC,UOP02-DEL04-SC
500665,2023-01-23,segunda-feira,22:30:00,MG,40.0,553,NOVA LIMA,Ausência de reação do condutor,Colisão lateral mesmo sentido,Com Vítimas Feridas,Plena Noite,Crescente,Chuva,Dupla,Reta,Não,3.0,0.0,0.0,1.0,1.0,2.0,1.0,4.0,"-20,06863326","-43,98194759",SPRF-MG,DEL01-MG,UOP02-DEL01-MG
500674,2023-01-23,segunda-feira,20:10:00,RO,364.0,501,ARIQUEMES,Demais falhas mecânicas ou elétricas,Incêndio,Sem Vítimas,Plena Noite,Decrescente,Nublado,Simples,Reta,Não,1.0,0.0,0.0,0.0,1.0,0.0,0.0,1.0,"-10,0241952","-62,98814019",SPRF-RO,DEL03-RO,UOP01-DEL03-RO
500677,2023-01-23,segunda-feira,23:10:00,MG,365.0,"704,3",MONTE ALEGRE DE MINAS,Demais falhas mecânicas ou elétricas,Incêndio,Com Vítimas Feridas,Plena Noite,Decrescente,Nublado,Dupla,Reta,Não,2.0,0.0,1.0,0.0,0.0,1.0,1.0,2.0,"-18,88169079","-49,03599797",SPRF-MG,DEL15-MG,UOP03-DEL15-MG
500679,2023-01-20,sexta-feira,19:45:00,PR,153.0,334,IRATI,Acessar a via sem observar a presença dos outros veículos,Colisão transversal,Com Vítimas Feridas,Plena Noite,Decrescente,Nublado,Simples,Reta,Não,3.0,0.0,2.0,0.0,1.0,0.0,2.0,2.0,"-25,481234","-50,640733",SPRF-PR,DEL08-PR,UOP02-DEL08-PR
500685,2023-01-23,segunda-feira,22:30:00,RJ,101.0,310,SAO GONCALO,Manobra de mudança de faixa,Colisão lateral sentido oposto,Com Vítimas Feridas,Plena Noite,Decrescente,Garoa/Chuvisco,Dupla,Reta,Não,2.0,0.0,0.0,1.0,0.0,1.0,1.0,2.0,"-22,79717023","-43,04404993",SPRF-RJ,DEL02-RJ,UOP02-DEL02-RJ
500688,2023-01-24,terça-feira,05:00:00,PE,423.0,"111,9",PARANATAMA,Condutor Dormindo,Colisão lateral sentido oposto,Com Vítimas Feridas,Amanhecer,Decrescente,Céu Claro,Simples,Reta;Aclive,Não,4.0,0.0,4.0,0.0,0.0,0.0,4.0,2.0,"-8,89303549","-36,61653287",SPRF-PE,DEL03-PE,UOP01-DEL03-PE
500697,2023-01-24,terça-feira,07:05:00,SC,101.0,203,SAO JOSE,Manobra de mudança de faixa,Colisão transversal,Sem Vítimas,Pleno dia,Decrescente,Céu Claro,Dupla,Curva,Não,2.0,0.0,0.0,0.0,2.0,0.0,0.0,2.0,"-27,58313237","-48,61532885",SPRF-SC,DEL01-SC,UOP01-DEL01-SC
500698,2023-01-24,terça-feira,06:48:00,GO,20.0,"106,2",FLORES DE GOIAS,Ausência de reação do condutor,Colisão lateral sentido oposto,Com Vítimas Feridas,Pleno dia,Decrescente,Nublado,Simples,Reta,Não,7.0,0.0,4.0,0.0,2.0,3.0,4.0,5.0,"-14,914956","-46,94873",SPRF-DF,DEL02-DF,UOP03-DEL02-DF
500699,2023-01-24,terça-feira,06:25:00,RS,287.0,525,SAO BORJA,Condutor Dormindo,Saída de leito carroçável,Com Vítimas Feridas,Pleno dia,Crescente,Céu Claro,Simples,Curva,Não,2.0,0.0,2.0,0.0,0.0,0.0,2.0,1.0,"-28,69389502","-55,88904801",SPRF-RS,DEL12-RS,UOP01-DEL12-RS
500703,2023-01-24,terça-feira,07:35:00,RS,392.0,349,SANTA MARIA,Acesso irregular,Colisão lateral mesmo sentido,Sem Vítimas,Pleno dia,Crescente,Céu Claro,Simples,Em Obras;Reta,Sim,3.0,0.0,0.0,0.0,3.0,0.0,0.0,2.0,"-29,7440791","-53,79306521",SPRF-RS,DEL09-RS,UOP01-DEL09-RS
500707,2023-01-24,terça-feira,03:00:00,MG,381.0,"564,7",ITAGUARA,Demais falhas mecânicas ou elétricas,Incêndio,Sem Vítimas,Amanhecer,Crescente,Nublado,Simples,Reta,Sim,1.0,0.0,0.0,0.0,1.0,0.0,0.0,1.0,"-20,40450975","-44,51780716",SPRF-MG,DEL04-MG,UOP03-DEL04-MG
500710,2023-01-20,sexta-feira,17:57:00,RS,386.0,"236,2",SOLEDADE,Transitar na contramão,Colisão frontal,Com Vítimas Feridas,Pleno dia,Crescente,Céu Claro,Simples,Reta,Não,3.0,0.0,1.0,0.0,1.0,2.0,1.0,4.0,"-28,746569","-52,548145",SPRF-RS,DEL04-RS,UOP03-DEL04-RS
500717,2023-01-21,sábado,03:20:00,AL,316.0,259,PILAR,Condutor Dormindo,Colisão lateral sentido oposto,Com Vítimas Feridas,Plena Noite,Crescente,Céu Claro,Simples,Reta,Não,4.0,0.0,0.0,1.0,3.0,0.0,1.0,2.0,"-9,5916564","-35,914033",SPRF-AL,DEL02-AL,UOP01-DEL02-AL
500729,2023-01-24,terça-feira,08:15:00,CE,116.0,71,CHOROZINHO,Demais falhas mecânicas ou elétricas,Saída de leito carroçável,Sem Vítimas,Pleno dia,Decrescente,Nublado,Simples,Reta,Sim,4.0,0.0,0.0,0.0,1.0,5.0,0.0,6.0,"-4,334402","-38,479694",SPRF-CE,DEL03-CE,UOP02-DEL03-CE
500730,2023-01-21,sábado,19:30:00,RS,386.0,136,SARANDI,Acesso irregular,Colisão lateral sentido oposto,Com Vítimas Feridas,Plena Noite,Decrescente,Chuva,Simples,Reta,Sim,5.0,0.0,1.0,0.0,3.0,2.0,1.0,4.0,"-27,968201","-52,90752",SPRF-RS,DEL08-RS,UOP01-DEL08-RS
500742,2023-01-20,sexta-feira,19:45:00,SC,282.0,"207,5",LAGES,Transitar na contramão,Colisão frontal,Com Vítimas Fatais,Plena Noite,Crescente,Céu Claro,Simples,Reta;Aclive,Sim,3.0,1.0,1.0,0.0,1.0,0.0,1.0,3.0,"-27,77415538","-50,20515919",SPRF-SC,DEL05-SC,UOP01-DEL05-SC
500756,2023-01-21,sábado,04:25:00,SC,101.0,88,BARRA VELHA,Pedestre cruzava a pista fora da faixa,Atropelamento de Pedestre,Com Vítimas Feridas,Amanhecer,Decrescente,Céu Claro,Dupla,Reta;Viaduto;Declive,Sim,3.0,0.0,1.0,0.0,1.0,1.0,1.0,3.0,"-26,65344224","-48,68728638",SPRF-SC,DEL03-SC,UOP02-DEL03-SC
500761,2023-01-24,terça-feira,09:40:00,PR,277.0,"0,5",PARANAGUA,Condutor deixou de manter distância do veículo da frente,Colisão traseira,Com Vítimas Feridas,Pleno dia,Crescente,Céu Claro,Dupla,Reta,Sim,3.0,0.0,1.0,1.0,1.0,0.0,2.0,2.0,"-25,568198","-48,615292",SPRF-PR,DEL01-PR,UOP05-DEL01-PR
500767,2023-01-22,domingo,01:00:00,MT,70.0,518,VARZEA GRANDE,Chuva,Colisão frontal,Sem Vítimas,Plena Noite,Crescente,Chuva,Simples,Reta,Sim,3.0,0.0,0.0,0.0,2.0,2.0,0.0,4.0,"-15,691133","-56,169357",SPRF-MT,DEL01-MT,UOP02-DEL01-MT
500773,2023-01-20,sexta-feira,22:30:00,PR,277.0,"666,3",MEDIANEIRA,Ausência de reação do condutor,Colisão traseira,Com Vítimas Feridas,Plena Noite,Crescente,Céu Claro,Dupla,Reta,Não,3.0,0.0,0.0,1.0,1.0,1.0,1.0,3.0,"-25,26086511","-54,04611894",SPRF-PR,DEL05-PR,UOP02-DEL05-PR
500778,2023-01-24,terça-feira,11:19:00,ES,101.0,357,ANCHIETA,Reação tardia ou ineficiente do condutor,Colisão lateral mesmo sentido,Com Vítimas Feridas,Pleno dia,Crescente,Chuva,Múltipla,Curva,Não,4.0,0.0,2.0,0.0,1.0,1.0,2.0,3.0,"-20,68939658","-40,69515524",SPRF-ES,DEL03-ES,UOP01-DEL03-ES
500781,2023-01-24,terça-feira,10:40:00,AL,316.0,243,ATALAIA,Falta de acostamento,Saída de leito carroçável,Com Vítimas Feridas,Pleno dia,Crescente,Céu Claro,Simples,Aclive,Não,2.0,0.0,1.0,0.0,0.0,1.0,1.0,2.0,"-9,50948818","-36,01302293",SPRF-AL,DEL01-AL,UOP01-DEL01-AL
500801,2023-01-24,terça-feira,08:20:00,MG,381.0,"932,6",EXTREMA,Velocidade Incompatível,Tombamento,Com Vítimas Feridas,Pleno dia,Crescente,Nublado,Dupla,Curva;Declive,Não,2.0,0.0,0.0,1.0,0.0,1.0,1.0,2.0,"-22,81198015","-46,28431295",SPRF-MG,DEL16-MG,UOP03-DEL16-MG
500817,2023-01-24,terça-feira,10:40:00,GO,364.0,269,MINEIROS,Ultrapassagem Indevida,Saída de leito carroçável,Com Vítimas Feridas,Pleno dia,Decrescente,Céu Claro,Simples,Reta,Não,4.0,0.0,1.0,0.0,2.0,2.0,1.0,5.0,"-17,668106","-52,302914",SPRF-GO,DEL05-GO,UOP01-DEL05-GO
500823,2023-01-24,terça-feira,14:30:00,PR,277.0,123,CAMPO LARGO,Manobra de mudança de faixa,Colisão traseira,Com Vítimas Feridas,Pleno dia,Decrescente,Céu Claro,Dupla,Curva,Não,2.0,0.0,1.0,0.0,1.0,0.0,1.0,2.0,"-25,44558428","-49,46924586",SPRF-PR,DEL03-PR,UOP03-DEL03-PR
500827,2023-01-24,terça-feira,14:55:00,SC,101.0,111,NAVEGANTES,Reação tardia ou ineficiente do condutor,Tombamento,Com Vítimas Feridas,Pleno dia,Decrescente,Céu Claro,Simples,Curva,Não,2.0,0.0,1.0,0.0,0.0,1.0,1.0,2.0,"-26,83955734","-48,71418074",SPRF-SC,DEL04-SC,UOP04-DEL04-SC
500831,2023-01-24,terça-feira,15:00:00,SP,116.0,318,JUQUITIBA,Demais falhas mecânicas ou elétricas,Incêndio,Sem Vítimas,Pleno dia,Decrescente,Nublado,Dupla,Curva,Não,2.0,0.0,0.0,0.0,1.0,1.0,0.0,2.0,"-23,92536222","-46,99376156",SPRF-SP,DEL04-SP,UOP03-DEL04-SP
500832,2023-01-22,domingo,05:10:00,BA,101.0,771,PORTO SEGURO,Reação tardia ou ineficiente do condutor,Saída de leito carroçável,Com Vítimas Feridas,Amanhecer,Crescente,Nublado,Simples,Curva;Declive,Não,1.0,0.0,1.0,0.0,0.0,0.0,1.0,1.0,"-16,91561807","-39,52897099",SPRF-BA,DEL09-BA,UOP01-DEL09-BA
500836,2023-01-24,terça-feira,14:50:00,RS,116.0,244,SAO LEOPOLDO,Acessar a via sem observar a presença dos outros veículos,Colisão transversal,Com Vítimas Feridas,Pleno dia,Crescente,Céu Claro,Dupla,Reta,Sim,5.0,0.0,0.0,1.0,1.0,3.0,1.0,4.0,"-29,74088003","-51,15039566",SPRF-RS,DEL01-RS,UOP02-DEL01-RS
500839,2023-01-20,sexta-feira,19:00:00,MA,10.0,"178,2",CAMPESTRE DO MARANHAO,Ausência de reação do condutor,Colisão traseira,Com Vítimas Fatais,Plena Noite,Decrescente,Céu Claro,Simples,Reta,Sim,6.0,1.0,3.0,0.0,1.0,2.0,3.0,4.0,"-6,158751","-47,367653",SPRF-MA,DEL04-MA,UOP02-DEL04-MA
500840,2023-01-24,terça-feira,14:20:00,MS,163.0,485,CAMPO GRANDE,Condutor desrespeitou a iluminação vermelha do semáforo,Colisão transversal,Com Vítimas Feridas,Pleno dia,Crescente,Céu Claro,Simples,Reta;Interseção de Vias,Sim,2.0,0.0,1.0,0.0,1.0,0.0,1.0,2.0,"-20,44233707","-54,54201834",SPRF-MS,DEL01-MS,UOP02-DEL01-MS
500842,2023-01-24,terça-feira,15:00:00,BA,324.0,"606,9",SIMOES FILHO,Reação tardia ou ineficiente do condutor,Colisão traseira,Com Vítimas Feridas,Pleno dia,Crescente,Céu Claro,Dupla,Reta,Não,3.0,0.0,1.0,0.0,2.0,0.0,1.0,2.0,"-12,80271203","-38,40391318",SPRF-BA,DEL01-BA,UOP01-DEL01-BA
500850,2023-01-22,domingo,18:00:00,PA,163.0,295,NOVO PROGRESSO,Velocidade Incompatível,Colisão com objeto,Com Vítimas Feridas,Plena Noite,Crescente,Ignorado,Simples,Reta,Não,3.0,0.0,1.0,0.0,1.0,3.0,1.0,5.0,"-7,17762002","-55,36468489",SPRF-PA,DEL05-PA,UOP01-DEL05-PA
500854,2023-01-19,quinta-feira,21:00:00,ES,101.0,"365,8",ANCHIETA,Condutor Dormindo,Saída de leito carroçável,Sem Vítimas,Plena Noite,Crescente,Ignorado,Simples,Curva,Não,2.0,0.0,0.0,0.0,1.0,1.0,0.0,2.0,"-20,73397538","-40,7507118",SPRF-ES,DEL03-ES,UOP01-DEL03-ES
500857,2023-01-24,terça-feira,13:30:00,PR,153.0,201,TIBAGI,Velocidade Incompatível,Colisão lateral mesmo sentido,Com Vítimas Feridas,Pleno dia,Decrescente,Sol,Simples,Reta;Ponte,Não,7.0,0.0,3.0,0.0,3.0,3.0,3.0,5.0,"-24,47979436","-50,44374704",SPRF-PR,DEL03-PR,UOP02-DEL03-PR
500863,2023-01-24,terça-feira,11:45:00,AL,101.0,"32,9",JOAQUIM GOMES,Problema com o freio,Colisão lateral mesmo sentido,Com Vítimas Feridas,Pleno dia,Decrescente,Céu Claro,Dupla,Reta,Não,3.0,0.0,1.0,0.0,1.0,2.0,1.0,4.0,"-9,09902301","-35,75540297",SPRF-AL,DEL01-AL,UOP02-DEL01-AL
500865,2023-01-24,terça-feira,18:00:00,RS,158.0,324,SANTA MARIA,Manobra de mudança de faixa,Colisão lateral mesmo sentido,Sem Vítimas,Pleno dia,Decrescente,Céu Claro,Dupla,Reta,Sim,4.0,0.0,0.0,0.0,3.0,1.0,0.0,3.0,"-29,69762558","-53,78846438",SPRF-RS,DEL09-RS,UOP01-DEL09-RS
500869,2023-01-24,terça-feira,17:20:00,BA,242.0,826,BARREIRAS,Demais falhas mecânicas ou elétricas,Colisão com objeto,Com Vítimas Feridas,Anoitecer,Decrescente,Céu Claro,Simples,Reta,Não,3.0,0.0,1.0,0.0,1.0,2.0,1.0,4.0,"-12,11629731","-45,08509185",SPRF-BA,DEL10-BA,UOP01-DEL10-BA
500871,2023-01-24,terça-feira,17:45:00,RJ,101.0,326,NITEROI,Manobra de mudança de faixa,Colisão lateral mesmo sentido,Sem Vítimas,Anoitecer,Crescente,Nublado,Dupla,Reta,Sim,3.0,0.0,0.0,0.0,2.0,1.0,0.0,3.0,"-22,87206203","-43,146105",SPRF-RJ,DEL02-RJ,UOP01-DEL02-RJ
500872,2023-01-24,terça-feira,17:15:00,RS,386.0,"304,7",POUSO NOVO,Demais falhas mecânicas ou elétricas,Incêndio,Sem Vítimas,Pleno dia,Decrescente,Céu Claro,Simples,Curva;Aclive,Não,2.0,0.0,0.0,0.0,1.0,1.0,0.0,2.0,"-29,186541","-52,18951",SPRF-RS,DEL04-RS,UOP01-DEL04-RS
500876,2023-01-24,terça-feira,18:50:00,BA,116.0,"782,2",PLANALTO,Velocidade Incompatível,Tombamento,Com Vítimas Fatais,Plena Noite,Decrescente,Céu Claro,Simples,Aclive;Reta,Não,2.0,1.0,0.0,0.0,0.0,1.0,0.0,2.0,"-14,680267","-40,520978",SPRF-BA,DEL08-BA,UOP02-DEL08-BA
500878,2023-01-24,terça-feira,07:45:00,RO,364.0,398,OURO PRETO DO OESTE,Demais falhas mecânicas ou elétricas,Tombamento,Sem Vítimas,Pleno dia,Crescente,Garoa/Chuvisco,Simples,Reta;Declive,Não,3.0,0.0,0.0,0.0,2.0,4.0,0.0,6.0,"-10,61764701","-62,33150501",SPRF-RO,DEL03-RO,UOP02-DEL03-RO
500880,2023-01-24,terça-feira,19:30:00,ES,101.0,"294,7",CARIACICA,Demais falhas mecânicas ou elétricas,Colisão traseira,Com Vítimas Feridas,Plena Noite,Crescente,Chuva,Dupla,Declive;Reta,Sim,3.0,0.0,1.0,0.0,2.0,0.0,1.0,2.0,"-20,33223667","-40,40004683",SPRF-ES,DEL01-ES,UOP01-DEL01-ES
500881,2023-01-24,terça-feira,18:25:00,RS,470.0,232,CARLOS BARBOSA,Ausência de reação do condutor,Saída de leito carroçável,Com Vítimas Feridas,Pleno dia,Decrescente,Céu Claro,Dupla,Aclive;Reta,Não,2.0,0.0,1.0,0.0,0.0,1.0,1.0,2.0,"-29,29271503","-51,48510933",SPRF-RS,DEL06-RS,UOP01-DEL06-RS
500886,2023-01-24,terça-feira,17:30:00,MS,163.0,612,SAO GABRIEL DO OESTE,Reação tardia ou ineficiente do condutor,Colisão traseira,Com Vítimas Feridas,Pleno dia,Crescente,Céu Claro,Simples,Reta,Não,2.0,0.0,1.0,0.0,1.0,0.0,1.0,2.0,"-19,42060818","-54,54960119",SPRF-MS,DEL06-MS,UOP02-DEL06-MS
500889,2023-01-24,terça-feira,18:40:00,SP,381.0,"88,1",GUARULHOS,Condutor deixou de manter distância do veículo da frente,Colisão traseira,Com Vítimas Feridas,Anoitecer,Crescente,Céu Claro,Múltipla,Reta,Sim,7.0,0.0,1.0,0.0,1.0,9.0,1.0,8.0,"-23,479546","-46,560138",SPRF-SP,DEL03-SP,UOP01-DEL03-SP
500895,2023-01-24,terça-feira,17:00:00,MG,365.0,"517,2",MONTE CARMELO,Pista Escorregadia,Saída de leito carroçável,Com Vítimas Feridas,Anoitecer,Crescente,Chuva,Simples,Reta,Não,2.0,0.0,1.0,0.0,0.0,1.0,1.0,2.0,"-18,91496818","-47,377739",SPRF-MG,DEL10-MG,UOP01-DEL10-MG
500900,2023-01-24,terça-feira,16:15:00,BA,242.0,414,SEABRA,Problema com o freio,Saída de leito carroçável,Sem Vítimas,Pleno dia,Decrescente,Céu Claro,Simples,Reta,Sim,2.0,0.0,0.0,0.0,1.0,1.0,0.0,2.0,"-12,427427","-41,77020288",SPRF-BA,DEL06-BA,UOP01-DEL06-BA
500904,2023-01-21,sábado,12:00:00,SP,116.0,555,BARRA DO TURVO,Ingestão de álcool pelo condutor,Tombamento,Com Vítimas Feridas,Pleno dia,Crescente,Céu Claro,Múltipla,Curva,Não,2.0,0.0,1.0,0.0,0.0,1.0,1.0,2.0,"-24,97447301","-48,504597",SPRF-SP,DEL05-SP,UOP02-DEL05-SP
500906,2023-01-24,terça-feira,22:00:00,CE,222.0,200,FORQUILHA,Transitar na contramão,Colisão frontal,Com Vítimas Fatais,Plena Noite,Decrescente,Céu Claro,Simples,Curva,Não,3.0,1.0,0.0,0.0,1.0,1.0,0.0,3.0,"-3,80547002","-40,19978001",SPRF-CE,DEL04-CE,UOP01-DEL04-CE
500913,2023-01-24,terça-feira,15:30:00,PA,155.0,219,ELDORADO DO CARAJAS,Reação tardia ou ineficiente do condutor,Colisão traseira,Com Vítimas Feridas,Pleno dia,Crescente,Ignorado,Simples,Reta,Não,3.0,0.0,1.0,0.0,0.0,2.0,1.0,3.0,"-6,36038898","-49,39952606",SPRF-PA,DEL03-PA,UOP01-DEL03-PA
500914,2023-01-22,domingo,11:37:00,BA,242.0,489,OLIVEIRA DOS BREJINHOS,Chuva,Tombamento,Sem Vítimas,Pleno dia,Crescente,Garoa/Chuvisco,Múltipla,Curva;Declive,Não,2.0,0.0,0.0,0.0,1.0,1.0,0.0,2.0,"-12,41360616","-42,36805991",SPRF-BA,DEL06-BA,UOP01-DEL06-BA
500918,2023-01-25,quarta-feira,01:45:00,PR,277.0,0,PARANAGUA,Reação tardia ou ineficiente do condutor,Colisão traseira,Com Vítimas Feridas,Plena Noite,Crescente,Céu Claro,Dupla,Reta,Sim,3.0,0.0,0.0,1.0,1.0,1.0,1.0,3.0,"-25,568198","-48,615292",SPRF-PR,DEL01-PR,UOP05-DEL01-PR