id,data_inversa,dia_semana,horario,uf,br,km,municipio,causa_acidente,tipo_acidente,classificacao_acidente,fase_dia,sentido_via,condicao_metereologica,tipo_pista,tracado_via,uso_solo,pessoas,mortos,feridos_leves,feridos_graves,ilesos,ignorados,feridos,veiculos,latitude,longitude,regional,delegacia,uop
500919,2023-01-22,domingo,09:10:00,BA,242.0,497,OLIVEIRA DOS BREJINHOS,Chuva,Colisão transversal,Com Vítimas Feridas,Pleno dia,Decrescente,Chuva,Simples,Reta,Não,3.0,0.0,1.0,0.0,1.0,1.0,1.0,3.0,"-12,37707239","-42,42469314",SPRF-BA,DEL06-BA,UOP01-DEL06-BA
500923,2023-01-25,quarta-feira,02:20:00,RS,287.0,280,SAO PEDRO DO SUL,Ausência de reação do condutor,Colisão traseira,Com Vítimas Feridas,Plena Noite,Crescente,Céu Claro,Simples,Reta;Aclive,Não,2.0,0.0,1.0,0.0,1.0,0.0,1.0,2.0,"-29,6410317","-54,17002483",SPRF-RS,DEL09-RS,UOP01-DEL09-RS
500927,2023-01-25,quarta-feira,04:45:00,PR,376.0,502,PONTA GROSSA,Condutor Dormindo,Saída de leito carroçável,Com Vítimas Feridas,Amanhecer,Decrescente,Céu Claro,Dupla,Reta;Declive,Não,4.0,0.0,1.0,1.0,1.0,2.0,2.0,4.0,"-25,16949285","-50,11080444",SPRF-PR,DEL03-PR,UOP04-DEL03-PR
500932,2023-01-25,quarta-feira,05:20:00,ES,101.0,219,IBIRACU,Acumulo de água sobre o pavimento,Colisão frontal,Com Vítimas Feridas,Pleno dia,Crescente,Chuva,Dupla,Curva,Não,3.0,0.0,1.0,0.0,2.0,0.0,1.0,2.0,"-19,86460092","-40,38336629",SPRF-ES,DEL02-ES,UOP01-DEL02-ES
500933,2023-01-25,quarta-feira,05:50:00,SC,101.0,207,SAO JOSE,Reação tardia ou ineficiente do condutor,Atropelamento de Pedestre,Com Vítimas Feridas,Pleno dia,Decrescente,Céu Claro,Múltipla,Reta;Declive,Sim,2.0,0.0,0.0,2.0,0.0,0.0,2.0,2.0,"-27,60001226","-48,6226467",SPRF-SC,DEL01-SC,UOP01-DEL01-SC
500937,2023-01-21,sábado,22:40:00,RJ,101.0,"436,3",MANGARATIBA,Animais na Pista,Eventos atípicos,Com Vítimas Feridas,Plena Noite,Decrescente,Nublado,Simples,Reta;Aclive,Não,2.0,0.0,1.0,0.0,0.0,1.0,1.0,2.0,"-22,94335387","-44,06046308",SPRF-RJ,DEL03-RJ,UOP02-DEL03-RJ
500941,2023-01-12,quinta-feira,13:40:00,MG,116.0,740,LARANJAL,Ultrapassagem Indevida,Colisão frontal,Com Vítimas Fatais,Pleno dia,Crescente,Céu Claro,Simples,Ponte;Reta,Não,3.0,1.0,0.0,0.0,1.0,1.0,0.0,3.0,"-21,39205","-42,489685",SPRF-MG,DEL07-MG,UOP01-DEL07-MG
500944,2023-01-20,sexta-feira,14:15:00,AL,316.0,222,VICOSA,Ausência de reação do condutor,Colisão frontal,Com Vítimas Feridas,Pleno dia,Crescente,Chuva,Simples,Curva,Não,2.0,0.0,1.0,0.0,1.0,0.0,1.0,2.0,"-9,46720107","-36,17810726",SPRF-AL,DEL01-AL,UOP01-DEL01-AL
500953,2023-01-25,quarta-feira,07:00:00,MG,146.0,"399,5",GUAXUPE,Velocidade Incompatível,Colisão traseira,Com Vítimas Feridas,Pleno dia,Decrescente,Céu Claro,Simples,Reta;Declive;Rotatória,Não,3.0,0.0,2.0,0.0,1.0,0.0,2.0,2.0,"-21,29793127","-46,67412758",SPRF-MG,DEL09-MG,UOP01-DEL09-MG
500956,2023-01-21,sábado,10:11:00,MG,365.0,569,INDIANOPOLIS,Pista esburacada,Colisão lateral sentido oposto,Com Vítimas Feridas,Pleno dia,Decrescente,Céu Claro,Simples,Curva,Não,3.0,0.0,1.0,0.0,1.0,3.0,1.0,5.0,"-18,91312283","-47,86289793",SPRF-MG,DEL15-MG,UOP02-DEL15-MG
500959,2023-01-21,sábado,14:30:00,MT,364.0,257,JACIARA,Ultrapassagem Indevida,Colisão lateral mesmo sentido,Sem Vítimas,Pleno dia,Crescente,Nublado,Dupla,Reta;Aclive,Não,2.0,0.0,0.0,0.0,2.0,0.0,0.0,2.0,"-16,06464917","-54,8799054",SPRF-MT,DEL02-MT,UOP01-DEL02-MT
500961,2023-01-21,sábado,13:40:00,SC,282.0,"633,3",DESCANSO,Velocidade Incompatível,Saída de leito carroçável,Com Vítimas Feridas,Pleno dia,Decrescente,Céu Claro,Simples,Curva;Declive,Não,3.0,0.0,0.0,1.0,1.0,1.0,1.0,2.0,"-26,824224","-53,412407",SPRF-SC,DEL07-SC,UOP03-DEL07-SC
500972,2023-01-25,quarta-feira,07:30:00,PR,373.0,222,IMBITUVA,Desrespeitar a preferência no cruzamento,Colisão transversal,Com Vítimas Feridas,Pleno dia,Crescente,Céu Claro,Simples,Interseção de Vias;Rotatória,Não,3.0,0.0,1.0,0.0,1.0,1.0,1.0,3.0,"-25,18290238","-50,59238391",SPRF-PR,DEL03-PR,UOP01-DEL03-PR
500986,2023-01-23,segunda-feira,05:33:00,RS,392.0,"51,4",RIO GRANDE,Neblina,Colisão traseira,Sem Vítimas,Amanhecer,Crescente,Nevoeiro/Neblina,Dupla,Reta,Não,3.0,0.0,0.0,0.0,2.0,1.0,0.0,3.0,"-31,86521207","-52,32379036",SPRF-RS,DEL07-RS,UOP02-DEL07-RS
500988,2023-01-25,quarta-feira,06:46:00,MT,70.0,522,VARZEA GRANDE,Acessar a via sem observar a presença dos outros veículos,Colisão transversal,Sem Vítimas,Pleno dia,Decrescente,Céu Claro,Simples,Reta,Sim,4.0,0.0,0.0,0.0,3.0,2.0,0.0,5.0,"-15,66716924","-56,18224204",SPRF-MT,DEL01-MT,UOP02-DEL01-MT
500990,2023-01-25,quarta-feira,05:30:00,RJ,116.0,219,PARACAMBI,Demais falhas mecânicas ou elétricas,Colisão traseira,Sem Vítimas,Amanhecer,Decrescente,Céu Claro,Dupla,Reta,Não,3.0,0.0,0.0,0.0,2.0,2.0,0.0,4.0,"-22,698075","-43,765978",SPRF-RJ,DEL07-RJ,UOP01-DEL07-RJ
500991,2023-01-25,quarta-feira,08:10:00,PR,369.0,159,CAMBE,Condutor deixou de manter distância do veículo da frente,Colisão traseira,Com Vítimas Fatais,Pleno dia,Decrescente,Céu Claro,Dupla,Reta,Sim,5.0,1.0,0.0,0.0,3.0,1.0,0.0,4.0,"-23,282483","-51,251041",SPRF-PR,DEL07-PR,UOP01-DEL07-PR
500993,2023-01-25,quarta-feira,08:45:00,RJ,101.0,192,CASIMIRO DE ABREU,Ausência de reação do condutor,Colisão traseira,Com Vítimas Feridas,Pleno dia,Crescente,Céu Claro,Dupla,Reta,Não,4.0,0.0,2.0,0.0,1.0,1.0,2.0,3.0,"-22,47314393","-42,08206801",SPRF-RJ,DEL08-RJ,UOP04-DEL08-RJ
501015,2023-01-25,quarta-feira,07:00:00,RO,364.0,611,ITAPUA DO OESTE,Ultrapassagem Indevida,Colisão lateral mesmo sentido,Com Vítimas Feridas,Amanhecer,Decrescente,Garoa/Chuvisco,Simples,Reta,Não,3.0,0.0,0.0,1.0,1.0,3.0,1.0,5.0,"-9,14732013","-63,23310013",SPRF-RO,DEL01-RO,UOP04-DEL01-RO
501018,2023-01-25,quarta-feira,09:40:00,PR,376.0,"15,4",MARINGA,Reação tardia ou ineficiente do condutor,Tombamento,Com Vítimas Feridas,Pleno dia,Decrescente,Céu Claro,Dupla,Curva;Declive,Sim,3.0,0.0,1.0,0.0,1.0,2.0,1.0,3.0,"-23,4273","-51,9375",SPRF-PR,DEL09-PR,UOP01-DEL09-PR
501031,2023-01-20,sexta-feira,20:00:00,DF,80.0,16,BRASILIA,Ausência de reação do condutor,Colisão traseira,Com Vítimas Fatais,Plena Noite,Crescente,Céu Claro,Simples,Declive,Não,2.0,1.0,0.0,0.0,1.0,0.0,0.0,2.0,"-15,701065","-48,202263",SPRF-DF,DEL03-DF,UOP02-DEL03-DF
501038,2023-01-21,sábado,11:30:00,MS,262.0,"242,4",RIBAS DO RIO PARDO,Acessar a via sem observar a presença dos outros veículos,Colisão transversal,Com Vítimas Feridas,Pleno dia,Decrescente,Céu Claro,Simples,Aclive,Não,2.0,0.0,0.0,1.0,1.0,0.0,1.0,2.0,"-20,45637858","-53,78459597",SPRF-MS,DEL01-MS,UOP01-DEL01-MS
501048,2023-01-25,quarta-feira,07:50:00,MG,364.0,"28,5",FRUTAL,Acessar a via sem observar a presença dos outros veículos,Colisão com objeto,Com Vítimas Feridas,Pleno dia,Decrescente,Céu Claro,Dupla,Reta;Rotatória,Sim,3.0,0.0,1.0,0.0,2.0,0.0,1.0,3.0,"-20,022202","-48,899897",SPRF-MG,DEL13-MG,UOP02-DEL13-MG
501050,2023-01-25,quarta-feira,11:20:00,MS,163.0,485,CAMPO GRANDE,Ausência de reação do condutor,Colisão traseira,Com Vítimas Feridas,Pleno dia,Crescente,Céu Claro,Simples,Reta,Sim,3.0,0.0,1.0,0.0,1.0,1.0,1.0,3.0,"-20,44233707","-54,54201834",SPRF-MS,DEL01-MS,UOP02-DEL01-MS
501057,2023-01-25,quarta-feira,12:30:00,SC,101.0,"194,8",BIGUACU,Condutor deixou de manter distância do veículo da frente,Engavetamento,Com Vítimas Feridas,Pleno dia,Decrescente,Céu Claro,Dupla,Reta,Sim,5.0,0.0,1.0,0.0,4.0,0.0,1.0,4.0,"-27,49815117","-48,65661236",SPRF-SC,DEL01-SC,UOP01-DEL01-SC
501063,2023-01-20,sexta-feira,17:00:00,MS,163.0,270,DOURADOS,Desrespeitar a preferência no cruzamento,Colisão transversal,Sem Vítimas,Pleno dia,Decrescente,Céu Claro,Dupla,Rotatória,Não,2.0,0.0,0.0,0.0,2.0,0.0,0.0,2.0,"-22,194847","-54,69295",SPRF-MS,DEL04-MS,UOP01-DEL04-MS
501064,2023-01-21,sábado,17:10:00,MT,70.0,257,PRIMAVERA DO LESTE,Demais falhas mecânicas ou elétricas,Tombamento,Sem Vítimas,Pleno dia,Crescente,Chuva,Simples,Reta,Não,3.0,0.0,0.0,0.0,2.0,3.0,0.0,5.0,"-15,61663061","-54,18521404",SPRF-MT,DEL05-MT,UOP01-DEL05-MT
501065,2023-01-25,quarta-feira,09:30:00,GO,153.0,497,GOIANIA,Reação tardia ou ineficiente do condutor,Colisão traseira,Com Vítimas Feridas,Pleno dia,Crescente,Céu Claro,Dupla,Reta;Aclive,Não,4.0,0.0,1.0,0.0,2.0,1.0,1.0,3.0,"-16,6854","-49,2338",SPRF-GO,DEL01-GO,UOP01-DEL01-GO
501066,2023-01-25,quarta-feira,12:25:00,PR,376.0,"313,8",ORTIGUEIRA,Velocidade Incompatível,Tombamento,Com Vítimas Feridas,Pleno dia,Crescente,Céu Claro,Dupla,Curva;Declive,Não,2.0,0.0,0.0,1.0,0.0,1.0,1.0,2.0,"-23,980556","-51,085541",SPRF-PR,DEL07-PR,UOP02-DEL07-PR
501071,2023-01-21,sábado,12:30:00,SC,101.0,116,ITAJAI,Condutor deixou de manter distância do veículo da frente,Colisão traseira,Sem Vítimas,Pleno dia,Crescente,Céu Claro,Dupla,Reta,Não,2.0,0.0,0.0,0.0,2.0,0.0,0.0,2.0,"-26,87905605","-48,72603512",SPRF-SC,DEL04-SC,UOP04-DEL04-SC
501082,2023-01-25,quarta-feira,08:30:00,MT,70.0,28,BARRA DO GARCAS,Velocidade Incompatível,Tombamento,Sem Vítimas,Pleno dia,Decrescente,Nublado,Simples,Curva,Não,2.0,0.0,0.0,0.0,1.0,3.0,0.0,4.0,"-15,81393036","-52,47756134",SPRF-MT,DEL07-MT,UOP01-DEL07-MT
501087,2023-01-25,quarta-feira,14:02:00,PE,316.0,85,OURICURI,Conversão proibida,Colisão traseira,Com Vítimas Feridas,Pleno dia,Crescente,Céu Claro,Simples,Declive;Reta,Não,5.0,0.0,2.0,0.0,2.0,1.0,2.0,3.0,"-7,88417113","-40,0701651",SPRF-PE,DEL05-PE,UOP02-DEL05-PE
501089,2023-01-25,quarta-feira,13:00:00,SP,116.0,511,CAJATI,Reação tardia ou ineficiente do condutor,Tombamento,Com Vítimas Feridas,Pleno dia,Decrescente,Sol,Dupla,Curva;Declive,Não,4.0,0.0,1.0,0.0,2.0,1.0,1.0,2.0,"-24,83558399","-48,2223738",SPRF-SP,DEL05-SP,UOP02-DEL05-SP
501096,2023-01-21,sábado,19:00:00,RS,116.0,"524,9",PELOTAS,Velocidade Incompatível,Tombamento,Com Vítimas Feridas,Anoitecer,Crescente,Nublado,Dupla,Interseção de Vias,Sim,2.0,0.0,1.0,0.0,0.0,2.0,1.0,3.0,"-31,7302021","-52,38891721",SPRF-RS,DEL07-RS,UOP01-DEL07-RS
501100,2023-01-22,domingo,19:00:00,MS,163.0,477,CAMPO GRANDE,Ausência de reação do condutor,Colisão traseira,Sem Vítimas,Plena Noite,Decrescente,Nublado,Simples,Reta,Sim,2.0,0.0,0.0,0.0,2.0,0.0,0.0,2.0,"-20,50427591","-54,55557367",SPRF-MS,DEL01-MS,UOP01-DEL01-MS
501102,2023-01-25,quarta-feira,10:15:00,PR,277.0,464,LARANJEIRAS DO SUL,Problema com o freio,Colisão com objeto,Com Vítimas Fatais,Pleno dia,Crescente,Céu Claro,Múltipla,Declive,Não,4.0,1.0,0.0,0.0,2.0,2.0,0.0,5.0,"-25,34708424","-52,49113452",SPRF-PR,DEL04-PR,UOP02-DEL04-PR
501105,2023-01-25,quarta-feira,13:45:00,SC,470.0,"199,3",PONTE ALTA,Desrespeitar a preferência no cruzamento,Colisão transversal,Sem Vítimas,Pleno dia,Crescente,Céu Claro,Simples,Reta;Interseção de Vias,Não,3.0,0.0,0.0,0.0,2.0,2.0,0.0,4.0,"-27,307792","-50,134103",SPRF-SC,DEL05-SC,UOP03-DEL05-SC
501110,2023-01-25,quarta-feira,15:50:00,MG,365.0,"393,4",PATOS DE MINAS,Velocidade Incompatível,Colisão frontal,Com Vítimas Feridas,Pleno dia,Decrescente,Chuva,Simples,Curva,Não,3.0,0.0,1.0,0.0,1.0,2.0,1.0,4.0,"-18,63481872","-46,34836686",SPRF-MG,DEL10-MG,UOP01-DEL10-MG
501116,2023-01-25,quarta-feira,16:00:00,MT,364.0,178,PEDRA PRETA,Falta de elemento de contenção que evite a saída do leito carroçável,Saída de leito carroçável,Com Vítimas Feridas,Pleno dia,Crescente,Nublado,Simples,Aclive;Reta,Não,3.0,0.0,1.0,0.0,0.0,2.0,1.0,3.0,"-16,603064","-54,479123",SPRF-MT,DEL02-MT,UOP01-DEL02-MT
501121,2023-01-25,quarta-feira,16:30:00,RN,101.0,107,PARNAMIRIM,Reação tardia ou ineficiente do condutor,Colisão lateral mesmo sentido,Com Vítimas Feridas,Pleno dia,Crescente,Céu Claro,Dupla,Reta,Sim,2.0,0.0,1.0,0.0,1.0,0.0,1.0,2.0,"-5,91920796","-35,26412409",SPRF-RN,DEL01-RN,UOP01-DEL01-RN
501126,2023-01-16,segunda-feira,19:00:00,RS,116.0,233,ESTANCIA VELHA,Transitar na contramão,Colisão lateral sentido oposto,Com Vítimas Feridas,Anoitecer,Crescente,Céu Claro,Simples,Declive;Reta,Não,2.0,0.0,1.0,0.0,1.0,0.0,1.0,2.0,"-29,64206007","-51,14268362",SPRF-RS,DEL01-RS,UOP02-DEL01-RS
501127,2023-01-25,quarta-feira,17:30:00,MT,70.0,514,VARZEA GRANDE,Acessar a via sem observar a presença dos outros veículos,Colisão transversal,Com Vítimas Feridas,Pleno dia,Decrescente,Céu Claro,Simples,Reta;Interseção de Vias,Sim,3.0,0.0,1.0,0.0,1.0,1.0,1.0,3.0,"-15,70607","-56,1322",SPRF-MT,DEL01-MT,UOP02-DEL01-MT
501130,2023-01-25,quarta-feira,14:45:00,BA,407.0,164,FILADELFIA,Ultrapassagem Indevida,Colisão lateral sentido oposto,Com Vítimas Feridas,Pleno dia,Crescente,Céu Claro,Simples,Reta,Não,5.0,0.0,2.0,0.0,2.0,2.0,2.0,4.0,"-10,78532804","-40,11780243",SPRF-BA,DEL04-BA,UOP01-DEL04-BA
501131,2023-01-25,quarta-feira,17:30:00,GO,60.0,"119,8",TEREZOPOLIS DE GOIAS,Reação tardia ou ineficiente do condutor,Colisão com objeto,Com Vítimas Feridas,Pleno dia,Crescente,Chuva,Dupla,Declive,Não,1.0,0.0,1.0,0.0,0.0,0.0,1.0,1.0,"-16,4914","-49,0999",SPRF-GO,DEL01-GO,UOP01-DEL01-GO
501134,2023-01-25,quarta-feira,18:40:00,PR,277.0,111,CAMPO LARGO,Trafegar com motocicleta (ou similar) entre as faixas,Tombamento,Com Vítimas Feridas,Anoitecer,Crescente,Céu Claro,Dupla,Curva;Aclive,Não,2.0,0.0,1.0,0.0,1.0,0.0,1.0,2.0,"-25,44353337","-49,46404696",SPRF-PR,DEL03-PR,UOP03-DEL03-PR
501142,2023-01-25,quarta-feira,06:40:00,BA,116.0,"755,6",POCOES,Velocidade Incompatível,Colisão frontal,Com Vítimas Feridas,Pleno dia,Decrescente,Céu Claro,Simples,Reta,Sim,4.0,0.0,1.0,1.0,1.0,1.0,2.0,3.0,"-14,512942","-40,365989",SPRF-BA,DEL08-BA,UOP02-DEL08-BA
501145,2023-01-25,quarta-feira,19:00:00,PE,101.0,"62,2",RECIFE,Carga excessiva e/ou mal acondicionada,Colisão com objeto,Com Vítimas Feridas,Plena Noite,Decrescente,Céu Claro,Dupla,Reta,Sim,2.0,0.0,1.0,0.0,0.0,1.0,1.0,2.0,"-8,005841","-34,937808",SPRF-PE,DEL01-PE,UOP02-DEL01-PE
501154,2023-01-21,sábado,20:40:00,BA,101.0,878,TEIXEIRA DE FREITAS,Entrada inopinada do pedestre,Atropelamento de Pedestre,Com Vítimas Feridas,Plena Noite,Decrescente,Chuva,Simples,Interseção de Vias,Sim,2.0,0.0,0.0,1.0,0.0,1.0,1.0,2.0,"-17,55578666","-39,72430944",SPRF-BA,DEL09-BA,UOP02-DEL09-BA
501157,2023-01-25,quarta-feira,17:47:00,MS,163.0,840,SONORA,Ausência de reação do condutor,Saída de leito carroçável,Com Vítimas Feridas,Plena Noite,Crescente,Céu Claro,Simples,Aclive;Reta,Não,2.0,0.0,1.0,0.0,0.0,1.0,1.0,2.0,"-17,57335992","-54,74135739",SPRF-MS,DEL06-MS,UOP01-DEL06-MS
501166,2023-01-25,quarta-feira,18:15:00,BA,242.0,414,SEABRA,Velocidade Incompatível,Colisão traseira,Com Vítimas Feridas,Anoitecer,Decrescente,Céu Claro,Simples,Aclive;Reta,Sim,3.0,0.0,1.0,0.0,1.0,4.0,1.0,6.0,"-12,427427","-41,77020288",SPRF-BA,DEL06-BA,UOP01-DEL06-BA
501167,2023-01-25,quarta-feira,15:00:00,CE,222.0,"236,5",SOBRAL,Chuva,Colisão frontal,Com Vítimas Fatais,Pleno dia,Decrescente,Chuva,Simples,Reta,Não,5.0,1.0,2.0,0.0,2.0,0.0,2.0,2.0,"-3,71550187","-40,44425006",SPRF-CE,DEL04-CE,UOP01-DEL04-CE
501169,2023-01-25,quarta-feira,20:45:00,PI,316.0,317,PICOS,Ultrapassagem Indevida,Colisão frontal,Com Vítimas Feridas,Plena Noite,Decrescente,Céu Claro,Simples,Reta;Aclive,Não,2.0,0.0,0.0,1.0,1.0,0.0,1.0,2.0,"-7,08317297","-41,41458999",SPRF-PI,DEL04-PI,UOP01-DEL04-PI
501171,2023-01-25,quarta-feira,18:10:00,MG,40.0,"754,9",EWBANK DA CAMARA,Velocidade Incompatível,Tombamento,Com Vítimas Feridas,Anoitecer,Crescente,Nublado,Simples,Reta;Declive,Não,3.0,0.0,1.0,1.0,0.0,1.0,2.0,2.0,"-21,47980333","-43,54250614",SPRF-MG,DEL05-MG,UOP01-DEL05-MG
501178,2023-01-25,quarta-feira,16:50:00,MG,116.0,"454,6",ENGENHEIRO CALDAS,Reação tardia ou ineficiente do condutor,Engavetamento,Com Vítimas Feridas,Pleno dia,Decrescente,Nublado,Simples,Reta,Sim,3.0,0.0,1.0,0.0,2.0,0.0,1.0,3.0,"-19,18425398","-42,04045306",SPRF-MG,DEL06-MG,UOP02-DEL06-MG
501192,2023-01-25,quarta-feira,22:30:00,GO,153.0,"508,8",APARECIDA DE GOIANIA,Falta de acostamento,Colisão traseira,Sem Vítimas,Plena Noite,Crescente,Chuva,Dupla,Curva;Declive,Sim,2.0,0.0,0.0,0.0,1.0,1.0,0.0,2.0,"-16,7804","-49,2371",SPRF-GO,DEL01-GO,UOP03-DEL01-GO
501195,2023-01-25,quarta-feira,22:50:00,SP,116.0,"12,7",QUELUZ,Ausência de reação do condutor,Colisão traseira,Com Vítimas Fatais,Plena Noite,Crescente,Céu Claro,Dupla,Reta,Não,3.0,1.0,0.0,0.0,2.0,0.0,0.0,3.0,"-22,54640191","-44,8039181",SPRF-SP,DEL08-SP,UOP02-DEL08-SP
501196,2023-01-26,quinta-feira,01:30:00,ES,262.0,177,IBATIBA,Velocidade Incompatível,Capotamento,Com Vítimas Feridas,Plena Noite,Decrescente,Céu Claro,Simples,Curva;Declive,Não,1.0,0.0,1.0,0.0,0.0,0.0,1.0,1.0,"-20,28062181","-41,64687634",SPRF-ES,DEL01-ES,UOP02-DEL01-ES
501200,2023-01-26,quinta-feira,00:50:00,PE,101.0,"163,6",GAMELEIRA,Curva acentuada,Saída de leito carroçável,Sem Vítimas,Plena Noite,Decrescente,Céu Claro,Dupla,Curva,Não,1.0,0.0,0.0,0.0,1.0,0.0,0.0,1.0,"-8,55039544","-35,44619699",SPRF-PE,DEL01-PE,UOP03-DEL01-PE
501202,2023-01-26,quinta-feira,04:00:00,GO,452.0,"181,4",ITUMBIARA,Problema com o freio,Incêndio,Sem Vítimas,Plena Noite,Crescente,Nublado,Dupla,Interseção de Vias;Reta,Não,2.0,0.0,0.0,0.0,1.0,2.0,0.0,3.0,"-18,38291345","-49,34590816",SPRF-GO,DEL03-GO,UOP02-DEL03-GO
501204,2023-01-26,quinta-feira,04:50:00,PE,232.0,15,JABOATAO DOS GUARARAPES,Demais falhas mecânicas ou elétricas,Incêndio,Sem Vítimas,Pleno dia,Decrescente,Sol,Dupla,Reta,Sim,1.0,0.0,0.0,0.0,1.0,0.0,0.0,1.0,"-8,090611","-35,02566",SPRF-PE,DEL01-PE,UOP01-DEL01-PE
501210,2023-01-26,quinta-feira,06:38:00,RS,101.0,"69,3",OSORIO,Condutor Dormindo,Colisão traseira,Com Vítimas Feridas,Amanhecer,Crescente,Céu Claro,Dupla,Túnel,Não,1.0,0.0,1.0,0.0,0.0,0.0,1.0,1.0,"-29,724619","-50,198845",SPRF-RS,DEL03-RS,UOP01-DEL03-RS
501215,2023-01-26,quinta-feira,06:49:00,PE,232.0,"9,4",JABOATAO DOS GUARARAPES,Ausência de reação do condutor,Colisão lateral mesmo sentido,Com Vítimas Feridas,Pleno dia,Crescente,Nublado,Dupla,Reta;Em Obras,Sim,2.0,0.0,1.0,0.0,1.0,0.0,1.0,2.0,"-8,07764447","-34,97863609",SPRF-PE,DEL01-PE,UOP01-DEL01-PE
501216,2023-01-22,domingo,16:50:00,ES,101.0,242,SERRA,Velocidade Incompatível,Colisão traseira,Com Vítimas Feridas,Pleno dia,Decrescente,Céu Claro,Simples,Reta,Não,2.0,0.0,0.0,1.0,1.0,0.0,1.0,2.0,"-20,0321348","-40,39675773",SPRF-ES,DEL02-ES,UOP01-DEL02-ES
501217,2023-01-22,domingo,11:15:00,PR,467.0,"95,2",CASCAVEL,Acesso irregular,Saída de leito carroçável,Com Vítimas Feridas,Pleno dia,Decrescente,Nublado,Dupla,Reta,Não,1.0,0.0,0.0,1.0,0.0,0.0,1.0,1.0,"-24,8675","-53,5694",SPRF-PR,DEL04-PR,UOP01-DEL04-PR
501220,2023-01-26,quinta-feira,07:10:00,SC,280.0,26,ARAQUARI,Reação tardia ou ineficiente do condutor,Colisão traseira,Com Vítimas Feridas,Pleno dia,Crescente,Céu Claro,Simples,Reta,Sim,2.0,0.0,1.0,0.0,1.0,0.0,1.0,2.0,"-26,38972308","-48,73411593",SPRF-SC,DEL03-SC,UOP03-DEL03-SC
501221,2023-01-26,quinta-feira,04:00:00,BA,116.0,911,CANDIDO SALES,Condutor Dormindo,Colisão traseira,Com Vítimas Feridas,Plena Noite,Decrescente,Céu Claro,Simples,Declive,Não,5.0,0.0,2.0,1.0,2.0,0.0,3.0,3.0,"-15,522374","-41,243014",SPRF-BA,DEL08-BA,UOP03-DEL08-BA
501241,2023-01-21,sábado,01:10:00,BA,101.0,"363,4",GANDU,Velocidade Incompatível,Colisão lateral sentido oposto,Sem Vítimas,Plena Noite,Crescente,Nublado,Simples,Curva,Não,3.0,0.0,0.0,0.0,1.0,2.0,0.0,3.0,"-13,856841","-39,49252598",SPRF-BA,DEL05-BA,UOP03-DEL05-BA
501252,2023-01-26,quinta-feira,08:30:00,DF,40.0,5,BRASILIA,Redutor de velocidade em desacordo,Colisão lateral mesmo sentido,Sem Vítimas,Pleno dia,Crescente,Céu Claro,Dupla,Reta,Não,2.0,0.0,0.0,0.0,2.0,0.0,0.0,2.0,"-16,020903","-47,980541",SPRF-DF,DEL01-DF,UOP01-DEL01-DF
501255,2023-01-26,quinta-feira,08:58:00,SP,116.0,392,MIRACATU,Demais falhas mecânicas ou elétricas,Incêndio,Sem Vítimas,Pleno dia,Crescente,Céu Claro,Dupla,Reta,Não,1.0,0.0,0.0,0.0,1.0,0.0,0.0,1.0,"-24,2823606","-47,4330272",SPRF-SP,DEL04-SP,UOP02-DEL04-SP
501258,2023-01-26,quinta-feira,09:10:00,BA,20.0,162,SAO DESIDERIO,Reação tardia ou ineficiente do condutor,Colisão frontal,Com Vítimas Feridas,Pleno dia,Crescente,Chuva,Simples,Reta,Não,3.0,0.0,0.0,2.0,1.0,0.0,2.0,2.0,"-12,64350568","-45,91998014",SPRF-BA,DEL10-BA,UOP01-DEL10-BA
501260,2023-01-26,quinta-feira,05:40:00,RJ,40.0,"93,5",DUQUE DE CAXIAS,Problema com o freio,Colisão traseira,Com Vítimas Feridas,Amanhecer,Crescente,Céu Claro,Simples,Declive;Curva,Não,2.0,0.0,0.0,1.0,1.0,0.0,1.0,2.0,"-22,55597133","-43,26057673",SPRF-RJ,DEL01-RJ,UOP01-DEL01-RJ
501262,2023-01-14,sábado,07:50:00,PR,277.0,99,CURITIBA,Velocidade Incompatível,Colisão traseira,Com Vítimas Feridas,Pleno dia,Decrescente,Céu Claro,Dupla,Reta,Sim,4.0,0.0,1.0,0.0,1.0,2.0,1.0,3.0,"-25,53375211","-49,31824405",SPRF-PR,DEL01-PR,UOP06-DEL01-PR
501265,2023-01-26,quinta-feira,07:30:00,MT,364.0,381,SANTO ANTONIO DO LEVERGER,Reação tardia ou ineficiente do condutor,Colisão traseira,Com Vítimas Feridas,Pleno dia,Decrescente,Céu Claro,Dupla,Reta,Não,4.0,0.0,0.0,1.0,2.0,1.0,1.0,3.0,"-15,70317529","-55,77326499",SPRF-MT,DEL01-MT,UOP02-DEL01-MT
501266,2023-01-26,quinta-feira,09:00:00,SP,116.0,"510,8",CAJATI,Acessar a via sem observar a presença dos outros veículos,Colisão traseira,Com Vítimas Feridas,Pleno dia,Decrescente,Sol,Dupla,Curva;Declive,Não,4.0,0.0,2.0,0.0,1.0,1.0,2.0,3.0,"-24,82768986","-48,21855823",SPRF-SP,DEL05-SP,UOP02-DEL05-SP
501272,2023-01-22,domingo,04:30:00,BA,101.0,103,ALAGOINHAS,Condutor deixou de manter distância do veículo da frente,Colisão traseira,Com Vítimas Feridas,Amanhecer,Crescente,Céu Claro,Simples,Reta,Não,2.0,0.0,1.0,0.0,1.0,0.0,1.0,2.0,"-12,15963868","-38,41162324",SPRF-BA,DEL01-BA,UOP04-DEL01-BA