id,data_inversa,dia_semana,horario,uf,br,km,municipio,causa_acidente,tipo_acidente,classificacao_acidente,fase_dia,sentido_via,condicao_metereologica,tipo_pista,tracado_via,uso_solo,pessoas,mortos,feridos_leves,feridos_graves,ilesos,ignorados,feridos,veiculos,latitude,longitude,regional,delegacia,uop
502374,2023-01-31,terça-feira,17:05:00,SC,101.0,"214,9",PALHOCA,Condutor deixou de manter distância do veículo da frente,Colisão traseira,Com Vítimas Feridas,Pleno dia,Decrescente,Nublado,Múltipla,Reta,Sim,2.0,0.0,0.0,1.0,0.0,1.0,1.0,2.0,"-27,64443","-48,67057",SPRF-SC,DEL01-SC,UOP02-DEL01-SC
502375,2023-01-31,terça-feira,15:15:00,RJ,116.0,190,QUEIMADOS,Acessar a via sem observar a presença dos outros veículos,Colisão lateral mesmo sentido,Com Vítimas Feridas,Pleno dia,Crescente,Céu Claro,Dupla,Reta,Sim,2.0,0.0,1.0,0.0,1.0,0.0,1.0,2.0,"-22,74123776","-43,5007311",SPRF-RJ,DEL01-RJ,UOP02-DEL01-RJ
502386,2023-01-31,terça-feira,17:00:00,MS,163.0,284,DOURADOS,Ausência de reação do condutor,Colisão traseira,Com Vítimas Feridas,Pleno dia,Crescente,Céu Claro,Simples,Reta,Sim,2.0,0.0,1.0,0.0,1.0,0.0,1.0,2.0,"-22,11453367","-54,58973426",SPRF-MS,DEL04-MS,UOP01-DEL04-MS
502392,2023-01-31,terça-feira,18:50:00,SC,101.0,115,ITAJAI,Ausência de reação do condutor,Colisão traseira,Com Vítimas Feridas,Anoitecer,Decrescente,Nublado,Dupla,Reta,Não,3.0,0.0,1.0,0.0,2.0,0.0,1.0,2.0,"-26,87064015","-48,72954134",SPRF-SC,DEL04-SC,UOP04-DEL04-SC
502402,2023-01-31,terça-feira,17:30:00,RJ,40.0,93,DUQUE DE CAXIAS,Reação tardia ou ineficiente do condutor,Colisão com objeto,Com Vítimas Feridas,Pleno dia,Decrescente,Céu Claro,Dupla,Curva;Aclive,Não,2.0,0.0,1.0,0.0,0.0,1.0,1.0,2.0,"-22,5554282","-43,25829998",SPRF-RJ,DEL06-RJ,UOP01-DEL06-RJ
502404,2023-01-31,terça-feira,19:35:00,SC,470.0,"9,8",NAVEGANTES,Desrespeitar a preferência no cruzamento,Colisão transversal,Com Vítimas Feridas,Plena Noite,Crescente,Garoa/Chuvisco,Simples,Retorno Regulamentado,Não,2.0,0.0,1.0,0.0,1.0,0.0,1.0,2.0,"-26,833143","-48,727432",SPRF-SC,DEL04-SC,UOP04-DEL04-SC
502409,2023-01-20,sexta-feira,01:45:00,RJ,116.0,228,PIRAI,Reação tardia ou ineficiente do condutor,Colisão traseira,Com Vítimas Feridas,Plena Noite,Decrescente,Sol,Simples,Curva,Não,6.0,0.0,1.0,0.0,4.0,1.0,1.0,6.0,"-22,66993707","-43,82738113",SPRF-RJ,DEL07-RJ,UOP01-DEL07-RJ
502419,2023-01-31,terça-feira,15:10:00,PR,277.0,"482,8",NOVA LARANJEIRAS,Curva acentuada,Tombamento,Com Vítimas Feridas,Pleno dia,Decrescente,Sol,Simples,Curva;Declive,Não,2.0,0.0,1.0,0.0,0.0,2.0,1.0,3.0,"-25,27437517","-52,59403497",SPRF-PR,DEL04-PR,UOP02-DEL04-PR
502420,2023-01-25,quarta-feira,23:30:00,SC,282.0,485,FAXINAL DOS GUEDES,Demais falhas mecânicas ou elétricas,Tombamento,Com Vítimas Feridas,Plena Noite,Crescente,Céu Claro,Simples,Reta,Não,2.0,0.0,1.0,0.0,0.0,7.0,1.0,8.0,"-26,857132","-52,245258",SPRF-SC,DEL07-SC,UOP01-DEL07-SC
502423,2023-01-31,terça-feira,19:30:00,PB,116.0,"7,9",CACHOEIRA DOS INDIOS,Afundamento ou ondulação no pavimento,Saída de leito carroçável,Com Vítimas Feridas,Plena Noite,Crescente,Céu Claro,Simples,Reta,Não,4.0,0.0,4.0,0.0,0.0,0.0,4.0,1.0,"-6,956637","-38,723457",SPRF-CE,DEL05-CE,UOP03-DEL05-CE
502430,2023-02-01,quarta-feira,00:10:00,SP,116.0,227,SAO PAULO,Demais falhas mecânicas ou elétricas,Incêndio,Sem Vítimas,Plena Noite,Crescente,Garoa/Chuvisco,Múltipla,Reta;Declive,Sim,3.0,0.0,0.0,0.0,2.0,1.0,0.0,3.0,"-23,49659264","-46,55648754",SPRF-SP,DEL01-SP,UOP01-DEL01-SP
502431,2023-01-31,terça-feira,23:45:00,PR,116.0,130,FAZENDA RIO GRANDE,Acessar a via sem observar a presença dos outros veículos,Atropelamento de Pedestre,Com Vítimas Feridas,Plena Noite,Decrescente,Céu Claro,Dupla,Reta,Não,3.0,0.0,0.0,1.0,1.0,1.0,1.0,3.0,"-25,63927799","-49,31302988",SPRF-PR,DEL01-PR,UOP03-DEL01-PR
502433,2023-02-01,quarta-feira,00:05:00,PE,232.0,439,SAO JOSE DO BELMONTE,Demais falhas mecânicas ou elétricas,Tombamento,Com Vítimas Feridas,Plena Noite,Crescente,Nublado,Simples,Curva;Aclive,Não,2.0,0.0,2.0,0.0,0.0,0.0,2.0,1.0,"-7,99961227","-38,61712517",SPRF-PE,DEL04-PE,UOP01-DEL04-PE
502437,2023-02-01,quarta-feira,03:30:00,TO,153.0,577,SANTA RITA DO TOCANTINS,Modificação proibida,Colisão frontal,Com Vítimas Fatais,Plena Noite,Crescente,Garoa/Chuvisco,Simples,Reta,Não,3.0,1.0,0.0,0.0,1.0,1.0,0.0,3.0,"-10,89113001","-48,90681288",SPRF-TO,DEL01-TO,UOP01-DEL01-TO
502438,2023-01-31,terça-feira,22:50:00,RJ,101.0,118,CAMPOS DOS GOYTACAZES,Velocidade Incompatível,Colisão traseira,Com Vítimas Feridas,Plena Noite,Crescente,Céu Claro,Dupla,Reta,Não,3.0,0.0,1.0,0.0,1.0,2.0,1.0,4.0,"-22,01462656","-41,67706468",SPRF-RJ,DEL08-RJ,UOP02-DEL08-RJ
502439,2023-02-01,quarta-feira,03:40:00,PR,277.0,"678,9",MEDIANEIRA,Reação tardia ou ineficiente do condutor,Colisão traseira,Com Vítimas Feridas,Plena Noite,Crescente,Nublado,Dupla,Reta,Não,25.0,0.0,8.0,0.0,16.0,1.0,8.0,3.0,"-25,31261205","-54,14871997",SPRF-PR,DEL05-PR,UOP01-DEL05-PR
502440,2023-02-01,quarta-feira,05:05:00,TO,153.0,407,MIRANORTE,Condutor Dormindo,Colisão frontal,Com Vítimas Fatais,Amanhecer,Decrescente,Chuva,Simples,Reta;Declive,Não,5.0,1.0,0.0,1.0,2.0,2.0,1.0,4.0,"-9,47230296","-48,58152621",SPRF-TO,DEL02-TO,UOP02-DEL02-TO
502441,2023-02-01,quarta-feira,01:30:00,SC,282.0,"142,7",BOM RETIRO,Transitar na contramão,Colisão lateral sentido oposto,Com Vítimas Feridas,Plena Noite,Decrescente,Nevoeiro/Neblina,Simples,Curva,Não,4.0,0.0,1.0,0.0,2.0,1.0,1.0,3.0,"-27,81372358","-49,61206913",SPRF-SC,DEL05-SC,UOP01-DEL05-SC
502443,2023-01-31,terça-feira,21:40:00,MG,251.0,426,GRAO MOGOL,Condutor Dormindo,Tombamento,Com Vítimas Feridas,Plena Noite,Crescente,Céu Claro,Simples,Curva,Não,1.0,0.0,0.0,1.0,0.0,0.0,1.0,1.0,"-16,33121221","-43,13080786",SPRF-MG,DEL12-MG,UOP01-DEL12-MG
502449,2023-01-20,sexta-feira,20:10:00,PR,277.0,"535,7",IBEMA,Desrespeitar a preferência no cruzamento,Colisão transversal,Com Vítimas Feridas,Plena Noite,Decrescente,Nublado,Simples,Interseção de Vias,Sim,2.0,0.0,1.0,0.0,1.0,0.0,1.0,2.0,"-25,10716706","-52,99434897",SPRF-PR,DEL04-PR,UOP04-DEL04-PR
502450,2023-01-31,terça-feira,23:40:00,MG,381.0,265,TIMOTEO,Ausência de reação do condutor,Incêndio,Sem Vítimas,Plena Noite,Decrescente,Céu Claro,Simples,Reta,Não,2.0,0.0,0.0,0.0,1.0,1.0,0.0,2.0,"-19,52569913","-42,66364497",SPRF-MG,DEL03-MG,UOP02-DEL03-MG
502456,2023-02-01,quarta-feira,07:40:00,GO,153.0,"494,9",GOIANIA,Manobra de mudança de faixa,Colisão lateral mesmo sentido,Com Vítimas Feridas,Pleno dia,Crescente,Céu Claro,Múltipla,Reta;Aclive,Sim,4.0,0.0,1.0,0.0,2.0,1.0,1.0,4.0,"-16,66080914","-49,22145796",SPRF-GO,DEL01-GO,UOP01-DEL01-GO
502462,2023-02-01,quarta-feira,08:35:00,SP,116.0,513,CAJATI,Ausência de reação do condutor,Colisão traseira,Com Vítimas Feridas,Pleno dia,Decrescente,Garoa/Chuvisco,Simples,Curva,Não,4.0,0.0,1.0,0.0,2.0,1.0,1.0,3.0,"-24,857259","-48,212296",SPRF-SP,DEL05-SP,UOP02-DEL05-SP
502465,2023-02-01,quarta-feira,06:30:00,PB,104.0,"182,1",ALCANTIL,Reação tardia ou ineficiente do condutor,Saída de leito carroçável,Com Vítimas Fatais,Pleno dia,Crescente,Céu Claro,Simples,Declive;Curva;Interseção de Vias,Não,2.0,1.0,1.0,0.0,0.0,0.0,1.0,1.0,"-7,65726502","-36,07937584",SPRF-PB,DEL02-PB,UOP03-DEL02-PB
502466,2023-02-01,quarta-feira,07:35:00,MS,163.0,480,CAMPO GRANDE,Reação tardia ou ineficiente do condutor,Engavetamento,Com Vítimas Feridas,Pleno dia,Crescente,Nublado,Simples,Reta,Sim,4.0,0.0,0.0,1.0,2.0,1.0,1.0,4.0,"-20,473487","-54,559415",SPRF-MS,DEL01-MS,UOP01-DEL01-MS
502467,2023-02-01,quarta-feira,00:30:00,MG,381.0,"717,9",CARMO DA CACHOEIRA,Velocidade Incompatível,Colisão lateral mesmo sentido,Com Vítimas Feridas,Plena Noite,Crescente,Nublado,Dupla,Curva;Declive,Não,4.0,0.0,1.0,0.0,1.0,2.0,1.0,3.0,"-21,43704005","-45,20756491",SPRF-MG,DEL04-MG,UOP02-DEL04-MG
502468,2023-02-01,quarta-feira,08:30:00,PE,101.0,"42,1",IGARASSU,Manobra de mudança de faixa,Colisão traseira,Sem Vítimas,Pleno dia,Crescente,Céu Claro,Múltipla,Reta;Aclive,Sim,3.0,0.0,0.0,0.0,2.0,1.0,0.0,3.0,"-7,83887431","-34,91196739",SPRF-PE,DEL01-PE,UOP02-DEL01-PE
502471,2023-02-01,quarta-feira,08:50:00,PE,101.0,"66,3",RECIFE,Condutor deixou de manter distância do veículo da frente,Colisão traseira,Com Vítimas Feridas,Pleno dia,Crescente,Céu Claro,Dupla,Reta,Sim,4.0,0.0,1.0,0.0,2.0,1.0,1.0,3.0,"-8,036207","-34,941559",SPRF-PE,DEL01-PE,UOP01-DEL01-PE
502473,2023-02-01,quarta-feira,08:58:00,PE,101.0,49,ABREU E LIMA,Manobra de mudança de faixa,Colisão lateral mesmo sentido,Com Vítimas Fatais,Pleno dia,Decrescente,Céu Claro,Dupla,Reta,Sim,4.0,1.0,1.0,0.0,0.0,2.0,1.0,3.0,"-7,9005152","-34,90180641",SPRF-PE,DEL01-PE,UOP02-DEL01-PE
502478,2023-02-01,quarta-feira,08:55:00,PE,423.0,73,JUPI,Pedestre andava na pista,Atropelamento de Pedestre,Com Vítimas Feridas,Pleno dia,Decrescente,Céu Claro,Simples,Reta,Sim,3.0,0.0,0.0,1.0,1.0,1.0,1.0,3.0,"-8,709851","-36,41926432",SPRF-PE,DEL03-PE,UOP01-DEL03-PE
502479,2023-01-22,domingo,07:00:00,GO,60.0,454,JATAI,Neblina,Colisão traseira,Com Vítimas Feridas,Amanhecer,Decrescente,Nevoeiro/Neblina,Dupla,Curva,Não,2.0,0.0,1.0,0.0,0.0,1.0,1.0,2.0,"-17,8614","-51,5611",SPRF-GO,DEL05-GO,UOP01-DEL05-GO
502483,2023-01-17,terça-feira,16:20:00,MG,50.0,123,UBERABA,Condutor deixou de manter distância do veículo da frente,Engavetamento,Com Vítimas Feridas,Pleno dia,Decrescente,Nublado,Dupla,Reta,Não,9.0,0.0,1.0,0.0,7.0,3.0,1.0,7.0,"-19,33326318","-48,09913641",SPRF-MG,DEL13-MG,UOP01-DEL13-MG
502486,2023-02-01,quarta-feira,09:15:00,PR,376.0,"590,1",CURITIBA,Reação tardia ou ineficiente do condutor,Engavetamento,Com Vítimas Feridas,Pleno dia,Crescente,Nublado,Múltipla,Em Obras;Reta,Sim,10.0,0.0,2.0,2.0,2.0,4.0,4.0,7.0,"-25,4531687","-49,36199002",SPRF-PR,DEL01-PR,UOP06-DEL01-PR
502488,2023-02-01,quarta-feira,09:30:00,RS,285.0,"384,8",SANTA BARBARA DO SUL,Reação tardia ou ineficiente do condutor,Colisão transversal,Com Vítimas Feridas,Pleno dia,Crescente,Céu Claro,Simples,Reta,Não,5.0,0.0,1.0,0.0,2.0,2.0,1.0,5.0,"-28,43188045","-53,19280207",SPRF-RS,DEL10-RS,UOP02-DEL10-RS
502492,2023-01-12,quinta-feira,12:30:00,DF,20.0,"49,1",BRASILIA,Manobra de mudança de faixa,Colisão traseira,Com Vítimas Feridas,Pleno dia,Decrescente,Nublado,Dupla,Reta;Aclive,Não,3.0,0.0,0.0,2.0,1.0,0.0,2.0,2.0,"-15,580705","-47,41259",SPRF-DF,DEL02-DF,UOP01-DEL02-DF
502493,2023-02-01,quarta-feira,11:15:00,RS,386.0,436,NOVA SANTA RITA,Manobra de mudança de faixa,Colisão lateral mesmo sentido,Com Vítimas Feridas,Pleno dia,Crescente,Céu Claro,Dupla,Reta,Sim,2.0,0.0,1.0,0.0,1.0,0.0,1.0,2.0,"-29,850487","-51,266758",SPRF-RS,DEL01-RS,UOP01-DEL01-RS
502494,2023-02-01,quarta-feira,11:40:00,RJ,116.0,134,MAGE,Demais falhas mecânicas ou elétricas,Incêndio,Sem Vítimas,Pleno dia,Crescente,Céu Claro,Dupla,Reta,Não,1.0,0.0,0.0,0.0,1.0,0.0,0.0,1.0,"-22,65368834","-43,153534",SPRF-RJ,DEL04-RJ,UOP02-DEL04-RJ
502498,2023-01-31,terça-feira,05:00:00,RJ,393.0,151,TRES RIOS,Velocidade Incompatível,Tombamento,Com Vítimas Feridas,Amanhecer,Crescente,Céu Claro,Simples,Curva,Não,2.0,0.0,1.0,0.0,0.0,1.0,1.0,2.0,"-22,06019504","-43,02885795",SPRF-RJ,DEL05-RJ,UOP02-DEL05-RJ
502499,2023-02-01,quarta-feira,13:00:00,PR,277.0,"324,5",GUARAPUAVA,Ultrapassagem Indevida,Colisão frontal,Com Vítimas Fatais,Pleno dia,Decrescente,Chuva,Simples,Declive;Curva,Não,2.0,1.0,0.0,0.0,1.0,0.0,0.0,2.0,"-25,374323","-51,313267",SPRF-PR,DEL08-PR,UOP01-DEL08-PR
502500,2023-02-01,quarta-feira,13:30:00,MG,116.0,414,GOVERNADOR VALADARES,Acessar a via sem observar a presença dos outros veículos,Colisão transversal,Sem Vítimas,Pleno dia,Crescente,Céu Claro,Simples,Retorno Regulamentado,Sim,2.0,0.0,0.0,0.0,2.0,0.0,0.0,2.0,"-18,88102703","-41,95910802",SPRF-MG,DEL06-MG,UOP01-DEL06-MG
502515,2023-01-03,terça-feira,05:00:00,MG,116.0,"712,4",MURIAE,Condutor Dormindo,Colisão frontal,Com Vítimas Feridas,Amanhecer,Crescente,Céu Claro,Simples,Curva,Não,5.0,0.0,2.0,1.0,1.0,1.0,3.0,3.0,"-21,19049794","-42,3684161",SPRF-MG,DEL07-MG,UOP02-DEL07-MG
502527,2023-02-01,quarta-feira,17:30:00,PA,316.0,47,SANTA IZABEL DO PARA,Demais falhas mecânicas ou elétricas,Incêndio,Sem Vítimas,Pleno dia,Crescente,Céu Claro,Dupla,Reta,Sim,1.0,0.0,0.0,0.0,1.0,0.0,0.0,1.0,"-1,2853682","-48,06269824",SPRF-PA,DEL01-PA,UOP01-DEL01-PA
502529,2023-02-01,quarta-feira,16:00:00,GO,60.0,26,ALEXANIA,Ausência de reação do condutor,Tombamento,Sem Vítimas,Pleno dia,Decrescente,Céu Claro,Dupla,Reta;Aclive,Não,3.0,0.0,0.0,0.0,1.0,2.0,0.0,3.0,"-16,0963","-48,5202",SPRF-DF,DEL03-DF,UOP01-DEL03-DF
502531,2023-02-01,quarta-feira,18:00:00,BA,116.0,"815,1",VITORIA DA CONQUISTA,Ingestão de álcool pelo condutor,Colisão traseira,Sem Vítimas,Anoitecer,Decrescente,Céu Claro,Simples,Reta,Não,2.0,0.0,0.0,0.0,2.0,0.0,0.0,2.0,"-14,77315332","-40,72201784",SPRF-BA,DEL08-BA,UOP01-DEL08-BA
502545,2023-02-01,quarta-feira,14:30:00,MT,163.0,560,DIAMANTINO,Chuva,Saída de leito carroçável,Com Vítimas Feridas,Pleno dia,Crescente,Chuva,Simples,Reta,Não,5.0,0.0,0.0,1.0,3.0,3.0,1.0,6.0,"-14,23756178","-56,11786216",SPRF-MT,DEL01-MT,UOP01-DEL01-MT
502554,2023-02-01,quarta-feira,17:15:00,PR,277.0,"504,2",GUARANIACU,Velocidade Incompatível,Tombamento,Com Vítimas Feridas,Pleno dia,Decrescente,Chuva,Simples,Curva;Declive,Não,2.0,0.0,1.0,0.0,0.0,2.0,1.0,3.0,"-25,13090986","-52,72634983",SPRF-PR,DEL04-PR,UOP04-DEL04-PR
502557,2023-02-01,quarta-feira,11:00:00,MG,381.0,249,SANTANA DO PARAISO,Acessar a via sem observar a presença dos outros veículos,Colisão traseira,Com Vítimas Feridas,Pleno dia,Decrescente,Céu Claro,Simples,Interseção de Vias,Não,2.0,0.0,1.0,0.0,1.0,0.0,1.0,2.0,"-19,47969147","-42,54480809",SPRF-MG,DEL06-MG,UOP01-DEL06-MG
502565,2023-02-01,quarta-feira,22:30:00,PR,376.0,660,TIJUCAS DO SUL,Condutor deixou de manter distância do veículo da frente,Colisão lateral mesmo sentido,Com Vítimas Feridas,Plena Noite,Crescente,Chuva,Dupla,Curva;Aclive,Não,8.0,0.0,3.0,0.0,4.0,2.0,3.0,5.0,"-25,8516758","-49,00332398",SPRF-PR,DEL01-PR,UOP04-DEL01-PR
502568,2023-02-02,quinta-feira,00:55:00,SP,116.0,516,CAJATI,Ausência de reação do condutor,Colisão traseira,Com Vítimas Feridas,Plena Noite,Decrescente,Chuva,Dupla,Reta;Declive,Não,3.0,0.0,1.0,0.0,2.0,0.0,1.0,2.0,"-24,87423036","-48,2190838",SPRF-SP,DEL05-SP,UOP02-DEL05-SP
502569,2023-02-01,quarta-feira,22:30:00,MT,70.0,518,VARZEA GRANDE,Reação tardia ou ineficiente do condutor,Colisão traseira,Com Vítimas Feridas,Plena Noite,Crescente,Céu Claro,Simples,Reta,Sim,4.0,0.0,2.0,0.0,1.0,4.0,2.0,6.0,"-15,69342541","-56,1676318",SPRF-MT,DEL01-MT,UOP02-DEL01-MT
502575,2023-02-02,quinta-feira,02:50:00,CE,222.0,136,IRAUCUBA,Condutor Dormindo,Saída de leito carroçável,Com Vítimas Fatais,Plena Noite,Decrescente,Céu Claro,Simples,Reta,Não,5.0,1.0,2.0,0.0,1.0,1.0,2.0,2.0,"-3,73622251","-39,67622342",SPRF-CE,DEL04-CE,UOP03-DEL04-CE
502576,2023-02-01,quarta-feira,22:15:00,PB,412.0,"19,5",BOA VISTA,Reação tardia ou ineficiente do condutor,Colisão frontal,Com Vítimas Feridas,Plena Noite,Crescente,Céu Claro,Simples,Reta,Não,3.0,0.0,2.0,1.0,0.0,0.0,3.0,2.0,"-7,258766","-36,233791",SPRF-PB,DEL02-PB,UOP02-DEL02-PB
502578,2023-02-02,quinta-feira,05:40:00,PE,116.0,20,SALGUEIRO,Reação tardia ou ineficiente do condutor,Saída de leito carroçável,Com Vítimas Feridas,Pleno dia,Crescente,Céu Claro,Simples,Reta;Declive;Ponte,Não,2.0,0.0,1.0,0.0,0.0,1.0,1.0,2.0,"-8,017438","-39,143444",SPRF-PE,DEL05-PE,UOP01-DEL05-PE
502580,2023-02-02,quinta-feira,05:30:00,MG,40.0,496,ESMERALDAS,Demais falhas mecânicas ou elétricas,Saída de leito carroçável,Com Vítimas Feridas,Amanhecer,Crescente,Céu Claro,Dupla,Reta;Declive,Não,2.0,0.0,1.0,0.0,0.0,1.0,1.0,2.0,"-19,67088766","-44,19355961",SPRF-MG,DEL02-MG,UOP01-DEL02-MG
502584,2023-02-02,quinta-feira,06:10:00,MG,381.0,519,IGARAPE,Carga excessiva e/ou mal acondicionada,Tombamento,Sem Vítimas,Pleno dia,Decrescente,Nublado,Dupla,Curva;Aclive,Não,2.0,0.0,0.0,0.0,1.0,1.0,0.0,2.0,"-20,12834104","-44,30330781",SPRF-MG,DEL04-MG,UOP03-DEL04-MG
502585,2023-02-02,quinta-feira,00:50:00,MG,262.0,788,UBERABA,Condutor Dormindo,Saída de leito carroçável,Com Vítimas Feridas,Plena Noite,Decrescente,Céu Claro,Simples,Reta;Aclive,Não,2.0,0.0,0.0,1.0,0.0,1.0,1.0,2.0,"-19,7588328","-47,83097803",SPRF-MG,DEL13-MG,UOP01-DEL13-MG
502586,2023-02-02,quinta-feira,06:30:00,PR,163.0,"158,9",LINDOESTE,Manobra de mudança de faixa,Colisão lateral sentido oposto,Com Vítimas Feridas,Pleno dia,Crescente,Céu Claro,Simples,Declive;Reta,Não,3.0,0.0,1.0,0.0,0.0,2.0,1.0,3.0,"-25,35274977","-53,58271385",SPRF-PR,DEL05-PR,UOP05-DEL05-PR
502591,2023-02-01,quarta-feira,23:29:00,AP,210.0,71,PORTO GRANDE,Acessar a via sem observar a presença dos outros veículos,Colisão lateral sentido oposto,Com Vítimas Feridas,Plena Noite,Crescente,Céu Claro,Simples,Reta,Não,3.0,0.0,1.0,0.0,1.0,2.0,1.0,4.0,"0,56459771","-51,1500483",SPRF-AP,DEL01-AP,UOP01-DEL01-AP
502598,2023-02-02,quinta-feira,08:00:00,RJ,101.0,477,ANGRA DOS REIS,Obras na pista,Colisão frontal,Com Vítimas Feridas,Pleno dia,Crescente,Céu Claro,Simples,Curva;Desvio Temporário;Em Obras,Sim,4.0,0.0,3.0,0.0,1.0,0.0,3.0,4.0,"-23,00222622","-44,27049816",SPRF-RJ,DEL03-RJ,UOP03-DEL03-RJ
502604,2023-02-02,quinta-feira,06:30:00,BA,407.0,218,QUIXABEIRA,Condutor Dormindo,Saída de leito carroçável,Com Vítimas Feridas,Pleno dia,Decrescente,Céu Claro,Simples,Reta,Não,1.0,0.0,1.0,0.0,0.0,0.0,1.0,1.0,"-11,266655","-40,023405",SPRF-BA,DEL04-BA,UOP02-DEL04-BA
502609,2023-02-02,quinta-feira,08:57:00,GO,40.0,3,VALPARAISO DE GOIAS,Trafegar com motocicleta (ou similar) entre as faixas,Colisão traseira,Com Vítimas Feridas,Pleno dia,Decrescente,Céu Claro,Dupla,Reta,Sim,4.0,0.0,0.0,1.0,2.0,1.0,1.0,4.0,"-16,07972714","-47,98606038",SPRF-DF,DEL01-DF,UOP01-DEL01-DF
502614,2023-02-02,quinta-feira,08:00:00,PA,316.0,35,SANTA IZABEL DO PARA,Acessar a via sem observar a presença dos outros veículos,Colisão transversal,Com Vítimas Feridas,Pleno dia,Decrescente,Chuva,Dupla,Reta,Sim,2.0,0.0,0.0,1.0,1.0,0.0,1.0,2.0,"-1,29146197","-48,164561",SPRF-PA,DEL01-PA,UOP01-DEL01-PA
502616,2023-02-02,quinta-feira,09:40:00,MS,163.0,"575,2",BANDEIRANTES,Acessar a via sem observar a presença dos outros veículos,Colisão transversal,Com Vítimas Feridas,Pleno dia,Decrescente,Céu Claro,Simples,Reta;Rotatória,Sim,5.0,0.0,1.0,0.0,2.0,2.0,1.0,4.0,"-19,68680201","-54,35043928",SPRF-MS,DEL01-MS,UOP02-DEL01-MS
502617,2023-02-02,quinta-feira,10:30:00,MG,381.0,"946,3",EXTREMA,Reação tardia ou ineficiente do condutor,Engavetamento,Com Vítimas Fatais,Pleno dia,Crescente,Nublado,Dupla,Curva;Declive;Ponte,Não,6.0,1.0,1.0,0.0,3.0,3.0,1.0,7.0,"-22,86230556","-46,34476628",SPRF-MG,DEL16-MG,UOP03-DEL16-MG
502618,2023-02-02,quinta-feira,07:50:00,MS,163.0,87,ITAQUIRAI,Ausência de reação do condutor,Tombamento,Com Vítimas Feridas,Pleno dia,Crescente,Céu Claro,Simples,Ponte,Não,2.0,0.0,1.0,0.0,0.0,1.0,1.0,2.0,"-23,39155942","-54,21104908",SPRF-MS,DEL09-MS,UOP01-DEL09-MS
502619,2023-02-02,quinta-feira,08:20:00,PR,116.0,107,SAO JOSE DOS PINHAIS,Reação tardia ou ineficiente do condutor,Engavetamento,Com Vítimas Feridas,Pleno dia,Crescente,Céu Claro,Dupla,Reta,Sim,10.0,0.0,2.0,0.0,7.0,3.0,2.0,11.0,"-25,568067","-49,232903",SPRF-PR,DEL01-PR,UOP07-DEL01-PR
502620,2023-02-02,quinta-feira,10:00:00,BA,101.0,521,SAO JOSE DA VITORIA,Entrada inopinada do pedestre,Atropelamento de Pedestre,Com Vítimas Feridas,Pleno dia,Decrescente,Céu Claro,Simples,Reta,Não,2.0,0.0,1.0,0.0,1.0,0.0,1.0,2.0,"-15,07285278","-39,33337726",SPRF-BA,DEL05-BA,UOP01-DEL05-BA
502624,2023-02-02,quinta-feira,10:20:00,SP,116.0,273,EMBU DAS ARTES,Ausência de reação do condutor,Colisão traseira,Com Vítimas Feridas,Pleno dia,Decrescente,Céu Claro,Múltipla,Reta,Sim,3.0,0.0,1.0,0.0,2.0,0.0,1.0,2.0,"-23,62809795","-46,81870306",SPRF-SP,DEL04-SP,UOP01-DEL04-SP
502631,2023-02-02,quinta-feira,11:15:00,CE,304.0,"48,4",ARACATI,Acessar a via sem observar a presença dos outros veículos,Colisão traseira,Com Vítimas Feridas,Pleno dia,Crescente,Sol,Dupla,Retorno Regulamentado;Reta,Sim,9.0,0.0,8.0,0.0,1.0,0.0,8.0,3.0,"-4,57948359","-37,77741194",SPRF-CE,DEL03-CE,UOP03-DEL03-CE
502634,2023-02-02,quinta-feira,11:36:00,MG,153.0,79,PRATA,Ausência de reação do condutor,Tombamento,Com Vítimas Feridas,Pleno dia,Crescente,Sol,Simples,Aclive;Reta,Não,2.0,0.0,1.0,0.0,0.0,3.0,1.0,4.0,"-19,057162","-49,010061",SPRF-MG,DEL15-MG,UOP03-DEL15-MG
502638,2023-02-02,quinta-feira,11:35:00,PE,101.0,"66,9",RECIFE,Reação tardia ou ineficiente do condutor,Colisão lateral mesmo sentido,Com Vítimas Feridas,Pleno dia,Decrescente,Céu Claro,Dupla,Reta,Sim,3.0,0.0,0.0,1.0,1.0,1.0,1.0,3.0,"-8,04213706","-34,94284272",SPRF-PE,DEL01-PE,UOP01-DEL01-PE
502640,2023-02-02,quinta-feira,12:10:00,MG,116.0,"692,2",MURIAE,Velocidade Incompatível,Tombamento,Com Vítimas Feridas,Pleno dia,Crescente,Céu Claro,Simples,Curva,Não,2.0,0.0,1.0,0.0,0.0,1.0,1.0,2.0,"-21,035724","-42,36710899",SPRF-MG,DEL07-MG,UOP02-DEL07-MG
502641,2023-02-02,quinta-feira,09:30:00,BA,101.0,939,MUCURI,Acessar a via sem observar a presença dos outros veículos,Colisão transversal,Com Vítimas Feridas,Pleno dia,Crescente,Céu Claro,Simples,Reta;Rotatória,Não,3.0,0.0,1.0,0.0,2.0,0.0,1.0,2.0,"-18,16840196","-39,91873914",SPRF-BA,DEL09-BA,UOP02-DEL09-BA