id,data_inversa,dia_semana,horario,uf,br,km,municipio,causa_acidente,tipo_acidente,classificacao_acidente,fase_dia,sentido_via,condicao_metereologica,tipo_pista,tracado_via,uso_solo,pessoas,mortos,feridos_leves,feridos_graves,ilesos,ignorados,feridos,veiculos,latitude,longitude,regional,delegacia,uop
502646,2023-02-02,quinta-feira,12:00:00,MT,364.0,"288,8",JACIARA,Pista esburacada,Colisão lateral mesmo sentido,Com Vítimas Feridas,Pleno dia,Decrescente,Nublado,Dupla,Curva,Não,3.0,0.0,1.0,0.0,1.0,3.0,1.0,5.0,"-15,9047218232","-55,0740630331",SPRF-MT,DEL05-MT,UOP02-DEL05-MT
502647,2023-02-02,quinta-feira,13:33:00,SP,153.0,85,MIRASSOL,Conversão proibida,Colisão frontal,Com Vítimas Feridas,Pleno dia,Crescente,Nublado,Simples,Desvio Temporário,Não,3.0,0.0,1.0,0.0,2.0,0.0,1.0,2.0,"-20,9344296","-49,51909431",SPRF-SP,DEL09-SP,UOP01-DEL09-SP
502663,2023-02-02,quinta-feira,15:50:00,SC,101.0,226,PALHOCA,Ausência de reação do condutor,Colisão traseira,Sem Vítimas,Pleno dia,Crescente,Céu Claro,Dupla,Reta,Não,3.0,0.0,0.0,0.0,3.0,0.0,0.0,2.0,"-27,74200001","-48,63806504",SPRF-SC,DEL01-SC,UOP02-DEL01-SC
502670,2023-02-02,quinta-feira,16:40:00,BA,324.0,537,CONCEICAO DO JACUIPE,Condutor deixou de manter distância do veículo da frente,Colisão traseira,Com Vítimas Feridas,Pleno dia,Decrescente,Céu Claro,Dupla,Reta,Sim,3.0,0.0,1.0,0.0,1.0,1.0,1.0,3.0,"-12,36902201","-38,81384601",SPRF-BA,DEL01-BA,UOP03-DEL01-BA
502671,2023-02-02,quinta-feira,14:00:00,MG,251.0,276,SALINAS,Reação tardia ou ineficiente do condutor,Tombamento,Com Vítimas Feridas,Pleno dia,Crescente,Céu Claro,Simples,Curva,Não,2.0,0.0,1.0,0.0,0.0,2.0,1.0,3.0,"-15,986777","-42,043514",SPRF-MG,DEL12-MG,UOP01-DEL12-MG
502672,2023-02-02,quinta-feira,14:00:00,MG,251.0,322,SALINAS,Reação tardia ou ineficiente do condutor,Saída de leito carroçável,Com Vítimas Feridas,Pleno dia,Decrescente,Céu Claro,Simples,Curva;Declive,Não,2.0,0.0,1.0,0.0,0.0,1.0,1.0,2.0,-16,-42,SPRF-MG,DEL12-MG,UOP01-DEL12-MG
502675,2023-02-02,quinta-feira,16:40:00,MG,116.0,670,MIRADOURO,Reação tardia ou ineficiente do condutor,Colisão traseira,Com Vítimas Feridas,Pleno dia,Crescente,Céu Claro,Simples,Reta,Não,2.0,0.0,1.0,0.0,0.0,1.0,1.0,2.0,"-20,8662151","-42,32953064",SPRF-MG,DEL07-MG,UOP02-DEL07-MG
502678,2023-02-02,quinta-feira,13:19:00,PE,101.0,"150,4",RIBEIRAO,Reação tardia ou ineficiente do condutor,Colisão traseira,Com Vítimas Feridas,Pleno dia,Decrescente,Céu Claro,Dupla,Reta,Não,3.0,0.0,1.0,0.0,1.0,2.0,1.0,4.0,"-8,49669957","-35,38211017",SPRF-PE,DEL01-PE,UOP03-DEL01-PE
502682,2023-02-02,quinta-feira,16:30:00,MG,153.0,1,ARAPORA,Retorno proibido,Colisão frontal,Com Vítimas Feridas,Pleno dia,Crescente,Céu Claro,Simples,Ponte,Não,3.0,0.0,0.0,1.0,1.0,1.0,1.0,3.0,"-18,42608911","-49,19359032",SPRF-MG,DEL15-MG,UOP03-DEL15-MG
502683,2023-02-02,quinta-feira,16:30:00,RS,116.0,"403,3",CAMAQUA,Ausência de reação do condutor,Colisão traseira,Com Vítimas Feridas,Pleno dia,Decrescente,Nublado,Simples,Reta;Em Obras,Não,4.0,0.0,2.0,0.0,1.0,1.0,2.0,3.0,"-30,88592936","-51,83355581",SPRF-RS,DEL02-RS,UOP02-DEL02-RS
502705,2023-02-02,quinta-feira,17:00:00,PR,280.0,"270,7",MARMELEIRO,Velocidade Incompatível,Tombamento,Com Vítimas Feridas,Pleno dia,Crescente,Céu Claro,Simples,Curva;Declive,Não,2.0,0.0,0.0,1.0,0.0,2.0,1.0,3.0,"-26,22293196","-53,13957999",SPRF-PR,DEL02-PR,UOP01-DEL02-PR
502711,2023-02-02,quinta-feira,19:55:00,MG,116.0,"748,9",LEOPOLDINA,Reação tardia ou ineficiente do condutor,Colisão frontal,Com Vítimas Fatais,Plena Noite,Crescente,Céu Claro,Simples,Curva,Não,2.0,1.0,0.0,0.0,1.0,0.0,0.0,2.0,"-21,44738715","-42,54573392",SPRF-MG,DEL07-MG,UOP01-DEL07-MG
502723,2023-02-02,quinta-feira,19:00:00,MT,364.0,"342,2",SANTO ANTONIO DO LEVERGER,Demais falhas mecânicas ou elétricas,Incêndio,Sem Vítimas,Plena Noite,Crescente,Nublado,Dupla,Declive,Não,2.0,0.0,0.0,0.0,1.0,1.0,0.0,2.0,"-15,82665672","-55,5089038",SPRF-MT,DEL05-MT,UOP02-DEL05-MT
502735,2023-02-02,quinta-feira,08:29:00,SP,116.0,500,CAJATI,Ausência de reação do condutor,Colisão lateral mesmo sentido,Com Vítimas Feridas,Pleno dia,Crescente,Chuva,Dupla,Curva,Não,4.0,0.0,1.0,0.0,2.0,1.0,1.0,3.0,"-24,78162109","-48,18342711",SPRF-SP,DEL05-SP,UOP02-DEL05-SP
502738,2023-02-02,quinta-feira,18:45:00,BA,242.0,245,ITABERABA,Demais falhas mecânicas ou elétricas,Incêndio,Sem Vítimas,Plena Noite,Decrescente,Céu Claro,Simples,Reta,Não,1.0,0.0,0.0,0.0,0.0,1.0,0.0,1.0,"-12,50657572","-40,4343932",SPRF-BA,DEL06-BA,UOP02-DEL06-BA
502740,2023-02-02,quinta-feira,17:30:00,PR,277.0,167,PALMEIRA,Reação tardia ou ineficiente do condutor,Colisão frontal,Com Vítimas Fatais,Anoitecer,Crescente,Chuva,Simples,Declive;Curva,Não,6.0,2.0,4.0,0.0,0.0,0.0,4.0,3.0,"-25,46815033","-49,9043132",SPRF-PR,DEL03-PR,UOP03-DEL03-PR
502742,2023-02-02,quinta-feira,15:05:00,PA,163.0,655,ITAITUBA,Manobra de mudança de faixa,Colisão frontal,Com Vítimas Feridas,Pleno dia,Decrescente,Céu Claro,Simples,Curva,Não,3.0,0.0,1.0,0.0,1.0,5.0,1.0,7.0,"-4,49732299","-55,86656962",SPRF-PA,DEL05-PA,UOP02-DEL05-PA
502745,2023-02-02,quinta-feira,22:57:00,SC,116.0,86,MONTE CASTELO,Transitar na contramão,Colisão frontal,Sem Vítimas,Plena Noite,Decrescente,Chuva,Simples,Reta,Não,3.0,0.0,0.0,0.0,2.0,1.0,0.0,3.0,"-26,60977491","-50,22937022",SPRF-SC,DEL06-SC,UOP02-DEL06-SC
502749,2023-02-02,quinta-feira,19:10:00,MA,230.0,"274,8",LORETO,Ultrapassagem Indevida,Colisão lateral mesmo sentido,Com Vítimas Feridas,Plena Noite,Crescente,Garoa/Chuvisco,Simples,Reta,Sim,2.0,0.0,0.0,1.0,0.0,1.0,1.0,2.0,"-6,8534979","-45,1643798",SPRF-MA,DEL05-MA,UOP01-DEL05-MA
502751,2023-02-02,quinta-feira,23:20:00,BA,116.0,"616,1",JAGUAQUARA,Pista esburacada,Saída de leito carroçável,Com Vítimas Feridas,Plena Noite,Decrescente,Céu Claro,Simples,Reta,Não,1.0,0.0,1.0,0.0,0.0,0.0,1.0,1.0,"-13,3732972","-40,0195774",SPRF-BA,DEL03-BA,UOP01-DEL03-BA
502752,2023-02-03,sexta-feira,01:20:00,SC,101.0,"213,8",PALHOCA,Manobra de mudança de faixa,Colisão lateral mesmo sentido,Com Vítimas Feridas,Plena Noite,Crescente,Chuva,Múltipla,Reta,Sim,4.0,0.0,1.0,0.0,3.0,0.0,1.0,2.0,"-27,63697369","-48,66514142",SPRF-SC,DEL01-SC,UOP02-DEL01-SC
502756,2023-02-03,sexta-feira,00:30:00,PR,277.0,48,MORRETES,Ausência de reação do condutor,Colisão traseira,Com Vítimas Feridas,Plena Noite,Crescente,Nevoeiro/Neblina,Múltipla,Aclive;Reta,Não,4.0,0.0,1.0,0.0,2.0,2.0,1.0,4.0,"-25,591706","-48,927734",SPRF-PR,DEL01-PR,UOP01-DEL01-PR
502762,2023-02-02,quinta-feira,21:15:00,TO,242.0,273,PEIXE,Animais na Pista,Atropelamento de Animal,Com Vítimas Feridas,Plena Noite,Decrescente,Nublado,Simples,Reta,Não,2.0,0.0,1.0,0.0,1.0,0.0,1.0,1.0,"-12,17223946","-48,41864362",SPRF-TO,DEL01-TO,UOP02-DEL01-TO
502765,2023-02-03,sexta-feira,04:30:00,MG,262.0,"365,7",JUATUBA,Condutor Dormindo,Saída de leito carroçável,Com Vítimas Feridas,Plena Noite,Crescente,Céu Claro,Dupla,Reta;Declive,Não,2.0,0.0,1.0,0.0,0.0,1.0,1.0,2.0,"-19,974217","-44,261798",SPRF-MG,DEL01-MG,UOP03-DEL01-MG
502766,2023-02-03,sexta-feira,04:30:00,SC,470.0,"126,1",IBIRAMA,Chuva,Saída de leito carroçável,Com Vítimas Feridas,Plena Noite,Crescente,Chuva,Simples,Reta,Não,3.0,0.0,0.0,1.0,1.0,1.0,1.0,3.0,"-27,129","-49,538277",SPRF-SC,DEL04-SC,UOP02-DEL04-SC
502768,2023-02-03,sexta-feira,01:05:00,SC,101.0,389,CRICIUMA,Ausência de reação do condutor,Colisão traseira,Com Vítimas Feridas,Plena Noite,Decrescente,Chuva,Múltipla,Reta,Não,3.0,0.0,0.0,1.0,1.0,2.0,1.0,4.0,"-28,79023471","-49,34585818",SPRF-SC,DEL02-SC,UOP02-DEL02-SC
502769,2023-02-03,sexta-feira,03:50:00,CE,222.0,"130,8",ITAPAJE,Ingestão de álcool pelo condutor,Colisão frontal,Com Vítimas Feridas,Plena Noite,Decrescente,Céu Claro,Simples,Reta,Não,4.0,0.0,1.0,1.0,1.0,1.0,2.0,2.0,"-3,71250095","-39,63073803",SPRF-CE,DEL04-CE,UOP03-DEL04-CE
502771,2023-02-03,sexta-feira,04:38:00,SC,101.0,"450,9",SAO JOAO DO SUL,Acessar a via sem observar a presença dos outros veículos,Colisão com objeto,Com Vítimas Fatais,Plena Noite,Crescente,Nublado,Múltipla,Viaduto;Aclive;Reta,Sim,2.0,1.0,0.0,0.0,0.0,1.0,0.0,2.0,"-29,1850572","-49,75537419",SPRF-SC,DEL02-SC,UOP02-DEL02-SC
502778,2023-02-03,sexta-feira,06:50:00,RS,470.0,211,BENTO GONCALVES,Pista Escorregadia,Colisão lateral mesmo sentido,Com Vítimas Feridas,Amanhecer,Crescente,Céu Claro,Dupla,Reta;Aclive,Não,3.0,0.0,2.0,0.0,1.0,0.0,2.0,3.0,"-29,11647449","-51,54258383",SPRF-RS,DEL06-RS,UOP01-DEL06-RS
502784,2023-02-03,sexta-feira,07:30:00,MG,116.0,813,ALEM PARAIBA,Condutor deixou de manter distância do veículo da frente,Colisão traseira,Com Vítimas Feridas,Pleno dia,Crescente,Céu Claro,Simples,Curva,Não,3.0,0.0,2.0,0.0,0.0,1.0,2.0,3.0,"-21,85011521","-42,66565503",SPRF-MG,DEL07-MG,UOP01-DEL07-MG
502788,2023-02-03,sexta-feira,06:40:00,MG,381.0,"737,5",TRES CORACOES,Pedestre andava na pista,Atropelamento de Pedestre,Com Vítimas Feridas,Pleno dia,Crescente,Chuva,Dupla,Curva,Não,5.0,0.0,0.0,1.0,1.0,3.0,1.0,3.0,"-21,59740119","-45,23880352",SPRF-MG,DEL16-MG,UOP02-DEL16-MG
502789,2023-02-03,sexta-feira,07:00:00,SP,381.0,4,VARGEM,Reação tardia ou ineficiente do condutor,Colisão com objeto,Com Vítimas Feridas,Pleno dia,Crescente,Céu Claro,Dupla,Reta,Não,2.0,0.0,1.0,0.0,0.0,1.0,1.0,2.0,"-22,887746","-46,411949",SPRF-SP,DEL03-SP,UOP02-DEL03-SP
502804,2023-02-03,sexta-feira,09:00:00,MA,135.0,9,SAO LUIS,Manobra de mudança de faixa,Colisão traseira,Com Vítimas Feridas,Pleno dia,Crescente,Nublado,Dupla,Reta,Sim,5.0,0.0,0.0,1.0,1.0,3.0,1.0,5.0,"-2,64941425","-44,28038883",SPRF-MA,DEL01-MA,UOP01-DEL01-MA
502806,2023-02-03,sexta-feira,06:09:00,TO,226.0,49,DARCINOPOLIS,Transitar na contramão,Colisão frontal,Com Vítimas Fatais,Amanhecer,Decrescente,Nevoeiro/Neblina,Simples,Aclive;Reta,Não,3.0,1.0,0.0,0.0,1.0,1.0,0.0,3.0,"-6,783306","-47,798363",SPRF-TO,DEL02-TO,UOP03-DEL02-TO
502808,2023-02-03,sexta-feira,07:30:00,ES,101.0,"91,1",JAGUARE,Acessar a via sem observar a presença dos outros veículos,Colisão transversal,Com Vítimas Feridas,Pleno dia,Decrescente,Sol,Simples,Interseção de Vias;Reta,Sim,2.0,0.0,1.0,0.0,1.0,0.0,1.0,2.0,"-18,89806708","-39,95602283",SPRF-ES,DEL04-ES,UOP02-DEL04-ES
502813,2023-02-03,sexta-feira,08:15:00,SC,470.0,126,LONTRAS,Ultrapassagem Indevida,Colisão transversal,Com Vítimas Feridas,Pleno dia,Crescente,Nublado,Simples,Rotatória,Não,2.0,0.0,0.0,1.0,1.0,0.0,1.0,2.0,"-27,129","-49,538277",SPRF-SC,DEL04-SC,UOP02-DEL04-SC
502818,2023-02-03,sexta-feira,10:00:00,SC,101.0,198,BIGUACU,Ultrapassagem Indevida,Colisão lateral mesmo sentido,Com Vítimas Feridas,Pleno dia,Crescente,Nublado,Múltipla,Curva,Sim,2.0,0.0,1.0,0.0,1.0,0.0,1.0,2.0,"-27,52230644","-48,63727927",SPRF-SC,DEL01-SC,UOP01-DEL01-SC
502827,2023-02-03,sexta-feira,10:30:00,DF,70.0,11,BRASILIA,Acessar a via sem observar a presença dos outros veículos,Colisão lateral mesmo sentido,Com Vítimas Feridas,Pleno dia,Decrescente,Chuva,Dupla,Reta,Não,4.0,0.0,3.0,0.0,1.0,0.0,3.0,2.0,"-15,789762","-48,148727",SPRF-DF,DEL03-DF,UOP02-DEL03-DF
502828,2023-02-03,sexta-feira,11:15:00,DF,20.0,"4,5",BRASILIA,Mal súbito do condutor,Colisão lateral mesmo sentido,Com Vítimas Feridas,Pleno dia,Decrescente,Céu Claro,Dupla,Reta,Sim,3.0,0.0,1.0,0.0,2.0,0.0,1.0,2.0,"-15,675484","-47,823761",SPRF-DF,DEL02-DF,UOP01-DEL02-DF
502835,2023-02-03,sexta-feira,07:30:00,MS,463.0,89,PONTA PORA,Chuva,Saída de leito carroçável,Com Vítimas Feridas,Amanhecer,Crescente,Chuva,Simples,Curva,Não,2.0,0.0,0.0,1.0,1.0,0.0,1.0,1.0,"-22,59047838","-55,52108717",SPRF-MS,DEL04-MS,UOP03-DEL04-MS
502836,2023-02-03,sexta-feira,12:05:00,PR,376.0,"624,5",SAO JOSE DOS PINHAIS,Manobra de mudança de faixa,Colisão lateral mesmo sentido,Com Vítimas Feridas,Pleno dia,Crescente,Céu Claro,Múltipla,Reta,Sim,4.0,0.0,0.0,1.0,2.0,1.0,1.0,3.0,"-25,64336599","-49,15942795",SPRF-PR,DEL01-PR,UOP04-DEL01-PR
502837,2023-02-03,sexta-feira,11:46:00,MS,262.0,349,CAMPO GRANDE,Ausência de reação do condutor,Saída de leito carroçável,Com Vítimas Feridas,Pleno dia,Decrescente,Chuva,Simples,Reta,Não,2.0,0.0,0.0,1.0,1.0,0.0,1.0,1.0,"-20,56506095","-54,62199601",SPRF-MS,DEL01-MS,UOP03-DEL01-MS
502839,2023-02-03,sexta-feira,11:15:00,MG,116.0,"600,5",SAO JOAO DO MANHUACU,Ingestão de álcool pelo condutor,Colisão lateral sentido oposto,Sem Vítimas,Pleno dia,Decrescente,Céu Claro,Simples,Curva,Não,3.0,0.0,0.0,0.0,2.0,1.0,0.0,3.0,"-20,33157703","-42,14776317",SPRF-MG,DEL06-MG,UOP03-DEL06-MG
502841,2023-02-03,sexta-feira,12:30:00,MG,381.0,"947,4",EXTREMA,Reação tardia ou ineficiente do condutor,Colisão traseira,Com Vítimas Feridas,Pleno dia,Decrescente,Céu Claro,Dupla,Declive;Reta,Não,2.0,0.0,1.0,0.0,1.0,0.0,1.0,2.0,"-22,86709069","-46,35160625",SPRF-MG,DEL16-MG,UOP03-DEL16-MG
502842,2023-02-03,sexta-feira,07:00:00,SC,470.0,"267,1",CURITIBANOS,Transitar na contramão,Colisão frontal,Com Vítimas Fatais,Amanhecer,Crescente,Céu Claro,Simples,Declive;Reta,Não,3.0,1.0,1.0,0.0,0.0,1.0,1.0,3.0,"-27,3116598","-50,7493722",SPRF-SC,DEL05-SC,UOP03-DEL05-SC
502855,2023-02-03,sexta-feira,09:00:00,PA,163.0,581,TRAIRAO,Transitar na contramão,Colisão lateral sentido oposto,Com Vítimas Feridas,Pleno dia,Decrescente,Sol,Simples,Curva,Não,5.0,0.0,1.0,0.0,3.0,11.0,1.0,15.0,"-4,9837331","-56,20602214",SPRF-PA,DEL05-PA,UOP02-DEL05-PA
502856,2023-02-03,sexta-feira,13:50:00,RS,448.0,15,CANOAS,Avarias e/ou desgaste excessivo no pneu,Saída de leito carroçável,Com Vítimas Feridas,Pleno dia,Crescente,Chuva,Múltipla,Reta,Não,2.0,0.0,1.0,0.0,0.0,1.0,1.0,2.0,"-29,927263","-51,217751",SPRF-RS,DEL01-RS,UOP01-DEL01-RS
502863,2023-02-03,sexta-feira,09:45:00,RJ,116.0,327,ITATIAIA,Velocidade Incompatível,Tombamento,Com Vítimas Feridas,Pleno dia,Decrescente,Nublado,Dupla,Curva,Não,2.0,0.0,0.0,1.0,0.0,1.0,1.0,2.0,"-22,50162452","-44,58807495",SPRF-RJ,DEL07-RJ,UOP02-DEL07-RJ
502864,2023-02-03,sexta-feira,14:40:00,PR,153.0,306,IMBITUVA,Reação tardia ou ineficiente do condutor,Capotamento,Com Vítimas Feridas,Pleno dia,Crescente,Garoa/Chuvisco,Simples,Curva;Declive,Não,4.0,0.0,2.0,0.0,2.0,0.0,2.0,1.0,"-25,25766","-50,640564",SPRF-PR,DEL08-PR,UOP02-DEL08-PR
502865,2023-02-03,sexta-feira,13:48:00,DF,20.0,"10,1",BRASILIA,Pista Escorregadia,Saída de leito carroçável,Com Vítimas Feridas,Pleno dia,Decrescente,Nublado,Dupla,Declive,Sim,1.0,0.0,1.0,0.0,0.0,0.0,1.0,1.0,"-15,650243","-47,773872",SPRF-DF,DEL02-DF,UOP01-DEL02-DF
502866,2023-02-03,sexta-feira,13:50:00,DF,20.0,"10,6",BRASILIA,Pista Escorregadia,Saída de leito carroçável,Com Vítimas Feridas,Pleno dia,Decrescente,Nublado,Dupla,Declive,Sim,1.0,0.0,1.0,0.0,0.0,0.0,1.0,1.0,"-15,650243","-47,773872",SPRF-DF,DEL02-DF,UOP01-DEL02-DF
502868,2023-02-03,sexta-feira,14:50:00,PR,116.0,99,SAO JOSE DOS PINHAIS,Acumulo de areia ou detritos sobre o pavimento,Tombamento,Com Vítimas Feridas,Pleno dia,Crescente,Garoa/Chuvisco,Dupla,Reta,Não,3.0,0.0,2.0,0.0,1.0,0.0,2.0,2.0,"-25,52682231","-49,14038767",SPRF-PR,DEL01-PR,UOP07-DEL01-PR
502874,2023-02-03,sexta-feira,14:30:00,PR,277.0,584,CASCAVEL,Velocidade Incompatível,Tombamento,Sem Vítimas,Pleno dia,Crescente,Nublado,Dupla,Interseção de Vias,Sim,2.0,0.0,0.0,0.0,1.0,1.0,0.0,2.0,"-24,96684176","-53,40258186",SPRF-PR,DEL04-PR,UOP01-DEL04-PR
502887,2023-02-03,sexta-feira,11:30:00,MA,135.0,"285,9",CODO,Manobra de mudança de faixa,Colisão traseira,Com Vítimas Fatais,Pleno dia,Decrescente,Céu Claro,Simples,Reta,Sim,2.0,1.0,0.0,0.0,1.0,0.0,0.0,2.0,"-4,85860118","-44,35125861",SPRF-MA,DEL03-MA,UOP01-DEL03-MA
502888,2023-02-03,sexta-feira,15:00:00,MT,163.0,1004,TERRA NOVA DO NORTE,Falta de elemento de contenção que evite a saída do leito carroçável,Atropelamento de Pedestre,Com Vítimas Fatais,Pleno dia,Decrescente,Céu Claro,Simples,Reta;Declive,Não,2.0,1.0,0.0,0.0,0.0,1.0,0.0,2.0,"-10,58824596","-55,09321322",SPRF-MT,DEL06-MT,UOP03-DEL06-MT
502889,2023-02-03,sexta-feira,18:00:00,RJ,116.0,280,BARRA MANSA,Acessar a via sem observar a presença dos outros veículos,Atropelamento de Pedestre,Com Vítimas Feridas,Pleno dia,Crescente,Nublado,Dupla,Reta,Não,4.0,0.0,1.0,0.0,2.0,1.0,1.0,4.0,"-22,54134895","-44,19176093",SPRF-RJ,DEL07-RJ,UOP02-DEL07-RJ
502891,2023-02-03,sexta-feira,13:15:00,SP,116.0,225,GUARULHOS,Demais falhas mecânicas ou elétricas,Tombamento,Sem Vítimas,Pleno dia,Decrescente,Céu Claro,Múltipla,Reta,Sim,1.0,0.0,0.0,0.0,1.0,0.0,0.0,1.0,"-23,48586772","-46,54075317",SPRF-SP,DEL01-SP,UOP01-DEL01-SP
502895,2023-02-03,sexta-feira,16:30:00,SC,101.0,"326,5",CAPIVARI DE BAIXO,Reação tardia ou ineficiente do condutor,Colisão traseira,Sem Vítimas,Pleno dia,Crescente,Chuva,Dupla,Reta,Sim,2.0,0.0,0.0,0.0,2.0,0.0,0.0,2.0,"-28,42524483","-48,94302707",SPRF-SC,DEL02-SC,UOP01-DEL02-SC
502902,2023-02-03,sexta-feira,17:15:00,RS,293.0,"78,2",PIRATINI,Chuva,Saída de leito carroçável,Sem Vítimas,Pleno dia,Decrescente,Chuva,Simples,Curva;Declive,Não,2.0,0.0,0.0,0.0,1.0,1.0,0.0,2.0,"-31,67198885","-53,10479785",SPRF-RS,DEL07-RS,UOP01-DEL07-RS
502904,2023-02-03,sexta-feira,15:15:00,MG,153.0,13,ARAPORA,Pista esburacada,Colisão transversal,Sem Vítimas,Pleno dia,Crescente,Céu Claro,Dupla,Reta;Aclive,Não,3.0,0.0,0.0,0.0,2.0,1.0,0.0,3.0,"-18,53318003","-49,19222975",SPRF-MG,DEL15-MG,UOP03-DEL15-MG
502906,2023-02-03,sexta-feira,18:15:00,GO,153.0,67,PORANGATU,Ausência de reação do condutor,Colisão transversal,Sem Vítimas,Anoitecer,Crescente,Céu Claro,Simples,Reta,Não,3.0,0.0,0.0,0.0,1.0,2.0,0.0,3.0,"-13,419951","-49,130875",SPRF-GO,DEL07-GO,UOP01-DEL07-GO
502913,2023-02-03,sexta-feira,18:20:00,PB,230.0,372,CONDADO,Transitar na contramão,Colisão frontal,Com Vítimas Fatais,Plena Noite,Decrescente,Céu Claro,Simples,Reta,Não,4.0,1.0,0.0,0.0,2.0,1.0,0.0,3.0,"-6,9082","-37,5675",SPRF-PB,DEL03-PB,UOP02-DEL03-PB
502915,2023-02-03,sexta-feira,17:30:00,PA,163.0,518,TRAIRAO,Manobra de mudança de faixa,Colisão lateral sentido oposto,Com Vítimas Fatais,Pleno dia,Decrescente,Sol,Simples,Reta;Aclive,Não,3.0,1.0,0.0,0.0,1.0,2.0,0.0,4.0,"-5,36932212","-55,88988638",SPRF-PA,DEL05-PA,UOP01-DEL05-PA
502916,2023-02-03,sexta-feira,19:30:00,ES,262.0,29,DOMINGOS MARTINS,Curva acentuada,Colisão lateral sentido oposto,Com Vítimas Feridas,Plena Noite,Crescente,Céu Claro,Dupla,Curva,Não,3.0,0.0,1.0,0.0,1.0,1.0,1.0,3.0,"-20,37585099","-40,56027297",SPRF-ES,DEL01-ES,UOP01-DEL01-ES
502919,2023-02-03,sexta-feira,13:00:00,GO,70.0,448,ARAGARCAS,Ausência de reação do condutor,Saída de leito carroçável,Com Vítimas Feridas,Pleno dia,Decrescente,Céu Claro,Simples,Aclive,Não,1.0,0.0,0.0,1.0,0.0,0.0,1.0,1.0,"-15,907586","-52,047025",SPRF-GO,DEL04-GO,UOP02-DEL04-GO
502920,2023-02-03,sexta-feira,14:20:00,BA,324.0,3,FEIRA DE SANTANA,Manobra de mudança de faixa,Colisão traseira,Com Vítimas Feridas,Pleno dia,Decrescente,Sol,Dupla,Reta,Sim,3.0,0.0,1.0,0.0,2.0,0.0,1.0,2.0,"-12,286688","-38,961652",SPRF-BA,DEL02-BA,UOP01-DEL02-BA
502929,2023-02-03,sexta-feira,20:15:00,RS,153.0,"41,7",ERECHIM,Acessar a via sem observar a presença dos outros veículos,Colisão transversal,Com Vítimas Feridas,Plena Noite,Decrescente,Nublado,Simples,Reta,Não,3.0,0.0,1.0,0.0,2.0,0.0,1.0,3.0,"-27,59755702","-52,2349289",SPRF-RS,DEL08-RS,UOP04-DEL08-RS
502939,2023-02-03,sexta-feira,16:00:00,BA,116.0,"911,1",ENCRUZILHADA,Acessar a via sem observar a presença dos outros veículos,Colisão transversal,Com Vítimas Fatais,Pleno dia,Decrescente,Céu Claro,Simples,Declive,Não,3.0,1.0,0.0,1.0,1.0,0.0,1.0,2.0,"-15,52369","-41,24358",SPRF-BA,DEL08-BA,UOP03-DEL08-BA
502948,2023-02-03,sexta-feira,04:40:00,PI,135.0,626,CRISTALANDIA DO PIAUI,Condutor Dormindo,Saída de leito carroçável,Com Vítimas Fatais,Amanhecer,Decrescente,Céu Claro,Simples,Curva;Declive,Não,1.0,1.0,0.0,0.0,0.0,0.0,0.0,1.0,"-10,704873","-45,18798",SPRF-PI,DEL03-PI,UOP02-DEL03-PI
502950,2023-02-03,sexta-feira,22:50:00,PR,467.0,92,CASCAVEL,Ingestão de substâncias psicoativas pelo condutor,Colisão traseira,Sem Vítimas,Plena Noite,Crescente,Céu Claro,Dupla,Reta,Não,4.0,0.0,0.0,0.0,1.0,4.0,0.0,5.0,"-24,8543","-53,5952",SPRF-PR,DEL04-PR,UOP01-DEL04-PR
502967,2023-02-03,sexta-feira,23:54:00,CE,230.0,68,VARZEA ALEGRE,Demais falhas mecânicas ou elétricas,Incêndio,Sem Vítimas,Plena Noite,Decrescente,Céu Claro,Simples,Curva,Não,1.0,0.0,0.0,0.0,1.0,0.0,0.0,1.0,"-6,76630613","-39,1966308",SPRF-CE,DEL05-CE,UOP01-DEL05-CE
502968,2023-02-04,sábado,01:00:00,MG,50.0,"194,5",DELTA,Reação tardia ou ineficiente do condutor,Colisão com objeto,Com Vítimas Feridas,Plena Noite,Crescente,Chuva,Dupla,Declive;Reta,Não,2.0,0.0,1.0,0.0,0.0,1.0,1.0,2.0,"-19,887439","-47,848374",SPRF-MG,DEL13-MG,UOP01-DEL13-MG
502970,2023-02-03,sexta-feira,23:30:00,PR,116.0,"211,3",RIO NEGRO,Transitar na contramão,Colisão frontal,Com Vítimas Fatais,Plena Noite,Decrescente,Chuva,Múltipla,Curva,Sim,4.0,1.0,0.0,0.0,1.0,3.0,0.0,5.0,"-26,1043454","-49,7809105",SPRF-SC,DEL06-SC,UOP01-DEL06-SC
502971,2023-02-04,sábado,00:00:00,MT,163.0,514,DIAMANTINO,Pista Escorregadia,Saída de leito carroçável,Com Vítimas Feridas,Plena Noite,Crescente,Chuva,Simples,Reta,Não,1.0,0.0,1.0,0.0,0.0,0.0,1.0,1.0,"-14,557899","-56,22228",SPRF-MT,DEL01-MT,UOP01-DEL01-MT
502972,2023-02-04,sábado,00:20:00,SC,101.0,"431,1",SOMBRIO,Condutor deixou de manter distância do veículo da frente,Colisão traseira,Com Vítimas Feridas,Plena Noite,Decrescente,Céu Claro,Múltipla,Reta,Sim,5.0,0.0,3.0,1.0,0.0,1.0,4.0,2.0,"-29,064526","-49,62464101",SPRF-SC,DEL02-SC,UOP02-DEL02-SC