id,data_inversa,dia_semana,horario,uf,br,km,municipio,causa_acidente,tipo_acidente,classificacao_acidente,fase_dia,sentido_via,condicao_metereologica,tipo_pista,tracado_via,uso_solo,pessoas,mortos,feridos_leves,feridos_graves,ilesos,ignorados,feridos,veiculos,latitude,longitude,regional,delegacia,uop
502974,2023-02-04,sábado,02:15:00,ES,101.0,"402,5",ITAPEMIRIM,Transitar na contramão,Colisão lateral sentido oposto,Com Vítimas Feridas,Plena Noite,Decrescente,Céu Claro,Simples,Reta,Não,3.0,0.0,0.0,1.0,1.0,1.0,1.0,3.0,"-20,88914562","-40,99003988",SPRF-ES,DEL03-ES,UOP02-DEL03-ES
502976,2023-02-03,sexta-feira,23:50:00,SP,116.0,49,LORENA,Ingestão de álcool pelo condutor,Colisão traseira,Sem Vítimas,Plena Noite,Crescente,Chuva,Dupla,Reta,Não,3.0,0.0,0.0,0.0,2.0,1.0,0.0,3.0,"-22,73051614","-45,0765859",SPRF-SP,DEL08-SP,UOP02-DEL08-SP
502990,2023-02-04,sábado,02:50:00,SP,116.0,480,CAJATI,Ausência de reação do condutor,Saída de leito carroçável,Com Vítimas Feridas,Plena Noite,Crescente,Céu Claro,Múltipla,Reta,Não,1.0,0.0,1.0,0.0,0.0,0.0,1.0,1.0,"-24,71316904","-48,02690398",SPRF-SP,DEL05-SP,UOP01-DEL05-SP
502999,2023-02-04,sábado,06:10:00,GO,153.0,"284,6",RIALMA,Ausência de reação do condutor,Colisão com objeto,Com Vítimas Fatais,Amanhecer,Decrescente,Nublado,Simples,Ponte;Reta,Não,1.0,1.0,0.0,0.0,0.0,0.0,0.0,1.0,"-15,180838","-49,544981",SPRF-GO,DEL07-GO,UOP02-DEL07-GO
503008,2023-01-22,domingo,20:20:00,RS,290.0,"227,4",PANTANO GRANDE,Ultrapassagem Indevida,Colisão frontal,Com Vítimas Fatais,Plena Noite,Decrescente,Céu Claro,Simples,Reta,Não,3.0,1.0,0.0,0.0,1.0,2.0,0.0,4.0,"-30,206095","-52,489033",SPRF-RS,DEL02-RS,UOP03-DEL02-RS
503014,2023-02-04,sábado,05:40:00,PE,232.0,115,CARUARU,Demais falhas mecânicas ou elétricas,Eventos atípicos,Sem Vítimas,Amanhecer,Decrescente,Céu Claro,Dupla,Reta;Declive,Não,2.0,0.0,0.0,0.0,1.0,2.0,0.0,3.0,"-8,29751481","-35,86512566",SPRF-PE,DEL02-PE,UOP01-DEL02-PE
503017,2023-02-03,sexta-feira,17:30:00,PR,158.0,"349,1",PALMITAL,Velocidade Incompatível,Tombamento,Com Vítimas Feridas,Pleno dia,Crescente,Chuva,Simples,Reta,Não,2.0,0.0,1.0,0.0,0.0,1.0,1.0,2.0,"-24,98265143","-52,29839986",SPRF-PR,DEL04-PR,UOP02-DEL04-PR
503020,2023-02-03,sexta-feira,23:40:00,MG,365.0,"569,1",INDIANOPOLIS,Demais falhas mecânicas ou elétricas,Incêndio,Sem Vítimas,Plena Noite,Decrescente,Nublado,Simples,Reta,Não,1.0,0.0,0.0,0.0,1.0,0.0,0.0,1.0,"-18,91312283","-47,86289793",SPRF-MG,DEL15-MG,UOP02-DEL15-MG
503022,2023-02-04,sábado,08:51:00,RN,101.0,137,SAO JOSE DE MIPIBU,Manobra de mudança de faixa,Colisão traseira,Com Vítimas Feridas,Pleno dia,Crescente,Céu Claro,Dupla,Reta,Sim,5.0,0.0,3.0,0.0,2.0,0.0,3.0,2.0,"-6,18022401","-35,21699006",SPRF-RN,DEL01-RN,UOP01-DEL01-RN
503028,2023-02-04,sábado,10:15:00,RS,386.0,"344,2",LAJEADO,Estacionar ou parar em local proibido,Colisão lateral mesmo sentido,Com Vítimas Feridas,Pleno dia,Decrescente,Céu Claro,Simples,Declive;Interseção de Vias;Em Obras,Sim,4.0,0.0,1.0,0.0,2.0,1.0,1.0,4.0,"-29,44034504","-51,9908452",SPRF-RS,DEL04-RS,UOP01-DEL04-RS
503035,2023-02-04,sábado,10:15:00,GO,153.0,496,GOIANIA,Condutor deixou de manter distância do veículo da frente,Colisão traseira,Com Vítimas Feridas,Pleno dia,Crescente,Céu Claro,Dupla,Reta,Sim,3.0,0.0,0.0,1.0,2.0,0.0,1.0,3.0,"-16,6776","-49,2314",SPRF-GO,DEL01-GO,UOP01-DEL01-GO
503038,2023-02-04,sábado,12:00:00,SP,116.0,230,SAO PAULO,Manobra de mudança de faixa,Colisão lateral mesmo sentido,Com Vítimas Feridas,Pleno dia,Decrescente,Céu Claro,Múltipla,Reta,Sim,5.0,0.0,1.0,0.0,4.0,0.0,1.0,2.0,"-23,52251783","-46,5855702",SPRF-SP,DEL01-SP,UOP01-DEL01-SP
503043,2023-02-04,sábado,10:40:00,PB,230.0,"463,4",SOUSA,Acesso irregular,Colisão frontal,Com Vítimas Feridas,Pleno dia,Decrescente,Céu Claro,Simples,Reta;Interseção de Vias,Sim,2.0,0.0,0.0,1.0,1.0,0.0,1.0,2.0,"-6,778671","-38,240771",SPRF-PB,DEL03-PB,UOP03-DEL03-PB
503044,2023-02-04,sábado,11:30:00,PR,376.0,169,MARINGA,Reação tardia ou ineficiente do condutor,Colisão traseira,Com Vítimas Feridas,Pleno dia,Decrescente,Nublado,Dupla,Aclive,Sim,2.0,0.0,0.0,1.0,1.0,0.0,1.0,2.0,"-23,41293401","-51,98354301",SPRF-PR,DEL09-PR,UOP01-DEL09-PR
503046,2023-02-04,sábado,11:20:00,PR,116.0,"194,8",RIO NEGRO,Reação tardia ou ineficiente do condutor,Tombamento,Com Vítimas Feridas,Pleno dia,Crescente,Nublado,Simples,Reta,Não,2.0,0.0,1.0,0.0,0.0,1.0,1.0,2.0,"-25,987011","-49,6653",SPRF-SC,DEL06-SC,UOP01-DEL06-SC
503047,2023-02-04,sábado,11:15:00,MG,262.0,"45,9",MANHUACU,Condutor Dormindo,Saída de leito carroçável,Com Vítimas Feridas,Pleno dia,Crescente,Céu Claro,Simples,Reta,Não,1.0,0.0,0.0,1.0,0.0,0.0,1.0,1.0,"-20,26145201","-42,09686296",SPRF-MG,DEL06-MG,UOP03-DEL06-MG
503051,2023-02-04,sábado,12:40:00,MG,381.0,"228,6",BELO ORIENTE,Manobra de mudança de faixa,Colisão traseira,Sem Vítimas,Pleno dia,Decrescente,Céu Claro,Dupla,Reta,Sim,4.0,0.0,0.0,0.0,4.0,0.0,0.0,3.0,"-19,34371912","-42,43183775",SPRF-MG,DEL06-MG,UOP01-DEL06-MG
503052,2023-02-04,sábado,07:30:00,BA,101.0,"331,3",PRESIDENTE TANCREDO NEVES,Ausência de reação do condutor,Tombamento,Com Vítimas Feridas,Amanhecer,Crescente,Sol,Simples,Curva,Não,3.0,0.0,3.0,0.0,0.0,0.0,3.0,1.0,"-13,485394","-39,424643",SPRF-BA,DEL05-BA,UOP03-DEL05-BA
503056,2023-02-04,sábado,13:00:00,PE,101.0,41,IGARASSU,Ultrapassagem Indevida,Colisão lateral mesmo sentido,Sem Vítimas,Pleno dia,Decrescente,Céu Claro,Dupla,Reta,Sim,3.0,0.0,0.0,0.0,2.0,1.0,0.0,3.0,"-7,83038346","-34,91426785",SPRF-PE,DEL01-PE,UOP02-DEL01-PE
503060,2023-02-04,sábado,14:40:00,PB,230.0,"169,9",CAMPINA GRANDE,Condutor deixou de manter distância do veículo da frente,Colisão traseira,Com Vítimas Feridas,Pleno dia,Decrescente,Céu Claro,Simples,Aclive,Sim,3.0,0.0,1.0,0.0,2.0,0.0,1.0,2.0,"-7,1853","-35,9764",SPRF-PB,DEL02-PB,UOP02-DEL02-PB
503070,2023-01-27,sexta-feira,19:00:00,MS,262.0,"491,3",ANASTACIO,Animais na Pista,Saída de leito carroçável,Com Vítimas Feridas,Plena Noite,Crescente,Nublado,Simples,Reta,Sim,1.0,0.0,1.0,0.0,0.0,0.0,1.0,1.0,"-20,50107013","-55,82486196",SPRF-MS,DEL03-MS,UOP01-DEL03-MS
503073,2023-02-04,sábado,14:00:00,MT,163.0,800,VERA,Manobra de mudança de faixa,Colisão transversal,Com Vítimas Feridas,Pleno dia,Decrescente,Céu Claro,Simples,Reta,Não,4.0,0.0,0.0,2.0,1.0,2.0,2.0,4.0,"-12,167104","-55,517698",SPRF-MT,DEL06-MT,UOP01-DEL06-MT
503075,2023-02-04,sábado,14:20:00,MT,163.0,1114,GUARANTA DO NORTE,Reação tardia ou ineficiente do condutor,Colisão transversal,Com Vítimas Feridas,Pleno dia,Decrescente,Céu Claro,Simples,Reta,Sim,5.0,0.0,2.0,0.0,2.0,3.0,2.0,5.0,"-9,6833648","-54,88045563",SPRF-MT,DEL06-MT,UOP03-DEL06-MT
503079,2023-02-04,sábado,13:20:00,RO,364.0,"260,5",CACOAL,Ausência de reação do condutor,Saída de leito carroçável,Com Vítimas Feridas,Pleno dia,Decrescente,Céu Claro,Simples,Reta,Não,2.0,0.0,1.0,0.0,0.0,2.0,1.0,3.0,"-11,412377","-61,647182",SPRF-RO,DEL02-RO,UOP02-DEL02-RO
503081,2023-02-04,sábado,15:30:00,AL,104.0,"8,6",SAO JOSE DA LAJE,Problema com o freio,Tombamento,Com Vítimas Feridas,Pleno dia,Crescente,Céu Claro,Simples,Curva;Declive,Não,1.0,0.0,0.0,1.0,0.0,0.0,1.0,1.0,"-8,967289","-36,016721",SPRF-AL,DEL01-AL,UOP02-DEL01-AL
503097,2023-02-04,sábado,15:50:00,MT,163.0,603,NOVA MUTUM,Desrespeitar a preferência no cruzamento,Colisão transversal,Com Vítimas Feridas,Pleno dia,Crescente,Céu Claro,Simples,Interseção de Vias,Não,3.0,0.0,1.0,0.0,1.0,3.0,1.0,5.0,"-13,88122005","-56,08852761",SPRF-MT,DEL01-MT,UOP01-DEL01-MT
503099,2023-02-04,sábado,15:45:00,BA,242.0,688,WANDERLEY,Reação tardia ou ineficiente do condutor,Saída de leito carroçável,Com Vítimas Feridas,Pleno dia,Decrescente,Chuva,Simples,Reta,Não,1.0,0.0,1.0,0.0,0.0,0.0,1.0,1.0,"-12,22508397","-43,88665201",SPRF-BA,DEL10-BA,UOP02-DEL10-BA
503120,2023-02-04,sábado,14:55:00,MG,381.0,"244,3",SANTANA DO PARAISO,Transitar na contramão,Colisão lateral sentido oposto,Com Vítimas Feridas,Pleno dia,Decrescente,Céu Claro,Simples,Reta,Não,5.0,0.0,3.0,0.0,1.0,1.0,3.0,3.0,"-19,44433395","-42,51333612",SPRF-MG,DEL06-MG,UOP01-DEL06-MG
503124,2023-02-04,sábado,18:35:00,PB,110.0,"182,1",MONTEIRO,Ingestão de álcool pelo condutor,Colisão frontal,Com Vítimas Feridas,Plena Noite,Crescente,Céu Claro,Simples,Reta,Sim,4.0,0.0,1.0,1.0,2.0,0.0,2.0,2.0,"-7,90054609","-37,13124633",SPRF-PB,DEL02-PB,UOP02-DEL02-PB
503131,2023-02-04,sábado,19:15:00,PR,277.0,"592,2",CASCAVEL,Ingestão de álcool pelo condutor,Colisão frontal,Sem Vítimas,Anoitecer,Crescente,Nublado,Simples,Declive;Viaduto,Sim,3.0,0.0,0.0,0.0,2.0,1.0,0.0,3.0,"-24,98285697","-53,47319399",SPRF-PR,DEL04-PR,UOP01-DEL04-PR
503137,2023-02-04,sábado,17:20:00,RO,364.0,33,VILHENA,Manobra de mudança de faixa,Colisão lateral mesmo sentido,Com Vítimas Feridas,Pleno dia,Decrescente,Chuva,Simples,Reta,Não,3.0,0.0,0.0,1.0,1.0,3.0,1.0,5.0,"-12,68196465","-60,28911173",SPRF-RO,DEL04-RO,UOP01-DEL04-RO
503142,2023-02-04,sábado,19:35:00,BA,101.0,104,ALAGOINHAS,Manobra de mudança de faixa,Colisão frontal,Sem Vítimas,Anoitecer,Decrescente,Céu Claro,Simples,Em Obras;Reta,Não,2.0,0.0,0.0,0.0,1.0,1.0,0.0,2.0,"-12,15963868","-38,41162324",SPRF-BA,DEL01-BA,UOP04-DEL01-BA
503144,2023-02-04,sábado,19:50:00,SP,116.0,"97,9",PINDAMONHANGABA,Manobra de mudança de faixa,Colisão lateral mesmo sentido,Com Vítimas Feridas,Plena Noite,Crescente,Nublado,Dupla,Reta,Não,3.0,0.0,1.0,0.0,1.0,1.0,1.0,3.0,"-22,97375666","-45,44726115",SPRF-SP,DEL08-SP,UOP01-DEL08-SP
503150,2023-02-04,sábado,15:29:00,SC,158.0,142,PALMITOS,Velocidade Incompatível,Saída de leito carroçável,Com Vítimas Feridas,Pleno dia,Decrescente,Chuva,Simples,Curva,Não,3.0,0.0,1.0,0.0,2.0,0.0,1.0,3.0,"-27,14296532","-53,21392829",SPRF-SC,DEL07-SC,UOP02-DEL07-SC
503156,2023-02-04,sábado,18:30:00,PR,277.0,"729,4",FOZ DO IGUACU,Ingestão de álcool e/ou substâncias psicoativas pelo pedestre,Colisão traseira,Com Vítimas Feridas,Pleno dia,Crescente,Céu Claro,Dupla,Reta;Declive,Sim,3.0,0.0,1.0,0.0,1.0,1.0,1.0,3.0,"-25,50603527","-54,58963936",SPRF-PR,DEL05-PR,UOP03-DEL05-PR
503161,2023-02-04,sábado,19:30:00,BA,242.0,560,OLIVEIRA DOS BREJINHOS,Ingestão de álcool pelo condutor,Colisão transversal,Com Vítimas Feridas,Plena Noite,Decrescente,Céu Claro,Simples,Reta,Não,3.0,0.0,1.0,0.0,1.0,2.0,1.0,4.0,"-12,10353501","-42,91623801",SPRF-BA,DEL10-BA,UOP02-DEL10-BA
503165,2023-02-04,sábado,21:00:00,TO,153.0,"490,5",PARAISO DO TOCANTINS,Pista esburacada,Colisão traseira,Com Vítimas Feridas,Plena Noite,Decrescente,Nublado,Simples,Reta;Aclive,Não,2.0,0.0,0.0,1.0,1.0,0.0,1.0,2.0,"-10,12486384","-48,88412526",SPRF-TO,DEL01-TO,UOP01-DEL01-TO
503181,2023-02-02,quinta-feira,23:30:00,BA,101.0,"331,3",PRESIDENTE TANCREDO NEVES,Reação tardia ou ineficiente do condutor,Saída de leito carroçável,Com Vítimas Feridas,Plena Noite,Crescente,Céu Claro,Simples,Reta,Não,2.0,0.0,1.0,0.0,0.0,1.0,1.0,2.0,"-13,47647925","-39,41908143",SPRF-BA,DEL05-BA,UOP03-DEL05-BA
503187,2023-02-04,sábado,18:20:00,MG,116.0,74,MEDINA,Condutor deixou de manter distância do veículo da frente,Colisão lateral mesmo sentido,Com Vítimas Feridas,Pleno dia,Crescente,Céu Claro,Simples,Reta,Não,3.0,0.0,1.0,0.0,1.0,1.0,1.0,3.0,"-16,23556","-41,47365",SPRF-MG,DEL11-MG,UOP02-DEL11-MG
503190,2023-02-04,sábado,22:00:00,PI,316.0,160,ELESBAO VELOSO,Transitar na contramão,Colisão frontal,Com Vítimas Fatais,Plena Noite,Crescente,Céu Claro,Simples,Reta,Não,5.0,2.0,0.0,2.0,1.0,0.0,2.0,2.0,"-6,17690502","-42,1265058",SPRF-PI,DEL04-PI,UOP02-DEL04-PI
503192,2023-02-04,sábado,22:30:00,GO,50.0,"96,2",CRISTALINA,Problema com o freio,Colisão traseira,Com Vítimas Feridas,Plena Noite,Decrescente,Chuva,Simples,Reta,Sim,3.0,0.0,1.0,0.0,1.0,1.0,1.0,2.0,"-16,9309","-47,7117",SPRF-DF,DEL01-DF,UOP02-DEL01-DF
503194,2023-02-04,sábado,14:40:00,MS,158.0,"92,6",PARANAIBA,Carga excessiva e/ou mal acondicionada,Incêndio,Sem Vítimas,Pleno dia,Decrescente,Nublado,Dupla,Declive,Sim,2.0,0.0,0.0,0.0,1.0,3.0,0.0,4.0,"-19,66558599","-51,20420823",SPRF-MS,DEL08-MS,UOP01-DEL08-MS
503204,2023-02-04,sábado,11:00:00,MT,158.0,"370,6",BOM JESUS DO ARAGUAIA,Ultrapassagem Indevida,Colisão frontal,Com Vítimas Feridas,Pleno dia,Crescente,Céu Claro,Simples,Reta,Não,3.0,0.0,1.0,1.0,0.0,1.0,2.0,3.0,"-12,50441502","-51,77232289",SPRF-MT,DEL07-MT,UOP02-DEL07-MT
503208,2023-02-04,sábado,23:40:00,SP,116.0,298,ITAPECERICA DA SERRA,Pedestre andava na pista,Atropelamento de Pedestre,Com Vítimas Fatais,Plena Noite,Crescente,Céu Claro,Dupla,Reta,Não,3.0,1.0,0.0,0.0,1.0,1.0,0.0,3.0,"-23,790858","-46,91450298",SPRF-SP,DEL04-SP,UOP01-DEL04-SP
503212,2023-02-05,domingo,02:45:00,ES,101.0,"36,1",CONCEICAO DA BARRA,Condutor Dormindo,Colisão frontal,Com Vítimas Fatais,Plena Noite,Decrescente,Céu Claro,Simples,Curva;Declive,Não,2.0,1.0,0.0,0.0,1.0,0.0,0.0,2.0,"-18,46388405","-39,92935329",SPRF-ES,DEL04-ES,UOP02-DEL04-ES
503219,2023-02-05,domingo,01:20:00,MG,40.0,"592,9",OURO PRETO,Ausência de reação do condutor,Colisão com objeto,Com Vítimas Feridas,Plena Noite,Crescente,Céu Claro,Dupla,Reta,Não,2.0,0.0,1.0,0.0,0.0,1.0,1.0,2.0,"-20,38067507","-43,90128711",SPRF-MG,DEL05-MG,UOP02-DEL05-MG
503225,2023-02-05,domingo,01:30:00,RS,386.0,"38,2",FREDERICO WESTPHALEN,Transitar na contramão,Colisão frontal,Com Vítimas Fatais,Plena Noite,Decrescente,Céu Claro,Simples,Reta,Sim,4.0,2.0,0.0,0.0,1.0,1.0,0.0,3.0,"-27,391367","-53,400776",SPRF-RS,DEL08-RS,UOP02-DEL08-RS
503226,2023-02-05,domingo,02:25:00,BA,430.0,"413,6",IGAPORA,Transitar na contramão,Colisão frontal,Com Vítimas Feridas,Plena Noite,Decrescente,Céu Claro,Simples,Declive;Reta,Não,18.0,0.0,2.0,0.0,16.0,0.0,2.0,2.0,"-13,93287","-42,56463",SPRF-BA,DEL08-BA,UOP04-DEL08-BA
503229,2023-02-05,domingo,05:30:00,RJ,116.0,307,RESENDE,Falta de acostamento,Colisão transversal,Com Vítimas Feridas,Amanhecer,Decrescente,Céu Claro,Dupla,Reta,Não,3.0,0.0,0.0,1.0,1.0,2.0,1.0,4.0,"-22,45713262","-44,41063703",SPRF-RJ,DEL07-RJ,UOP02-DEL07-RJ
503246,2023-02-05,domingo,02:30:00,MG,262.0,666,IBIA,Condutor Dormindo,Saída de leito carroçável,Com Vítimas Feridas,Plena Noite,Crescente,Céu Claro,Simples,Reta,Não,1.0,0.0,1.0,0.0,0.0,0.0,1.0,1.0,"-19,55296816","-46,76580297",SPRF-MG,DEL08-MG,UOP01-DEL08-MG
503270,2023-02-05,domingo,06:40:00,PA,316.0,128,NOVA TIMBOTEUA,Problema com o freio,Atropelamento de Pedestre,Com Vítimas Feridas,Amanhecer,Decrescente,Céu Claro,Simples,Reta,Não,3.0,0.0,1.0,0.0,1.0,1.0,1.0,3.0,"-1,29803243","-47,37596671",SPRF-PA,DEL01-PA,UOP03-DEL01-PA
503272,2023-02-04,sábado,03:00:00,GO,452.0,134,BOM JESUS DE GOIAS,Ingestão de álcool pelo condutor,Colisão frontal,Com Vítimas Feridas,Plena Noite,Crescente,Céu Claro,Simples,Reta,Não,2.0,0.0,1.0,0.0,1.0,0.0,1.0,2.0,"-18,24113336","-49,70845327",SPRF-GO,DEL03-GO,UOP02-DEL03-GO
503275,2023-02-05,domingo,06:00:00,GO,452.0,47,RIO VERDE,Problema com o freio,Incêndio,Sem Vítimas,Amanhecer,Crescente,Nevoeiro/Neblina,Simples,Reta,Não,2.0,0.0,0.0,0.0,1.0,2.0,0.0,3.0,"-17,95640055","-50,50355945",SPRF-GO,DEL04-GO,UOP01-DEL04-GO
503276,2023-01-20,sexta-feira,23:15:00,PR,376.0,103,SAO JOSE DOS PINHAIS,Sinalização mal posicionada,Colisão traseira,Com Vítimas Feridas,Plena Noite,Decrescente,Garoa/Chuvisco,Simples,Curva,Não,3.0,0.0,0.0,1.0,1.0,1.0,1.0,3.0,"-25,57075895","-49,18374583",SPRF-PR,DEL09-PR,UOP02-DEL09-PR
503278,2023-01-20,sexta-feira,17:10:00,SC,280.0,"56,5",GUARAMIRIM,Condutor deixou de manter distância do veículo da frente,Colisão traseira,Com Vítimas Fatais,Pleno dia,Crescente,Céu Claro,Dupla,Reta,Não,2.0,1.0,0.0,0.0,0.0,1.0,0.0,2.0,"-26,47947677","-49,00298702",SPRF-SC,DEL03-SC,UOP03-DEL03-SC
503284,2023-02-04,sábado,17:40:00,MG,116.0,"152,6",PONTO DOS VOLANTES,Manobra de mudança de faixa,Colisão lateral sentido oposto,Com Vítimas Feridas,Anoitecer,Crescente,Céu Claro,Simples,Reta,Não,3.0,0.0,1.0,0.0,1.0,1.0,1.0,3.0,"-16,86721324","-41,47594265",SPRF-MG,DEL11-MG,UOP02-DEL11-MG
503289,2023-02-05,domingo,11:30:00,GO,70.0,8,AGUAS LINDAS DE GOIAS,Ingestão de álcool pelo condutor,Saída de leito carroçável,Com Vítimas Fatais,Pleno dia,Crescente,Sol,Múltipla,Curva;Aclive,Sim,2.0,1.0,0.0,1.0,0.0,0.0,1.0,1.0,"-15,73733681","-48,27407468",SPRF-DF,DEL03-DF,UOP02-DEL03-DF
503293,2023-02-05,domingo,10:20:00,AL,101.0,"40,1",FLEXEIRAS,Acostamento em desnível,Tombamento,Sem Vítimas,Pleno dia,Decrescente,Sol,Dupla,Reta,Não,2.0,0.0,0.0,0.0,1.0,2.0,0.0,3.0,"-9,16377891","-35,77034503",SPRF-AL,DEL01-AL,UOP02-DEL01-AL
503314,2023-02-05,domingo,13:45:00,PE,423.0,25,SAO CAITANO,Demais falhas mecânicas ou elétricas,Saída de leito carroçável,Com Vítimas Feridas,Pleno dia,Crescente,Céu Claro,Simples,Reta;Declive,Não,1.0,0.0,1.0,0.0,0.0,0.0,1.0,1.0,"-8,379416","-36,172916",SPRF-PE,DEL03-PE,UOP02-DEL03-PE
503320,2023-02-05,domingo,14:55:00,PR,277.0,615,SANTA TEREZA DO OESTE,Ausência de reação do condutor,Colisão lateral sentido oposto,Com Vítimas Feridas,Pleno dia,Crescente,Céu Claro,Simples,Curva;Declive,Não,4.0,0.0,1.0,0.0,3.0,0.0,1.0,3.0,"-25,07189018","-53,6644229",SPRF-PR,DEL05-PR,UOP02-DEL05-PR
503323,2023-02-05,domingo,05:55:00,RJ,101.0,310,SAO GONCALO,Ausência de reação do condutor,Colisão traseira,Sem Vítimas,Pleno dia,Decrescente,Céu Claro,Dupla,Reta,Sim,3.0,0.0,0.0,0.0,2.0,1.0,0.0,3.0,"-22,79717023","-43,04404993",SPRF-RJ,DEL02-RJ,UOP02-DEL02-RJ
503344,2023-02-05,domingo,18:00:00,PR,277.0,57,SAO JOSE DOS PINHAIS,Ingestão de álcool pelo condutor,Colisão com objeto,Sem Vítimas,Pleno dia,Crescente,Céu Claro,Dupla,Reta,Não,3.0,0.0,0.0,0.0,2.0,1.0,0.0,3.0,"-25,58123713","-48,96273806",SPRF-PR,DEL01-PR,UOP01-DEL01-PR
503346,2023-02-05,domingo,16:05:00,ES,101.0,301,VIANA,Ingestão de álcool pelo condutor,Colisão com objeto,Sem Vítimas,Pleno dia,Decrescente,Céu Claro,Dupla,Curva;Aclive,Sim,3.0,0.0,0.0,0.0,2.0,1.0,0.0,3.0,"-20,36278187","-40,4401343",SPRF-ES,DEL01-ES,UOP01-DEL01-ES
503359,2023-02-05,domingo,16:40:00,MG,381.0,293,ANTONIO DIAS,Reação tardia ou ineficiente do condutor,Colisão frontal,Com Vítimas Feridas,Pleno dia,Crescente,Chuva,Simples,Reta;Em Obras,Não,2.0,0.0,1.0,0.0,1.0,0.0,1.0,2.0,"-19,61823684","-42,84746491",SPRF-MG,DEL03-MG,UOP02-DEL03-MG
503365,2023-02-05,domingo,19:30:00,RS,101.0,80,OSORIO,Manobra de mudança de faixa,Colisão lateral mesmo sentido,Com Vítimas Fatais,Anoitecer,Decrescente,Céu Claro,Dupla,Reta,Não,4.0,1.0,0.0,0.0,2.0,1.0,0.0,4.0,"-29,8263459","-50,2482636",SPRF-RS,DEL03-RS,UOP01-DEL03-RS
503396,2023-02-05,domingo,21:30:00,SC,116.0,"19,6",MAFRA,Ingestão de álcool pelo condutor,Colisão frontal,Com Vítimas Feridas,Plena Noite,Decrescente,Céu Claro,Simples,Reta,Não,3.0,0.0,1.0,0.0,1.0,1.0,1.0,3.0,"-26,23352178","-49,8980914",SPRF-SC,DEL06-SC,UOP01-DEL06-SC
503397,2023-02-05,domingo,18:10:00,MA,316.0,307,OLHO DAGUA DAS CUNHAS,Ultrapassagem Indevida,Colisão lateral mesmo sentido,Com Vítimas Feridas,Anoitecer,Decrescente,Chuva,Simples,Reta,Não,3.0,0.0,3.0,0.0,0.0,0.0,3.0,2.0,"-3,962662","-45,134556",SPRF-MA,DEL02-MA,UOP01-DEL02-MA
503401,2023-02-05,domingo,21:56:00,TO,153.0,176,NOVA OLINDA,Reação tardia ou ineficiente do condutor,Colisão lateral sentido oposto,Com Vítimas Feridas,Plena Noite,Decrescente,Nublado,Simples,Reta,Não,11.0,0.0,2.0,0.0,9.0,0.0,2.0,2.0,"-7,44599007","-48,36790076",SPRF-TO,DEL02-TO,UOP01-DEL02-TO
503416,2023-02-05,domingo,22:30:00,MA,226.0,"308,9",BARRA DO CORDA,Transitar na contramão,Colisão frontal,Com Vítimas Feridas,Plena Noite,Decrescente,Céu Claro,Simples,Curva,Não,5.0,0.0,2.0,1.0,1.0,1.0,3.0,3.0,"-5,45239279","-45,29276064",SPRF-MA,DEL06-MA,UOP01-DEL06-MA
503418,2023-02-06,segunda-feira,01:00:00,SC,101.0,150,ITAPEMA,Reação tardia ou ineficiente do condutor,Colisão traseira,Com Vítimas Feridas,Plena Noite,Crescente,Nublado,Múltipla,Reta,Sim,3.0,0.0,0.0,1.0,1.0,1.0,1.0,3.0,"-27,11744799","-48,60940987",SPRF-SC,DEL04-SC,UOP03-DEL04-SC
503421,2023-02-06,segunda-feira,01:50:00,MG,153.0,34,CANAPOLIS,Ausência de reação do condutor,Colisão transversal,Sem Vítimas,Plena Noite,Crescente,Vento,Dupla,Reta,Não,3.0,0.0,0.0,0.0,3.0,0.0,0.0,2.0,"-18,71074793","-49,13692422",SPRF-MG,DEL15-MG,UOP03-DEL15-MG
503423,2023-02-06,segunda-feira,03:30:00,GO,153.0,"623,1",MORRINHOS,Pedestre andava na pista,Atropelamento de Pedestre,Com Vítimas Fatais,Plena Noite,Crescente,Nublado,Dupla,Aclive,Não,3.0,1.0,0.0,0.0,1.0,1.0,0.0,3.0,"-17,7483","-49,1598",SPRF-GO,DEL03-GO,UOP01-DEL03-GO
503425,2023-02-06,segunda-feira,03:55:00,RS,290.0,391,SANTA MARGARIDA DO SUL,Transitar na contramão,Colisão lateral sentido oposto,Sem Vítimas,Plena Noite,Decrescente,Céu Claro,Simples,Reta,Não,3.0,0.0,0.0,0.0,1.0,3.0,0.0,4.0,"-30,339996","-54,055267",SPRF-RS,DEL09-RS,UOP02-DEL09-RS
503438,2023-02-06,segunda-feira,06:30:00,SC,470.0,51,BLUMENAU,Ausência de reação do condutor,Colisão com objeto,Com Vítimas Feridas,Amanhecer,Decrescente,Céu Claro,Dupla,Reta;Em Obras,Sim,2.0,0.0,1.0,0.0,0.0,1.0,1.0,2.0,"-26,86281164","-49,08999324",SPRF-SC,DEL04-SC,UOP01-DEL04-SC
503445,2023-02-06,segunda-feira,06:40:00,RJ,393.0,274,BARRA DO PIRAI,Velocidade Incompatível,Tombamento,Com Vítimas Feridas,Pleno dia,Crescente,Céu Claro,Simples,Curva,Não,2.0,0.0,1.0,0.0,0.0,1.0,1.0,2.0,"-22,48328327","-43,96042792",SPRF-RJ,DEL05-RJ,UOP04-DEL05-RJ