id,data_inversa,dia_semana,horario,uf,br,km,municipio,causa_acidente,tipo_acidente,classificacao_acidente,fase_dia,sentido_via,condicao_metereologica,tipo_pista,tracado_via,uso_solo,pessoas,mortos,feridos_leves,feridos_graves,ilesos,ignorados,feridos,veiculos,latitude,longitude,regional,delegacia,uop
503448,2023-02-06,segunda-feira,05:30:00,MG,50.0,"56,8",UBERLANDIA,Velocidade Incompatível,Saída de leito carroçável,Sem Vítimas,Amanhecer,Decrescente,Céu Claro,Dupla,Declive;Curva,Não,3.0,0.0,0.0,0.0,2.0,1.0,0.0,3.0,"-18,78116115","-48,23825717",SPRF-MG,DEL15-MG,UOP02-DEL15-MG
503451,2023-02-06,segunda-feira,08:10:00,RN,304.0,"296,5",MACAIBA,Ausência de reação do condutor,Colisão lateral mesmo sentido,Sem Vítimas,Pleno dia,Decrescente,Céu Claro,Simples,Interseção de Vias,Sim,2.0,0.0,0.0,0.0,2.0,0.0,0.0,2.0,"-5,86484905","-35,34931012",SPRF-RN,DEL01-RN,UOP02-DEL01-RN
503453,2023-02-06,segunda-feira,07:30:00,PR,116.0,105,SAO JOSE DOS PINHAIS,Acessar a via sem observar a presença dos outros veículos,Colisão lateral mesmo sentido,Sem Vítimas,Amanhecer,Crescente,Nevoeiro/Neblina,Dupla,Reta,Sim,3.0,0.0,0.0,0.0,2.0,1.0,0.0,3.0,"-25,56635207","-49,16833598",SPRF-PR,DEL01-PR,UOP07-DEL01-PR
503458,2023-02-05,domingo,14:30:00,MT,158.0,455,RIBEIRAO CASCALHEIRA,Ausência de reação do condutor,Tombamento,Com Vítimas Feridas,Pleno dia,Decrescente,Céu Claro,Simples,Curva,Não,2.0,0.0,1.0,0.0,0.0,2.0,1.0,3.0,"-13,15239901","-51,92201207",SPRF-MT,DEL07-MT,UOP02-DEL07-MT
503459,2023-02-06,segunda-feira,07:50:00,PR,467.0,85,CASCAVEL,Manobra de mudança de faixa,Colisão lateral mesmo sentido,Com Vítimas Feridas,Pleno dia,Crescente,Céu Claro,Dupla,Reta,Sim,2.0,0.0,1.0,0.0,1.0,0.0,1.0,2.0,"-24,8238","-53,6499",SPRF-PR,DEL04-PR,UOP01-DEL04-PR
503460,2023-02-06,segunda-feira,08:10:00,RS,386.0,"282,8",SAO JOSE DO HERVAL,Condutor Dormindo,Colisão frontal,Com Vítimas Fatais,Pleno dia,Crescente,Sol,Simples,Curva,Não,2.0,1.0,0.0,0.0,1.0,0.0,0.0,2.0,"-29,03581","-52,298683",SPRF-RS,DEL04-RS,UOP03-DEL04-RS
503461,2023-02-06,segunda-feira,09:00:00,SC,101.0,"203,6",SAO JOSE,Ausência de reação do condutor,Colisão traseira,Com Vítimas Feridas,Pleno dia,Crescente,Céu Claro,Múltipla,Reta,Sim,4.0,0.0,1.0,0.0,2.0,2.0,1.0,5.0,"-27,5650044","-48,61460082",SPRF-SC,DEL01-SC,UOP01-DEL01-SC
503463,2023-01-19,quinta-feira,02:20:00,PR,153.0,"9,7",JACAREZINHO,Manobra de mudança de faixa,Colisão frontal,Com Vítimas Feridas,Plena Noite,Decrescente,Céu Claro,Simples,Reta,Não,3.0,0.0,0.0,1.0,1.0,1.0,1.0,3.0,"-23,06718709","-49,93251361",SPRF-PR,DEL07-PR,UOP04-DEL07-PR
503465,2023-02-06,segunda-feira,06:30:00,MG,381.0,"377,8",SAO GONCALO DO RIO ABAIXO,Chuva,Colisão frontal,Com Vítimas Feridas,Pleno dia,Crescente,Chuva,Simples,Declive;Curva,Não,2.0,0.0,0.0,1.0,1.0,0.0,1.0,2.0,"-19,83376284","-43,36060015",SPRF-MG,DEL01-MG,UOP01-DEL01-MG
503466,2023-02-06,segunda-feira,09:34:00,GO,60.0,197,GUAPO,Ausência de reação do condutor,Colisão traseira,Com Vítimas Feridas,Pleno dia,Decrescente,Céu Claro,Dupla,Reta,Não,2.0,0.0,1.0,0.0,1.0,0.0,1.0,2.0,"-16,8546","-49,5945",SPRF-GO,DEL01-GO,UOP02-DEL01-GO
503468,2023-02-06,segunda-feira,08:30:00,MG,40.0,"628,6",CONSELHEIRO LAFAIETE,Pedestre cruzava a pista fora da faixa,Atropelamento de Pedestre,Com Vítimas Feridas,Pleno dia,Decrescente,Céu Claro,Múltipla,Curva,Não,2.0,0.0,0.0,1.0,1.0,0.0,1.0,2.0,"-20,65362725","-43,80877733",SPRF-MG,DEL05-MG,UOP02-DEL05-MG
503474,2023-02-06,segunda-feira,08:45:00,PR,163.0,"83,2",PLANALTO,Acessar a via sem observar a presença dos outros veículos,Colisão transversal,Com Vítimas Feridas,Pleno dia,Decrescente,Céu Claro,Simples,Interseção de Vias,Sim,3.0,0.0,1.0,0.0,2.0,0.0,1.0,2.0,"-25,73044895","-53,79670803",SPRF-PR,DEL02-PR,UOP02-DEL02-PR
503476,2023-02-06,segunda-feira,08:30:00,MG,40.0,"754,9",EWBANK DA CAMARA,Reação tardia ou ineficiente do condutor,Saída de leito carroçável,Sem Vítimas,Pleno dia,Decrescente,Sol,Dupla,Curva,Não,2.0,0.0,0.0,0.0,1.0,1.0,0.0,2.0,"-21,52696266","-43,52023602",SPRF-MG,DEL05-MG,UOP01-DEL05-MG
503479,2023-02-06,segunda-feira,01:40:00,MS,262.0,416,TERENOS,Condutor Dormindo,Tombamento,Com Vítimas Feridas,Plena Noite,Crescente,Céu Claro,Simples,Reta,Não,2.0,0.0,1.0,0.0,0.0,2.0,1.0,3.0,"-20,45234726","-55,17136574",SPRF-MS,DEL01-MS,UOP03-DEL01-MS
503488,2023-02-06,segunda-feira,11:30:00,TO,153.0,540,NOVA ROSALANDIA,Desrespeitar a preferência no cruzamento,Colisão transversal,Com Vítimas Feridas,Pleno dia,Crescente,Céu Claro,Dupla,Interseção de Vias;Reta,Sim,26.0,0.0,2.0,0.0,24.0,0.0,2.0,2.0,"-10,56258187","-48,91353744",SPRF-TO,DEL01-TO,UOP01-DEL01-TO
503489,2023-02-06,segunda-feira,11:10:00,SP,116.0,337,JUQUITIBA,Entrada inopinada do pedestre,Atropelamento de Pedestre,Com Vítimas Feridas,Pleno dia,Crescente,Sol,Dupla,Reta;Declive,Sim,3.0,0.0,0.0,1.0,1.0,1.0,1.0,3.0,"-23,9818403","-47,14564419",SPRF-SP,DEL04-SP,UOP03-DEL04-SP
503493,2023-02-03,sexta-feira,11:15:00,PR,476.0,"252,4",ANTONIO OLINTO,Demais falhas mecânicas ou elétricas,Saída de leito carroçável,Com Vítimas Feridas,Pleno dia,Decrescente,Sol,Simples,Declive;Reta,Não,2.0,0.0,2.0,0.0,0.0,0.0,2.0,1.0,"-25,881222","-50,174",SPRF-PR,DEL02-PR,UOP03-DEL02-PR
503499,2023-02-06,segunda-feira,10:20:00,RJ,116.0,189,NOVA IGUACU,Demais falhas mecânicas ou elétricas,Colisão traseira,Sem Vítimas,Pleno dia,Crescente,Céu Claro,Dupla,Reta,Sim,3.0,0.0,0.0,0.0,2.0,1.0,0.0,3.0,"-22,73765712","-43,49182298",SPRF-RJ,DEL01-RJ,UOP02-DEL01-RJ
503500,2023-02-06,segunda-feira,11:00:00,RJ,116.0,270,BARRA MANSA,Demais falhas mecânicas ou elétricas,Incêndio,Sem Vítimas,Pleno dia,Decrescente,Sol,Dupla,Curva,Sim,2.0,0.0,0.0,0.0,1.0,1.0,0.0,2.0,"-22,56923335","-44,12024318",SPRF-RJ,DEL07-RJ,UOP02-DEL07-RJ
503508,2023-02-06,segunda-feira,10:40:00,MG,153.0,"46,5",MONTE ALEGRE DE MINAS,Pista esburacada,Colisão com objeto,Com Vítimas Feridas,Pleno dia,Decrescente,Céu Claro,Dupla,Aclive,Não,2.0,0.0,1.0,0.0,0.0,1.0,1.0,2.0,"-18,7877321","-49,08400664",SPRF-MG,DEL15-MG,UOP03-DEL15-MG
503518,2023-02-06,segunda-feira,13:55:00,PE,408.0,"95,3",SAO LOURENCO DA MATA,Condutor deixou de manter distância do veículo da frente,Colisão traseira,Com Vítimas Feridas,Pleno dia,Crescente,Chuva,Dupla,Aclive;Reta,Sim,2.0,0.0,1.0,0.0,1.0,0.0,1.0,2.0,"-8,01186091","-35,04237616",SPRF-PE,DEL01-PE,UOP01-DEL01-PE
503526,2023-01-13,sexta-feira,15:50:00,SC,282.0,"195,3",LAGES,Condutor deixou de manter distância do veículo da frente,Colisão traseira,Sem Vítimas,Pleno dia,Crescente,Nublado,Simples,Aclive,Não,4.0,0.0,0.0,0.0,3.0,1.0,0.0,4.0,"-27,746756","-50,084789",SPRF-SC,DEL05-SC,UOP01-DEL05-SC
503528,2023-02-06,segunda-feira,06:30:00,SC,282.0,"85,5",ALFREDO WAGNER,Problema com o freio,Tombamento,Com Vítimas Feridas,Pleno dia,Crescente,Céu Claro,Simples,Curva,Não,1.0,0.0,1.0,0.0,0.0,0.0,1.0,1.0,"-27,667007","-49,192802",SPRF-SC,DEL01-SC,UOP03-DEL01-SC
503531,2023-02-06,segunda-feira,13:50:00,RS,158.0,"264,5",JULIO DE CASTILHOS,Acessar a via sem observar a presença dos outros veículos,Colisão transversal,Sem Vítimas,Pleno dia,Crescente,Céu Claro,Simples,Reta,Sim,3.0,0.0,0.0,0.0,2.0,1.0,0.0,3.0,"-29,238945","-53,66561",SPRF-RS,DEL09-RS,UOP01-DEL09-RS
503541,2023-02-06,segunda-feira,15:50:00,PB,230.0,"35,2",BAYEUX,Manobra de mudança de faixa,Colisão lateral mesmo sentido,Com Vítimas Feridas,Pleno dia,Crescente,Sol,Dupla,Interseção de Vias;Retorno Regulamentado;Declive,Sim,4.0,0.0,1.0,0.0,3.0,0.0,1.0,3.0,"-7,12693378","-34,94130927",SPRF-PB,DEL01-PB,UOP01-DEL01-PB
503542,2023-02-06,segunda-feira,15:30:00,RJ,116.0,311,RESENDE,Acumulo de água sobre o pavimento,Colisão lateral mesmo sentido,Com Vítimas Feridas,Pleno dia,Decrescente,Chuva,Dupla,Reta,Não,2.0,0.0,1.0,0.0,0.0,1.0,1.0,2.0,"-22,4665611","-44,49428558",SPRF-RJ,DEL07-RJ,UOP02-DEL07-RJ
503545,2023-02-06,segunda-feira,16:00:00,PR,116.0,98,SAO JOSE DOS PINHAIS,Reação tardia ou ineficiente do condutor,Colisão com objeto,Com Vítimas Feridas,Pleno dia,Decrescente,Céu Claro,Múltipla,Reta,Sim,3.0,0.0,1.0,0.0,1.0,1.0,1.0,3.0,"-25,51973222","-49,13431573",SPRF-PR,DEL01-PR,UOP07-DEL01-PR
503550,2023-02-06,segunda-feira,16:30:00,RN,101.0,"81,9",NATAL,Condutor deixou de manter distância do veículo da frente,Colisão traseira,Com Vítimas Feridas,Pleno dia,Crescente,Nublado,Dupla,Interseção de Vias;Reta,Sim,4.0,0.0,0.0,2.0,2.0,0.0,2.0,2.0,"-5,76469466","-35,28295988",SPRF-RN,DEL02-RN,UOP01-DEL02-RN
503552,2023-02-06,segunda-feira,10:00:00,MT,70.0,"708,8",CACERES,Chuva,Colisão frontal,Com Vítimas Feridas,Pleno dia,Crescente,Chuva,Simples,Curva,Não,2.0,0.0,0.0,2.0,0.0,0.0,2.0,2.0,"-16,22673794","-57,56919622",SPRF-MT,DEL03-MT,UOP01-DEL03-MT
503554,2023-02-06,segunda-feira,16:55:00,RJ,101.0,56,CAMPOS DOS GOYTACAZES,Acessar a via sem observar a presença dos outros veículos,Colisão transversal,Com Vítimas Feridas,Anoitecer,Crescente,Nublado,Simples,Reta,Sim,2.0,0.0,0.0,1.0,1.0,0.0,1.0,2.0,"-21,67827099","-41,31079872",SPRF-RJ,DEL08-RJ,UOP01-DEL08-RJ
503560,2023-02-06,segunda-feira,16:50:00,MG,153.0,17,CENTRALINA,Velocidade Incompatível,Colisão traseira,Com Vítimas Feridas,Pleno dia,Decrescente,Céu Claro,Dupla,Reta,Não,3.0,0.0,1.0,1.0,0.0,2.0,2.0,4.0,"-18,569555","-49,193806",SPRF-MG,DEL15-MG,UOP03-DEL15-MG
503561,2023-02-06,segunda-feira,17:20:00,PR,376.0,649,TIJUCAS DO SUL,Manobra de mudança de faixa,Colisão lateral mesmo sentido,Sem Vítimas,Pleno dia,Crescente,Céu Claro,Dupla,Reta,Não,4.0,0.0,0.0,0.0,4.0,0.0,0.0,3.0,"-25,84592132","-49,09776415",SPRF-PR,DEL01-PR,UOP04-DEL01-PR
503573,2023-02-06,segunda-feira,18:50:00,RJ,116.0,106,GUAPIMIRIM,Conversão proibida,Colisão frontal,Com Vítimas Fatais,Plena Noite,Crescente,Chuva,Simples,Interseção de Vias;Reta,Sim,5.0,1.0,1.0,0.0,3.0,0.0,1.0,2.0,"-22,521951","-43,00070097",SPRF-RJ,DEL04-RJ,UOP01-DEL04-RJ
503575,2023-02-06,segunda-feira,17:15:00,RJ,393.0,184,PARAIBA DO SUL,Ultrapassagem Indevida,Colisão lateral mesmo sentido,Com Vítimas Feridas,Pleno dia,Decrescente,Nublado,Simples,Reta,Não,2.0,0.0,1.0,0.0,1.0,0.0,1.0,2.0,"-22,14296968","-43,27570421",SPRF-RJ,DEL05-RJ,UOP03-DEL05-RJ
503577,2023-02-06,segunda-feira,17:50:00,RS,116.0,"202,7",PICADA CAFE,Transitar na contramão,Colisão frontal,Com Vítimas Feridas,Pleno dia,Crescente,Céu Claro,Simples,Reta,Não,3.0,0.0,0.0,1.0,1.0,1.0,1.0,3.0,"-29,485036","-51,15194",SPRF-RS,DEL05-RS,UOP02-DEL05-RS
503578,2023-02-06,segunda-feira,16:45:00,PB,230.0,51,SANTA RITA,Manobra de mudança de faixa,Colisão lateral mesmo sentido,Com Vítimas Feridas,Pleno dia,Crescente,Sol,Dupla,Reta,Não,5.0,0.0,1.0,0.0,1.0,3.0,1.0,4.0,"-7,1897","-35,0615",SPRF-PB,DEL01-PB,UOP03-DEL01-PB
503588,2023-02-06,segunda-feira,20:10:00,RS,285.0,"455,5",IJUI,Manobra de mudança de faixa,Colisão lateral sentido oposto,Com Vítimas Feridas,Plena Noite,Crescente,Céu Claro,Simples,Interseção de Vias,Sim,3.0,0.0,0.0,1.0,1.0,1.0,1.0,3.0,"-28,3865","-53,8899",SPRF-RS,DEL10-RS,UOP01-DEL10-RS
503593,2023-02-06,segunda-feira,20:10:00,DF,20.0,"24,8",BRASILIA,Reação tardia ou ineficiente do condutor,Colisão com objeto,Sem Vítimas,Plena Noite,Crescente,Garoa/Chuvisco,Dupla,Curva,Não,2.0,0.0,0.0,0.0,1.0,1.0,0.0,2.0,"-15,594831","-47,658615",SPRF-DF,DEL02-DF,UOP01-DEL02-DF
503595,2023-02-06,segunda-feira,15:30:00,MG,262.0,528,LUZ,Transitar na contramão,Saída de leito carroçável,Com Vítimas Feridas,Pleno dia,Decrescente,Chuva,Simples,Declive,Não,8.0,0.0,6.0,0.0,1.0,1.0,6.0,2.0,"-19,7835411","-45,69549599",SPRF-MG,DEL08-MG,UOP02-DEL08-MG
503600,2023-02-06,segunda-feira,10:15:00,RJ,40.0,121,DUQUE DE CAXIAS,Condutor deixou de manter distância do veículo da frente,Colisão lateral mesmo sentido,Sem Vítimas,Pleno dia,Crescente,Céu Claro,Múltipla,Reta,Sim,3.0,0.0,0.0,0.0,2.0,1.0,0.0,3.0,"-22,78185499","-43,28571273",SPRF-RJ,DEL01-RJ,UOP01-DEL01-RJ
503609,2023-02-06,segunda-feira,13:44:00,MT,158.0,629,AGUA BOA,Ausência de reação do condutor,Saída de leito carroçável,Sem Vítimas,Pleno dia,Decrescente,Nublado,Simples,Reta,Não,2.0,0.0,0.0,0.0,1.0,4.0,0.0,5.0,"-14,52498911","-52,30291179",SPRF-MT,DEL07-MT,UOP02-DEL07-MT
503612,2023-02-06,segunda-feira,22:40:00,SP,116.0,206,GUARULHOS,Ingestão de álcool pelo condutor,Colisão transversal,Sem Vítimas,Plena Noite,Decrescente,Nublado,Múltipla,Reta,Sim,3.0,0.0,0.0,0.0,2.0,1.0,0.0,3.0,"-23,41722629","-46,37510292",SPRF-SP,DEL01-SP,UOP01-DEL01-SP
503619,2023-02-06,segunda-feira,23:00:00,PR,376.0,503,PONTA GROSSA,Demais falhas mecânicas ou elétricas,Incêndio,Sem Vítimas,Plena Noite,Crescente,Ignorado,Simples,Reta,Sim,3.0,0.0,0.0,0.0,1.0,3.0,0.0,4.0,"-25,22314697","-50,05150696",SPRF-PR,DEL03-PR,UOP04-DEL03-PR
503620,2023-02-06,segunda-feira,23:45:00,ES,101.0,14,PEDRO CANARIO,Ausência de reação do condutor,Tombamento,Com Vítimas Feridas,Plena Noite,Decrescente,Céu Claro,Simples,Curva,Não,2.0,0.0,1.0,0.0,0.0,2.0,1.0,3.0,"-18,28229192","-39,95687688",SPRF-ES,DEL04-ES,UOP02-DEL04-ES
503624,2023-02-06,segunda-feira,22:00:00,PI,230.0,284,FLORIANO,Transitar na contramão,Colisão frontal,Com Vítimas Feridas,Plena Noite,Decrescente,Nublado,Simples,Reta,Não,2.0,0.0,0.0,1.0,0.0,1.0,1.0,2.0,"-6,90048915","-42,82038913",SPRF-PI,DEL03-PI,UOP01-DEL03-PI
503632,2023-02-07,terça-feira,05:20:00,RS,116.0,"614,8",ARROIO GRANDE,Reação tardia ou ineficiente do condutor,Colisão traseira,Com Vítimas Feridas,Amanhecer,Crescente,Céu Claro,Simples,Reta;Interseção de Vias,Não,3.0,0.0,0.0,1.0,2.0,0.0,1.0,3.0,"-32,26517521","-53,0912018",SPRF-RS,DEL07-RS,UOP03-DEL07-RS
503638,2023-02-07,terça-feira,06:40:00,AL,423.0,36,CANAPI,Condutor deixou de manter distância do veículo da frente,Colisão traseira,Sem Vítimas,Pleno dia,Crescente,Céu Claro,Simples,Reta;Declive,Não,2.0,0.0,0.0,0.0,2.0,0.0,0.0,2.0,"-9,22173272","-37,60127209",SPRF-AL,DEL03-AL,UOP02-DEL03-AL
503644,2023-02-07,terça-feira,08:00:00,RS,285.0,339,CARAZINHO,Acessar a via sem observar a presença dos outros veículos,Colisão transversal,Com Vítimas Feridas,Pleno dia,Decrescente,Céu Claro,Simples,Reta;Declive,Sim,2.0,0.0,1.0,0.0,1.0,0.0,1.0,2.0,"-28,31284","-52,788609",SPRF-RS,DEL08-RS,UOP03-DEL08-RS
503645,2023-02-07,terça-feira,08:11:00,PE,232.0,"78,8",GRAVATA,Acessar a via sem observar a presença dos outros veículos,Colisão traseira,Com Vítimas Feridas,Pleno dia,Crescente,Céu Claro,Múltipla,Reta,Sim,4.0,0.0,1.0,1.0,1.0,1.0,2.0,4.0,"-8,19343658","-35,55186505",SPRF-PE,DEL02-PE,UOP02-DEL02PE
503646,2023-02-07,terça-feira,09:00:00,SP,116.0,405,MIRACATU,Condutor deixou de manter distância do veículo da frente,Colisão traseira,Com Vítimas Feridas,Pleno dia,Decrescente,Céu Claro,Dupla,Reta,Não,3.0,0.0,1.0,0.0,1.0,1.0,1.0,3.0,"-24,32322982","-47,54625904",SPRF-SP,DEL04-SP,UOP02-DEL04-SP
503648,2023-01-27,sexta-feira,13:50:00,SC,158.0,107,CUNHA PORA,Acessar a via sem observar a presença dos outros veículos,Tombamento,Com Vítimas Feridas,Pleno dia,Decrescente,Céu Claro,Simples,Reta;Em Obras,Não,4.0,0.0,1.0,0.0,2.0,3.0,1.0,6.0,"-26,86864986","-53,16268086",SPRF-SC,DEL07-SC,UOP02-DEL07-SC
503656,2023-01-26,quinta-feira,21:32:00,RS,392.0,"66,9",PELOTAS,Desrespeitar a preferência no cruzamento,Colisão transversal,Com Vítimas Feridas,Plena Noite,Crescente,Céu Claro,Simples,Rotatória,Sim,4.0,0.0,2.0,0.0,1.0,2.0,2.0,4.0,"-31,7627503","-52,39165019",SPRF-RS,DEL07-RS,UOP01-DEL07-RS
503662,2023-02-07,terça-feira,11:33:00,RJ,116.0,172,RIO DE JANEIRO,Mal súbito do condutor,Colisão com objeto,Com Vítimas Feridas,Pleno dia,Decrescente,Céu Claro,Dupla,Reta,Sim,4.0,0.0,0.0,1.0,1.0,2.0,1.0,4.0,"-22,80188151","-43,35043673",SPRF-RJ,DEL01-RJ,UOP02-DEL01-RJ
503669,2023-02-07,terça-feira,12:40:00,MG,153.0,"195,7",FRUTAL,Problema com o freio,Colisão traseira,Com Vítimas Feridas,Pleno dia,Crescente,Nublado,Simples,Curva,Não,3.0,0.0,3.0,0.0,0.0,0.0,3.0,3.0,"-19,93807775","-48,95799637",SPRF-MG,DEL13-MG,UOP02-DEL13-MG
503675,2023-02-07,terça-feira,13:15:00,SP,116.0,538,BARRA DO TURVO,Ausência de reação do condutor,Colisão traseira,Com Vítimas Fatais,Pleno dia,Crescente,Céu Claro,Dupla,Reta,Não,4.0,1.0,0.0,1.0,1.0,2.0,1.0,4.0,"-24,97172153","-48,37309592",SPRF-SP,DEL05-SP,UOP02-DEL05-SP
503676,2023-02-07,terça-feira,12:15:00,RO,364.0,709,PORTO VELHO,Condutor deixou de manter distância do veículo da frente,Colisão traseira,Sem Vítimas,Pleno dia,Crescente,Nublado,Dupla,Reta,Sim,5.0,0.0,0.0,0.0,4.0,1.0,0.0,3.0,"-8,7909383","-63,84895617",SPRF-RO,DEL01-RO,UOP01-DEL01-RO
503681,2023-01-21,sábado,05:20:00,SC,470.0,"250,8",CURITIBANOS,Transitar na contramão,Colisão frontal,Com Vítimas Fatais,Amanhecer,Crescente,Céu Claro,Simples,Reta,Não,6.0,4.0,1.0,0.0,0.0,1.0,1.0,3.0,"-27,3121834","-50,5951378",SPRF-SC,DEL05-SC,UOP03-DEL05-SC
503683,2023-02-07,terça-feira,13:49:00,MG,40.0,"702,5",BARBACENA,Ausência de reação do condutor,Colisão traseira,Com Vítimas Fatais,Pleno dia,Decrescente,Sol,Simples,Curva;Interseção de Vias,Não,4.0,1.0,0.0,0.0,1.0,3.0,0.0,5.0,"-21,21955","-43,735742",SPRF-MG,DEL05-MG,UOP02-DEL05-MG
503684,2023-02-07,terça-feira,14:10:00,RS,116.0,"268,9",CANOAS,Acessar a via sem observar a presença dos outros veículos,Colisão lateral mesmo sentido,Com Vítimas Feridas,Pleno dia,Decrescente,Céu Claro,Dupla,Reta,Sim,2.0,0.0,1.0,0.0,1.0,0.0,1.0,2.0,"-29,95042502","-51,17652939",SPRF-RS,DEL01-RS,UOP01-DEL01-RS
503687,2023-02-07,terça-feira,14:40:00,ES,101.0,"373,4",ICONHA,Reação tardia ou ineficiente do condutor,Saída de leito carroçável,Com Vítimas Feridas,Pleno dia,Decrescente,Céu Claro,Simples,Reta,Não,1.0,0.0,1.0,0.0,0.0,0.0,1.0,1.0,"-20,78076895","-40,78058417",SPRF-ES,DEL03-ES,UOP01-DEL03-ES
503691,2023-02-07,terça-feira,15:00:00,RJ,116.0,179,BELFORD ROXO,Condutor deixou de manter distância do veículo da frente,Engavetamento,Com Vítimas Feridas,Pleno dia,Crescente,Chuva,Dupla,Reta,Não,6.0,0.0,1.0,0.0,4.0,1.0,1.0,6.0,"-22,769902","-43,408036",SPRF-RJ,DEL01-RJ,UOP02-DEL01-RJ
503694,2023-02-07,terça-feira,11:00:00,SC,282.0,"408,1",CATANDUVAS,Transitar na contramão,Colisão frontal,Com Vítimas Feridas,Pleno dia,Decrescente,Céu Claro,Simples,Reta,Não,5.0,0.0,2.0,0.0,2.0,1.0,2.0,4.0,"-27,074812","-51,663269",SPRF-SC,DEL07-SC,UOP05-DEL07-SC
503713,2023-02-07,terça-feira,16:50:00,RS,153.0,3,MARCELINO RAMOS,Ingestão de álcool pelo condutor,Colisão lateral mesmo sentido,Sem Vítimas,Pleno dia,Decrescente,Céu Claro,Simples,Declive;Reta,Não,3.0,0.0,0.0,0.0,2.0,1.0,0.0,3.0,"-27,39202692","-52,00953309",SPRF-RS,DEL08-RS,UOP04-DEL08-RS
503725,2023-02-07,terça-feira,16:00:00,MG,40.0,"516,6",RIBEIRAO DAS NEVES,Acumulo de água sobre o pavimento,Engavetamento,Com Vítimas Feridas,Pleno dia,Decrescente,Chuva,Dupla,Reta,Sim,8.0,0.0,4.0,1.0,3.0,0.0,5.0,3.0,"-19,81628624","-44,08960124",SPRF-MG,DEL01-MG,UOP02-DEL01-MG
503731,2023-02-07,terça-feira,09:50:00,SC,470.0,"193,8",POUSO REDONDO,Reação tardia ou ineficiente do condutor,Saída de leito carroçável,Com Vítimas Fatais,Pleno dia,Decrescente,Sol,Simples,Declive;Curva,Não,2.0,1.0,0.0,0.0,0.0,1.0,0.0,2.0,"-27,3013627","-50,0796379",SPRF-SC,DEL04-SC,UOP02-DEL04-SC
503734,2023-02-07,terça-feira,16:25:00,MG,251.0,299,SALINAS,Velocidade Incompatível,Colisão lateral sentido oposto,Com Vítimas Feridas,Pleno dia,Decrescente,Céu Claro,Simples,Aclive;Curva,Não,3.0,0.0,1.0,0.0,1.0,2.0,1.0,4.0,"-16,12787378","-42,22597419",SPRF-MG,DEL12-MG,UOP01-DEL12-MG
503735,2023-02-07,terça-feira,17:35:00,SE,101.0,"94,8",NOSSA SENHORA DO SOCORRO,Manobra de mudança de faixa,Colisão lateral mesmo sentido,Com Vítimas Feridas,Anoitecer,Crescente,Céu Claro,Dupla,Reta,Sim,5.0,0.0,2.0,0.0,2.0,1.0,2.0,3.0,"-10,90732013","-37,15236691",SPRF-SE,DEL01-SE,UOP01-DEL01-SE
503737,2023-01-31,terça-feira,22:00:00,PR,277.0,322,GUARAPUAVA,Ultrapassagem Indevida,Colisão frontal,Com Vítimas Fatais,Plena Noite,Crescente,Chuva,Dupla,Reta,Sim,8.0,1.0,1.0,0.0,5.0,1.0,1.0,4.0,"-25,35708881","-51,23746716",SPRF-PR,DEL08-PR,UOP01-DEL08-PR
503752,2023-02-07,terça-feira,16:00:00,PE,232.0,"122,6",CARUARU,Ausência de reação do condutor,Colisão traseira,Com Vítimas Feridas,Pleno dia,Crescente,Céu Claro,Dupla,Reta;Aclive,Não,4.0,0.0,1.0,1.0,2.0,0.0,2.0,2.0,"-8,30217741","-35,91946793",SPRF-PE,DEL02-PE,UOP01-DEL02-PE
503756,2023-02-07,terça-feira,19:35:00,SP,116.0,144,SAO JOSE DOS CAMPOS,Condutor Dormindo,Colisão com objeto,Com Vítimas Feridas,Plena Noite,Decrescente,Chuva,Dupla,Reta,Não,4.0,0.0,0.0,1.0,2.0,1.0,1.0,4.0,"-23,18274416","-45,84633592",SPRF-SP,DEL02-SP,UOP01-DEL02-SP
503763,2023-02-07,terça-feira,21:10:00,PE,232.0,"9,4",JABOATAO DOS GUARARAPES,Reação tardia ou ineficiente do condutor,Tombamento,Com Vítimas Fatais,Plena Noite,Decrescente,Céu Claro,Simples,Reta;Desvio Temporário;Em Obras,Não,2.0,1.0,0.0,0.0,1.0,0.0,0.0,2.0,"-8,07764447","-34,97863609",SPRF-PE,DEL01-PE,UOP01-DEL01-PE
503764,2023-01-03,terça-feira,14:20:00,RS,386.0,"409,3",TRIUNFO,Condutor deixou de manter distância do veículo da frente,Colisão traseira,Com Vítimas Feridas,Pleno dia,Decrescente,Céu Claro,Dupla,Reta;Declive,Sim,2.0,0.0,1.0,0.0,1.0,0.0,1.0,2.0,"-29,796766","-51,527248",SPRF-RS,DEL01-RS,UOP01-DEL01-RS
503766,2023-02-07,terça-feira,18:40:00,MA,316.0,"350,6",BACABAL,Demais falhas na via,Colisão frontal,Com Vítimas Fatais,Plena Noite,Decrescente,Chuva,Simples,Reta,Não,2.0,1.0,0.0,0.0,1.0,0.0,0.0,2.0,"-4,23255","-44,878704",SPRF-MA,DEL02-MA,UOP01-DEL02-MA