id,data_inversa,dia_semana,horario,uf,br,km,municipio,causa_acidente,tipo_acidente,classificacao_acidente,fase_dia,sentido_via,condicao_metereologica,tipo_pista,tracado_via,uso_solo,pessoas,mortos,feridos_leves,feridos_graves,ilesos,ignorados,feridos,veiculos,latitude,longitude,regional,delegacia,uop
503769,2023-02-07,terça-feira,21:30:00,RS,386.0,"366,2",FAZENDA VILANOVA,Manobra de mudança de faixa,Colisão transversal,Sem Vítimas,Plena Noite,Decrescente,Céu Claro,Dupla,Reta,Não,2.0,0.0,0.0,0.0,2.0,0.0,0.0,2.0,"-29,572111","-51,855782",SPRF-RS,DEL04-RS,NPF/DEL04-RS
503773,2023-02-07,terça-feira,22:40:00,SP,116.0,"230,5",SAO PAULO,Estacionar ou parar em local proibido,Colisão lateral mesmo sentido,Com Vítimas Feridas,Plena Noite,Crescente,Nublado,Múltipla,Reta,Sim,7.0,0.0,1.0,0.0,5.0,1.0,1.0,5.0,"-23,52251783","-46,5855702",SPRF-SP,DEL01-SP,UOP01-DEL01-SP
503776,2023-02-07,terça-feira,20:00:00,MG,153.0,153,COMENDADOR GOMES,Reação tardia ou ineficiente do condutor,Tombamento,Com Vítimas Feridas,Plena Noite,Crescente,Nublado,Simples,Reta,Não,2.0,0.0,1.0,0.0,0.0,1.0,1.0,2.0,"-19,62885262","-48,90963099",SPRF-MG,DEL13-MG,UOP02-DEL13-MG
503777,2023-02-07,terça-feira,16:00:00,PI,343.0,231,COCAL DE TELHA,Chuva,Colisão com objeto,Sem Vítimas,Pleno dia,Decrescente,Chuva,Simples,Reta,Não,3.0,0.0,0.0,0.0,2.0,1.0,0.0,3.0,"-4,607806","-41,989807",SPRF-PI,DEL01-PI,UOP03-DEL01-PI
503778,2023-02-07,terça-feira,23:20:00,MG,381.0,5,BETIM,Demais falhas mecânicas ou elétricas,Incêndio,Sem Vítimas,Plena Noite,Crescente,Chuva,Dupla,Reta;Declive,Sim,2.0,0.0,0.0,0.0,1.0,1.0,0.0,2.0,"-19,98821118","-44,18693662",SPRF-MG,DEL01-MG,UOP03-DEL01-MG
503782,2023-02-07,terça-feira,16:55:00,MG,365.0,315,JOAO PINHEIRO,Demais falhas mecânicas ou elétricas,Saída de leito carroçável,Sem Vítimas,Pleno dia,Decrescente,Nublado,Simples,Declive,Não,2.0,0.0,0.0,0.0,1.0,1.0,0.0,2.0,"-18,23642333","-45,85521656",SPRF-MG,DEL10-MG,UOP01-DEL10-MG
503783,2023-02-07,terça-feira,23:30:00,MT,70.0,121,GENERAL CARNEIRO,Reação tardia ou ineficiente do condutor,Tombamento,Sem Vítimas,Plena Noite,Crescente,Céu Claro,Simples,Reta,Não,2.0,0.0,0.0,0.0,1.0,1.0,0.0,2.0,"-15,59978313","-53,13010596",SPRF-MT,DEL07-MT,UOP01-DEL07-MT
503784,2023-02-08,quarta-feira,00:10:00,RN,406.0,166,SAO GONCALO DO AMARANTE,Ausência de reação do condutor,Saída de leito carroçável,Sem Vítimas,Plena Noite,Crescente,Céu Claro,Simples,Viaduto,Sim,2.0,0.0,0.0,0.0,1.0,1.0,0.0,2.0,"-5,7466896","-35,33149685",SPRF-RN,DEL02-RN,UOP01-DEL02-RN
503786,2023-02-07,terça-feira,22:00:00,PR,476.0,286,SAO MATEUS DO SUL,Reação tardia ou ineficiente do condutor,Colisão frontal,Com Vítimas Feridas,Plena Noite,Crescente,Nublado,Simples,Reta,Não,3.0,0.0,0.0,1.0,1.0,1.0,1.0,3.0,"-25,915325","-50,44857",SPRF-PR,DEL02-PR,UOP03-DEL02-PR
503789,2023-02-07,terça-feira,23:20:00,PR,116.0,"0,3",CAMPINA GRANDE DO SUL,Reação tardia ou ineficiente do condutor,Tombamento,Com Vítimas Feridas,Plena Noite,Decrescente,Nublado,Dupla,Curva,Não,2.0,0.0,0.0,1.0,0.0,1.0,1.0,2.0,"-25,0604","-48,562973",SPRF-PR,DEL01-PR,UOP02-DEL01-PR
503790,2023-02-08,quarta-feira,01:00:00,MG,381.0,416,NOVA UNIAO,Reação tardia ou ineficiente do condutor,Colisão traseira,Com Vítimas Feridas,Plena Noite,Crescente,Céu Claro,Dupla,Reta,Não,2.0,0.0,1.0,0.0,1.0,0.0,1.0,2.0,"-19,75309407","-43,62966384",SPRF-MG,DEL01-MG,UOP01-DEL01-MG
503792,2023-02-08,quarta-feira,00:05:00,MT,364.0,290,JACIARA,Ausência de reação do condutor,Saída de leito carroçável,Com Vítimas Feridas,Plena Noite,Decrescente,Ignorado,Dupla,Reta,Não,3.0,0.0,2.0,0.0,0.0,1.0,2.0,2.0,"-15,90475053","-55,09158825",SPRF-MT,DEL05-MT,UOP02-DEL05-MT
503793,2023-02-08,quarta-feira,02:00:00,TO,153.0,"632,5",ALIANCA DO TOCANTINS,Ultrapassagem Indevida,Colisão frontal,Com Vítimas Fatais,Plena Noite,Decrescente,Céu Claro,Simples,Reta,Não,5.0,2.0,2.0,0.0,1.0,0.0,2.0,2.0,"-11,37831284","-48,96763044",SPRF-TO,DEL01-TO,UOP02-DEL01-TO
503797,2023-02-08,quarta-feira,05:00:00,PE,101.0,"3,4",GOIANA,Carga excessiva e/ou mal acondicionada,Derramamento de carga,Com Vítimas Fatais,Amanhecer,Crescente,Céu Claro,Dupla,Curva;Declive,Não,2.0,1.0,0.0,0.0,1.0,0.0,0.0,2.0,"-7,527848","-34,991907",SPRF-PE,DEL01-PE,UOP02-DEL01-PE
503799,2023-02-08,quarta-feira,05:00:00,TO,153.0,"671,3",GURUPI,Condutor deixou de manter distância do veículo da frente,Colisão traseira,Com Vítimas Feridas,Amanhecer,Crescente,Nublado,Dupla,Reta,Sim,3.0,0.0,1.0,0.0,1.0,1.0,1.0,3.0,"-11,72075725","-49,07713594",SPRF-TO,DEL01-TO,UOP02-DEL01-TO
503801,2023-02-08,quarta-feira,06:30:00,SE,101.0,"155,8",ESTANCIA,Problema na suspensão,Tombamento,Com Vítimas Feridas,Pleno dia,Crescente,Céu Claro,Simples,Curva,Não,1.0,0.0,1.0,0.0,0.0,0.0,1.0,1.0,"-11,28543839","-37,45485295",SPRF-SE,DEL02-SE,UOP01-DEL02-SE
503802,2023-02-08,quarta-feira,04:15:00,MT,163.0,921,ITAUBA,Reação tardia ou ineficiente do condutor,Colisão lateral sentido oposto,Com Vítimas Feridas,Amanhecer,Crescente,Céu Claro,Simples,Reta,Não,3.0,0.0,1.0,0.0,1.0,2.0,1.0,4.0,"-11,25135404","-55,30875986",SPRF-MT,DEL06-MT,UOP02-DEL06-MT
503803,2023-02-08,quarta-feira,07:00:00,RS,386.0,"17,9",FREDERICO WESTPHALEN,Demais falhas mecânicas ou elétricas,Colisão frontal,Com Vítimas Feridas,Pleno dia,Decrescente,Sol,Simples,Curva,Não,3.0,0.0,0.0,1.0,1.0,3.0,1.0,5.0,"-27,239553","-53,328884",SPRF-RS,DEL08-RS,UOP02-DEL08-RS
503811,2023-01-31,terça-feira,23:20:00,MG,381.0,403,BOM JESUS DO AMPARO,Manobra de mudança de faixa,Colisão lateral mesmo sentido,Com Vítimas Feridas,Plena Noite,Decrescente,Céu Claro,Dupla,Reta,Sim,4.0,0.0,1.0,0.0,2.0,2.0,1.0,4.0,"-19,738091","-43,510637",SPRF-MG,DEL01-MG,UOP01-DEL01-MG
503835,2023-02-08,quarta-feira,09:00:00,PR,277.0,592,CASCAVEL,Condutor deixou de manter distância do veículo da frente,Engavetamento,Com Vítimas Feridas,Pleno dia,Decrescente,Céu Claro,Simples,Reta,Sim,4.0,0.0,1.0,0.0,3.0,0.0,1.0,3.0,"-24,98285697","-53,47319399",SPRF-PR,DEL04-PR,UOP01-DEL04-PR
503841,2023-02-08,quarta-feira,09:44:00,PB,101.0,"96,1",CONDE,Acesso irregular,Colisão transversal,Com Vítimas Feridas,Pleno dia,Decrescente,Sol,Dupla,Retorno Regulamentado,Sim,2.0,0.0,1.0,0.0,1.0,0.0,1.0,2.0,"-7,23307172","-34,92258668",SPRF-PB,DEL01-PB,UOP02-DEL01-PB
503842,2023-02-08,quarta-feira,08:50:00,SP,116.0,513,CAJATI,Reação tardia ou ineficiente do condutor,Saída de leito carroçável,Com Vítimas Feridas,Pleno dia,Decrescente,Céu Claro,Dupla,Curva;Declive,Não,4.0,0.0,2.0,0.0,1.0,1.0,2.0,3.0,"-24,85022593","-48,20972443",SPRF-SP,DEL05-SP,UOP02-DEL05-SP
503844,2023-02-08,quarta-feira,09:00:00,RJ,116.0,275,BARRA MANSA,Acessar a via sem observar a presença dos outros veículos,Atropelamento de Pedestre,Com Vítimas Feridas,Pleno dia,Decrescente,Céu Claro,Dupla,Reta,Sim,2.0,0.0,1.0,0.0,1.0,0.0,1.0,2.0,"-22,56207185","-44,15671311",SPRF-RJ,DEL07-RJ,UOP02-DEL07-RJ
503845,2023-02-08,quarta-feira,09:30:00,RS,290.0,143,ELDORADO DO SUL,Transitar na contramão,Colisão lateral sentido oposto,Com Vítimas Feridas,Pleno dia,Decrescente,Sol,Simples,Reta,Não,6.0,0.0,1.0,3.0,1.0,3.0,4.0,5.0,"-30,093309","-51,637798",SPRF-RS,DEL02-RS,UOP01-DEL02-RS
503846,2023-02-07,terça-feira,00:15:00,PR,476.0,"326,5",PAULA FREITAS,Velocidade Incompatível,Colisão frontal,Com Vítimas Fatais,Plena Noite,Decrescente,Céu Claro,Simples,Curva,Não,3.0,1.0,0.0,0.0,1.0,1.0,0.0,3.0,"-26,093042","-50,780262",SPRF-PR,DEL02-PR,UOP03-DEL02-PR
503855,2023-02-08,quarta-feira,08:00:00,RJ,356.0,27,ITAPERUNA,Condutor Dormindo,Colisão lateral sentido oposto,Com Vítimas Feridas,Pleno dia,Decrescente,Céu Claro,Simples,Reta,Não,3.0,0.0,1.0,0.0,1.0,1.0,1.0,3.0,"-21,2596838","-41,7699316",SPRF-RJ,DEL08-RJ,UOP03-DEL08-RJ
503859,2023-02-08,quarta-feira,12:55:00,PR,369.0,143,LONDRINA,Reação tardia ou ineficiente do condutor,Colisão lateral mesmo sentido,Com Vítimas Feridas,Pleno dia,Crescente,Céu Claro,Dupla,Reta,Não,2.0,0.0,0.0,1.0,1.0,0.0,1.0,2.0,"-23,29296057","-51,09685957",SPRF-PR,DEL07-PR,UOP01-DEL07-PR
503862,2023-02-08,quarta-feira,12:50:00,ES,101.0,354,ANCHIETA,Acessar a via sem observar a presença dos outros veículos,Colisão transversal,Com Vítimas Feridas,Pleno dia,Crescente,Céu Claro,Simples,Reta,Não,9.0,0.0,5.0,0.0,2.0,2.0,5.0,3.0,"-20,68854312","-40,67978692",SPRF-ES,DEL03-ES,UOP01-DEL03-ES
503865,2023-02-08,quarta-feira,12:15:00,PR,158.0,"221,1",CAMPO MOURAO,Acessar a via sem observar a presença dos outros veículos,Colisão transversal,Com Vítimas Feridas,Pleno dia,Decrescente,Céu Claro,Simples,Reta,Sim,2.0,0.0,0.0,1.0,1.0,0.0,1.0,2.0,"-24,0702116","-52,3529601",SPRF-PR,DEL09-PR,UOP03-DEL09-PR
503866,2023-01-25,quarta-feira,06:30:00,PR,277.0,226,FERNANDES PINHEIRO,Condutor deixou de manter distância do veículo da frente,Colisão traseira,Com Vítimas Feridas,Pleno dia,Decrescente,Céu Claro,Simples,Reta,Não,8.0,0.0,7.0,0.0,1.0,0.0,7.0,2.0,"-25,45787055","-50,43363476",SPRF-PR,DEL08-PR,UOP02-DEL08-PR
503867,2023-02-08,quarta-feira,13:30:00,SP,153.0,44,ONDA VERDE,Demais falhas mecânicas ou elétricas,Incêndio,Com Vítimas Feridas,Pleno dia,Crescente,Nublado,Simples,Reta,Não,3.0,0.0,0.0,1.0,1.0,2.0,1.0,4.0,"-20,65497601","-49,34121741",SPRF-SP,DEL09-SP,UOP01-DEL09-SP
503869,2023-01-23,segunda-feira,18:00:00,MG,365.0,"26,2",MONTES CLAROS,Chuva,Colisão frontal,Com Vítimas Fatais,Anoitecer,Crescente,Chuva,Simples,Reta,Não,4.0,1.0,0.0,0.0,2.0,1.0,0.0,3.0,"-16,85144573","-44,06967486",SPRF-MG,DEL12-MG,UOP01-DEL12-MG
503880,2023-02-08,quarta-feira,12:50:00,MT,163.0,752,SORRISO,Ausência de reação do condutor,Colisão traseira,Com Vítimas Feridas,Pleno dia,Crescente,Céu Claro,Dupla,Reta,Sim,4.0,0.0,1.0,0.0,2.0,3.0,1.0,6.0,"-12,560611","-55,71949",SPRF-MT,DEL06-MT,UOP01-DEL06-MT
503881,2023-02-08,quarta-feira,14:45:00,SP,116.0,204,ARUJA,Reação tardia ou ineficiente do condutor,Colisão traseira,Com Vítimas Feridas,Pleno dia,Decrescente,Nublado,Múltipla,Reta,Sim,5.0,0.0,2.0,0.0,3.0,0.0,2.0,3.0,"-23,41236123","-46,35692496",SPRF-SP,DEL01-SP,UOP01-DEL01-SP
503882,2023-02-02,quinta-feira,16:30:00,PR,476.0,"267,5",SAO MATEUS DO SUL,Ingestão de álcool pelo condutor,Colisão lateral mesmo sentido,Com Vítimas Feridas,Pleno dia,Crescente,Chuva,Simples,Reta,Não,3.0,0.0,1.0,1.0,0.0,1.0,2.0,3.0,"-25,892023","-50,31163",SPRF-PR,DEL02-PR,UOP03-DEL02-PR
503886,2023-02-08,quarta-feira,15:00:00,RJ,101.0,550,PARATY,Chuva,Saída de leito carroçável,Com Vítimas Feridas,Pleno dia,Crescente,Chuva,Simples,Reta,Não,2.0,0.0,2.0,0.0,0.0,0.0,2.0,1.0,"-23,0475","-44,664867",SPRF-RJ,DEL03-RJ,UOP04-DEL03-RJ
503887,2023-02-08,quarta-feira,13:20:00,SP,116.0,511,CAJATI,Reação tardia ou ineficiente do condutor,Tombamento,Com Vítimas Feridas,Pleno dia,Crescente,Céu Claro,Dupla,Curva;Viaduto,Não,2.0,0.0,1.0,0.0,0.0,1.0,1.0,2.0,"-24,83558399","-48,2223738",SPRF-SP,DEL05-SP,UOP02-DEL05-SP
503899,2023-02-08,quarta-feira,14:55:00,PR,376.0,"390,9",IMBAU,Velocidade Incompatível,Colisão lateral mesmo sentido,Sem Vítimas,Pleno dia,Decrescente,Céu Claro,Dupla,Reta,Não,3.0,0.0,0.0,0.0,3.0,0.0,0.0,3.0,"-24,52463598","-50,70581799",SPRF-PR,DEL03-PR,UOP02-DEL03-PR
503905,2023-02-08,quarta-feira,14:45:00,GO,153.0,617,MORRINHOS,Reação tardia ou ineficiente do condutor,Colisão traseira,Com Vítimas Feridas,Pleno dia,Decrescente,Nublado,Dupla,Declive;Reta,Não,3.0,0.0,1.0,0.0,1.0,2.0,1.0,4.0,"-17,6951","-49,1559",SPRF-GO,DEL03-GO,UOP01-DEL03-GO
503907,2023-02-04,sábado,18:00:00,RJ,116.0,184,NOVA IGUACU,Carga excessiva e/ou mal acondicionada,Colisão com objeto,Sem Vítimas,Anoitecer,Crescente,Céu Claro,Dupla,Reta,Sim,3.0,0.0,0.0,0.0,2.0,1.0,0.0,3.0,"-22,74647215","-43,44594311",SPRF-RJ,DEL01-RJ,UOP02-DEL01-RJ
503908,2023-02-08,quarta-feira,12:30:00,PR,376.0,391,IMBAU,Velocidade Incompatível,Colisão lateral mesmo sentido,Com Vítimas Feridas,Pleno dia,Decrescente,Céu Claro,Dupla,Declive;Reta,Não,12.0,0.0,1.0,0.0,10.0,6.0,1.0,13.0,"-24,53023946","-50,69807528",SPRF-PR,DEL03-PR,UOP02-DEL03-PR
503913,2023-02-08,quarta-feira,17:15:00,RS,290.0,125,ELDORADO DO SUL,Reação tardia ou ineficiente do condutor,Colisão traseira,Com Vítimas Feridas,Pleno dia,Decrescente,Céu Claro,Simples,Reta,Não,4.0,0.0,0.0,2.0,1.0,1.0,2.0,3.0,"-30,055038","-51,458992",SPRF-RS,DEL02-RS,UOP01-DEL02-RS
503926,2023-02-08,quarta-feira,11:00:00,MG,251.0,260,TAIOBEIRAS,Demais falhas mecânicas ou elétricas,Eventos atípicos,Sem Vítimas,Pleno dia,Crescente,Céu Claro,Simples,Curva;Aclive,Não,2.0,0.0,0.0,0.0,1.0,2.0,0.0,3.0,"-16,012247","-41,908288",SPRF-MG,DEL12-MG,UOP01-DEL12-MG
503947,2023-02-08,quarta-feira,11:00:00,RJ,356.0,2,ITAPERUNA,Velocidade Incompatível,Tombamento,Com Vítimas Feridas,Pleno dia,Crescente,Céu Claro,Simples,Curva,Não,2.0,0.0,2.0,0.0,0.0,0.0,2.0,1.0,"-21,14747369","-42,16443672",SPRF-RJ,DEL08-RJ,UOP03-DEL08-RJ
503949,2023-02-08,quarta-feira,17:37:00,RJ,393.0,"153,6",TRES RIOS,Entrada inopinada do pedestre,Atropelamento de Pedestre,Com Vítimas Fatais,Anoitecer,Crescente,Nublado,Simples,Curva,Sim,3.0,1.0,0.0,0.0,1.0,1.0,0.0,3.0,"-22,092702","-43,068882",SPRF-RJ,DEL05-RJ,UOP02-DEL05-RJ
503950,2023-02-08,quarta-feira,21:00:00,RN,304.0,"24,7",MOSSORO,Ausência de reação do condutor,Colisão traseira,Com Vítimas Feridas,Plena Noite,Decrescente,Céu Claro,Simples,Reta,Não,2.0,0.0,1.0,0.0,1.0,0.0,1.0,2.0,"-5,06488233","-37,33287055",SPRF-RN,DEL04-RN,UOP02-DEL04-RN
503955,2023-02-08,quarta-feira,20:00:00,RJ,116.0,60,TERESOPOLIS,Ausência de reação do condutor,Colisão frontal,Com Vítimas Feridas,Plena Noite,Decrescente,Chuva,Simples,Curva,Não,2.0,0.0,0.0,1.0,1.0,0.0,1.0,2.0,"-22,23635681","-42,91108325",SPRF-RJ,DEL04-RJ,UOP01-DEL04-RJ
503957,2023-02-08,quarta-feira,20:11:00,PR,369.0,5,JACAREZINHO,Acessar a via sem observar a presença dos outros veículos,Colisão traseira,Com Vítimas Feridas,Plena Noite,Crescente,Céu Claro,Simples,Aclive;Reta,Não,3.0,0.0,0.0,1.0,1.0,1.0,1.0,3.0,"-23,00137983","-49,93869781",SPRF-PR,DEL07-PR,UOP05-DEL07-PR
503964,2023-02-08,quarta-feira,23:30:00,MG,381.0,737,TRES CORACOES,Reação tardia ou ineficiente do condutor,Colisão traseira,Com Vítimas Feridas,Plena Noite,Crescente,Chuva,Dupla,Curva;Declive,Não,4.0,0.0,0.0,1.0,1.0,2.0,1.0,3.0,"-21,59740119","-45,23880352",SPRF-MG,DEL16-MG,UOP02-DEL16-MG
503970,2023-02-09,quinta-feira,03:00:00,SC,101.0,"174,2",BIGUACU,Ausência de reação do condutor,Tombamento,Com Vítimas Feridas,Plena Noite,Crescente,Chuva,Dupla,Reta,Não,1.0,0.0,1.0,0.0,0.0,0.0,1.0,1.0,"-27,33081601","-48,62697562",SPRF-SC,DEL01-SC,UOP01-DEL01-SC
503977,2023-02-09,quinta-feira,04:25:00,ES,101.0,"435,5",PRESIDENTE KENNEDY,Demais falhas mecânicas ou elétricas,Tombamento,Com Vítimas Feridas,Plena Noite,Crescente,Nublado,Simples,Curva,Não,1.0,0.0,1.0,0.0,0.0,0.0,1.0,1.0,"-21,05500952","-41,19609059",SPRF-ES,DEL03-ES,UOP02-DEL03-ES
503981,2023-02-09,quinta-feira,06:10:00,RJ,101.0,275,TANGUA,Manobra de mudança de faixa,Colisão frontal,Sem Vítimas,Amanhecer,Crescente,Céu Claro,Simples,Reta,Sim,2.0,0.0,0.0,0.0,2.0,0.0,0.0,2.0,"-22,73653355","-42,72909106",SPRF-RJ,DEL02-RJ,UOP03-DEL02-RJ
503985,2023-02-09,quinta-feira,07:09:00,SP,153.0,59,SAO JOSE DO RIO PRETO,Condutor deixou de manter distância do veículo da frente,Colisão traseira,Com Vítimas Feridas,Pleno dia,Crescente,Céu Claro,Dupla,Reta,Sim,3.0,0.0,1.0,0.0,1.0,1.0,1.0,3.0,"-20,78733103","-49,35399276",SPRF-SP,DEL09-SP,UOP01-DEL09-SP
503987,2023-02-09,quinta-feira,06:20:00,BA,116.0,399,SANTA BARBARA,Condutor Dormindo,Colisão traseira,Com Vítimas Feridas,Amanhecer,Decrescente,Céu Claro,Dupla,Aclive,Não,2.0,0.0,1.0,0.0,1.0,0.0,1.0,2.0,"-12,01948908","-38,97103638",SPRF-BA,DEL02-BA,UOP01-DEL02-BA
503988,2023-02-09,quinta-feira,05:00:00,PB,230.0,364,MALTA,Ingestão de substâncias psicoativas pelo condutor,Saída de leito carroçável,Sem Vítimas,Pleno dia,Decrescente,Céu Claro,Simples,Reta,Sim,2.0,0.0,0.0,0.0,1.0,1.0,0.0,2.0,"-6,9111","-37,4973",SPRF-PB,DEL03-PB,UOP02-DEL03-PB
503996,2023-01-31,terça-feira,01:20:00,RJ,116.0,310,RESENDE,Acessar a via sem observar a presença dos outros veículos,Colisão frontal,Com Vítimas Feridas,Plena Noite,Crescente,Nublado,Simples,Reta;Declive,Sim,3.0,0.0,0.0,1.0,1.0,1.0,1.0,3.0,"-22,458555","-44,43081",SPRF-RJ,DEL07-RJ,UOP02-DEL07-RJ
503997,2023-02-08,quarta-feira,22:15:00,MG,262.0,525,LUZ,Ultrapassagem Indevida,Saída de leito carroçável,Sem Vítimas,Plena Noite,Decrescente,Nublado,Simples,Reta,Não,1.0,0.0,0.0,0.0,1.0,0.0,0.0,1.0,"-19,78185764","-45,66689699",SPRF-MG,DEL08-MG,UOP03-DEL08-MG
504007,2023-02-01,quarta-feira,16:00:00,MG,153.0,239,FRONTEIRA,Demais falhas mecânicas ou elétricas,Incêndio,Sem Vítimas,Pleno dia,Decrescente,Céu Claro,Simples,Reta,Não,1.0,0.0,0.0,0.0,1.0,0.0,0.0,1.0,"-20,29847332","-49,20614844",SPRF-MG,DEL13-MG,UOP02-DEL13-MG
504010,2023-02-09,quinta-feira,08:00:00,RJ,40.0,109,DUQUE DE CAXIAS,Ausência de reação do condutor,Colisão transversal,Com Vítimas Feridas,Pleno dia,Decrescente,Céu Claro,Múltipla,Reta,Sim,3.0,0.0,1.0,0.0,1.0,1.0,1.0,3.0,"-22,67374628","-43,28638368",SPRF-RJ,DEL01-RJ,UOP01-DEL01-RJ
504011,2023-02-09,quinta-feira,09:17:00,SE,101.0,54,CARMOPOLIS,Transitar na contramão,Colisão frontal,Com Vítimas Feridas,Pleno dia,Crescente,Céu Claro,Simples,Reta,Não,3.0,0.0,1.0,1.0,0.0,1.0,2.0,3.0,"-10,62656711","-36,99773792",SPRF-SE,DEL02-SE,UOP02-DEL02-SE
504015,2023-02-09,quinta-feira,08:55:00,PB,101.0,105,ALHANDRA,Avarias e/ou desgaste excessivo no pneu,Colisão com objeto,Sem Vítimas,Pleno dia,Crescente,Céu Claro,Dupla,Reta,Não,2.0,0.0,0.0,0.0,2.0,0.0,0.0,1.0,"-7,31056006","-34,94482756",SPRF-PB,DEL01-PB,UOP02-DEL01-PB
504016,2023-02-09,quinta-feira,09:15:00,PA,316.0,40,SANTA IZABEL DO PARA,Acessar a via sem observar a presença dos outros veículos,Colisão traseira,Com Vítimas Feridas,Pleno dia,Crescente,Céu Claro,Dupla,Reta,Sim,2.0,0.0,0.0,1.0,1.0,0.0,1.0,2.0,"-1,2795637","-48,12243407",SPRF-PA,DEL01-PA,UOP01-DEL01-PA
504021,2023-02-09,quinta-feira,09:50:00,CE,116.0,26,ITAITINGA,Manobra de mudança de faixa,Colisão lateral mesmo sentido,Sem Vítimas,Pleno dia,Crescente,Nublado,Dupla,Reta;Declive,Sim,3.0,0.0,0.0,0.0,2.0,1.0,0.0,3.0,"-3,9752959","-38,51436047",SPRF-CE,DEL01-CE,UOP02-DEL01-CE
504023,2023-02-09,quinta-feira,09:00:00,MG,262.0,"548,5",LUZ,Velocidade Incompatível,Capotamento,Com Vítimas Feridas,Pleno dia,Decrescente,Céu Claro,Simples,Curva;Declive,Não,1.0,0.0,1.0,0.0,0.0,0.0,1.0,1.0,"-19,71939177","-45,88123105",SPRF-MG,DEL08-MG,UOP02-DEL08-MG
504025,2023-02-02,quinta-feira,19:20:00,SC,282.0,562,NOVA ERECHIM,Mal súbito do condutor,Colisão frontal,Sem Vítimas,Anoitecer,Crescente,Céu Claro,Simples,Reta,Não,4.0,0.0,0.0,0.0,3.0,1.0,0.0,3.0,"-26,911108","-52,865475",SPRF-SC,DEL07-SC,UOP02-DEL07-SC
504033,2023-02-09,quinta-feira,07:30:00,MG,153.0,78,PRATA,Ausência de reação do condutor,Colisão lateral mesmo sentido,Com Vítimas Feridas,Pleno dia,Decrescente,Céu Claro,Simples,Ponte;Declive,Não,6.0,0.0,2.0,0.0,2.0,3.0,2.0,6.0,"-19,04800011","-49,01135859",SPRF-MG,DEL15-MG,UOP03-DEL15-MG
504044,2023-01-04,quarta-feira,10:21:00,PR,476.0,"117,8",COLOMBO,Condutor deixou de manter distância do veículo da frente,Colisão traseira,Com Vítimas Feridas,Pleno dia,Crescente,Chuva,Dupla,Reta,Sim,3.0,0.0,1.0,0.0,2.0,0.0,1.0,3.0,"-25,34884496","-49,17034149",SPRF-PR,DEL01-PR,UOP01-DEL01-PR
504049,2023-02-09,quinta-feira,11:35:00,PE,101.0,46,IGARASSU,Manobra de mudança de faixa,Colisão lateral mesmo sentido,Com Vítimas Feridas,Pleno dia,Crescente,Chuva,Múltipla,Reta,Sim,4.0,0.0,0.0,1.0,2.0,1.0,1.0,4.0,"-7,87406004","-34,90588126",SPRF-PE,DEL01-PE,UOP02-DEL01-PE
504053,2023-02-09,quinta-feira,12:00:00,RJ,101.0,488,ANGRA DOS REIS,Acesso irregular,Colisão traseira,Com Vítimas Feridas,Pleno dia,Crescente,Nublado,Simples,Reta,Sim,3.0,0.0,1.0,0.0,2.0,0.0,1.0,2.0,"-22,95847235","-44,29756165",SPRF-RJ,DEL03-RJ,UOP03-DEL03-RJ
504057,2023-02-09,quinta-feira,14:15:00,GO,50.0,281,CATALAO,Pedestre andava na pista,Atropelamento de Pedestre,Com Vítimas Feridas,Pleno dia,Crescente,Céu Claro,Simples,Aclive;Reta,Sim,2.0,0.0,1.0,0.0,0.0,1.0,1.0,2.0,"-18,1838","-47,9441",SPRF-GO,DEL06-GO,UOP01-DEL06-GO
504067,2023-02-09,quinta-feira,09:55:00,MG,116.0,"781,7",LEOPOLDINA,Velocidade Incompatível,Tombamento,Com Vítimas Feridas,Pleno dia,Decrescente,Sol,Simples,Curva,Não,2.0,0.0,1.0,0.0,0.0,1.0,1.0,2.0,"-21,62223589","-42,69312807",SPRF-MG,DEL07-MG,UOP01-DEL07-MG
504068,2023-02-09,quinta-feira,14:55:00,RS,285.0,"419,4",PANAMBI,Entrada inopinada do pedestre,Atropelamento de Pedestre,Com Vítimas Fatais,Pleno dia,Crescente,Céu Claro,Simples,Reta;Declive,Não,3.0,1.0,0.0,0.0,1.0,1.0,0.0,3.0,"-28,34892864","-53,51210833",SPRF-RS,DEL10-RS,UOP01-DEL10-RS
504071,2023-01-29,domingo,18:30:00,PA,316.0,60,CASTANHAL,Pista Escorregadia,Queda de ocupante de veículo,Com Vítimas Fatais,Plena Noite,Decrescente,Chuva,Dupla,Reta,Sim,4.0,1.0,0.0,0.0,1.0,2.0,0.0,3.0,"-1,29772957","-47,95528793",SPRF-PA,DEL01-PA,UOP01-DEL01-PA
504073,2023-02-09,quinta-feira,15:00:00,PE,101.0,"206,4",XEXEU,Carga excessiva e/ou mal acondicionada,Tombamento,Sem Vítimas,Pleno dia,Decrescente,Nublado,Dupla,Curva,Não,2.0,0.0,0.0,0.0,1.0,1.0,0.0,2.0,"-8,81905901","-35,63955699",SPRF-PE,DEL01-PE,UOP03-DEL01-PE
504074,2023-02-09,quinta-feira,12:36:00,MG,153.0,"51,9",MONTE ALEGRE DE MINAS,Acessar a via sem observar a presença dos outros veículos,Tombamento,Com Vítimas Feridas,Pleno dia,Decrescente,Céu Claro,Dupla,Reta,Não,1.0,0.0,1.0,0.0,0.0,0.0,1.0,1.0,"-18,83093899","-49,08873404",SPRF-MG,DEL15-MG,UOP03-DEL15-MG