id,data_inversa,dia_semana,horario,uf,br,km,municipio,causa_acidente,tipo_acidente,classificacao_acidente,fase_dia,sentido_via,condicao_metereologica,tipo_pista,tracado_via,uso_solo,pessoas,mortos,feridos_leves,feridos_graves,ilesos,ignorados,feridos,veiculos,latitude,longitude,regional,delegacia,uop
504077,2023-02-09,quinta-feira,16:50:00,RS,290.0,"721,5",URUGUAIANA,Ausência de reação do condutor,Tombamento,Com Vítimas Feridas,Pleno dia,Crescente,Céu Claro,Simples,Rotatória;Curva,Sim,2.0,0.0,1.0,0.0,0.0,1.0,1.0,2.0,"-29,76185064","-57,05773652",SPRF-RS,DEL13-RS,UOP01-DEL13-RS
504078,2023-02-09,quinta-feira,15:15:00,MG,262.0,670,IBIA,Ausência de reação do condutor,Colisão traseira,Com Vítimas Feridas,Pleno dia,Crescente,Chuva,Simples,Reta;Em Obras,Não,4.0,0.0,2.0,0.0,2.0,0.0,2.0,3.0,"-19,54647026","-46,79910015",SPRF-MG,DEL08-MG,UOP01-DEL08-MG
504084,2023-02-09,quinta-feira,12:20:00,PA,10.0,"88,8",ULIANOPOLIS,Reação tardia ou ineficiente do condutor,Colisão com objeto,Com Vítimas Feridas,Pleno dia,Crescente,Céu Claro,Simples,Aclive,Não,3.0,0.0,1.0,0.0,1.0,1.0,1.0,3.0,"-3,668222","-47,487393",SPRF-PA,DEL02-PA,UOP02-DEL02-PA
504088,2023-02-09,quinta-feira,17:30:00,ES,101.0,146,LINHARES,Desrespeitar a preferência no cruzamento,Colisão transversal,Com Vítimas Feridas,Anoitecer,Crescente,Céu Claro,Dupla,Retorno Regulamentado,Sim,4.0,0.0,0.0,2.0,1.0,3.0,2.0,6.0,"-19,36990998","-40,06560718",SPRF-ES,DEL04-ES,UOP01-DEL04-ES
504092,2023-02-09,quinta-feira,08:30:00,PE,104.0,54,CARUARU,Acessar a via sem observar a presença dos outros veículos,Colisão transversal,Com Vítimas Fatais,Pleno dia,Decrescente,Sol,Dupla,Declive,Sim,2.0,1.0,0.0,0.0,1.0,0.0,0.0,2.0,"-8,1928","-35,9662",SPRF-PE,DEL02-PE,UOP01-DEL02-PE
504095,2023-02-09,quinta-feira,17:30:00,PR,476.0,116,COLOMBO,Condutor deixou de manter distância do veículo da frente,Colisão traseira,Sem Vítimas,Pleno dia,Crescente,Chuva,Dupla,Reta;Interseção de Vias,Sim,3.0,0.0,0.0,0.0,3.0,0.0,0.0,2.0,"-25,348971","-49,16959047",SPRF-PR,DEL01-PR,UOP01-DEL01-PR
504103,2023-02-09,quinta-feira,18:00:00,SC,153.0,90,CONCORDIA,Velocidade Incompatível,Colisão traseira,Com Vítimas Feridas,Pleno dia,Decrescente,Céu Claro,Simples,Reta,Não,3.0,0.0,1.0,0.0,1.0,1.0,1.0,3.0,"-27,18250104","-51,92035675",SPRF-SC,DEL07-SC,UOP04-DEL07-SC
504111,2023-02-09,quinta-feira,20:00:00,PE,101.0,102,CABO DE SANTO AGOSTINHO,Ausência de reação do condutor,Colisão com objeto,Com Vítimas Feridas,Plena Noite,Decrescente,Nublado,Dupla,Reta,Não,1.0,0.0,0.0,1.0,0.0,0.0,1.0,1.0,"-8,286216","-35,057718",SPRF-PE,DEL01-PE,UOP03-DEL01-PE
504112,2023-02-09,quinta-feira,19:30:00,PE,101.0,"45,1",IGARASSU,Condutor deixou de manter distância do veículo da frente,Colisão lateral mesmo sentido,Com Vítimas Feridas,Plena Noite,Decrescente,Chuva,Múltipla,Reta;Declive,Sim,4.0,0.0,1.0,0.0,2.0,1.0,1.0,4.0,"-7,86521297","-34,90715176",SPRF-PE,DEL01-PE,UOP02-DEL01-PE
504117,2023-02-09,quinta-feira,15:35:00,SC,116.0,"159,9",SANTA CECILIA,Transitar na contramão,Colisão frontal,Com Vítimas Fatais,Pleno dia,Decrescente,Garoa/Chuvisco,Simples,Reta,Não,4.0,2.0,1.0,0.0,0.0,1.0,1.0,3.0,"-27,10498723","-50,45416474",SPRF-SC,DEL06-SC,UOP02-DEL06-SC
504124,2023-02-09,quinta-feira,18:00:00,SP,116.0,"154,6",SAO JOSE DOS CAMPOS,Manobra de mudança de faixa,Colisão lateral mesmo sentido,Com Vítimas Feridas,Plena Noite,Crescente,Chuva,Múltipla,Reta;Declive,Sim,3.0,0.0,1.0,0.0,1.0,1.0,1.0,3.0,"-23,23903999","-45,92061901",SPRF-SP,DEL02-SP,UOP01-DEL02-SP
504127,2023-02-09,quinta-feira,19:30:00,RJ,116.0,170,RIO DE JANEIRO,Acessar a via sem observar a presença dos outros veículos,Colisão lateral mesmo sentido,Com Vítimas Feridas,Plena Noite,Decrescente,Céu Claro,Dupla,Reta,Não,4.0,0.0,1.0,0.0,2.0,1.0,1.0,4.0,"-22,81113183","-43,3336729",SPRF-RJ,DEL01-RJ,UOP02-DEL01-RJ
504129,2023-02-09,quinta-feira,17:50:00,BA,101.0,"727,2",EUNAPOLIS,Transitar na contramão,Colisão frontal,Com Vítimas Fatais,Anoitecer,Decrescente,Céu Claro,Simples,Curva;Declive,Não,3.0,1.0,0.0,0.0,1.0,1.0,0.0,3.0,"-16,440812","-39,574113",SPRF-BA,DEL09-BA,UOP01-DEL09-BA
504131,2023-02-09,quinta-feira,20:30:00,BA,324.0,533,FEIRA DE SANTANA,Pedestre andava na pista,Atropelamento de Pedestre,Com Vítimas Fatais,Plena Noite,Decrescente,Céu Claro,Dupla,Reta;Declive,Não,4.0,1.0,0.0,0.0,2.0,1.0,0.0,4.0,"-12,34449694","-38,84017496",SPRF-BA,DEL01-BA,UOP03-DEL01-BA
504132,2023-02-09,quinta-feira,21:30:00,MT,364.0,458,VARZEA GRANDE,Reação tardia ou ineficiente do condutor,Colisão traseira,Com Vítimas Feridas,Plena Noite,Crescente,Céu Claro,Dupla,Curva;Declive,Não,5.0,0.0,2.0,0.0,2.0,6.0,2.0,9.0,"-15,4192627","-56,34887695",SPRF-MT,DEL01-MT,UOP02-DEL01-MT
504133,2023-02-09,quinta-feira,19:40:00,BA,324.0,"559,8",SAO SEBASTIAO DO PASSE,Acessar a via sem observar a presença dos outros veículos,Colisão transversal,Sem Vítimas,Plena Noite,Decrescente,Céu Claro,Dupla,Curva,Não,3.0,0.0,0.0,0.0,1.0,3.0,0.0,4.0,"-12,48716788","-38,66087791",SPRF-BA,DEL01-BA,UOP03-DEL01-BA
504136,2023-01-25,quarta-feira,06:40:00,SP,116.0,"146,4",SAO JOSE DOS CAMPOS,Condutor deixou de manter distância do veículo da frente,Engavetamento,Com Vítimas Feridas,Amanhecer,Crescente,Céu Claro,Dupla,Reta,Sim,7.0,0.0,3.0,0.0,3.0,1.0,3.0,5.0,"-23,19122919","-45,86327591",SPRF-SP,DEL02-SP,UOP01-DEL02-SP
504140,2023-02-09,quinta-feira,22:00:00,PR,277.0,"466,6",LARANJEIRAS DO SUL,Manobra de mudança de faixa,Colisão transversal,Sem Vítimas,Plena Noite,Crescente,Nublado,Simples,Reta,Não,4.0,0.0,0.0,0.0,2.0,2.0,0.0,4.0,"-25,35433409","-52,48223603",SPRF-PR,DEL04-PR,UOP02-DEL04-PR
504141,2023-02-09,quinta-feira,13:00:00,AM,174.0,983,PRESIDENTE FIGUEIREDO,Pista em desnível,Saída de leito carroçável,Sem Vítimas,Pleno dia,Decrescente,Nublado,Simples,Ponte;Reta,Não,2.0,0.0,0.0,0.0,2.0,0.0,0.0,1.0,"-2,11350893","-59,99168158",SPRF-AM,DEL01-AM,UOP02-DEL01-AM
504142,2023-02-09,quinta-feira,23:10:00,GO,60.0,"83,9",ANAPOLIS,Condutor Dormindo,Colisão traseira,Com Vítimas Feridas,Plena Noite,Crescente,Nublado,Dupla,Reta,Não,3.0,0.0,1.0,0.0,1.0,1.0,1.0,2.0,"-16,3149","-48,846",SPRF-GO,DEL02-GO,UOP01-DEL02-GO
504144,2023-02-09,quinta-feira,20:30:00,PR,277.0,306,PRUDENTOPOLIS,Ausência de reação do condutor,Tombamento,Com Vítimas Feridas,Plena Noite,Crescente,Céu Claro,Simples,Curva,Não,2.0,0.0,1.0,0.0,1.0,0.0,1.0,1.0,"-25,29937603","-51,14537699",SPRF-PR,DEL08-PR,UOP01-DEL08-PR
504147,2023-02-09,quinta-feira,23:55:00,RS,116.0,318,BARRA DO RIBEIRO,Demais falhas mecânicas ou elétricas,Incêndio,Sem Vítimas,Plena Noite,Decrescente,Céu Claro,Dupla,Reta,Não,2.0,0.0,0.0,0.0,1.0,2.0,0.0,3.0,"-30,27278604","-51,40935988",SPRF-RS,DEL02-RS,UOP01-DEL02-RS
504151,2023-02-09,quinta-feira,23:30:00,MG,381.0,"929,2",ITAPEVA,Reação tardia ou ineficiente do condutor,Saída de leito carroçável,Com Vítimas Feridas,Plena Noite,Crescente,Chuva,Dupla,Curva,Não,4.0,0.0,1.0,0.0,2.0,2.0,1.0,5.0,"-22,79911462","-46,26123692",SPRF-MG,DEL16-MG,UOP03-DEL16-MG
504153,2023-02-09,quinta-feira,18:30:00,MT,364.0,148,PEDRA PRETA,Demais falhas mecânicas ou elétricas,Incêndio,Sem Vítimas,Plena Noite,Decrescente,Céu Claro,Simples,Reta,Não,1.0,0.0,0.0,0.0,0.0,1.0,0.0,1.0,"-16,79954137","-54,18799724",SPRF-MT,DEL02-MT,UOP01-DEL02-MT
504154,2023-02-10,sexta-feira,02:30:00,MG,40.0,615,CONGONHAS,Ausência de reação do condutor,Colisão frontal,Com Vítimas Feridas,Plena Noite,Decrescente,Nevoeiro/Neblina,Simples,Aclive;Reta,Não,2.0,0.0,0.0,1.0,1.0,0.0,1.0,2.0,"-20,54057111","-43,82086538",SPRF-MG,DEL05-MG,UOP02-DEL05-MG
504158,2023-02-10,sexta-feira,01:00:00,MG,262.0,"548,4",LUZ,Velocidade Incompatível,Tombamento,Com Vítimas Feridas,Plena Noite,Decrescente,Nevoeiro/Neblina,Simples,Curva;Declive,Não,2.0,0.0,1.0,0.0,0.0,1.0,1.0,2.0,"-19,74220337","-45,85814998",SPRF-MG,DEL08-MG,UOP02-DEL08-MG
504160,2023-02-10,sexta-feira,03:15:00,MT,364.0,331,SANTO ANTONIO DO LEVERGER,Reação tardia ou ineficiente do condutor,Tombamento,Com Vítimas Feridas,Plena Noite,Crescente,Céu Claro,Dupla,Aclive;Reta,Não,2.0,0.0,1.0,0.0,0.0,2.0,1.0,3.0,"-15,822813","-55,419647",SPRF-MT,DEL05-MT,UOP02-DEL05-MT
504161,2023-02-10,sexta-feira,04:40:00,PR,376.0,672,GUARATUBA,Reação tardia ou ineficiente do condutor,Tombamento,Com Vítimas Feridas,Plena Noite,Crescente,Céu Claro,Dupla,Reta,Não,4.0,0.0,1.0,0.0,2.0,1.0,1.0,2.0,"-25,89358488","-48,93146782",SPRF-PR,DEL01-PR,UOP04-DEL01-PR
504163,2023-02-09,quinta-feira,21:15:00,ES,259.0,"45,7",COLATINA,Carga excessiva e/ou mal acondicionada,Tombamento,Com Vítimas Feridas,Plena Noite,Crescente,Nublado,Múltipla,Rotatória,Sim,1.0,0.0,1.0,0.0,0.0,0.0,1.0,1.0,"-19,53318486","-40,57148984",SPRF-ES,DEL02-ES,UOP01-DEL02-ES
504164,2023-02-10,sexta-feira,05:20:00,MG,381.0,166,GOVERNADOR VALADARES,Transitar na contramão,Colisão frontal,Com Vítimas Feridas,Amanhecer,Crescente,Céu Claro,Simples,Curva,Não,3.0,0.0,1.0,0.0,1.0,1.0,1.0,3.0,"-18,95243865","-42,07229536",SPRF-MG,DEL06-MG,UOP01-DEL06-MG
504166,2023-02-10,sexta-feira,04:00:00,TO,153.0,777,ALVORADA,Condutor Dormindo,Saída de leito carroçável,Com Vítimas Feridas,Amanhecer,Decrescente,Céu Claro,Simples,Reta,Não,1.0,0.0,1.0,0.0,0.0,0.0,1.0,1.0,"-12,61338097","-49,07181776",SPRF-TO,DEL01-TO,UOP02-DEL01-TO
504171,2023-02-10,sexta-feira,06:45:00,PR,376.0,215,JANDAIA DO SUL,Acesso irregular,Colisão transversal,Com Vítimas Feridas,Pleno dia,Crescente,Céu Claro,Dupla,Reta,Não,3.0,0.0,2.0,0.0,1.0,0.0,2.0,2.0,"-23,59537856","-51,64222304",SPRF-PR,DEL09-PR,UOP01-DEL09-PR
504174,2023-02-10,sexta-feira,00:30:00,BA,101.0,"842,8",VEREDA,Transitar na contramão,Colisão frontal,Sem Vítimas,Plena Noite,Decrescente,Céu Claro,Simples,Declive;Curva,Não,2.0,0.0,0.0,0.0,1.0,1.0,0.0,2.0,"-17,258463","-39,632923",SPRF-BA,DEL09-BA,UOP02-DEL09-BA
504177,2023-02-10,sexta-feira,06:47:00,SC,280.0,24,ARAQUARI,Conversão proibida,Colisão transversal,Com Vítimas Feridas,Pleno dia,Crescente,Céu Claro,Simples,Reta,Sim,2.0,0.0,1.0,0.0,1.0,0.0,1.0,2.0,"-26,37724921","-48,71953282",SPRF-SC,DEL03-SC,UOP03-DEL03-SC
504180,2023-02-10,sexta-feira,05:50:00,SC,282.0,"4,5",FLORIANOPOLIS,Reação tardia ou ineficiente do condutor,Colisão com objeto,Sem Vítimas,Pleno dia,Decrescente,Céu Claro,Dupla,Reta,Sim,1.0,0.0,0.0,0.0,1.0,0.0,0.0,1.0,"-27,592646","-48,604034",SPRF-SC,DEL01-SC,UOP01-DEL01-SC
504181,2023-02-10,sexta-feira,05:15:00,PR,153.0,513,GENERAL CARNEIRO,Transitar na contramão,Colisão frontal,Com Vítimas Fatais,Amanhecer,Crescente,Nublado,Simples,Reta,Não,4.0,1.0,2.0,0.0,0.0,1.0,2.0,3.0,"-26,54215861","-51,42665863",SPRF-PR,DEL02-PR,UOP03-DEL02-PR
504182,2023-02-10,sexta-feira,07:48:00,ES,101.0,281,SERRA,Acessar a via sem observar a presença dos outros veículos,Colisão transversal,Com Vítimas Feridas,Pleno dia,Decrescente,Céu Claro,Dupla,Reta,Não,3.0,0.0,2.0,0.0,1.0,0.0,2.0,2.0,"-20,22112792","-40,35720552",SPRF-ES,DEL02-ES,UOP01-DEL02-ES
504188,2023-02-10,sexta-feira,06:50:00,MG,262.0,"55,7",MANHUACU,Reação tardia ou ineficiente do condutor,Colisão lateral sentido oposto,Com Vítimas Feridas,Pleno dia,Crescente,Céu Claro,Simples,Reta,Não,5.0,0.0,3.0,0.0,1.0,1.0,3.0,3.0,"-20,26317518","-42,17398201",SPRF-MG,DEL06-MG,UOP03-DEL06-MG
504199,2023-02-10,sexta-feira,04:30:00,PI,135.0,478,MONTE ALEGRE DO PIAUI,Pista em desnível,Saída de leito carroçável,Com Vítimas Feridas,Amanhecer,Crescente,Céu Claro,Simples,Reta,Não,1.0,0.0,1.0,0.0,0.0,0.0,1.0,1.0,"-9,66373008","-45,11343279",SPRF-PI,DEL03-PI,UOP02-DEL03-PI
504207,2023-02-10,sexta-feira,06:30:00,MS,163.0,"324,1",RIO BRILHANTE,Carga excessiva e/ou mal acondicionada,Colisão com objeto,Sem Vítimas,Pleno dia,Crescente,Céu Claro,Dupla,Reta,Não,2.0,0.0,0.0,0.0,1.0,1.0,0.0,2.0,"-21,77658813","-54,52601916",SPRF-MS,DEL02-MS,UOP02-DEL02-MS
504210,2023-02-10,sexta-feira,10:00:00,SC,101.0,390,CRICIUMA,Reação tardia ou ineficiente do condutor,Engavetamento,Com Vítimas Feridas,Pleno dia,Crescente,Céu Claro,Múltipla,Aclive;Reta;Viaduto,Sim,6.0,0.0,1.0,0.0,5.0,0.0,1.0,4.0,"-28,79513029","-49,35435084",SPRF-SC,DEL02-SC,UOP02-DEL02-SC
504216,2023-02-10,sexta-feira,06:15:00,MS,158.0,127,APARECIDA DO TABOADO,Demais falhas mecânicas ou elétricas,Incêndio,Sem Vítimas,Pleno dia,Decrescente,Céu Claro,Simples,Reta,Não,1.0,0.0,0.0,0.0,1.0,0.0,0.0,1.0,"-19,92636983","-51,12571183",SPRF-MS,DEL08-MS,UOP01-DEL08-MS
504225,2023-02-10,sexta-feira,11:00:00,SP,116.0,187,SANTA ISABEL,Ausência de reação do condutor,Colisão traseira,Com Vítimas Feridas,Pleno dia,Decrescente,Nublado,Múltipla,Reta,Não,3.0,0.0,2.0,0.0,1.0,0.0,2.0,2.0,"-23,35713072","-46,20737811",SPRF-SP,DEL01-SP,UOP01-DEL01-SP
504228,2023-01-16,segunda-feira,13:59:00,TO,153.0,345,FORTALEZA DO TABOCAO,Reação tardia ou ineficiente do condutor,Saída de leito carroçável,Com Vítimas Feridas,Pleno dia,Crescente,Céu Claro,Simples,Reta,Não,5.0,0.0,1.0,0.0,3.0,1.0,1.0,2.0,"-8,93568917","-48,50773634",SPRF-TO,DEL02-TO,UOP02-DEL02-TO
504232,2023-01-29,domingo,23:00:00,SC,153.0,1,AGUA DOCE,Reação tardia ou ineficiente do condutor,Saída de leito carroçável,Com Vítimas Feridas,Plena Noite,Decrescente,Ignorado,Simples,Curva,Não,2.0,0.0,2.0,0.0,0.0,0.0,2.0,1.0,"-26,612688","-51,494854",SPRF-SC,DEL07-SC,UOP07-DEL07-SC
504234,2023-02-10,sexta-feira,08:15:00,PR,376.0,432,TIBAGI,Velocidade Incompatível,Tombamento,Com Vítimas Feridas,Pleno dia,Decrescente,Céu Claro,Dupla,Curva,Não,2.0,0.0,0.0,1.0,0.0,1.0,1.0,2.0,"-24,80531402","-50,48850813",SPRF-PR,DEL03-PR,UOP02-DEL03-PR
504235,2023-02-10,sexta-feira,13:30:00,PE,101.0,"43,2",IGARASSU,Reação tardia ou ineficiente do condutor,Colisão traseira,Com Vítimas Fatais,Pleno dia,Crescente,Céu Claro,Múltipla,Reta,Sim,5.0,1.0,1.0,0.0,2.0,1.0,1.0,4.0,"-7,83038346","-34,91426785",SPRF-PE,DEL01-PE,UOP02-DEL01-PE
504236,2023-02-10,sexta-feira,12:40:00,PR,369.0,"156,5",LONDRINA,Ausência de reação do condutor,Colisão traseira,Com Vítimas Feridas,Pleno dia,Crescente,Sol,Dupla,Aclive;Reta,Não,3.0,0.0,1.0,0.0,1.0,1.0,1.0,3.0,"-23,29012541","-51,22009635",SPRF-PR,DEL07-PR,UOP01-DEL07-PR
504240,2023-02-03,sexta-feira,07:00:00,RJ,493.0,79,JAPERI,Reação tardia ou ineficiente do condutor,Saída de leito carroçável,Com Vítimas Feridas,Pleno dia,Crescente,Nublado,Dupla,Ponte;Reta,Não,2.0,0.0,0.0,1.0,0.0,1.0,1.0,2.0,"-22,66327","-43,56473",SPRF-RJ,DEL01-RJ,UOP03-DEL01-RJ
504242,2023-02-10,sexta-feira,13:30:00,RS,290.0,7,OSORIO,Reação tardia ou ineficiente do condutor,Saída de leito carroçável,Com Vítimas Feridas,Pleno dia,Decrescente,Céu Claro,Múltipla,Curva,Não,2.0,0.0,1.0,0.0,1.0,0.0,1.0,1.0,"-29,897289","-50,344341",SPRF-RS,DEL03-RS,UOP01-DEL03-RS
504245,2023-02-10,sexta-feira,13:30:00,PR,277.0,602,CASCAVEL,Problema com o freio,Colisão traseira,Com Vítimas Feridas,Pleno dia,Decrescente,Chuva,Dupla,Aclive;Reta,Não,3.0,0.0,1.0,0.0,1.0,1.0,1.0,3.0,"-25,00282","-53,523851",SPRF-PR,DEL04-PR,UOP01-DEL04-PR
504246,2023-02-10,sexta-feira,13:35:00,SC,101.0,209,SAO JOSE,Ausência de reação do condutor,Colisão traseira,Com Vítimas Feridas,Pleno dia,Decrescente,Céu Claro,Dupla,Reta;Interseção de Vias,Não,4.0,0.0,2.0,0.0,2.0,0.0,2.0,3.0,"-27,61009","-48,63878",SPRF-SC,DEL01-SC,UOP01-DEL01-SC
504252,2023-01-26,quinta-feira,16:45:00,BA,330.0,"788,8",JEQUIE,Acessar a via sem observar a presença dos outros veículos,Colisão transversal,Com Vítimas Feridas,Pleno dia,Decrescente,Céu Claro,Simples,Reta,Não,3.0,0.0,0.0,1.0,1.0,1.0,1.0,2.0,"-13,88803096","-40,02893197",SPRF-BA,DEL03-BA,UOP01-DEL03-BA
504256,2023-02-10,sexta-feira,14:00:00,RS,290.0,137,ELDORADO DO SUL,Avarias e/ou desgaste excessivo no pneu,Saída de leito carroçável,Sem Vítimas,Pleno dia,Decrescente,Céu Claro,Simples,Reta;Declive,Não,1.0,0.0,0.0,0.0,1.0,0.0,0.0,1.0,"-30,070183","-51,581722",SPRF-RS,DEL02-RS,UOP01-DEL02-RS
504260,2023-02-10,sexta-feira,09:00:00,GO,364.0,297,MINEIROS,Restrição de visibilidade em curvas horizontais,Colisão frontal,Com Vítimas Feridas,Pleno dia,Crescente,Garoa/Chuvisco,Simples,Curva,Sim,2.0,0.0,1.0,0.0,1.0,0.0,1.0,2.0,"-17,571753","-52,524223",SPRF-GO,DEL05-GO,UOP01-DEL05-GO
504262,2023-01-02,segunda-feira,21:00:00,RN,101.0,"139,9",ARES,Condutor deixou de manter distância do veículo da frente,Colisão traseira,Com Vítimas Feridas,Plena Noite,Crescente,Céu Claro,Dupla,Reta,Não,3.0,0.0,1.0,0.0,1.0,2.0,1.0,4.0,"-6,200842","-35,214205",SPRF-RN,DEL01-RN,UOP01-DEL01-RN
504263,2023-02-10,sexta-feira,14:50:00,BA,116.0,778,PLANALTO,Reação tardia ou ineficiente do condutor,Colisão traseira,Com Vítimas Feridas,Pleno dia,Decrescente,Céu Claro,Simples,Reta,Sim,8.0,0.0,5.0,0.0,2.0,2.0,5.0,4.0,"-14,6157981","-40,44411375",SPRF-BA,DEL08-BA,UOP02-DEL08-BA
504269,2023-02-10,sexta-feira,15:10:00,MG,381.0,891,CAMBUI,Velocidade Incompatível,Colisão lateral mesmo sentido,Com Vítimas Feridas,Pleno dia,Crescente,Chuva,Dupla,Reta,Não,4.0,0.0,3.0,0.0,0.0,1.0,3.0,3.0,"-22,55141097","-46,03948689",SPRF-MG,DEL16-MG,UOP03-DEL16-MG
504272,2023-02-05,domingo,18:30:00,PI,135.0,153,BERTOLINIA,Conversão proibida,Colisão frontal,Sem Vítimas,Plena Noite,Crescente,Céu Claro,Simples,Reta,Não,4.0,0.0,0.0,0.0,1.0,3.0,0.0,4.0,"-7,83406933","-43,80206347",SPRF-PI,DEL03-PI,UOP01-DEL03-PI
504273,2023-02-10,sexta-feira,14:18:00,MT,70.0,505,CUIABA,Mal súbito do condutor,Saída de leito carroçável,Com Vítimas Feridas,Pleno dia,Crescente,Céu Claro,Simples,Reta,Não,2.0,0.0,1.0,0.0,0.0,1.0,1.0,2.0,"-15,70204417","-56,05619431",SPRF-MT,DEL01-MT,UOP02-DEL01-MT
504279,2023-02-10,sexta-feira,15:25:00,ES,101.0,"380,5",RIO NOVO DO SUL,Frear bruscamente,Colisão traseira,Com Vítimas Feridas,Pleno dia,Crescente,Céu Claro,Simples,Reta,Não,3.0,0.0,1.0,0.0,2.0,0.0,1.0,2.0,"-20,80767317","-40,83488482",SPRF-ES,DEL03-ES,UOP01-DEL03-ES
504280,2023-01-28,sábado,13:40:00,MG,251.0,"477,7",FRANCISCO SA,Condutor deixou de manter distância do veículo da frente,Colisão traseira,Com Vítimas Fatais,Pleno dia,Decrescente,Nublado,Simples,Reta,Não,2.0,1.0,0.0,0.0,0.0,1.0,0.0,2.0,"-16,468982","-43,48431",SPRF-MG,DEL12-MG,UOP01-DEL12-MG
504281,2023-02-10,sexta-feira,15:20:00,SC,158.0,101,MARAVILHA,Problema com o freio,Colisão traseira,Sem Vítimas,Pleno dia,Decrescente,Céu Claro,Simples,Reta,Não,7.0,0.0,0.0,0.0,6.0,1.0,0.0,4.0,"-26,80870676","-53,18171382",SPRF-SC,DEL07-SC,UOP02-DEL07-SC
504296,2023-02-10,sexta-feira,18:15:00,ES,101.0,"269,4",SERRA,Manobra de mudança de faixa,Colisão lateral mesmo sentido,Sem Vítimas,Plena Noite,Crescente,Céu Claro,Múltipla,Reta,Sim,2.0,0.0,0.0,0.0,2.0,0.0,0.0,2.0,"-20,21740496","-40,26990578",SPRF-ES,DEL02-ES,UOP01-DEL02-ES
504298,2023-02-10,sexta-feira,15:45:00,MT,364.0,290,JACIARA,Acumulo de água sobre o pavimento,Colisão lateral mesmo sentido,Sem Vítimas,Pleno dia,Decrescente,Chuva,Dupla,Reta,Não,2.0,0.0,0.0,0.0,2.0,0.0,0.0,2.0,"-15,90475053","-55,09158825",SPRF-MT,DEL05-MT,UOP02-DEL05-MT
504300,2023-02-10,sexta-feira,16:20:00,CE,222.0,"3,6",CAUCAIA,Manobra de mudança de faixa,Colisão lateral mesmo sentido,Com Vítimas Feridas,Pleno dia,Decrescente,Céu Claro,Múltipla,Reta,Sim,3.0,0.0,2.0,0.0,0.0,1.0,2.0,2.0,"-3,7403769","-38,59569202",SPRF-CE,DEL01-CE,UOP01-DEL01-CE
504305,2023-02-08,quarta-feira,16:30:00,BA,415.0,49,ITABUNA,Condutor deixou de manter distância do veículo da frente,Colisão traseira,Sem Vítimas,Pleno dia,Decrescente,Céu Claro,Simples,Reta,Não,3.0,0.0,0.0,0.0,3.0,0.0,0.0,3.0,"-14,8198233","-39,3056924",SPRF-BA,DEL05-BA,UOP01-DEL05-BA
504308,2023-01-30,segunda-feira,20:30:00,CE,222.0,31,CAUCAIA,Frear bruscamente,Tombamento,Com Vítimas Feridas,Plena Noite,Decrescente,Céu Claro,Dupla,Reta,Não,2.0,0.0,0.0,1.0,0.0,1.0,1.0,2.0,"-3,71019947","-38,82872412",SPRF-CE,DEL01-CE,UOP01-DEL01-CE
504313,2023-02-10,sexta-feira,18:30:00,PR,476.0,267,SAO MATEUS DO SUL,Reação tardia ou ineficiente do condutor,Capotamento,Com Vítimas Fatais,Anoitecer,Crescente,Nublado,Simples,Reta,Sim,1.0,1.0,0.0,0.0,0.0,0.0,0.0,1.0,"-25,892023","-50,31163",SPRF-PR,DEL02-PR,UOP03-DEL02-PR
504317,2023-02-10,sexta-feira,18:35:00,PR,376.0,238,APUCARANA,Reação tardia ou ineficiente do condutor,Colisão traseira,Sem Vítimas,Anoitecer,Decrescente,Chuva,Dupla,Declive,Não,2.0,0.0,0.0,0.0,2.0,0.0,0.0,2.0,"-23,5821404","-51,45390599",SPRF-PR,DEL07-PR,UOP03-DEL07-PR
504318,2023-02-10,sexta-feira,17:00:00,MT,364.0,119,PEDRA PRETA,Ingestão de álcool pelo condutor,Colisão traseira,Sem Vítimas,Pleno dia,Decrescente,Garoa/Chuvisco,Simples,Declive,Não,3.0,0.0,0.0,0.0,2.0,2.0,0.0,4.0,"-16,825358","-54,059541",SPRF-MT,DEL02-MT,UOP02-DEL02-MT
504319,2023-02-10,sexta-feira,18:40:00,PR,369.0,"157,1",LONDRINA,Acessar a via sem observar a presença dos outros veículos,Colisão transversal,Com Vítimas Feridas,Anoitecer,Crescente,Céu Claro,Dupla,Reta,Sim,3.0,0.0,1.0,0.0,1.0,1.0,1.0,3.0,"-23,28741244","-51,22620642",SPRF-PR,DEL07-PR,UOP01-DEL07-PR
504322,2023-02-10,sexta-feira,14:25:00,BA,116.0,528,ITATIM,Demais falhas mecânicas ou elétricas,Tombamento,Sem Vítimas,Pleno dia,Crescente,Céu Claro,Simples,Reta,Não,2.0,0.0,0.0,0.0,1.0,1.0,0.0,2.0,"-12,71587879","-39,7449061",SPRF-BA,DEL03-BA,UOP02-DEL03-BA
504333,2023-01-22,domingo,02:00:00,MA,135.0,"321,3",DOM PEDRO,Ausência de reação do condutor,Tombamento,Sem Vítimas,Plena Noite,Decrescente,Nublado,Simples,Aclive,Não,3.0,0.0,0.0,0.0,1.0,4.0,0.0,4.0,"-5,10474387","-44,40216065",SPRF-MA,DEL03-MA,UOP01-DEL03-MA