id,data_inversa,dia_semana,horario,uf,br,km,municipio,causa_acidente,tipo_acidente,classificacao_acidente,fase_dia,sentido_via,condicao_metereologica,tipo_pista,tracado_via,uso_solo,pessoas,mortos,feridos_leves,feridos_graves,ilesos,ignorados,feridos,veiculos,latitude,longitude,regional,delegacia,uop
504756,2023-02-12,domingo,20:30:00,MT,70.0,278,PRIMAVERA DO LESTE,Mal súbito do condutor,Colisão lateral mesmo sentido,Com Vítimas Feridas,Plena Noite,Crescente,Chuva,Dupla,Rotatória,Sim,3.0,0.0,0.0,1.0,1.0,1.0,1.0,3.0,"-15,56201193","-54,29646915",SPRF-MT,DEL05-MT,UOP01-DEL05-MT
504762,2023-02-12,domingo,19:30:00,PR,277.0,114,CAMPO LARGO,Pedestre cruzava a pista fora da faixa,Atropelamento de Pedestre,Com Vítimas Fatais,Plena Noite,Crescente,Céu Claro,Dupla,Reta,Sim,4.0,1.0,0.0,0.0,0.0,3.0,0.0,3.0,"-25,42766575","-49,38724005",SPRF-PR,DEL03-PR,UOP03-DEL03-PR
504768,2023-02-12,domingo,21:50:00,ES,101.0,310,VIANA,Ausência de reação do condutor,Colisão com objeto,Com Vítimas Fatais,Plena Noite,Decrescente,Céu Claro,Dupla,Curva,Não,2.0,1.0,0.0,0.0,0.0,1.0,0.0,2.0,"-20,42590098","-40,46036505",SPRF-ES,DEL01-ES,UOP01-DEL01-ES
504791,2023-02-12,domingo,21:00:00,SC,470.0,"344,7",CAMPOS NOVOS,Condutor Dormindo,Colisão frontal,Com Vítimas Feridas,Plena Noite,Crescente,Céu Claro,Simples,Reta,Não,4.0,0.0,0.0,1.0,2.0,2.0,1.0,4.0,"-27,538567","-51,408329",SPRF-SC,DEL07-SC,UOP06-DEL07-SC
504795,2023-02-12,domingo,23:00:00,RJ,356.0,136,CAMPOS DOS GOYTACAZES,Ingestão de álcool pelo condutor,Colisão transversal,Com Vítimas Feridas,Plena Noite,Crescente,Céu Claro,Simples,Interseção de Vias,Sim,3.0,0.0,0.0,1.0,2.0,0.0,1.0,2.0,"-21,73808694","-41,33458697",SPRF-RJ,DEL08-RJ,UOP01-DEL08-RJ
504798,2023-02-12,domingo,21:40:00,MG,116.0,"89,9",MEDINA,Condutor Dormindo,Colisão frontal,Com Vítimas Feridas,Plena Noite,Decrescente,Céu Claro,Simples,Reta,Não,3.0,0.0,0.0,1.0,1.0,1.0,1.0,3.0,"-16,342478","-41,476151",SPRF-MG,DEL11-MG,UOP02-DEL11-MG
504800,2023-02-12,domingo,20:10:00,PI,402.0,"42,5",PARNAIBA,Ingestão de álcool pelo condutor,Colisão frontal,Com Vítimas Feridas,Plena Noite,Crescente,Céu Claro,Simples,Curva,Não,2.0,0.0,0.0,1.0,1.0,0.0,1.0,2.0,"-3,000665","-41,704038",SPRF-PI,DEL05-PI,UOP01-DEL05-PI
504805,2023-02-13,segunda-feira,01:20:00,GO,153.0,616,MORRINHOS,Reação tardia ou ineficiente do condutor,Saída de leito carroçável,Com Vítimas Feridas,Plena Noite,Decrescente,Céu Claro,Dupla,Reta,Não,2.0,0.0,1.0,0.0,0.0,2.0,1.0,3.0,"-17,6864","-49,159",SPRF-GO,DEL03-GO,UOP01-DEL03-GO
504818,2023-02-13,segunda-feira,05:20:00,SP,116.0,204,ARUJA,Mal súbito do condutor,Colisão com objeto,Com Vítimas Feridas,Amanhecer,Decrescente,Nublado,Simples,Reta,Não,2.0,0.0,1.0,0.0,1.0,0.0,1.0,1.0,"-23,41236123","-46,35692496",SPRF-SP,DEL01-SP,UOP01-DEL01-SP
504822,2023-02-13,segunda-feira,05:45:00,GO,20.0,"195,8",POSSE,Condutor Dormindo,Colisão traseira,Com Vítimas Feridas,Amanhecer,Decrescente,Céu Claro,Simples,Curva,Não,11.0,0.0,2.0,2.0,6.0,2.0,4.0,4.0,"-14,355703","-46,443913",SPRF-DF,DEL02-DF,UOP03-DEL02-DF
504823,2023-02-13,segunda-feira,04:52:00,MS,376.0,91,DEODAPOLIS,Reação tardia ou ineficiente do condutor,Colisão frontal,Com Vítimas Fatais,Amanhecer,Decrescente,Nevoeiro/Neblina,Simples,Reta;Aclive,Não,3.0,1.0,0.0,0.0,1.0,1.0,0.0,3.0,"-22,30606188","-54,09185595",SPRF-MS,DEL04-MS,UOP04-DEL04-MS
504824,2023-02-12,domingo,20:00:00,GO,364.0,350,MINEIROS,Demais falhas mecânicas ou elétricas,Incêndio,Sem Vítimas,Plena Noite,Crescente,Nublado,Simples,Reta;Declive,Não,2.0,0.0,0.0,0.0,1.0,1.0,0.0,2.0,"-17,382486","-52,906311",SPRF-GO,DEL05-GO,UOP01-DEL05-GO
504827,2023-02-12,domingo,17:20:00,SC,282.0,"632,2",DESCANSO,Demais falhas mecânicas ou elétricas,Eventos atípicos,Com Vítimas Feridas,Pleno dia,Crescente,Céu Claro,Simples,Reta,Não,4.0,0.0,0.0,1.0,2.0,2.0,1.0,4.0,"-26,8253","-53,404217",SPRF-SC,DEL07-SC,UOP03-DEL07-SC
504845,2023-02-12,domingo,21:20:00,MG,381.0,517,IGARAPE,Manobra de mudança de faixa,Tombamento,Com Vítimas Feridas,Plena Noite,Decrescente,Céu Claro,Simples,Reta;Declive,Não,3.0,0.0,1.0,0.0,0.0,2.0,1.0,3.0,"-20,11382303","-44,30720801",SPRF-MG,DEL04-MG,UOP03-DEL04-MG
504849,2023-02-13,segunda-feira,06:45:00,PB,101.0,"82,5",BAYEUX,Ausência de reação do condutor,Colisão traseira,Com Vítimas Feridas,Pleno dia,Crescente,Céu Claro,Dupla,Aclive;Reta,Sim,13.0,0.0,1.0,0.0,11.0,1.0,1.0,9.0,"-7,131","-34,9332",SPRF-PB,DEL01-PB,UOP01-DEL01-PB
504850,2023-02-13,segunda-feira,07:00:00,PR,116.0,124,FAZENDA RIO GRANDE,Manobra de mudança de faixa,Colisão lateral mesmo sentido,Sem Vítimas,Pleno dia,Crescente,Nublado,Dupla,Reta,Sim,4.0,0.0,0.0,0.0,3.0,2.0,0.0,5.0,"-25,626437","-49,314697",SPRF-PR,DEL01-PR,UOP03-DEL01-PR
504851,2023-02-12,domingo,17:00:00,PR,153.0,475,PORTO VITORIA,Pista esburacada,Colisão lateral sentido oposto,Com Vítimas Feridas,Pleno dia,Crescente,Céu Claro,Simples,Reta,Não,3.0,0.0,1.0,0.0,1.0,3.0,1.0,5.0,"-26,32542196","-51,22924805",SPRF-PR,DEL02-PR,UOP03-DEL02-PR
504854,2023-02-12,domingo,23:15:00,RJ,116.0,"228,5",PIRAI,Demais falhas mecânicas ou elétricas,Incêndio,Sem Vítimas,Plena Noite,Decrescente,Céu Claro,Simples,Curva,Não,2.0,0.0,0.0,0.0,1.0,1.0,0.0,2.0,"-22,67208078","-43,81789284",SPRF-RJ,DEL07-RJ,UOP01-DEL07-RJ
504856,2023-02-13,segunda-feira,06:00:00,PR,376.0,307,MAUA DA SERRA,Ausência de reação do condutor,Tombamento,Sem Vítimas,Amanhecer,Crescente,Nublado,Dupla,Curva;Declive,Sim,2.0,0.0,0.0,0.0,1.0,2.0,0.0,3.0,"-23,9743171","-51,1035821",SPRF-PR,DEL07-PR,UOP02-DEL07-PR
504865,2023-02-13,segunda-feira,07:50:00,RS,386.0,"178,1",CARAZINHO,Reação tardia ou ineficiente do condutor,Engavetamento,Com Vítimas Feridas,Pleno dia,Decrescente,Céu Claro,Simples,Curva;Declive;Em Obras,Não,6.0,0.0,3.0,0.0,3.0,0.0,3.0,6.0,"-28,2883","-52,759373",SPRF-RS,DEL08-RS,UOP01-DEL08-RS
504869,2023-02-13,segunda-feira,09:15:00,BA,324.0,613,SALVADOR,Ultrapassagem Indevida,Colisão lateral mesmo sentido,Com Vítimas Feridas,Pleno dia,Crescente,Céu Claro,Dupla,Reta,Não,2.0,0.0,1.0,0.0,1.0,0.0,1.0,2.0,"-12,85531601","-38,42055197",SPRF-BA,DEL01-BA,UOP01-DEL01-BA
504874,2023-02-13,segunda-feira,09:50:00,RS,285.0,"380,4",SALDANHA MARINHO,Reação tardia ou ineficiente do condutor,Colisão traseira,Com Vítimas Feridas,Pleno dia,Decrescente,Sol,Simples,Reta;Aclive,Não,4.0,0.0,1.0,0.0,2.0,3.0,1.0,6.0,"-28,426985","-53,15461",SPRF-RS,DEL10-RS,UOP02-DEL10-RS
504878,2023-02-13,segunda-feira,06:30:00,MG,153.0,51,MONTE ALEGRE DE MINAS,Ausência de reação do condutor,Saída de leito carroçável,Sem Vítimas,Amanhecer,Decrescente,Céu Claro,Dupla,Curva,Não,2.0,0.0,0.0,0.0,1.0,3.0,0.0,4.0,"-18,83093899","-49,08873404",SPRF-MG,DEL15-MG,UOP03-DEL15-MG
504882,2023-02-08,quarta-feira,15:20:00,MG,153.0,104,PRATA,Pista Escorregadia,Colisão lateral sentido oposto,Com Vítimas Feridas,Pleno dia,Crescente,Chuva,Simples,Reta;Declive,Não,3.0,0.0,0.0,1.0,1.0,1.0,1.0,3.0,"-19,26347485","-48,92260343",SPRF-MG,DEL15-MG,UOP03-DEL15-MG
504883,2023-02-13,segunda-feira,07:45:00,RO,364.0,430,JARU,Acessar a via sem observar a presença dos outros veículos,Colisão traseira,Sem Vítimas,Pleno dia,Decrescente,Céu Claro,Simples,Rotatória;Interseção de Vias;Reta,Não,2.0,0.0,0.0,0.0,2.0,0.0,0.0,2.0,"-10,41098263","-62,51010043",SPRF-RO,DEL03-RO,UOP02-DEL03-RO
504887,2023-02-13,segunda-feira,11:25:00,RS,116.0,530,CAPAO DO LEAO,Acessar a via sem observar a presença dos outros veículos,Colisão transversal,Com Vítimas Feridas,Pleno dia,Crescente,Céu Claro,Simples,Interseção de Vias,Sim,3.0,0.0,2.0,0.0,1.0,0.0,2.0,2.0,"-31,7590834","-52,43687971",SPRF-RS,DEL07-RS,UOP01-DEL07-RS
504892,2023-02-13,segunda-feira,08:00:00,PE,423.0,"93,8",GARANHUNS,Acessar a via sem observar a presença dos outros veículos,Colisão transversal,Sem Vítimas,Pleno dia,Decrescente,Céu Claro,Simples,Rotatória,Sim,2.0,0.0,0.0,0.0,2.0,0.0,0.0,2.0,"-8,874732","-36,46946",SPRF-PE,DEL03-PE,UOP01-DEL03-PE
504894,2023-02-13,segunda-feira,10:55:00,CE,116.0,16,EUSEBIO,Condutor deixou de manter distância do veículo da frente,Colisão traseira,Com Vítimas Feridas,Pleno dia,Decrescente,Céu Claro,Dupla,Reta,Sim,2.0,0.0,0.0,1.0,1.0,0.0,1.0,2.0,"-3,88732794","-38,50185439",SPRF-CE,DEL01-CE,UOP02-DEL01-CE
504897,2023-02-13,segunda-feira,12:15:00,PR,277.0,"10,9",PARANAGUA,Velocidade Incompatível,Tombamento,Com Vítimas Feridas,Pleno dia,Crescente,Sol,Dupla,Retorno Regulamentado;Reta,Não,3.0,0.0,0.0,1.0,1.0,1.0,1.0,3.0,"-25,566187","-48,624023",SPRF-PR,DEL01-PR,UOP05-DEL01-PR
504907,2023-02-13,segunda-feira,12:30:00,PE,101.0,51,ABREU E LIMA,Manobra de mudança de faixa,Colisão lateral mesmo sentido,Sem Vítimas,Pleno dia,Decrescente,Céu Claro,Múltipla,Reta,Sim,3.0,0.0,0.0,0.0,2.0,1.0,0.0,3.0,"-7,9169968","-34,89689272",SPRF-PE,DEL01-PE,UOP02-DEL01-PE
504914,2023-02-13,segunda-feira,13:35:00,TO,10.0,456,PALMAS,Demais falhas mecânicas ou elétricas,Incêndio,Sem Vítimas,Pleno dia,Crescente,Sol,Dupla,Reta,Não,1.0,0.0,0.0,0.0,1.0,0.0,0.0,1.0,"-10,20863984","-48,15545194",SPRF-TO,DEL01-TO,UOP03-DEL01-TO
504915,2023-02-12,domingo,18:20:00,GO,364.0,66,CACHOEIRA ALTA,Reação tardia ou ineficiente do condutor,Saída de leito carroçável,Com Vítimas Feridas,Plena Noite,Crescente,Chuva,Simples,Reta;Aclive,Não,1.0,0.0,1.0,0.0,0.0,0.0,1.0,1.0,"-18,685423","-50,977882",SPRF-GO,DEL05-GO,UOP02-DEL05-GO
504917,2023-02-13,segunda-feira,10:40:00,SC,116.0,"107,7",MONTE CASTELO,Frear bruscamente,Tombamento,Com Vítimas Feridas,Pleno dia,Decrescente,Céu Claro,Simples,Curva;Declive,Não,2.0,0.0,1.0,0.0,0.0,1.0,1.0,2.0,"-26,75432875","-50,33254266",SPRF-SC,DEL06-SC,UOP02-DEL06-SC
504918,2023-02-13,segunda-feira,10:30:00,AM,174.0,905,MANAUS,Condutor deixou de manter distância do veículo da frente,Colisão traseira,Sem Vítimas,Pleno dia,Crescente,Nublado,Simples,Reta,Não,5.0,0.0,0.0,0.0,5.0,0.0,0.0,2.0,"-2,788977","-60,036613",SPRF-AM,DEL01-AM,UOP01-DEL01-AM
504924,2023-02-13,segunda-feira,11:40:00,RS,293.0,"117,2",PINHEIRO MACHADO,Demais falhas mecânicas ou elétricas,Incêndio,Sem Vítimas,Pleno dia,Decrescente,Sol,Simples,Declive,Não,2.0,0.0,0.0,0.0,2.0,0.0,0.0,1.0,"-31,54108727","-53,47172105",SPRF-RS,DEL11-RS,UOP03-DEL11-RS
504927,2023-02-13,segunda-feira,09:40:00,RO,364.0,298,PRESIDENTE MEDICI,Acostamento em desnível,Tombamento,Com Vítimas Feridas,Pleno dia,Crescente,Céu Claro,Simples,Reta;Declive,Não,2.0,0.0,1.0,0.0,0.0,3.0,1.0,4.0,"-11,262843","-61,90205",SPRF-RO,DEL02-RO,UOP01-DEL02-RO
504933,2023-02-13,segunda-feira,15:00:00,SE,101.0,"102,1",SAO CRISTOVAO,Manobra de mudança de faixa,Colisão traseira,Sem Vítimas,Pleno dia,Crescente,Céu Claro,Dupla,Retorno Regulamentado,Não,3.0,0.0,0.0,0.0,2.0,1.0,0.0,3.0,"-10,94880037","-37,21099182",SPRF-SE,DEL02-SE,UOP01-DEL02-SE
504937,2023-02-13,segunda-feira,15:15:00,ES,393.0,"27,3",MUQUI,Transitar na contramão,Colisão frontal,Com Vítimas Feridas,Pleno dia,Decrescente,Céu Claro,Simples,Ponte,Sim,2.0,0.0,1.0,0.0,1.0,0.0,1.0,2.0,"-20,94682922","-41,36302492",SPRF-ES,DEL03-ES,UOP02-DEL03-ES
504940,2023-02-13,segunda-feira,11:00:00,AC,364.0,122,RIO BRANCO,Entrada inopinada do pedestre,Atropelamento de Pedestre,Com Vítimas Feridas,Pleno dia,Crescente,Céu Claro,Dupla,Reta,Não,2.0,0.0,0.0,1.0,1.0,0.0,1.0,2.0,"-10,01188291","-67,773345",SPRF-AC,DEL01-AC,UOP01-DEL01-AC
504944,2023-02-02,quinta-feira,10:30:00,MG,381.0,"946,3",EXTREMA,Reação tardia ou ineficiente do condutor,Engavetamento,Com Vítimas Feridas,Pleno dia,Crescente,Nublado,Dupla,Curva;Ponte;Declive,Não,7.0,0.0,0.0,1.0,5.0,1.0,1.0,6.0,"-22,86221395","-46,34453958",SPRF-MG,DEL16-MG,UOP03-DEL16-MG
504945,2023-02-13,segunda-feira,17:10:00,RJ,116.0,141,DUQUE DE CAXIAS,Demais falhas mecânicas ou elétricas,Eventos atípicos,Com Vítimas Feridas,Pleno dia,Decrescente,Chuva,Dupla,Reta,Não,2.0,0.0,0.0,1.0,1.0,0.0,1.0,2.0,"-22,64724486","-43,22083001",SPRF-RJ,DEL01-RJ,UOP01-DEL01-RJ
504950,2023-02-13,segunda-feira,16:20:00,RS,472.0,574,URUGUAIANA,Reação tardia ou ineficiente do condutor,Colisão com objeto,Sem Vítimas,Pleno dia,Decrescente,Céu Claro,Simples,Reta,Sim,1.0,0.0,0.0,0.0,1.0,0.0,0.0,1.0,"-29,74636679","-56,98678119",SPRF-RS,DEL13-RS,UOP01-DEL13-RS
504954,2023-02-13,segunda-feira,17:25:00,RS,290.0,60,GRAVATAI,Reação tardia ou ineficiente do condutor,Colisão lateral mesmo sentido,Com Vítimas Feridas,Pleno dia,Crescente,Céu Claro,Dupla,Reta,Não,2.0,0.0,1.0,0.0,0.0,1.0,1.0,2.0,"-29,924509","-50,858528",SPRF-RS,DEL03-RS,UOP01-DEL03-RS
504957,2023-02-13,segunda-feira,17:15:00,AL,101.0,200,SAO SEBASTIAO,Desrespeitar a preferência no cruzamento,Colisão transversal,Com Vítimas Feridas,Anoitecer,Crescente,Céu Claro,Simples,Viaduto;Reta,Não,4.0,0.0,1.0,0.0,3.0,0.0,1.0,2.0,"-9,95081664","-36,54113619",SPRF-AL,DEL02-AL,UOP02-DEL02-AL
504969,2023-02-13,segunda-feira,15:20:00,MG,116.0,491,INHAPIM,Ausência de reação do condutor,Engavetamento,Com Vítimas Feridas,Pleno dia,Crescente,Céu Claro,Simples,Curva,Não,6.0,0.0,1.0,1.0,3.0,1.0,2.0,6.0,"-19,48334","-42,12988723",SPRF-MG,DEL06-MG,UOP02-DEL06-MG
504971,2023-02-13,segunda-feira,19:50:00,PR,376.0,224,CAMBIRA,Velocidade Incompatível,Saída de leito carroçável,Com Vítimas Feridas,Plena Noite,Decrescente,Chuva,Dupla,Reta;Declive,Não,1.0,0.0,0.0,1.0,0.0,0.0,1.0,1.0,"-23,59389645","-51,57860577",SPRF-PR,DEL07-PR,UOP03-DEL07-PR
504976,2023-02-13,segunda-feira,20:05:00,MG,262.0,"426,2",SAO GONCALO DO PARA,Velocidade Incompatível,Colisão traseira,Com Vítimas Feridas,Plena Noite,Decrescente,Céu Claro,Dupla,Aclive;Reta,Não,4.0,0.0,0.0,1.0,2.0,2.0,1.0,5.0,"-19,8939514","-44,84275818",SPRF-MG,DEL08-MG,UOP03-DEL08-MG
504977,2023-02-12,domingo,22:00:00,BA,116.0,"8,2",ABARE,Transitar na contramão,Colisão frontal,Com Vítimas Feridas,Plena Noite,Decrescente,Céu Claro,Simples,Reta,Não,3.0,0.0,0.0,1.0,1.0,1.0,1.0,3.0,"-8,686556","-39,26026",SPRF-PE,DEL05-PE,UOP03-DEL05-PE
504979,2023-02-13,segunda-feira,17:20:00,SC,470.0,"9,8",NAVEGANTES,Desrespeitar a preferência no cruzamento,Colisão transversal,Com Vítimas Fatais,Pleno dia,Crescente,Céu Claro,Simples,Em Obras;Interseção de Vias;Reta,Sim,2.0,1.0,0.0,0.0,1.0,0.0,0.0,2.0,"-26,833614","-48,736247",SPRF-SC,DEL04-SC,UOP04-DEL04-SC
504988,2023-02-13,segunda-feira,19:20:00,MS,163.0,"615,7",SAO GABRIEL DO OESTE,Acessar a via sem observar a presença dos outros veículos,Colisão transversal,Com Vítimas Feridas,Plena Noite,Decrescente,Nublado,Simples,Reta,Sim,3.0,0.0,1.0,0.0,1.0,2.0,1.0,4.0,"-19,39073637","-54,57060659",SPRF-MS,DEL06-MS,UOP02-DEL06-MS
504991,2023-02-13,segunda-feira,21:15:00,SC,470.0,"109,6",APIUNA,Ultrapassagem Indevida,Tombamento,Com Vítimas Feridas,Plena Noite,Crescente,Céu Claro,Simples,Curva,Sim,2.0,0.0,0.0,1.0,1.0,0.0,1.0,2.0,"-27,083876","-49,449543",SPRF-SC,DEL04-SC,UOP02-DEL04-SC
504992,2023-02-13,segunda-feira,21:45:00,ES,101.0,"72,2",SAO MATEUS,Ingestão de álcool pelo condutor,Colisão lateral sentido oposto,Com Vítimas Feridas,Plena Noite,Decrescente,Céu Claro,Simples,Reta,Não,3.0,0.0,1.0,0.0,1.0,2.0,1.0,4.0,"-18,76249002","-39,86354384",SPRF-ES,DEL04-ES,UOP02-DEL04-ES
504997,2023-02-13,segunda-feira,21:05:00,PI,343.0,272,CAMPO MAIOR,Transitar na contramão,Colisão frontal,Com Vítimas Feridas,Plena Noite,Crescente,Chuva,Simples,Curva,Não,4.0,0.0,1.0,0.0,2.0,1.0,1.0,3.0,"-4,8699952","-42,21942902",SPRF-PI,DEL01-PI,UOP03-DEL01-PI
505002,2023-02-13,segunda-feira,21:00:00,PE,101.0,106,CABO DE SANTO AGOSTINHO,Frear bruscamente,Saída de leito carroçável,Com Vítimas Feridas,Plena Noite,Decrescente,Céu Claro,Múltipla,Reta,Sim,2.0,0.0,1.0,0.0,0.0,1.0,1.0,2.0,"-8,30807754","-35,07573296",SPRF-PE,DEL01-PE,UOP03-DEL01-PE
505003,2023-02-13,segunda-feira,22:30:00,MG,153.0,"232,7",FRONTEIRA,Ultrapassagem Indevida,Colisão frontal,Com Vítimas Feridas,Plena Noite,Decrescente,Chuva,Simples,Reta,Não,8.0,0.0,0.0,6.0,1.0,1.0,6.0,3.0,"-20,24705204","-49,16684895",SPRF-MG,DEL13-MG,UOP02-DEL13-MG
505005,2023-02-13,segunda-feira,21:30:00,MG,381.0,"942,5",EXTREMA,Condutor Dormindo,Colisão traseira,Com Vítimas Feridas,Pleno dia,Decrescente,Garoa/Chuvisco,Dupla,Declive;Curva,Não,3.0,0.0,1.0,0.0,1.0,1.0,1.0,3.0,"-22,86605937","-46,34940386",SPRF-MG,DEL16-MG,UOP03-DEL16-MG
505006,2023-02-13,segunda-feira,22:40:00,SP,116.0,511,CAJATI,Ausência de reação do condutor,Colisão com objeto,Com Vítimas Fatais,Plena Noite,Decrescente,Céu Claro,Simples,Curva,Não,1.0,1.0,0.0,0.0,0.0,0.0,0.0,1.0,"-24,83558399","-48,2223738",SPRF-SP,DEL05-SP,UOP02-DEL05-SP
505007,2023-02-13,segunda-feira,22:30:00,PB,101.0,96,CONDE,Acessar a via sem observar a presença dos outros veículos,Colisão transversal,Com Vítimas Feridas,Plena Noite,Decrescente,Céu Claro,Dupla,Aclive,Não,2.0,0.0,1.0,0.0,1.0,0.0,1.0,2.0,"-7,230921","-34,921149",SPRF-PB,DEL01-PB,UOP02-DEL01-PB
505010,2023-02-13,segunda-feira,23:35:00,RJ,116.0,"284,1",BARRA MANSA,Velocidade Incompatível,Colisão traseira,Com Vítimas Feridas,Plena Noite,Decrescente,Garoa/Chuvisco,Simples,Aclive;Reta,Não,3.0,0.0,1.0,0.0,1.0,1.0,1.0,3.0,"-22,51174295","-44,21705393",SPRF-RJ,DEL07-RJ,UOP02-DEL07-RJ
505012,2023-02-14,terça-feira,00:50:00,MG,381.0,"309,5",ANTONIO DIAS,Acumulo de areia ou detritos sobre o pavimento,Colisão com objeto,Com Vítimas Feridas,Plena Noite,Crescente,Nublado,Simples,Reta;Desvio Temporário;Em Obras,Não,3.0,0.0,0.0,1.0,1.0,1.0,1.0,3.0,"-19,656227","-42,958355",SPRF-MG,DEL03-MG,UOP02-DEL03-MG
505013,2023-02-14,terça-feira,00:00:00,DF,60.0,"11,5",BRASILIA,Demais falhas mecânicas ou elétricas,Incêndio,Sem Vítimas,Plena Noite,Crescente,Céu Claro,Dupla,Reta,Sim,1.0,0.0,0.0,0.0,1.0,0.0,0.0,1.0,"-15,9133576","-48,16247463",SPRF-DF,DEL03-DF,UOP01-DEL03-DF
505014,2023-02-14,terça-feira,01:20:00,MS,163.0,"329,7",RIO BRILHANTE,Acessar a via sem observar a presença dos outros veículos,Colisão transversal,Com Vítimas Fatais,Plena Noite,Decrescente,Céu Claro,Simples,Reta,Não,5.0,1.0,0.0,0.0,1.0,3.0,0.0,4.0,"-21,73378102","-54,51255295",SPRF-MS,DEL02-MS,UOP02-DEL02-MS
505019,2023-02-13,segunda-feira,20:03:00,PR,277.0,549,CATANDUVAS,Ultrapassagem Indevida,Colisão lateral mesmo sentido,Com Vítimas Feridas,Plena Noite,Crescente,Nevoeiro/Neblina,Simples,Aclive,Não,3.0,0.0,1.0,0.0,1.0,2.0,1.0,4.0,"-25,10308056","-53,11970389",SPRF-PR,DEL04-PR,UOP04-DEL04-PR
505021,2023-02-14,terça-feira,03:40:00,RJ,101.0,394,ITAGUAI,Reação tardia ou ineficiente do condutor,Colisão traseira,Com Vítimas Fatais,Plena Noite,Decrescente,Ignorado,Dupla,Reta;Ponte,Sim,4.0,1.0,0.0,0.0,2.0,1.0,0.0,4.0,"-22,88582179","-43,71288392",SPRF-RJ,DEL03-RJ,UOP01-DEL03-RJ
505028,2023-02-13,segunda-feira,23:20:00,MG,381.0,909,CAMANDUCAIA,Demais falhas mecânicas ou elétricas,Incêndio,Sem Vítimas,Plena Noite,Crescente,Céu Claro,Dupla,Declive,Não,2.0,0.0,0.0,0.0,1.0,1.0,0.0,2.0,"-22,724494","-46,1321",SPRF-MG,DEL16-MG,UOP03-DEL16-MG
505029,2023-02-10,sexta-feira,10:35:00,BA,242.0,259,ITABERABA,Reação tardia ou ineficiente do condutor,Tombamento,Com Vítimas Feridas,Pleno dia,Decrescente,Sol,Simples,Curva,Não,2.0,0.0,1.0,0.0,0.0,2.0,1.0,3.0,"-12,477205","-40,53784",SPRF-BA,DEL06-BA,UOP02-DEL06-BA
505031,2023-01-25,quarta-feira,17:30:00,RJ,101.0,293,ITABORAI,Ausência de reação do condutor,Engavetamento,Com Vítimas Feridas,Anoitecer,Crescente,Céu Claro,Dupla,Viaduto,Não,6.0,0.0,3.0,0.0,3.0,0.0,3.0,4.0,"-22,756203","-42,88724",SPRF-RJ,DEL02-RJ,UOP02-DEL02-RJ
505056,2023-02-14,terça-feira,08:00:00,CE,116.0,"190,4",LIMOEIRO DO NORTE,Acessar a via sem observar a presença dos outros veículos,Saída de leito carroçável,Com Vítimas Feridas,Pleno dia,Crescente,Céu Claro,Simples,Interseção de Vias;Curva,Não,2.0,0.0,2.0,0.0,0.0,0.0,2.0,1.0,"-5,11745762","-38,14382945",SPRF-CE,DEL03-CE,UOP01-DEL03-CE
505059,2023-02-14,terça-feira,09:20:00,SC,101.0,"75,3",ARAQUARI,Manobra de mudança de faixa,Colisão lateral mesmo sentido,Com Vítimas Feridas,Pleno dia,Crescente,Sol,Dupla,Declive,Não,5.0,0.0,1.0,0.0,3.0,1.0,1.0,5.0,"-26,5519717","-48,71688324",SPRF-SC,DEL03-SC,UOP02-DEL03-SC
505076,2023-02-14,terça-feira,10:45:00,PR,277.0,"32,5",MORRETES,Curva acentuada,Tombamento,Com Vítimas Feridas,Pleno dia,Crescente,Céu Claro,Dupla,Curva;Aclive,Não,2.0,0.0,1.0,0.0,0.0,1.0,1.0,2.0,"-25,547373","-48,790559",SPRF-PR,DEL01-PR,UOP05-DEL01-PR
505080,2023-02-14,terça-feira,11:25:00,SP,116.0,204,GUARULHOS,Ingestão de álcool e/ou substâncias psicoativas pelo pedestre,Colisão traseira,Com Vítimas Feridas,Pleno dia,Decrescente,Sol,Múltipla,Reta,Sim,3.0,0.0,1.0,0.0,2.0,0.0,1.0,2.0,"-23,41236123","-46,35692496",SPRF-SP,DEL01-SP,UOP01-DEL01-SP
505087,2023-02-13,segunda-feira,20:50:00,BA,410.0,"14,5",TUCANO,Ausência de reação do condutor,Saída de leito carroçável,Com Vítimas Feridas,Plena Noite,Decrescente,Céu Claro,Simples,Reta,Não,2.0,0.0,1.0,0.0,0.0,2.0,1.0,3.0,"-10,8791782","-38,63936989",SPRF-BA,DEL07-BA,UOP02-DEL07-BA
505090,2023-02-14,terça-feira,12:30:00,MG,40.0,"784,1",JUIZ DE FORA,Condutor deixou de manter distância do veículo da frente,Colisão traseira,Com Vítimas Feridas,Pleno dia,Decrescente,Céu Claro,Dupla,Interseção de Vias;Curva,Sim,6.0,0.0,3.0,0.0,3.0,0.0,3.0,2.0,"-21,71178893","-43,44743099",SPRF-MG,DEL05-MG,UOP01-DEL05-MG
505097,2023-02-14,terça-feira,13:30:00,MG,40.0,674,CARANDAI,Afundamento ou ondulação no pavimento,Saída de leito carroçável,Com Vítimas Feridas,Pleno dia,Decrescente,Chuva,Simples,Reta,Não,2.0,0.0,0.0,1.0,0.0,3.0,1.0,4.0,"-21,04805781","-43,76292836",SPRF-MG,DEL05-MG,UOP02-DEL05-MG