id,data_inversa,dia_semana,horario,uf,br,km,municipio,causa_acidente,tipo_acidente,classificacao_acidente,fase_dia,sentido_via,condicao_metereologica,tipo_pista,tracado_via,uso_solo,pessoas,mortos,feridos_leves,feridos_graves,ilesos,ignorados,feridos,veiculos,latitude,longitude,regional,delegacia,uop
505100,2023-01-30,segunda-feira,15:11:00,PE,101.0,65,RECIFE,Manobra de mudança de faixa,Colisão traseira,Com Vítimas Feridas,Pleno dia,Decrescente,Céu Claro,Dupla,Reta,Sim,4.0,0.0,1.0,0.0,2.0,1.0,1.0,3.0,"-8,02478597","-34,94276635",SPRF-PE,DEL01-PE,UOP01-DEL01-PE
505103,2023-02-14,terça-feira,13:50:00,SP,116.0,"127,6",CACAPAVA,Acessar a via sem observar a presença dos outros veículos,Colisão traseira,Com Vítimas Feridas,Pleno dia,Crescente,Sol,Dupla,Retorno Regulamentado,Não,3.0,0.0,0.0,1.0,1.0,1.0,1.0,3.0,"-23,10991026","-45,70246044",SPRF-SP,DEL02-SP,UOP02-DEL02-SP
505109,2023-01-27,sexta-feira,20:30:00,AM,174.0,1064,PRESIDENTE FIGUEIREDO,Manobra de mudança de faixa,Colisão frontal,Com Vítimas Feridas,Plena Noite,Crescente,Céu Claro,Simples,Reta,Não,5.0,0.0,4.0,0.0,0.0,1.0,4.0,3.0,"-1,472094","-60,277462",SPRF-AM,DEL01-AM,UOP02-DEL01-AM
505112,2023-02-14,terça-feira,07:15:00,MT,163.0,539,DIAMANTINO,Ultrapassagem Indevida,Colisão frontal,Com Vítimas Feridas,Pleno dia,Crescente,Céu Claro,Múltipla,Curva;Declive,Não,4.0,0.0,0.0,1.0,2.0,4.0,1.0,7.0,"-14,303392","-56,140155",SPRF-MT,DEL01-MT,UOP01-DEL01-MT
505121,2023-02-14,terça-feira,10:55:00,GO,60.0,11,SANTO ANTONIO DO DESCOBERTO,Velocidade Incompatível,Colisão traseira,Com Vítimas Feridas,Pleno dia,Crescente,Céu Claro,Dupla,Curva;Declive,Não,4.0,0.0,2.0,0.0,1.0,1.0,2.0,3.0,"-16,11454249","-48,33283514",SPRF-DF,DEL03-DF,UOP01-DEL03-DF
505123,2023-02-14,terça-feira,15:00:00,BA,101.0,817,ITAMARAJU,Demais falhas na via,Tombamento,Sem Vítimas,Pleno dia,Decrescente,Céu Claro,Simples,Desvio Temporário;Em Obras;Aclive,Não,2.0,0.0,0.0,0.0,1.0,1.0,0.0,2.0,"-17,09009399","-39,5693779",SPRF-BA,DEL09-BA,UOP02-DEL09-BA
505124,2023-02-14,terça-feira,13:30:00,ES,262.0,"29,3",VIANA,Condutor deixou de manter distância do veículo da frente,Colisão traseira,Com Vítimas Feridas,Pleno dia,Crescente,Céu Claro,Simples,Curva;Declive,Não,2.0,0.0,1.0,0.0,0.0,1.0,1.0,2.0,"-20,37585099","-40,56027297",SPRF-ES,DEL01-ES,UOP01-DEL01-ES
505127,2023-02-14,terça-feira,15:00:00,PR,116.0,"28,7",CAMPINA GRANDE DO SUL,Pista Escorregadia,Colisão com objeto,Sem Vítimas,Pleno dia,Decrescente,Garoa/Chuvisco,Dupla,Curva;Declive,Não,2.0,0.0,0.0,0.0,1.0,1.0,0.0,2.0,"-25,11076293","-48,80678415",SPRF-PR,DEL01-PR,UOP02-DEL01-PR
505129,2023-02-14,terça-feira,13:50:00,PR,153.0,373,RIO AZUL,Ausência de reação do condutor,Colisão lateral mesmo sentido,Com Vítimas Feridas,Pleno dia,Decrescente,Céu Claro,Simples,Reta,Não,4.0,0.0,1.0,1.0,2.0,0.0,2.0,2.0,"-25,75354168","-50,83270701",SPRF-PR,DEL08-PR,UOP02-DEL08-PR
505134,2023-02-14,terça-feira,17:11:00,RS,158.0,345,SANTA MARIA,Reação tardia ou ineficiente do condutor,Colisão transversal,Sem Vítimas,Pleno dia,Decrescente,Chuva,Simples,Reta,Não,4.0,0.0,0.0,0.0,4.0,0.0,0.0,2.0,"-29,75141114","-53,96889692",SPRF-RS,DEL09-RS,UOP01-DEL09-RS
505135,2023-02-14,terça-feira,16:40:00,SP,116.0,"108,7",TAUBATE,Condutor deixou de manter distância do veículo da frente,Saída de leito carroçável,Com Vítimas Feridas,Pleno dia,Crescente,Nublado,Dupla,Reta,Sim,2.0,0.0,1.0,0.0,0.0,1.0,1.0,2.0,"-23,0233097","-45,53763622",SPRF-SP,DEL02-SP,UOP02-DEL02-SP
505141,2023-02-14,terça-feira,17:40:00,PB,361.0,"30,5",SANTA TERESINHA,Transitar na contramão,Colisão lateral sentido oposto,Com Vítimas Feridas,Anoitecer,Crescente,Céu Claro,Simples,Reta,Não,2.0,0.0,1.0,0.0,1.0,0.0,1.0,2.0,"-7,08699235","-37,50978695",SPRF-PB,DEL03-PB,UOP01-DEL03-PB
505143,2023-02-14,terça-feira,18:15:00,SC,101.0,"232,2",PALHOCA,Ultrapassagem Indevida,Colisão lateral mesmo sentido,Sem Vítimas,Pleno dia,Crescente,Nublado,Dupla,Reta,Não,2.0,0.0,0.0,0.0,2.0,0.0,0.0,2.0,"-27,795666","-48,638153",SPRF-SC,DEL01-SC,UOP02-DEL01-SC
505148,2023-02-14,terça-feira,17:00:00,SC,282.0,"526,8",XAXIM,Chuva,Colisão frontal,Com Vítimas Feridas,Pleno dia,Crescente,Chuva,Simples,Aclive;Curva,Não,3.0,0.0,1.0,1.0,1.0,0.0,2.0,2.0,"-26,969427","-52,57497",SPRF-SC,DEL07-SC,UOP01-DEL07-SC
505153,2023-02-14,terça-feira,14:05:00,MG,262.0,"568,3",CORREGO DANTA,Velocidade Incompatível,Colisão frontal,Com Vítimas Fatais,Pleno dia,Decrescente,Chuva,Simples,Curva,Não,3.0,1.0,0.0,0.0,1.0,3.0,0.0,5.0,"-19,74101123","-46,00623126",SPRF-MG,DEL08-MG,UOP02-DEL08-MG
505156,2023-02-14,terça-feira,19:50:00,PE,232.0,"414,1",SERRA TALHADA,Desrespeitar a preferência no cruzamento,Colisão transversal,Com Vítimas Feridas,Plena Noite,Decrescente,Céu Claro,Simples,Reta;Retorno Regulamentado,Sim,3.0,0.0,2.0,0.0,1.0,0.0,2.0,2.0,"-7,99236282","-38,33750809",SPRF-PE,DEL04-PE,UOP01-DEL04-PE
505158,2023-02-14,terça-feira,20:00:00,PR,116.0,145,MANDIRITUBA,Pedestre andava na pista,Atropelamento de Pedestre,Com Vítimas Feridas,Plena Noite,Decrescente,Chuva,Simples,Reta,Não,4.0,0.0,1.0,0.0,2.0,1.0,1.0,4.0,"-25,804667","-49,327833",SPRF-PR,DEL01-PR,UOP03-DEL01-PR
505159,2023-02-14,terça-feira,20:50:00,RS,290.0,118,ELDORADO DO SUL,Condutor Dormindo,Saída de leito carroçável,Sem Vítimas,Plena Noite,Crescente,Chuva,Simples,Reta,Não,2.0,0.0,0.0,0.0,1.0,2.0,0.0,3.0,"-30,04847","-51,387947",SPRF-RS,DEL02-RS,UOP01-DEL02-RS
505160,2023-02-14,terça-feira,15:30:00,BA,242.0,588,MUQUEM DE SAO FRANCISCO,Ultrapassagem Indevida,Colisão lateral sentido oposto,Com Vítimas Feridas,Pleno dia,Decrescente,Céu Claro,Simples,Reta,Não,6.0,0.0,4.0,2.0,0.0,0.0,6.0,2.0,"-12,17493778","-43,2572937",SPRF-BA,DEL10-BA,UOP02-DEL10-BA
505163,2023-02-14,terça-feira,17:35:00,SP,381.0,3,VARGEM,Demais falhas mecânicas ou elétricas,Eventos atípicos,Sem Vítimas,Pleno dia,Decrescente,Céu Claro,Dupla,Aclive;Reta,Não,2.0,0.0,0.0,0.0,2.0,0.0,0.0,2.0,"-22,87841483","-46,39917107",SPRF-SP,DEL03-SP,UOP02-DEL03-SP
505169,2023-02-14,terça-feira,23:00:00,BA,101.0,872,TEIXEIRA DE FREITAS,Reação tardia ou ineficiente do condutor,Saída de leito carroçável,Com Vítimas Feridas,Plena Noite,Decrescente,Céu Claro,Simples,Curva,Não,2.0,0.0,1.0,0.0,0.0,1.0,1.0,2.0,"-17,5021148","-39,70201861",SPRF-BA,DEL09-BA,UOP02-DEL09-BA
505175,2023-02-14,terça-feira,23:30:00,SP,116.0,"379,5",MIRACATU,Pedestre andava na pista,Atropelamento de Pedestre,Com Vítimas Fatais,Plena Noite,Decrescente,Garoa/Chuvisco,Dupla,Reta,Não,2.0,1.0,0.0,0.0,1.0,0.0,0.0,2.0,"-24,20982408","-47,37100817",SPRF-SP,DEL04-SP,UOP02-DEL04-SP
505178,2023-02-14,terça-feira,19:20:00,RJ,116.0,16,SAPUCAIA,Chuva,Colisão lateral sentido oposto,Com Vítimas Feridas,Plena Noite,Decrescente,Chuva,Simples,Curva,Não,3.0,0.0,1.0,0.0,1.0,2.0,1.0,4.0,"-21,97483597","-42,74723307",SPRF-RJ,DEL05-RJ,UOP01-DEL05-RJ
505179,2023-02-14,terça-feira,23:30:00,SC,470.0,"79,3",RODEIO,Ingestão de álcool pelo condutor,Colisão traseira,Com Vítimas Feridas,Plena Noite,Crescente,Nublado,Simples,Reta,Não,3.0,0.0,1.0,0.0,1.0,1.0,1.0,3.0,"-26,95022274","-49,3110511",SPRF-SC,DEL04-SC,UOP01-DEL04-SC
505180,2023-02-14,terça-feira,21:30:00,RJ,493.0,12,GUAPIMIRIM,Pista em desnível,Tombamento,Com Vítimas Feridas,Plena Noite,Decrescente,Garoa/Chuvisco,Simples,Reta,Não,3.0,0.0,1.0,0.0,1.0,1.0,1.0,2.0,"-22,68099881","-42,96670886",SPRF-RJ,DEL04-RJ,UOP02-DEL04-RJ
505183,2023-02-15,quarta-feira,00:30:00,PR,376.0,"436,9",TIBAGI,Reação tardia ou ineficiente do condutor,Saída de leito carroçável,Sem Vítimas,Plena Noite,Decrescente,Chuva,Dupla,Curva,Não,1.0,0.0,0.0,0.0,1.0,0.0,0.0,1.0,"-24,788132","-50,506725",SPRF-PR,DEL03-PR,UOP02-DEL03-PR
505184,2023-02-15,quarta-feira,01:30:00,BA,324.0,514,FEIRA DE SANTANA,Ingestão de álcool pelo condutor,Colisão lateral sentido oposto,Sem Vítimas,Plena Noite,Crescente,Céu Claro,Simples,Reta,Sim,2.0,0.0,0.0,0.0,2.0,0.0,0.0,2.0,"-12,23229233","-38,95215305",SPRF-BA,DEL02-BA,UOP01-DEL02-BA
505188,2023-02-15,quarta-feira,03:30:00,RJ,40.0,32,AREAL,Curva acentuada,Tombamento,Com Vítimas Feridas,Plena Noite,Crescente,Céu Claro,Dupla,Curva,Não,2.0,0.0,1.0,0.0,0.0,1.0,1.0,2.0,"-22,19935287","-43,15764401",SPRF-RJ,DEL05-RJ,UOP02-DEL05-RJ
505190,2023-02-15,quarta-feira,05:00:00,AL,316.0,239,ATALAIA,Condutor Dormindo,Colisão lateral sentido oposto,Sem Vítimas,Amanhecer,Decrescente,Céu Claro,Simples,Curva,Não,2.0,0.0,0.0,0.0,2.0,0.0,0.0,2.0,"-9,50625459","-36,04053891",SPRF-AL,DEL01-AL,UOP01-DEL01-AL
505192,2023-02-15,quarta-feira,05:00:00,PR,376.0,285,MAUA DA SERRA,Ausência de reação do condutor,Colisão com objeto,Sem Vítimas,Plena Noite,Decrescente,Céu Claro,Dupla,Declive;Reta,Sim,1.0,0.0,0.0,0.0,1.0,0.0,0.0,1.0,"-23,88477919","-51,23838004",SPRF-PR,DEL07-PR,UOP02-DEL07-PR
505193,2023-02-15,quarta-feira,05:00:00,MS,163.0,131,NAVIRAI,Acessar a via sem observar a presença dos outros veículos,Colisão lateral mesmo sentido,Sem Vítimas,Amanhecer,Decrescente,Nublado,Simples,Reta,Não,3.0,0.0,0.0,0.0,2.0,1.0,0.0,3.0,"-23,04066227","-54,25978117",SPRF-MS,DEL09-MS,UOP01-DEL09-MS
505200,2023-02-15,quarta-feira,07:40:00,DF,20.0,"6,3",BRASILIA,Condutor deixou de manter distância do veículo da frente,Colisão traseira,Com Vítimas Feridas,Pleno dia,Crescente,Sol,Dupla,Aclive;Reta;Retorno Regulamentado,Sim,4.0,0.0,1.0,0.0,2.0,1.0,1.0,3.0,"-15,66502361","-47,80596614",SPRF-DF,DEL02-DF,UOP01-DEL02-DF
505203,2023-02-15,quarta-feira,08:00:00,SC,282.0,"17,1",PALHOCA,Trafegar com motocicleta (ou similar) entre as faixas,Colisão transversal,Com Vítimas Feridas,Pleno dia,Crescente,Céu Claro,Simples,Reta;Interseção de Vias,Sim,2.0,0.0,1.0,0.0,1.0,0.0,1.0,2.0,"-27,665707","-48,688065",SPRF-SC,DEL01-SC,UOP02-DEL01-SC
505207,2023-02-15,quarta-feira,08:20:00,GO,60.0,95,ANAPOLIS,Acessar a via sem observar a presença dos outros veículos,Colisão lateral mesmo sentido,Com Vítimas Feridas,Pleno dia,Crescente,Céu Claro,Dupla,Retorno Regulamentado,Sim,2.0,0.0,1.0,0.0,1.0,0.0,1.0,2.0,"-16,3679","-48,939",SPRF-GO,DEL02-GO,UOP01-DEL02-GO
505212,2023-02-15,quarta-feira,08:30:00,BA,101.0,206,GOVERNADOR MANGABEIRA,Condutor deixou de manter distância do veículo da frente,Colisão traseira,Sem Vítimas,Pleno dia,Crescente,Céu Claro,Simples,Curva,Não,4.0,0.0,0.0,0.0,4.0,0.0,0.0,4.0,"-12,59652066","-39,0313413",SPRF-BA,DEL01-BA,UOP02-DEL01-BA
505221,2023-02-15,quarta-feira,08:00:00,MS,163.0,623,SAO GABRIEL DO OESTE,Demais falhas mecânicas ou elétricas,Incêndio,Sem Vítimas,Pleno dia,Decrescente,Céu Claro,Dupla,Reta,Não,3.0,0.0,0.0,0.0,2.0,1.0,0.0,2.0,"-19,33650413","-54,60399521",SPRF-MS,DEL06-MS,UOP02-DEL06-MS
505226,2023-02-15,quarta-feira,09:50:00,SC,101.0,"58,8",ARAQUARI,Manobra de mudança de faixa,Colisão lateral mesmo sentido,Sem Vítimas,Pleno dia,Crescente,Céu Claro,Dupla,Reta,Não,4.0,0.0,0.0,0.0,4.0,0.0,0.0,2.0,"-26,44025049","-48,80129043",SPRF-SC,DEL03-SC,UOP02-DEL03-SC
505228,2023-02-15,quarta-feira,09:45:00,SP,116.0,138,SAO JOSE DOS CAMPOS,Ausência de reação do condutor,Colisão traseira,Com Vítimas Feridas,Pleno dia,Crescente,Sol,Dupla,Reta,Sim,4.0,0.0,1.0,0.0,2.0,1.0,1.0,3.0,"-23,1572739","-45,79554605",SPRF-SP,DEL02-SP,UOP01-DEL02-SP
505230,2023-02-15,quarta-feira,09:20:00,PR,116.0,28,CAMPINA GRANDE DO SUL,Velocidade Incompatível,Tombamento,Com Vítimas Feridas,Pleno dia,Decrescente,Céu Claro,Dupla,Declive;Curva;Ponte,Não,2.0,0.0,1.0,0.0,0.0,1.0,1.0,2.0,"-25,11249216","-48,80375862",SPRF-PR,DEL01-PR,UOP02-DEL01-PR
505241,2023-02-15,quarta-feira,07:20:00,MG,262.0,"594,5",CAMPOS ALTOS,Pista Escorregadia,Saída de leito carroçável,Sem Vítimas,Pleno dia,Decrescente,Chuva,Simples,Reta,Não,2.0,0.0,0.0,0.0,1.0,2.0,0.0,3.0,"-19,65325753","-46,18515015",SPRF-MG,DEL08-MG,UOP02-DEL08-MG
505246,2023-02-15,quarta-feira,11:30:00,PR,277.0,"285,9",PRUDENTOPOLIS,Demais falhas mecânicas ou elétricas,Colisão com objeto,Com Vítimas Feridas,Pleno dia,Decrescente,Nublado,Simples,Curva,Não,3.0,0.0,0.0,1.0,1.0,1.0,1.0,2.0,"-25,321511","-50,967701",SPRF-PR,DEL08-PR,UOP02-DEL08-PR
505250,2023-01-26,quinta-feira,14:45:00,RS,470.0,"231,2",CARLOS BARBOSA,Reação tardia ou ineficiente do condutor,Colisão transversal,Com Vítimas Feridas,Pleno dia,Crescente,Nublado,Dupla,Reta,Sim,3.0,0.0,1.0,0.0,1.0,2.0,1.0,4.0,"-29,23579206","-51,51193423",SPRF-RS,DEL06-RS,UOP01-DEL06-RS
505255,2023-02-15,quarta-feira,06:27:00,PR,277.0,"139,5",BALSA NOVA,Manobra de mudança de faixa,Colisão lateral mesmo sentido,Sem Vítimas,Amanhecer,Decrescente,Nublado,Dupla,Curva;Declive,Não,5.0,0.0,0.0,0.0,4.0,6.0,0.0,10.0,"-25,4736097","-49,72302829",SPRF-PR,DEL03-PR,UOP03-DEL03-PR
505257,2023-02-15,quarta-feira,14:00:00,SC,101.0,134,BALNEARIO CAMBORIU,Manobra de mudança de faixa,Colisão transversal,Com Vítimas Feridas,Pleno dia,Decrescente,Nublado,Dupla,Reta,Sim,2.0,0.0,1.0,0.0,1.0,0.0,1.0,2.0,"-27,00218","-48,636433",SPRF-SC,DEL04-SC,UOP03-DEL04-SC
505259,2023-02-15,quarta-feira,12:25:00,SC,470.0,"106,3",APIUNA,Reação tardia ou ineficiente do condutor,Colisão lateral sentido oposto,Com Vítimas Feridas,Pleno dia,Decrescente,Sol,Simples,Reta;Declive,Não,4.0,0.0,1.0,1.0,1.0,1.0,2.0,3.0,"-27,073105","-49,422935",SPRF-SC,DEL04-SC,UOP02-DEL04-SC
505260,2023-02-15,quarta-feira,12:20:00,SC,101.0,"348,1",JAGUARUNA,Condutor usando celular,Saída de leito carroçável,Com Vítimas Feridas,Pleno dia,Crescente,Céu Claro,Múltipla,Aclive;Reta,Sim,3.0,0.0,1.0,0.0,0.0,3.0,1.0,4.0,"-28,58347597","-49,04978156",SPRF-SC,DEL02-SC,UOP01-DEL02-SC
505261,2023-02-15,quarta-feira,14:30:00,PE,408.0,"105,3",JABOATAO DOS GUARARAPES,Acessar a via sem observar a presença dos outros veículos,Colisão lateral mesmo sentido,Sem Vítimas,Pleno dia,Decrescente,Céu Claro,Dupla,Reta,Sim,3.0,0.0,0.0,0.0,2.0,1.0,0.0,3.0,"-8,075963","-34,992263",SPRF-PE,DEL01-PE,UOP01-DEL01-PE
505266,2023-02-15,quarta-feira,12:55:00,MG,381.0,"395,5",BOM JESUS DO AMPARO,Velocidade Incompatível,Saída de leito carroçável,Sem Vítimas,Pleno dia,Decrescente,Céu Claro,Dupla,Curva,Não,2.0,0.0,0.0,0.0,1.0,1.0,0.0,2.0,"-19,752274","-43,480167",SPRF-MG,DEL01-MG,UOP01-DEL01-MG
505269,2023-02-15,quarta-feira,14:00:00,AL,101.0,"45,6",FLEXEIRAS,Velocidade Incompatível,Colisão com objeto,Com Vítimas Feridas,Pleno dia,Decrescente,Céu Claro,Dupla,Curva,Não,2.0,0.0,1.0,0.0,0.0,1.0,1.0,2.0,"-9,20251191","-35,78756691",SPRF-AL,DEL01-AL,UOP02-DEL01-AL
505282,2023-02-15,quarta-feira,15:50:00,GO,153.0,"525,5",HIDROLANDIA,Reação tardia ou ineficiente do condutor,Colisão com objeto,Sem Vítimas,Pleno dia,Decrescente,Chuva,Dupla,Reta,Não,3.0,0.0,0.0,0.0,2.0,1.0,0.0,2.0,"-16,9288","-49,2518",SPRF-GO,DEL01-GO,UOP03-DEL01-GO
505286,2023-02-15,quarta-feira,15:50:00,BA,116.0,"719,3",MANOEL VITORINO,Velocidade Incompatível,Colisão lateral sentido oposto,Com Vítimas Fatais,Pleno dia,Crescente,Nevoeiro/Neblina,Simples,Curva;Aclive,Não,8.0,2.0,3.0,1.0,1.0,1.0,4.0,4.0,"-14,1888825","-40,26532343",SPRF-BA,DEL08-BA,UOP02-DEL08-BA
505288,2023-02-15,quarta-feira,14:50:00,PR,476.0,"317,9",PAULO FRONTIN,Velocidade Incompatível,Colisão lateral sentido oposto,Com Vítimas Feridas,Pleno dia,Crescente,Chuva,Simples,Reta;Declive,Não,4.0,0.0,0.0,1.0,2.0,4.0,1.0,7.0,"-26,048738","-50,708012",SPRF-PR,DEL02-PR,UOP03-DEL02-PR
505297,2023-02-15,quarta-feira,14:30:00,MT,364.0,309,JACIARA,Velocidade Incompatível,Saída de leito carroçável,Sem Vítimas,Pleno dia,Decrescente,Chuva,Dupla,Reta,Não,3.0,0.0,0.0,0.0,3.0,0.0,0.0,1.0,"-15,81682288","-55,22982198",SPRF-MT,DEL05-MT,UOP02-DEL05-MT
505298,2023-02-15,quarta-feira,17:44:00,AL,316.0,153,PALMEIRA DOS INDIOS,Ingestão de álcool pelo condutor,Colisão lateral mesmo sentido,Sem Vítimas,Pleno dia,Crescente,Céu Claro,Simples,Reta,Não,2.0,0.0,0.0,0.0,2.0,0.0,0.0,2.0,"-9,43107922","-36,64980109",SPRF-AL,DEL03-AL,UOP01-DEL03-AL
505301,2023-02-15,quarta-feira,17:45:00,MG,381.0,455,BELO HORIZONTE,Retorno proibido,Colisão transversal,Com Vítimas Feridas,Pleno dia,Decrescente,Céu Claro,Simples,Reta,Sim,4.0,0.0,0.0,2.0,1.0,1.0,2.0,3.0,"-19,85777408","-43,90468298",SPRF-MG,DEL01-MG,UOP01-DEL01-MG
505304,2023-02-15,quarta-feira,18:30:00,MT,163.0,539,DIAMANTINO,Afundamento ou ondulação no pavimento,Colisão lateral sentido oposto,Com Vítimas Feridas,Plena Noite,Crescente,Nublado,Simples,Reta;Declive,Não,4.0,0.0,1.0,0.0,2.0,6.0,1.0,9.0,"-14,39101303","-56,11636404",SPRF-MT,DEL01-MT,UOP01-DEL01-MT
505305,2023-01-22,domingo,11:25:00,SP,153.0,"168,6",GUAICARA,Manobra de mudança de faixa,Colisão frontal,Com Vítimas Fatais,Pleno dia,Crescente,Céu Claro,Simples,Reta;Declive,Não,5.0,1.0,0.0,0.0,3.0,5.0,0.0,8.0,"-21,57925698","-49,7840404",SPRF-SP,DEL07-SP,UOP01-DEL07-SP
505306,2023-02-15,quarta-feira,10:00:00,RJ,493.0,3,ITABORAI,Reação tardia ou ineficiente do condutor,Colisão traseira,Com Vítimas Feridas,Pleno dia,Crescente,Céu Claro,Simples,Reta,Sim,2.0,0.0,1.0,0.0,1.0,0.0,1.0,2.0,"-22,7525329","-42,94160092",SPRF-RJ,DEL02-RJ,UOP02-DEL02-RJ
505310,2023-02-15,quarta-feira,19:50:00,DF,60.0,4,BRASILIA,Manobra de mudança de faixa,Colisão traseira,Com Vítimas Feridas,Anoitecer,Crescente,Céu Claro,Dupla,Reta,Sim,3.0,0.0,1.0,0.0,2.0,0.0,1.0,2.0,"-15,892721","-48,095741",SPRF-DF,DEL03-DF,UOP01-DEL03-DF
505312,2023-02-15,quarta-feira,08:52:00,MG,381.0,"213,8",NAQUE,Mal súbito do condutor,Colisão frontal,Com Vítimas Feridas,Pleno dia,Crescente,Sol,Simples,Curva,Sim,3.0,0.0,1.0,0.0,1.0,1.0,1.0,3.0,"-19,220984","-42,320068",SPRF-MG,DEL06-MG,UOP01-DEL06-MG
505314,2023-02-15,quarta-feira,09:40:00,PR,163.0,"129,2",CAPITAO LEONIDAS MARQUES,Reação tardia ou ineficiente do condutor,Saída de leito carroçável,Com Vítimas Feridas,Pleno dia,Crescente,Nublado,Dupla,Reta,Não,2.0,0.0,1.0,0.0,0.0,2.0,1.0,3.0,"-25,56105529","-53,5809738",SPRF-PR,DEL05-PR,UOP05-DEL05-PR
505316,2023-02-15,quarta-feira,20:00:00,SC,282.0,73,RANCHO QUEIMADO,Ultrapassagem Indevida,Colisão lateral mesmo sentido,Com Vítimas Feridas,Plena Noite,Crescente,Garoa/Chuvisco,Simples,Reta,Não,4.0,0.0,1.0,0.0,3.0,0.0,1.0,2.0,"-27,681437","-49,113388",SPRF-SC,DEL01-SC,UOP03-DEL01-SC
505322,2023-02-15,quarta-feira,18:30:00,MG,354.0,705,CAXAMBU,Ausência de reação do condutor,Tombamento,Sem Vítimas,Anoitecer,Decrescente,Garoa/Chuvisco,Simples,Curva,Não,1.0,0.0,0.0,0.0,1.0,0.0,0.0,1.0,"-21,99205276","-44,9251702",SPRF-MG,DEL17-MG,UOP01-DEL17-MG
505327,2023-02-15,quarta-feira,20:30:00,AL,101.0,192,JUNQUEIRO,Manobra de mudança de faixa,Tombamento,Sem Vítimas,Plena Noite,Decrescente,Nublado,Simples,Curva,Sim,1.0,0.0,0.0,0.0,1.0,0.0,0.0,1.0,"-9,93330214","-36,47155881",SPRF-AL,DEL02-AL,UOP02-DEL02-AL
505347,2023-02-15,quarta-feira,23:15:00,SC,101.0,172,TIJUCAS,Ausência de reação do condutor,Saída de leito carroçável,Com Vítimas Feridas,Plena Noite,Decrescente,Nublado,Dupla,Reta,Não,2.0,0.0,1.0,0.0,0.0,1.0,1.0,2.0,"-27,31398818","-48,63155831",SPRF-SC,DEL04-SC,UOP03-DEL04-SC
505349,2023-02-15,quarta-feira,21:30:00,PR,476.0,347,PAULA FREITAS,Velocidade Incompatível,Colisão lateral sentido oposto,Com Vítimas Feridas,Plena Noite,Decrescente,Nublado,Simples,Curva,Não,3.0,0.0,0.0,1.0,1.0,1.0,1.0,3.0,"-26,179869","-50,950886",SPRF-PR,DEL02-PR,UOP03-DEL02-PR
505350,2023-02-15,quarta-feira,20:00:00,AC,364.0,335,MANOEL URBANO,Velocidade Incompatível,Saída de leito carroçável,Com Vítimas Feridas,Plena Noite,Decrescente,Céu Claro,Simples,Reta,Não,2.0,0.0,1.0,0.0,0.0,1.0,1.0,2.0,"-8,93305875","-69,20306284",SPRF-AC,DEL01-AC,UOP01-DEL01-AC
505356,2023-02-16,quinta-feira,02:32:00,MG,381.0,864,POUSO ALEGRE,Ausência de reação do condutor,Saída de leito carroçável,Com Vítimas Feridas,Amanhecer,Crescente,Sol,Múltipla,Aclive,Não,2.0,0.0,1.0,0.0,0.0,1.0,1.0,2.0,"-22,346852","-45,926637",SPRF-MG,DEL16-MG,UOP01-DEL16-MG
505357,2023-02-16,quinta-feira,01:30:00,MT,364.0,548,ROSARIO OESTE,Ausência de reação do condutor,Saída de leito carroçável,Com Vítimas Feridas,Plena Noite,Decrescente,Céu Claro,Dupla,Reta,Não,1.0,0.0,0.0,1.0,0.0,0.0,1.0,1.0,"-14,86197218","-56,45603069",SPRF-MT,DEL01-MT,UOP01-DEL01-MT
505360,2023-02-16,quinta-feira,03:40:00,SC,101.0,120,ITAJAI,Acessar a via sem observar a presença dos outros veículos,Colisão lateral mesmo sentido,Com Vítimas Feridas,Plena Noite,Crescente,Chuva,Múltipla,Reta;Ponte,Sim,2.0,0.0,0.0,1.0,1.0,0.0,1.0,2.0,"-26,90871531","-48,71366761",SPRF-SC,DEL04-SC,UOP04-DEL04-SC
505361,2023-02-15,quarta-feira,15:11:00,MG,365.0,421,PATOS DE MINAS,Condutor deixou de manter distância do veículo da frente,Engavetamento,Sem Vítimas,Pleno dia,Crescente,Sol,Simples,Declive;Em Obras,Não,6.0,0.0,0.0,0.0,5.0,4.0,0.0,9.0,"-18,695631","-46,59323",SPRF-MG,DEL10-MG,UOP01-DEL10-MG
505363,2023-02-16,quinta-feira,02:25:00,RJ,116.0,200,QUEIMADOS,Ausência de reação do condutor,Colisão traseira,Com Vítimas Feridas,Plena Noite,Crescente,Chuva,Dupla,Aclive,Não,3.0,0.0,2.0,0.0,0.0,1.0,2.0,2.0,"-22,7306082","-43,59401795",SPRF-RJ,DEL01-RJ,UOP03-DEL01-RJ
505367,2023-02-16,quinta-feira,04:55:00,MG,381.0,"510,4",SAO JOAQUIM DE BICAS,Condutor Dormindo,Colisão com objeto,Com Vítimas Feridas,Amanhecer,Decrescente,Nublado,Simples,Reta,Sim,3.0,0.0,1.0,0.0,1.0,2.0,1.0,4.0,"-20,05813","-44,288133",SPRF-MG,DEL04-MG,UOP03-DEL04-MG
505369,2023-02-16,quinta-feira,04:00:00,RJ,116.0,92,TERESOPOLIS,Velocidade Incompatível,Tombamento,Com Vítimas Feridas,Plena Noite,Crescente,Nublado,Simples,Curva,Não,1.0,0.0,1.0,0.0,0.0,0.0,1.0,1.0,"-22,46152095","-42,98311201",SPRF-RJ,DEL04-RJ,UOP01-DEL04-RJ