id,data_inversa,dia_semana,horario,uf,br,km,municipio,causa_acidente,tipo_acidente,classificacao_acidente,fase_dia,sentido_via,condicao_metereologica,tipo_pista,tracado_via,uso_solo,pessoas,mortos,feridos_leves,feridos_graves,ilesos,ignorados,feridos,veiculos,latitude,longitude,regional,delegacia,uop
506817,2023-02-23,quinta-feira,12:40:00,GO,414.0,402,ABADIANIA,Velocidade Incompatível,Saída de leito carroçável,Com Vítimas Feridas,Pleno dia,Crescente,Chuva,Simples,Declive;Curva,Não,1.0,0.0,0.0,1.0,0.0,0.0,1.0,1.0,"-15,99146056","-48,83559539",SPRF-GO,DEL02-GO,UOP01-DEL02-GO
506818,2023-02-23,quinta-feira,11:30:00,SC,116.0,164,PONTE ALTA DO NORTE,Carga excessiva e/ou mal acondicionada,Tombamento,Com Vítimas Feridas,Pleno dia,Crescente,Nublado,Simples,Declive;Curva,Não,2.0,0.0,1.0,0.0,0.0,1.0,1.0,2.0,"-27,14906","-50,46053",SPRF-SC,DEL05-SC,UOP03-DEL05-SC
506828,2023-02-07,terça-feira,22:00:00,PR,376.0,201,MARIALVA,Ingestão de álcool pelo condutor,Colisão lateral mesmo sentido,Sem Vítimas,Plena Noite,Crescente,Céu Claro,Múltipla,Reta,Não,3.0,0.0,0.0,0.0,2.0,2.0,0.0,4.0,"-23,5057164","-51,73923254",SPRF-PR,DEL09-PR,UOP01-DEL09-PR
506836,2023-02-23,quinta-feira,11:00:00,SC,282.0,221,LAGES,Ultrapassagem Indevida,Colisão frontal,Com Vítimas Feridas,Pleno dia,Decrescente,Nublado,Simples,Reta;Declive,Não,3.0,0.0,2.0,0.0,1.0,0.0,2.0,2.0,"-27,796358","-50,343426",SPRF-SC,DEL05-SC,UOP01-DEL05-SC
506837,2023-02-23,quinta-feira,16:00:00,PE,101.0,"42,5",IGARASSU,Entrada inopinada do pedestre,Atropelamento de Pedestre,Com Vítimas Feridas,Pleno dia,Crescente,Céu Claro,Múltipla,Reta,Sim,3.0,0.0,0.0,1.0,1.0,1.0,1.0,3.0,"-7,843645","-34,910957",SPRF-PE,DEL01-PE,UOP02-DEL01-PE
506849,2023-01-14,sábado,19:20:00,PR,116.0,143,MANDIRITUBA,Transitar na contramão,Colisão frontal,Com Vítimas Fatais,Plena Noite,Decrescente,Nublado,Simples,Reta,Não,3.0,1.0,0.0,0.0,1.0,1.0,0.0,3.0,"-25,75533595","-49,31864209",SPRF-PR,DEL01-PR,UOP03-DEL01-PR
506852,2023-02-23,quinta-feira,16:00:00,PR,373.0,360,GUARAPUAVA,Reação tardia ou ineficiente do condutor,Saída de leito carroçável,Com Vítimas Feridas,Pleno dia,Decrescente,Nublado,Simples,Reta;Aclive,Não,2.0,0.0,1.0,0.0,0.0,1.0,1.0,2.0,"-25,43294649","-51,6096282",SPRF-PR,DEL08-PR,UOP01-DEL08-PR
506854,2023-02-23,quinta-feira,16:40:00,MS,158.0,105,PARANAIBA,Transitar na contramão,Colisão frontal,Com Vítimas Fatais,Pleno dia,Crescente,Céu Claro,Simples,Reta,Não,3.0,1.0,0.0,0.0,1.0,1.0,0.0,3.0,"-19,74422301","-51,12853303",SPRF-MS,DEL08-MS,UOP01-DEL08-MS
506868,2023-02-23,quinta-feira,17:10:00,PB,104.0,"132,9",QUEIMADAS,Transitar na contramão,Colisão frontal,Com Vítimas Fatais,Pleno dia,Decrescente,Chuva,Simples,Reta;Declive,Sim,3.0,1.0,0.0,0.0,1.0,1.0,0.0,3.0,"-7,31674795","-35,89500926",SPRF-PB,DEL02-PB,UOP03-DEL02-PB
506875,2023-02-23,quinta-feira,17:00:00,RS,158.0,506,SANTANA DO LIVRAMENTO,Problema com o freio,Engavetamento,Com Vítimas Feridas,Pleno dia,Crescente,Céu Claro,Simples,Reta,Não,11.0,0.0,3.0,0.0,6.0,2.0,3.0,7.0,"-30,57369998","-55,08514007",SPRF-RS,DEL11-RS,UOP01-DEL11-RS
506878,2023-02-23,quinta-feira,19:15:00,BA,116.0,543,MILAGRES,Acessar a via sem observar a presença dos outros veículos,Colisão transversal,Com Vítimas Feridas,Plena Noite,Decrescente,Céu Claro,Simples,Reta,Não,5.0,0.0,2.0,0.0,2.0,1.0,2.0,3.0,"-12,846658","-39,840966",SPRF-BA,DEL03-BA,UOP02-DEL03-BA
506883,2023-02-23,quinta-feira,21:10:00,PE,232.0,"204,5",PESQUEIRA,Ultrapassagem Indevida,Saída de leito carroçável,Com Vítimas Feridas,Plena Noite,Crescente,Céu Claro,Simples,Reta;Declive,Não,3.0,0.0,2.0,0.0,0.0,1.0,2.0,2.0,"-8,372663","-36,648128",SPRF-PE,DEL03-PE,UOP02-DEL03-PE
506891,2023-02-23,quinta-feira,20:00:00,MG,381.0,"613,2",OLIVEIRA,Velocidade Incompatível,Saída de leito carroçável,Com Vítimas Feridas,Plena Noite,Crescente,Chuva,Dupla,Reta;Declive,Não,2.0,0.0,1.0,0.0,0.0,1.0,1.0,2.0,"-20,7275927","-44,77176647",SPRF-MG,DEL04-MG,UOP01-DEL04-MG
506892,2023-02-23,quinta-feira,23:00:00,TO,230.0,143,ARAGUATINS,Ingestão de álcool pelo condutor,Queda de ocupante de veículo,Com Vítimas Feridas,Plena Noite,Decrescente,Céu Claro,Simples,Reta,Não,3.0,0.0,0.0,1.0,1.0,1.0,1.0,2.0,"-5,72195167","-48,14072792",SPRF-TO,DEL02-TO,UOP03-DEL02-TO
506894,2023-02-23,quinta-feira,23:45:00,SC,116.0,"305,3",CAPAO ALTO,Velocidade Incompatível,Tombamento,Com Vítimas Fatais,Plena Noite,Crescente,Nublado,Simples,Declive;Curva,Não,1.0,1.0,0.0,0.0,0.0,0.0,0.0,1.0,"-28,199313","-50,727571",SPRF-SC,DEL05-SC,UOP02-DEL05-SC
506896,2023-02-23,quinta-feira,23:30:00,MT,70.0,272,PRIMAVERA DO LESTE,Ingestão de álcool pelo condutor,Colisão lateral sentido oposto,Com Vítimas Feridas,Plena Noite,Crescente,Céu Claro,Simples,Reta,Não,3.0,0.0,0.0,1.0,1.0,2.0,1.0,4.0,"-15,53758802","-54,22946999",SPRF-MT,DEL05-MT,UOP01-DEL05-MT
506898,2023-02-24,sexta-feira,02:35:00,SP,116.0,509,CAJATI,Velocidade Incompatível,Derramamento de carga,Sem Vítimas,Plena Noite,Decrescente,Céu Claro,Simples,Curva,Não,2.0,0.0,0.0,0.0,1.0,1.0,0.0,2.0,"-24,82178987","-48,21419034",SPRF-SP,DEL05-SP,UOP02-DEL05-SP
506900,2023-02-24,sexta-feira,02:15:00,MG,262.0,627,IBIA,Demais falhas mecânicas ou elétricas,Saída de leito carroçável,Sem Vítimas,Plena Noite,Decrescente,Nevoeiro/Neblina,Simples,Reta,Não,1.0,0.0,0.0,0.0,1.0,0.0,0.0,1.0,"-19,5756917","-46,43041086",SPRF-MG,DEL08-MG,UOP01-DEL08-MG
506905,2023-02-24,sexta-feira,05:30:00,SC,101.0,215,PALHOCA,Ingestão de álcool e/ou substâncias psicoativas pelo pedestre,Colisão traseira,Sem Vítimas,Amanhecer,Crescente,Céu Claro,Dupla,Reta,Não,2.0,0.0,0.0,0.0,1.0,1.0,0.0,2.0,"-27,65184843","-48,67604941",SPRF-SC,DEL01-SC,UOP02-DEL01-SC
506920,2023-02-24,sexta-feira,08:15:00,SC,101.0,217,PALHOCA,Manobra de mudança de faixa,Colisão com objeto,Com Vítimas Feridas,Pleno dia,Decrescente,Céu Claro,Múltipla,Reta,Não,2.0,0.0,0.0,1.0,1.0,0.0,1.0,2.0,"-27,65981409","-48,67747798",SPRF-SC,DEL01-SC,UOP02-DEL01-SC
506923,2023-02-24,sexta-feira,05:55:00,RS,287.0,402,SANTIAGO,Reação tardia ou ineficiente do condutor,Colisão traseira,Com Vítimas Fatais,Amanhecer,Decrescente,Nevoeiro/Neblina,Simples,Reta,Não,3.0,1.0,0.0,0.0,2.0,0.0,0.0,2.0,"-29,1516399","-54,88535023",SPRF-RS,DEL12-RS,UOP02-DEL12-RS
506924,2023-02-23,quinta-feira,20:00:00,SC,282.0,"580,2",PINHALZINHO,Condutor deixou de manter distância do veículo da frente,Colisão traseira,Com Vítimas Feridas,Plena Noite,Crescente,Chuva,Simples,Reta,Não,3.0,0.0,1.0,0.0,1.0,1.0,1.0,3.0,"-26,83669007","-52,98823859",SPRF-SC,DEL07-SC,UOP02-DEL07-SC
506929,2023-02-24,sexta-feira,08:30:00,PR,376.0,"601,9",CURITIBA,Condutor deixou de manter distância do veículo da frente,Colisão lateral mesmo sentido,Sem Vítimas,Amanhecer,Decrescente,Céu Claro,Simples,Interseção de Vias,Não,2.0,0.0,0.0,0.0,2.0,0.0,0.0,2.0,"-25,537054","-49,31404",SPRF-PR,DEL01-PR,UOP06-DEL01-PR
506930,2023-02-24,sexta-feira,09:00:00,PE,428.0,187,PETROLINA,Estacionar ou parar em local proibido,Colisão traseira,Com Vítimas Feridas,Pleno dia,Crescente,Céu Claro,Dupla,Retorno Regulamentado,Sim,3.0,0.0,1.0,0.0,1.0,2.0,1.0,4.0,"-9,35604301","-40,47854198",SPRF-PE,DEL06-PE,UOP01-DEL06-PE
506933,2023-02-24,sexta-feira,09:55:00,RJ,116.0,128,MAGE,Reação tardia ou ineficiente do condutor,Tombamento,Com Vítimas Feridas,Pleno dia,Decrescente,Céu Claro,Dupla,Reta,Sim,2.0,0.0,1.0,0.0,1.0,0.0,1.0,1.0,"-22,6657139","-43,10092001",SPRF-RJ,DEL04-RJ,UOP02-DEL04-RJ
506942,2023-02-24,sexta-feira,10:10:00,RS,386.0,"35,9",FREDERICO WESTPHALEN,Desrespeitar a preferência no cruzamento,Colisão transversal,Com Vítimas Feridas,Pleno dia,Decrescente,Chuva,Simples,Reta;Aclive,Sim,3.0,0.0,1.0,0.0,2.0,0.0,1.0,3.0,"-27,365112","-53,394897",SPRF-RS,DEL08-RS,UOP02-DEL08-RS
506946,2023-02-24,sexta-feira,10:15:00,PR,376.0,75,GUAIRACA,Acessar a via sem observar a presença dos outros veículos,Colisão transversal,Com Vítimas Feridas,Pleno dia,Crescente,Céu Claro,Simples,Reta;Interseção de Vias,Não,2.0,0.0,0.0,1.0,1.0,0.0,1.0,2.0,"-22,95601934","-52,69687272",SPRF-PR,DEL09-PR,UOP02-DEL09-PR
506947,2023-02-24,sexta-feira,10:50:00,MG,381.0,834,SAO SEBASTIAO DA BELA VISTA,Manobra de mudança de faixa,Colisão com objeto,Com Vítimas Feridas,Pleno dia,Crescente,Céu Claro,Dupla,Reta,Não,3.0,0.0,1.0,0.0,1.0,1.0,1.0,3.0,"-22,16461802","-45,83245298",SPRF-MG,DEL16-MG,UOP01-DEL16-MG
506948,2023-02-24,sexta-feira,09:40:00,RS,116.0,"417,5",CRISTAL,Ausência de reação do condutor,Colisão traseira,Com Vítimas Feridas,Pleno dia,Crescente,Nublado,Simples,Em Obras;Reta,Não,2.0,0.0,0.0,1.0,1.0,0.0,1.0,2.0,"-30,94819588","-51,95206906",SPRF-RS,DEL02-RS,UOP02-DEL02-RS
506959,2023-02-24,sexta-feira,10:10:00,CE,222.0,202,SOBRAL,Velocidade Incompatível,Tombamento,Com Vítimas Feridas,Pleno dia,Crescente,Nublado,Simples,Curva;Aclive,Não,2.0,0.0,0.0,1.0,0.0,1.0,1.0,2.0,"-3,79695907","-40,21547705",SPRF-CE,DEL04-CE,UOP01-DEL04-CE
506960,2023-02-09,quinta-feira,19:00:00,MS,163.0,"552,5",BANDEIRANTES,Animais na Pista,Atropelamento de Animal,Sem Vítimas,Plena Noite,Decrescente,Céu Claro,Simples,Aclive,Não,2.0,0.0,0.0,0.0,2.0,0.0,0.0,1.0,"-19,8857","-54,3743",SPRF-MS,DEL01-MS,UOP02-DEL01-MS
506962,2023-02-24,sexta-feira,11:25:00,RO,364.0,"238,2",CACOAL,Desrespeitar a preferência no cruzamento,Colisão lateral mesmo sentido,Sem Vítimas,Pleno dia,Decrescente,Nublado,Simples,Retorno Regulamentado,Sim,3.0,0.0,0.0,0.0,3.0,0.0,0.0,2.0,"-11,43791","-61,456714",SPRF-RO,DEL02-RO,UOP02-DEL02-RO
506968,2023-02-24,sexta-feira,13:30:00,SP,381.0,"45,1",ATIBAIA,Reação tardia ou ineficiente do condutor,Colisão traseira,Com Vítimas Fatais,Pleno dia,Decrescente,Céu Claro,Dupla,Reta;Aclive,Sim,5.0,1.0,0.0,0.0,3.0,1.0,0.0,4.0,"-23,16458615","-46,57418959",SPRF-SP,DEL03-SP,UOP01-DEL03-SP
506980,2023-02-24,sexta-feira,15:15:00,RJ,116.0,320,ITATIAIA,Ausência de reação do condutor,Colisão traseira,Sem Vítimas,Pleno dia,Decrescente,Céu Claro,Dupla,Reta,Não,3.0,0.0,0.0,0.0,2.0,2.0,0.0,4.0,"-22,47656315","-44,52710689",SPRF-RJ,DEL07-RJ,UOP02-DEL07-RJ
506982,2023-02-24,sexta-feira,15:00:00,PR,376.0,75,GUAIRACA,Reação tardia ou ineficiente do condutor,Colisão lateral sentido oposto,Sem Vítimas,Pleno dia,Crescente,Céu Claro,Simples,Reta,Não,4.0,0.0,0.0,0.0,3.0,1.0,0.0,3.0,"-22,95601934","-52,69687272",SPRF-PR,DEL09-PR,UOP02-DEL09-PR
506984,2023-02-24,sexta-feira,15:20:00,MG,153.0,130,PRATA,Ausência de reação do condutor,Colisão traseira,Com Vítimas Fatais,Pleno dia,Decrescente,Nublado,Simples,Reta,Não,3.0,1.0,0.0,0.0,1.0,1.0,0.0,3.0,"-19,483362","-48,862868",SPRF-MG,DEL15-MG,UOP03-DEL15-MG
506985,2023-02-24,sexta-feira,14:40:00,PA,316.0,"61,9",CASTANHAL,Manobra de mudança de faixa,Colisão lateral mesmo sentido,Sem Vítimas,Pleno dia,Crescente,Céu Claro,Dupla,Reta;Interseção de Vias,Sim,3.0,0.0,0.0,0.0,2.0,1.0,0.0,3.0,"-1,29686015","-47,94639002",SPRF-PA,DEL01-PA,UOP01-DEL01-PA
506987,2023-02-24,sexta-feira,14:45:00,RO,364.0,"170,3",PIMENTA BUENO,Ausência de reação do condutor,Saída de leito carroçável,Sem Vítimas,Pleno dia,Crescente,Chuva,Simples,Reta,Não,2.0,0.0,0.0,0.0,2.0,0.0,0.0,1.0,"-11,84752501","-61,01742202",SPRF-RO,DEL02-RO,UOP02-DEL02-RO
506992,2023-02-24,sexta-feira,10:30:00,BA,242.0,773,BARREIRAS,Entrada inopinada do pedestre,Atropelamento de Pedestre,Com Vítimas Feridas,Pleno dia,Decrescente,Céu Claro,Simples,Reta,Não,2.0,0.0,0.0,1.0,0.0,1.0,1.0,2.0,"-12,15890524","-44,64720601",SPRF-BA,DEL10-BA,UOP01-DEL10-BA
506994,2023-02-24,sexta-feira,14:50:00,PR,369.0,"177,5",ROLANDIA,Acessar a via sem observar a presença dos outros veículos,Colisão transversal,Com Vítimas Feridas,Pleno dia,Crescente,Garoa/Chuvisco,Simples,Reta,Sim,2.0,0.0,0.0,1.0,1.0,0.0,1.0,2.0,"-23,34293553","-51,38710141",SPRF-PR,DEL07-PR,UOP01-DEL07-PR
506999,2023-02-24,sexta-feira,15:35:00,MT,364.0,349,SANTO ANTONIO DO LEVERGER,Reação tardia ou ineficiente do condutor,Colisão traseira,Com Vítimas Feridas,Pleno dia,Crescente,Nublado,Dupla,Curva;Declive,Não,2.0,0.0,1.0,0.0,1.0,0.0,1.0,2.0,"-15,80502622","-55,5546431",SPRF-MT,DEL05-MT,UOP02-DEL05-MT
507021,2023-02-24,sexta-feira,12:30:00,GO,452.0,"145,4",BOM JESUS DE GOIAS,Pista esburacada,Saída de leito carroçável,Com Vítimas Feridas,Pleno dia,Crescente,Sol,Simples,Reta,Não,2.0,0.0,1.0,0.0,0.0,2.0,1.0,3.0,"-18,28004135","-49,62383116",SPRF-GO,DEL03-GO,UOP02-DEL03-GO
507031,2023-01-16,segunda-feira,11:00:00,MG,40.0,"564,3",NOVA LIMA,Transitar na contramão,Colisão frontal,Com Vítimas Fatais,Pleno dia,Decrescente,Céu Claro,Simples,Em Obras;Reta,Não,3.0,1.0,1.0,0.0,0.0,1.0,1.0,3.0,"-20,16504605","-43,96518599",SPRF-MG,DEL01-MG,UOP02-DEL01-MG
507036,2023-02-24,sexta-feira,11:50:00,RJ,116.0,63,TERESOPOLIS,Curva acentuada,Tombamento,Sem Vítimas,Pleno dia,Decrescente,Céu Claro,Simples,Curva,Não,2.0,0.0,0.0,0.0,1.0,2.0,0.0,3.0,"-22,26074391","-42,92305911",SPRF-RJ,DEL04-RJ,UOP01-DEL04-RJ
507051,2023-02-24,sexta-feira,16:35:00,PR,277.0,139,PALMEIRA,Manobra de mudança de faixa,Colisão lateral mesmo sentido,Com Vítimas Feridas,Pleno dia,Decrescente,Nublado,Dupla,Reta,Não,5.0,0.0,2.0,0.0,2.0,1.0,2.0,3.0,"-25,35923","-49,83488",SPRF-PR,DEL03-PR,UOP03-DEL03-PR
507052,2023-02-24,sexta-feira,20:00:00,GO,80.0,"76,2",PADRE BERNARDO,Ausência de reação do condutor,Colisão traseira,Com Vítimas Feridas,Plena Noite,Crescente,Céu Claro,Simples,Reta,Não,4.0,0.0,0.0,2.0,1.0,1.0,2.0,3.0,"-15,217149","-48,554243",SPRF-DF,DEL03-DF,UOP02-DEL03-DF
507058,2023-02-24,sexta-feira,18:40:00,TO,153.0,518,PUGMIL,Ingestão de álcool ou de substâncias psicoativas pelo pedestre,Saída de leito carroçável,Com Vítimas Feridas,Plena Noite,Crescente,Garoa/Chuvisco,Simples,Reta,Não,1.0,0.0,1.0,0.0,0.0,0.0,1.0,1.0,"-10,36226299","-48,89109713",SPRF-TO,DEL01-TO,UOP01-DEL01-TO
507059,2023-02-24,sexta-feira,23:00:00,RJ,116.0,304,RESENDE,Acumulo de água sobre o pavimento,Colisão traseira,Com Vítimas Feridas,Plena Noite,Decrescente,Chuva,Dupla,Reta,Não,3.0,0.0,1.0,0.0,2.0,0.0,1.0,2.0,"-22,4550412","-44,38649998",SPRF-RJ,DEL07-RJ,UOP02-DEL07-RJ
507064,2023-02-24,sexta-feira,23:32:00,SP,116.0,"56,2",LORENA,Condutor Dormindo,Saída de leito carroçável,Com Vítimas Feridas,Plena Noite,Crescente,Garoa/Chuvisco,Dupla,Reta,Não,1.0,0.0,1.0,0.0,0.0,0.0,1.0,1.0,"-22,76904403","-45,13040598",SPRF-SP,DEL08-SP,UOP02-DEL08-SP
507066,2023-02-25,sábado,00:50:00,MG,381.0,626,OLIVEIRA,Condutor Dormindo,Tombamento,Com Vítimas Feridas,Plena Noite,Crescente,Nublado,Dupla,Aclive;Reta,Não,2.0,0.0,1.0,0.0,0.0,1.0,1.0,2.0,"-20,828287","-44,807964",SPRF-MG,DEL04-MG,UOP01-DEL04-MG
507076,2023-02-25,sábado,02:40:00,MG,365.0,"450,3",PATROCINIO,Ingestão de álcool pelo condutor,Colisão frontal,Com Vítimas Fatais,Plena Noite,Crescente,Céu Claro,Simples,Reta,Não,2.0,1.0,0.0,0.0,1.0,0.0,0.0,2.0,"-18,8332322","-46,82735694",SPRF-MG,DEL10-MG,UOP01-DEL10-MG
507077,2023-02-25,sábado,02:00:00,SE,101.0,21,MALHADA DOS BOIS,Condutor Dormindo,Saída de leito carroçável,Com Vítimas Feridas,Plena Noite,Decrescente,Céu Claro,Dupla,Reta,Não,2.0,0.0,0.0,1.0,0.0,1.0,1.0,2.0,"-10,36933692","-36,91236318",SPRF-SE,DEL02-SE,UOP02-DEL02-SE
507079,2023-02-25,sábado,03:15:00,RS,158.0,"149,9",PANAMBI,Ingestão de álcool pelo condutor,Colisão com objeto,Sem Vítimas,Plena Noite,Decrescente,Céu Claro,Simples,Reta;Rotatória,Não,1.0,0.0,0.0,0.0,1.0,0.0,0.0,1.0,"-28,27204195","-53,48398008",SPRF-RS,DEL10-RS,UOP02-DEL10-RS
507082,2023-02-24,sexta-feira,23:10:00,SC,116.0,"61,7",PAPANDUVA,Pedestre andava na pista,Atropelamento de Pedestre,Com Vítimas Fatais,Plena Noite,Decrescente,Garoa/Chuvisco,Simples,Reta,Não,3.0,1.0,0.0,0.0,2.0,0.0,0.0,2.0,"-26,3939866","-50,225428",SPRF-SC,DEL06-SC,UOP02-DEL06-SC
507083,2023-02-25,sábado,04:45:00,MG,381.0,760,TRES CORACOES,Condutor Dormindo,Saída de leito carroçável,Com Vítimas Feridas,Plena Noite,Decrescente,Céu Claro,Dupla,Declive;Reta,Não,1.0,0.0,0.0,1.0,0.0,0.0,1.0,1.0,"-21,72400978","-45,38147537",SPRF-MG,DEL16-MG,UOP02-DEL16-MG
507086,2023-02-25,sábado,03:30:00,PE,104.0,134,QUIPAPA,Problema com o freio,Colisão traseira,Com Vítimas Feridas,Amanhecer,Crescente,Céu Claro,Simples,Reta;Declive,Sim,2.0,0.0,1.0,0.0,1.0,0.0,1.0,2.0,"-8,809525","-36,012314",SPRF-PE,DEL02-PE,UOP03-DEL02-PE
507094,2023-02-25,sábado,06:20:00,PR,277.0,157,PALMEIRA,Transitar na contramão,Colisão lateral sentido oposto,Com Vítimas Feridas,Amanhecer,Crescente,Nublado,Simples,Rotatória,Não,3.0,0.0,1.0,0.0,1.0,1.0,1.0,3.0,"-25,47289","-49,895964",SPRF-PR,DEL03-PR,UOP03-DEL03-PR
507095,2023-02-25,sábado,05:40:00,SP,116.0,551,BARRA DO TURVO,Reação tardia ou ineficiente do condutor,Saída de leito carroçável,Com Vítimas Feridas,Amanhecer,Decrescente,Céu Claro,Dupla,Declive;Curva,Não,4.0,0.0,0.0,1.0,0.0,3.0,1.0,3.0,"-24,96100521","-48,47172494",SPRF-SP,DEL05-SP,UOP02-DEL05-SP
507097,2023-02-24,sexta-feira,17:45:00,RO,364.0,"24,8",VILHENA,Acessar a via sem observar a presença dos outros veículos,Colisão lateral mesmo sentido,Com Vítimas Feridas,Anoitecer,Decrescente,Céu Claro,Simples,Reta;Declive,Não,3.0,0.0,1.0,0.0,1.0,3.0,1.0,5.0,"-12,72462637","-60,22962301",SPRF-RO,DEL04-RO,UOP01-DEL04-RO
507108,2023-02-25,sábado,05:00:00,RO,364.0,"65,8",VILHENA,Reação tardia ou ineficiente do condutor,Colisão traseira,Com Vítimas Feridas,Amanhecer,Crescente,Nevoeiro/Neblina,Dupla,Aclive,Não,4.0,0.0,2.0,0.0,1.0,3.0,2.0,5.0,"-12,50461682","-60,479963",SPRF-RO,DEL04-RO,UOP01-DEL04-RO
507115,2023-02-25,sábado,08:00:00,PI,316.0,"408,4",MARCOLANDIA,Carga excessiva e/ou mal acondicionada,Derramamento de carga,Com Vítimas Feridas,Pleno dia,Decrescente,Céu Claro,Simples,Curva,Não,3.0,0.0,1.0,1.0,0.0,1.0,2.0,2.0,"-7,39910018","-40,72817409",SPRF-PI,DEL04-PI,UOP03-DEL04-PI
507118,2023-02-25,sábado,11:40:00,SC,101.0,"407,6",ARARANGUA,Entrada inopinada do pedestre,Atropelamento de Pedestre,Com Vítimas Feridas,Pleno dia,Decrescente,Céu Claro,Dupla,Viaduto;Curva,Não,3.0,0.0,0.0,1.0,1.0,1.0,1.0,3.0,"-28,92215716","-49,4936657",SPRF-SC,DEL02-SC,UOP02-DEL02-SC
507131,2023-02-25,sábado,12:00:00,BA,101.0,725,EUNAPOLIS,Carga excessiva e/ou mal acondicionada,Derramamento de carga,Sem Vítimas,Pleno dia,Crescente,Céu Claro,Simples,Declive;Curva,Não,4.0,0.0,0.0,0.0,3.0,1.0,0.0,2.0,"-16,42289242","-39,58384752",SPRF-BA,DEL09-BA,UOP01-DEL09-BA
507132,2023-02-25,sábado,05:00:00,MA,316.0,275,BELA VISTA DO MARANHAO,Pista esburacada,Saída de leito carroçável,Sem Vítimas,Amanhecer,Crescente,Nublado,Simples,Reta,Não,1.0,0.0,0.0,0.0,0.0,1.0,0.0,1.0,"-3,724337","-45,27808",SPRF-MA,DEL02-MA,UOP01-DEL02-MA
507135,2023-02-25,sábado,08:45:00,MG,381.0,"908,2",CAMBUI,Velocidade Incompatível,Tombamento,Com Vítimas Feridas,Pleno dia,Decrescente,Céu Claro,Dupla,Curva;Declive,Não,2.0,0.0,1.0,0.0,0.0,1.0,1.0,2.0,"-22,68032867","-46,10090917",SPRF-MG,DEL16-MG,UOP03-DEL16-MG
507137,2023-02-25,sábado,14:45:00,MG,381.0,"932,4",EXTREMA,Velocidade Incompatível,Colisão com objeto,Sem Vítimas,Pleno dia,Crescente,Nublado,Múltipla,Curva,Não,2.0,0.0,0.0,0.0,1.0,1.0,0.0,2.0,"-22,81198015","-46,28431295",SPRF-MG,DEL16-MG,UOP03-DEL16-MG
507138,2023-02-25,sábado,15:00:00,RN,406.0,"128,8",TAIPU,Velocidade Incompatível,Tombamento,Com Vítimas Feridas,Pleno dia,Crescente,Sol,Simples,Curva,Não,2.0,0.0,1.0,0.0,0.0,2.0,1.0,3.0,"-5,62123","-35,609496",SPRF-RN,DEL02-RN,UOP01-DEL02-RN
507142,2023-02-25,sábado,15:10:00,MG,262.0,397,PARA DE MINAS,Acessar a via sem observar a presença dos outros veículos,Colisão transversal,Com Vítimas Feridas,Pleno dia,Crescente,Céu Claro,Dupla,Retorno Regulamentado;Reta,Não,2.0,0.0,1.0,0.0,1.0,0.0,1.0,2.0,"-19,90483585","-44,51518191",SPRF-MG,DEL01-MG,UOP03-DEL01-MG
507146,2023-02-25,sábado,15:10:00,SP,116.0,306,SAO LOURENCO DA SERRA,Reação tardia ou ineficiente do condutor,Colisão traseira,Com Vítimas Feridas,Pleno dia,Crescente,Céu Claro,Dupla,Curva;Declive,Não,3.0,0.0,1.0,0.0,1.0,1.0,1.0,3.0,"-23,8486091","-46,93801566",SPRF-SP,DEL04-SP,UOP01-DEL04-SP
507153,2023-02-24,sexta-feira,16:20:00,AC,364.0,127,RIO BRANCO,Condutor deixou de manter distância do veículo da frente,Colisão transversal,Com Vítimas Feridas,Pleno dia,Crescente,Céu Claro,Dupla,Reta,Sim,4.0,0.0,0.0,1.0,1.0,2.0,1.0,3.0,"-10,01980906","-67,81433091",SPRF-AC,DEL01-AC,UOP01-DEL01-AC
507162,2023-02-25,sábado,16:20:00,MT,163.0,855,SINOP,Desrespeitar a preferência no cruzamento,Colisão transversal,Com Vítimas Feridas,Pleno dia,Crescente,Céu Claro,Simples,Reta;Interseção de Vias,Sim,4.0,0.0,1.0,0.0,3.0,0.0,1.0,2.0,"-11,69335","-55,45144",SPRF-MT,DEL06-MT,UOP02-DEL06-MT
507164,2023-02-25,sábado,16:57:00,SC,101.0,75,ARAQUARI,Ausência de reação do condutor,Colisão lateral mesmo sentido,Sem Vítimas,Pleno dia,Crescente,Sol,Múltipla,Curva,Sim,5.0,0.0,0.0,0.0,4.0,1.0,0.0,3.0,"-26,5519717","-48,71688324",SPRF-SC,DEL03-SC,UOP02-DEL03-SC
507167,2023-02-25,sábado,16:15:00,PB,230.0,"425,6",POMBAL,Ausência de reação do condutor,Saída de leito carroçável,Com Vítimas Fatais,Pleno dia,Crescente,Céu Claro,Simples,Reta,Não,2.0,1.0,0.0,0.0,0.0,1.0,0.0,2.0,"-6,73467","-37,91525",SPRF-PB,DEL03-PB,UOP02-DEL03-PB
507168,2023-02-25,sábado,16:15:00,MG,262.0,"56,5",MANHUACU,Acessar a via sem observar a presença dos outros veículos,Colisão transversal,Com Vítimas Feridas,Pleno dia,Crescente,Céu Claro,Simples,Interseção de Vias,Sim,4.0,0.0,2.0,0.0,1.0,1.0,2.0,3.0,"-20,26638115","-42,18214384",SPRF-MG,DEL06-MG,UOP03-DEL06-MG