id,data_inversa,dia_semana,horario,uf,br,km,municipio,causa_acidente,tipo_acidente,classificacao_acidente,fase_dia,sentido_via,condicao_metereologica,tipo_pista,tracado_via,uso_solo,pessoas,mortos,feridos_leves,feridos_graves,ilesos,ignorados,feridos,veiculos,latitude,longitude,regional,delegacia,uop
507170,2023-02-25,sábado,17:20:00,MS,163.0,"392,3",NOVA ALVORADA DO SUL,Manobra de mudança de faixa,Colisão lateral sentido oposto,Com Vítimas Feridas,Pleno dia,Crescente,Céu Claro,Simples,Reta,Não,3.0,0.0,0.0,1.0,1.0,1.0,1.0,3.0,"-21,24587397","-54,45117091",SPRF-MS,DEL02-MS,UOP01-DEL02-MS
507174,2023-02-25,sábado,16:30:00,BA,101.0,873,TEIXEIRA DE FREITAS,Animais na Pista,Atropelamento de Animal,Com Vítimas Feridas,Pleno dia,Decrescente,Céu Claro,Simples,Curva,Não,3.0,0.0,1.0,0.0,2.0,0.0,1.0,2.0,"-17,5069","-39,7044",SPRF-BA,DEL09-BA,UOP02-DEL09-BA
507175,2023-02-25,sábado,19:00:00,MG,40.0,554,NOVA LIMA,Manobra de mudança de faixa,Colisão lateral mesmo sentido,Sem Vítimas,Plena Noite,Decrescente,Céu Claro,Dupla,Reta,Não,4.0,0.0,0.0,0.0,3.0,1.0,0.0,2.0,"-20,07715896","-43,98213593",SPRF-MG,DEL01-MG,UOP02-DEL01-MG
507177,2023-02-25,sábado,12:15:00,BA,242.0,248,BOA VISTA DO TUPIM,Reação tardia ou ineficiente do condutor,Colisão frontal,Com Vítimas Feridas,Pleno dia,Crescente,Céu Claro,Simples,Reta,Não,9.0,0.0,0.0,4.0,4.0,6.0,4.0,10.0,"-12,51150891","-40,45877994",SPRF-BA,DEL06-BA,UOP02-DEL06-BA
507180,2023-02-25,sábado,18:40:00,MG,50.0,21,UBERLANDIA,Velocidade Incompatível,Tombamento,Com Vítimas Feridas,Plena Noite,Decrescente,Nublado,Simples,Interseção de Vias,Sim,2.0,0.0,1.0,0.0,0.0,2.0,1.0,3.0,"-18,93803272","-48,21654797",SPRF-MG,DEL15-MG,UOP02-DEL15-MG
507182,2023-02-25,sábado,19:50:00,PR,277.0,6,PARANAGUA,Manobra de mudança de faixa,Saída de leito carroçável,Com Vítimas Feridas,Plena Noite,Crescente,Céu Claro,Dupla,Reta,Não,2.0,0.0,2.0,0.0,0.0,0.0,2.0,1.0,"-25,56706554","-48,62033844",SPRF-PR,DEL01-PR,UOP05-DEL01-PR
507187,2023-02-25,sábado,19:40:00,GO,40.0,21,LUZIANIA,Velocidade Incompatível,Colisão traseira,Com Vítimas Feridas,Plena Noite,Crescente,Céu Claro,Dupla,Reta,Sim,3.0,0.0,1.0,0.0,2.0,0.0,1.0,2.0,"-16,218542","-47,915731",SPRF-DF,DEL01-DF,UOP01-DEL01-DF
507191,2023-02-25,sábado,20:30:00,MG,40.0,"63,5",PARACATU,Acessar a via sem observar a presença dos outros veículos,Colisão transversal,Com Vítimas Fatais,Plena Noite,Decrescente,Céu Claro,Simples,Reta,Não,3.0,1.0,0.0,0.0,1.0,3.0,0.0,5.0,"-17,348804","-46,751906",SPRF-MG,DEL14-MG,UOP01-DEL14-MG
507197,2023-02-25,sábado,21:20:00,SC,101.0,364,SANGAO,Condutor deixou de manter distância do veículo da frente,Colisão traseira,Sem Vítimas,Plena Noite,Decrescente,Céu Claro,Dupla,Reta,Não,2.0,0.0,0.0,0.0,2.0,0.0,0.0,2.0,"-28,67821759","-49,13926425",SPRF-SC,DEL02-SC,UOP01-DEL02-SC
507198,2023-02-25,sábado,15:50:00,MA,10.0,"256,5",IMPERATRIZ,Acessar a via sem observar a presença dos outros veículos,Colisão transversal,Sem Vítimas,Pleno dia,Crescente,Sol,Simples,Reta,Sim,3.0,0.0,0.0,0.0,2.0,1.0,0.0,3.0,"-5,499715","-47,471836",SPRF-MA,DEL04-MA,UOP01-DEL04-MA
507202,2023-02-25,sábado,15:35:00,BA,242.0,157,RAFAEL JAMBEIRO,Manobra de mudança de faixa,Colisão lateral mesmo sentido,Sem Vítimas,Pleno dia,Decrescente,Sol,Simples,Reta,Sim,3.0,0.0,0.0,0.0,1.0,3.0,0.0,4.0,"-12,50639","-39,65481",SPRF-BA,DEL06-BA,UOP02-DEL06-BA
507203,2023-02-25,sábado,22:30:00,SC,470.0,68,INDAIAL,Ingestão de álcool pelo condutor,Colisão transversal,Sem Vítimas,Plena Noite,Decrescente,Céu Claro,Simples,Reta;Em Obras,Sim,3.0,0.0,0.0,0.0,2.0,1.0,0.0,3.0,"-26,87818064","-49,23991544",SPRF-SC,DEL04-SC,UOP01-DEL04-SC
507211,2023-02-25,sábado,20:20:00,MT,163.0,593,NOVA MUTUM,Ingestão de álcool pelo condutor,Colisão traseira,Sem Vítimas,Plena Noite,Decrescente,Chuva,Dupla,Reta;Rotatória,Não,3.0,0.0,0.0,0.0,2.0,3.0,0.0,5.0,"-13,96991203","-56,0983846",SPRF-MT,DEL01-MT,UOP01-DEL01-MT
507212,2023-02-25,sábado,17:20:00,RS,470.0,194,BENTO GONCALVES,Velocidade Incompatível,Tombamento,Com Vítimas Feridas,Pleno dia,Crescente,Nublado,Simples,Curva;Aclive,Não,2.0,0.0,1.0,0.0,1.0,0.0,1.0,1.0,"-29,05030203","-51,57387285",SPRF-RS,DEL06-RS,UOP02-DEL06-RS
507213,2023-02-25,sábado,22:15:00,BA,116.0,"320,7",ARACI,Ingestão de álcool pelo condutor,Colisão traseira,Com Vítimas Feridas,Plena Noite,Decrescente,Céu Claro,Simples,Declive;Interseção de Vias;Reta,Sim,5.0,0.0,3.0,0.0,1.0,1.0,3.0,4.0,"-11,33153721","-38,95434809",SPRF-BA,DEL02-BA,UOP01-DEL02-BA
507217,2023-02-25,sábado,23:30:00,BA,101.0,357,WENCESLAU GUIMARAES,Transitar na contramão,Colisão frontal,Com Vítimas Fatais,Plena Noite,Decrescente,Garoa/Chuvisco,Simples,Reta;Declive,Não,3.0,1.0,1.0,1.0,0.0,0.0,2.0,2.0,"-13,66632922","-39,47979927",SPRF-BA,DEL05-BA,UOP03-DEL05-BA
507233,2023-02-26,domingo,04:00:00,PE,423.0,75,JUCATI,Ausência de reação do condutor,Colisão traseira,Com Vítimas Fatais,Plena Noite,Crescente,Céu Claro,Simples,Reta,Não,2.0,1.0,0.0,0.0,0.0,1.0,0.0,2.0,"-8,72421234","-36,42879161",SPRF-PE,DEL03-PE,UOP01-DEL03-PE
507234,2023-02-26,domingo,03:50:00,PE,232.0,"136,8",CARUARU,Ingestão de álcool pelo condutor,Colisão traseira,Com Vítimas Fatais,Plena Noite,Crescente,Céu Claro,Dupla,Reta;Aclive,Não,4.0,1.0,0.0,1.0,0.0,2.0,1.0,3.0,"-8,31339932","-36,04175591",SPRF-PE,DEL02-PE,UOP01-DEL02-PE
507247,2023-02-26,domingo,02:40:00,MG,116.0,"78,5",MEDINA,Manobra de mudança de faixa,Colisão lateral mesmo sentido,Com Vítimas Feridas,Amanhecer,Crescente,Céu Claro,Simples,Curva;Declive,Não,3.0,0.0,1.0,0.0,1.0,1.0,1.0,3.0,"-16,26733792","-41,47802805",SPRF-MG,DEL11-MG,UOP02-DEL11-MG
507252,2023-02-26,domingo,06:00:00,SC,163.0,106,SAO JOSE DO CEDRO,Acessar a via sem observar a presença dos outros veículos,Colisão lateral sentido oposto,Sem Vítimas,Pleno dia,Crescente,Céu Claro,Simples,Reta,Sim,3.0,0.0,0.0,0.0,1.0,2.0,0.0,2.0,"-26,43752707","-53,51693708",SPRF-SC,DEL07-SC,UOP03-DEL07-SC
507256,2023-02-26,domingo,06:55:00,RJ,116.0,72,TERESOPOLIS,Velocidade Incompatível,Tombamento,Com Vítimas Feridas,Anoitecer,Decrescente,Nublado,Simples,Curva,Não,3.0,0.0,2.0,0.0,0.0,2.0,2.0,4.0,"-22,336229","-42,938663",SPRF-RJ,DEL04-RJ,UOP01-DEL04-RJ
507288,2023-02-26,domingo,10:00:00,MG,153.0,"30,6",CANAPOLIS,Reação tardia ou ineficiente do condutor,Saída de leito carroçável,Com Vítimas Fatais,Pleno dia,Crescente,Céu Claro,Dupla,Reta,Não,2.0,1.0,0.0,0.0,0.0,3.0,0.0,4.0,"-18,67926678","-49,15604759",SPRF-MG,DEL15-MG,UOP03-DEL15-MG
507294,2023-02-26,domingo,12:30:00,PR,277.0,656,MATELANDIA,Manobra de mudança de faixa,Colisão traseira,Com Vítimas Feridas,Pleno dia,Decrescente,Nublado,Dupla,Reta,Sim,3.0,0.0,1.0,0.0,1.0,1.0,1.0,3.0,"-25,23423637","-53,96184188",SPRF-PR,DEL05-PR,UOP02-DEL05-PR
507295,2023-02-26,domingo,12:45:00,MG,381.0,890,CAMBUI,Demais falhas mecânicas ou elétricas,Incêndio,Sem Vítimas,Pleno dia,Decrescente,Chuva,Dupla,Reta,Não,1.0,0.0,0.0,0.0,1.0,0.0,0.0,1.0,"-22,5863847","-46,0498174",SPRF-MG,DEL16-MG,UOP03-DEL16-MG
507296,2023-02-26,domingo,13:00:00,BA,324.0,583,CANDEIAS,Chuva,Colisão com objeto,Sem Vítimas,Pleno dia,Crescente,Chuva,Dupla,Reta,Não,3.0,0.0,0.0,0.0,2.0,1.0,0.0,3.0,"-12,6141891","-38,48700311",SPRF-BA,DEL01-BA,UOP01-DEL01-BA
507297,2023-02-26,domingo,08:45:00,BA,116.0,914,ENCRUZILHADA,Problema com o freio,Tombamento,Com Vítimas Feridas,Pleno dia,Decrescente,Céu Claro,Simples,Declive,Não,2.0,0.0,1.0,1.0,0.0,0.0,2.0,1.0,"-15,4677998","-41,2416051",SPRF-BA,DEL08-BA,UOP03-DEL08-BA
507313,2023-02-26,domingo,13:30:00,MG,262.0,521,LUZ,Desrespeitar a preferência no cruzamento,Colisão transversal,Com Vítimas Feridas,Pleno dia,Decrescente,Céu Claro,Simples,Interseção de Vias,Sim,5.0,0.0,3.0,0.0,1.0,2.0,3.0,5.0,"-19,7876765","-45,62916392",SPRF-MG,DEL08-MG,UOP03-DEL08-MG
507314,2023-02-26,domingo,14:30:00,MG,251.0,271,SALINAS,Transitar na contramão,Colisão frontal,Com Vítimas Fatais,Pleno dia,Decrescente,Nublado,Simples,Reta,Não,3.0,1.0,0.0,2.0,0.0,0.0,2.0,2.0,"-15,995717","-42,008101",SPRF-MG,DEL12-MG,UOP01-DEL12-MG
507318,2023-02-26,domingo,14:46:00,PE,101.0,"22,8",IGARASSU,Condutor deixou de manter distância do veículo da frente,Colisão traseira,Com Vítimas Feridas,Pleno dia,Decrescente,Céu Claro,Dupla,Aclive,Não,3.0,0.0,2.0,0.0,0.0,1.0,2.0,2.0,"-7,67583307","-34,92870811",SPRF-PE,DEL01-PE,UOP02-DEL01-PE
507319,2023-02-26,domingo,15:40:00,SP,116.0,426,JUQUIA,Ingestão de álcool pelo condutor,Engavetamento,Com Vítimas Feridas,Pleno dia,Decrescente,Céu Claro,Dupla,Reta,Não,9.0,0.0,1.0,1.0,6.0,1.0,2.0,4.0,"-24,38735659","-47,7169352",SPRF-SP,DEL05-SP,UOP01-DEL05-SP
507330,2023-02-26,domingo,12:50:00,SP,116.0,388,MIRACATU,Condutor deixou de manter distância do veículo da frente,Colisão traseira,Com Vítimas Feridas,Pleno dia,Decrescente,Céu Claro,Dupla,Reta,Não,3.0,0.0,1.0,0.0,1.0,2.0,1.0,4.0,"-24,26919492","-47,39740603",SPRF-SP,DEL04-SP,UOP02-DEL04-SP
507339,2023-02-26,domingo,16:00:00,TO,153.0,104,WANDERLANDIA,Ausência de reação do condutor,Saída de leito carroçável,Com Vítimas Feridas,Pleno dia,Crescente,Céu Claro,Dupla,Aclive,Não,2.0,0.0,0.0,1.0,0.0,1.0,1.0,2.0,"-6,91396598","-48,05057701",SPRF-TO,DEL02-TO,UOP01-DEL02-TO
507344,2023-02-26,domingo,16:30:00,MA,135.0,68,SANTA RITA,Ausência de reação do condutor,Colisão lateral sentido oposto,Com Vítimas Feridas,Pleno dia,Crescente,Nublado,Simples,Reta,Não,3.0,0.0,1.0,0.0,1.0,2.0,1.0,4.0,"-3,12384398","-44,32413425",SPRF-MA,DEL01-MA,UOP02-DEL01-MA
507359,2023-02-26,domingo,15:58:00,BA,20.0,134,SAO DESIDERIO,Reação tardia ou ineficiente do condutor,Colisão frontal,Com Vítimas Feridas,Pleno dia,Decrescente,Céu Claro,Simples,Reta,Não,5.0,0.0,1.0,1.0,2.0,1.0,2.0,3.0,"-12,703308","-45,932975",SPRF-BA,DEL10-BA,UOP01-DEL10-BA
507369,2023-02-26,domingo,20:05:00,ES,101.0,"430,9",ATILIO VIVACQUA,Demais falhas mecânicas ou elétricas,Incêndio,Sem Vítimas,Plena Noite,Decrescente,Céu Claro,Simples,Reta,Não,2.0,0.0,0.0,0.0,1.0,1.0,0.0,2.0,"-21,02753855","-41,1671887",SPRF-ES,DEL03-ES,UOP02-DEL03-ES
507370,2023-02-26,domingo,19:30:00,BA,116.0,428,FEIRA DE SANTANA,Pedestre andava na pista,Atropelamento de Pedestre,Com Vítimas Fatais,Plena Noite,Crescente,Céu Claro,Dupla,Reta;Ponte,Não,2.0,1.0,0.0,0.0,0.0,1.0,0.0,2.0,"-12,26121396","-38,98943559",SPRF-BA,DEL02-BA,UOP01-DEL02-BA
507376,2023-02-26,domingo,18:45:00,RJ,465.0,13,SEROPEDICA,Ausência de reação do condutor,Colisão traseira,Com Vítimas Feridas,Plena Noite,Decrescente,Nublado,Simples,Reta,Não,4.0,0.0,1.0,0.0,2.0,1.0,1.0,3.0,"-22,798468","-43,645508",SPRF-RJ,DEL01-RJ,UOP03-DEL01-RJ
507379,2023-02-26,domingo,16:13:00,MG,262.0,"581,9",CAMPOS ALTOS,Curva acentuada,Saída de leito carroçável,Sem Vítimas,Pleno dia,Decrescente,Céu Claro,Simples,Curva;Declive,Não,2.0,0.0,0.0,0.0,1.0,1.0,0.0,2.0,"-19,65688108","-46,06847896",SPRF-MG,DEL08-MG,UOP02-DEL08-MG
507387,2023-02-26,domingo,21:20:00,RS,116.0,2,PORTO ALEGRE,Condutor deixou de manter distância do veículo da frente,Colisão traseira,Com Vítimas Feridas,Plena Noite,Crescente,Céu Claro,Dupla,Reta;Aclive,Sim,1.0,0.0,0.0,1.0,0.0,0.0,1.0,1.0,"-30,033535","-51,230453",SPRF-RS,DEL01-RS,UOP01-DEL01-RS
507395,2023-02-26,domingo,21:10:00,SC,116.0,"258,4",LAGES,Transitar na contramão,Colisão lateral sentido oposto,Com Vítimas Feridas,Plena Noite,Crescente,Céu Claro,Simples,Reta,Não,3.0,0.0,1.0,0.0,1.0,1.0,1.0,3.0,"-27,89324692","-50,42299606",SPRF-SC,DEL05-SC,UOP02-DEL05-SC
507398,2023-02-26,domingo,21:50:00,MG,116.0,423,ALPERCATA,Ingestão de álcool pelo condutor,Colisão frontal,Com Vítimas Fatais,Plena Noite,Crescente,Céu Claro,Simples,Curva,Não,3.0,1.0,0.0,0.0,1.0,1.0,0.0,3.0,"-18,95208996","-41,95709803",SPRF-MG,DEL06-MG,UOP01-DEL06-MG
507402,2023-02-26,domingo,16:05:00,MG,251.0,266,SALINAS,Reação tardia ou ineficiente do condutor,Engavetamento,Com Vítimas Feridas,Pleno dia,Crescente,Céu Claro,Simples,Reta,Não,6.0,0.0,1.0,0.0,4.0,3.0,1.0,8.0,"-15,99628592","-41,99891799",SPRF-MG,DEL12-MG,UOP01-DEL12-MG
507414,2023-02-26,domingo,22:10:00,PR,277.0,646,CEU AZUL,Transitar na contramão,Colisão frontal,Com Vítimas Fatais,Plena Noite,Crescente,Nublado,Simples,Aclive;Reta,Não,4.0,1.0,0.0,0.0,1.0,2.0,0.0,4.0,"-25,17125351","-53,90519408",SPRF-PR,DEL05-PR,UOP02-DEL05-PR
507416,2023-02-18,sábado,10:00:00,MG,267.0,"263,1",SERITINGA,Velocidade Incompatível,Tombamento,Com Vítimas Feridas,Pleno dia,Crescente,Chuva,Simples,Curva;Declive,Não,1.0,0.0,1.0,0.0,0.0,0.0,1.0,1.0,"-21,92838125","-44,44880298",SPRF-MG,DEL17-MG,UOP01-DEL17-MG
507420,2023-02-27,segunda-feira,03:20:00,AL,316.0,"216,8",ATALAIA,Velocidade Incompatível,Saída de leito carroçável,Com Vítimas Feridas,Plena Noite,Crescente,Céu Claro,Simples,Curva,Não,1.0,0.0,1.0,0.0,0.0,0.0,1.0,1.0,"-9,50359801","-36,21487807",SPRF-AL,DEL01-AL,UOP01-DEL01-AL
507425,2023-02-27,segunda-feira,04:50:00,BA,101.0,122,ALAGOINHAS,Curva acentuada,Capotamento,Com Vítimas Feridas,Amanhecer,Crescente,Chuva,Simples,Curva,Não,2.0,0.0,1.0,1.0,0.0,0.0,2.0,1.0,"-12,17564101","-38,57512499",SPRF-BA,DEL01-BA,UOP04-DEL01-BA
507432,2023-02-27,segunda-feira,04:30:00,MT,158.0,642,NOVA XAVANTINA,Ausência de sinalização,Colisão traseira,Com Vítimas Feridas,Amanhecer,Crescente,Nublado,Simples,Reta,Não,3.0,0.0,0.0,1.0,1.0,2.0,1.0,4.0,"-14,57856201","-52,36195191",SPRF-MT,DEL07-MT,UOP02-DEL07-MT
507447,2023-02-27,segunda-feira,07:00:00,MT,364.0,405,CUIABA,Estacionar ou parar em local proibido,Colisão traseira,Com Vítimas Feridas,Pleno dia,Crescente,Céu Claro,Múltipla,Reta,Sim,3.0,0.0,1.0,0.0,1.0,1.0,1.0,3.0,"-15,64512642","-56,01100445",SPRF-MT,DEL01-MT,UOP02-DEL01-MT
507451,2023-02-27,segunda-feira,08:00:00,SC,101.0,138,BALNEARIO CAMBORIU,Reação tardia ou ineficiente do condutor,Colisão traseira,Com Vítimas Feridas,Pleno dia,Decrescente,Nublado,Múltipla,Reta,Sim,4.0,0.0,1.0,0.0,3.0,0.0,1.0,3.0,"-27,02397426","-48,60761649",SPRF-SC,DEL04-SC,UOP03-DEL04-SC
507463,2023-02-27,segunda-feira,10:15:00,SC,101.0,219,PALHOCA,Acessar a via sem observar a presença dos outros veículos,Colisão transversal,Sem Vítimas,Pleno dia,Crescente,Sol,Múltipla,Reta,Sim,3.0,0.0,0.0,0.0,2.0,1.0,0.0,3.0,"-27,68392194","-48,66710085",SPRF-SC,DEL01-SC,UOP02-DEL01-SC
507465,2023-02-27,segunda-feira,05:49:00,SP,381.0,"86,2",SAO PAULO,Pedestre andava na pista,Atropelamento de Pedestre,Com Vítimas Fatais,Pleno dia,Crescente,Céu Claro,Múltipla,Reta,Sim,3.0,1.0,0.0,0.0,1.0,1.0,0.0,3.0,"-23,469753","-46,568285",SPRF-SP,DEL03-SP,UOP01-DEL03-SP
507471,2023-02-27,segunda-feira,10:35:00,MG,50.0,164,UBERABA,Demais falhas mecânicas ou elétricas,Tombamento,Sem Vítimas,Pleno dia,Decrescente,Céu Claro,Dupla,Desvio Temporário;Em Obras;Reta,Não,2.0,0.0,0.0,0.0,1.0,3.0,0.0,4.0,"-19,6847632","-47,99273153",SPRF-MG,DEL13-MG,UOP01-DEL13-MG
507476,2023-01-20,sexta-feira,17:15:00,MG,381.0,"921,3",CAMANDUCAIA,Velocidade Incompatível,Colisão com objeto,Com Vítimas Feridas,Pleno dia,Crescente,Chuva,Dupla,Curva;Declive,Não,3.0,0.0,2.0,0.0,1.0,0.0,2.0,1.0,"-22,7680939","-46,20854399",SPRF-MG,DEL16-MG,UOP03-DEL16-MG
507477,2023-02-27,segunda-feira,07:00:00,MT,163.0,955,NOVA SANTA HELENA,Acessar a via sem observar a presença dos outros veículos,Colisão transversal,Com Vítimas Feridas,Pleno dia,Crescente,Céu Claro,Simples,Interseção de Vias;Reta;Retorno Regulamentado;Rotatória,Não,2.0,0.0,1.0,0.0,1.0,0.0,1.0,2.0,"-10,8487116","-55,18752337",SPRF-MT,DEL06-MT,UOP02-DEL06-MT
507482,2023-02-27,segunda-feira,11:00:00,SP,116.0,228,SAO PAULO,Ausência de reação do condutor,Colisão traseira,Com Vítimas Feridas,Pleno dia,Crescente,Céu Claro,Dupla,Reta,Sim,2.0,0.0,1.0,0.0,1.0,0.0,1.0,2.0,"-23,50343484","-46,56638712",SPRF-SP,DEL01-SP,UOP01-DEL01-SP
507483,2023-02-27,segunda-feira,12:00:00,SC,101.0,278,IMBITUBA,Reação tardia ou ineficiente do condutor,Colisão traseira,Com Vítimas Feridas,Pleno dia,Decrescente,Céu Claro,Múltipla,Reta,Não,2.0,0.0,1.0,0.0,1.0,0.0,1.0,2.0,"-28,17590898","-48,69503796",SPRF-SC,DEL02-SC,UOP03-DEL02-SC
507495,2023-02-27,segunda-feira,13:30:00,PR,116.0,88,PIRAQUARA,Ausência de reação do condutor,Colisão traseira,Com Vítimas Feridas,Pleno dia,Crescente,Céu Claro,Dupla,Reta,Não,2.0,0.0,1.0,0.0,1.0,0.0,1.0,2.0,"-25,44781497","-49,09096994",SPRF-PR,DEL01-PR,UOP07-DEL01-PR
507498,2023-02-27,segunda-feira,08:29:00,GO,153.0,208,URUACU,Reação tardia ou ineficiente do condutor,Colisão lateral mesmo sentido,Com Vítimas Feridas,Pleno dia,Crescente,Céu Claro,Múltipla,Declive,Não,3.0,0.0,1.0,0.0,1.0,2.0,1.0,4.0,"-14,586481","-49,161167",SPRF-GO,DEL07-GO,UOP02-DEL07-GO
507503,2023-02-27,segunda-feira,13:30:00,RO,364.0,595,ITAPUA DO OESTE,Demais falhas mecânicas ou elétricas,Incêndio,Sem Vítimas,Pleno dia,Crescente,Nublado,Simples,Reta,Não,1.0,0.0,0.0,0.0,1.0,0.0,0.0,1.0,"-9,2661799","-63,16008663",SPRF-RO,DEL01-RO,UOP04-DEL01-RO
507506,2023-02-27,segunda-feira,13:35:00,PA,163.0,305,NOVO PROGRESSO,Obras na pista,Engavetamento,Com Vítimas Feridas,Pleno dia,Crescente,Nublado,Simples,Em Obras;Aclive;Reta,Não,6.0,0.0,1.0,0.0,2.0,5.0,1.0,7.0,"-7,09945699","-55,39967098",SPRF-PA,DEL05-PA,UOP02-DEL05-PA
507510,2023-02-27,segunda-feira,03:15:00,RJ,116.0,184,NOVA IGUACU,Ausência de reação do condutor,Colisão traseira,Com Vítimas Fatais,Amanhecer,Crescente,Céu Claro,Dupla,Reta,Não,3.0,1.0,0.0,0.0,2.0,0.0,0.0,3.0,"-22,74647215","-43,44594311",SPRF-RJ,DEL01-RJ,UOP02-DEL01-RJ
507511,2023-02-27,segunda-feira,14:50:00,MG,262.0,797,UBERABA,Obras na pista,Atropelamento de Pedestre,Com Vítimas Feridas,Pleno dia,Decrescente,Céu Claro,Simples,Reta;Em Obras,Não,5.0,0.0,0.0,1.0,3.0,1.0,1.0,3.0,"-19,76934407","-47,89804799",SPRF-MG,DEL13-MG,UOP01-DEL13-MG
507512,2023-02-07,terça-feira,17:20:00,PR,277.0,649,CEU AZUL,Reação tardia ou ineficiente do condutor,Colisão traseira,Com Vítimas Feridas,Pleno dia,Crescente,Céu Claro,Simples,Reta;Aclive,Não,20.0,0.0,1.0,0.0,19.0,0.0,1.0,2.0,"-25,18405201","-53,93053899",SPRF-PR,DEL05-PR,UOP02-DEL05-PR
507515,2023-02-27,segunda-feira,15:00:00,RS,290.0,"29,7",SANTO ANTONIO DA PATRULHA,Demais falhas mecânicas ou elétricas,Colisão com objeto,Com Vítimas Feridas,Pleno dia,Decrescente,Céu Claro,Múltipla,Reta,Não,1.0,0.0,1.0,0.0,0.0,0.0,1.0,1.0,"-29,883472","-50,549804",SPRF-RS,DEL03-RS,UOP01-DEL03-RS
507517,2023-02-27,segunda-feira,15:00:00,PR,369.0,187,ARAPONGAS,Ultrapassagem Indevida,Colisão transversal,Com Vítimas Feridas,Pleno dia,Decrescente,Céu Claro,Simples,Reta,Sim,3.0,0.0,1.0,0.0,1.0,1.0,1.0,3.0,"-23,42697458","-51,4231503",SPRF-PR,DEL07-PR,UOP03-DEL07-PR
507518,2023-02-27,segunda-feira,11:45:00,RJ,393.0,"182,2",PARAIBA DO SUL,Carga excessiva e/ou mal acondicionada,Colisão transversal,Com Vítimas Feridas,Pleno dia,Decrescente,Céu Claro,Simples,Rotatória,Sim,2.0,0.0,1.0,0.0,1.0,0.0,1.0,2.0,"-22,14350794","-43,28714132",SPRF-RJ,DEL05-RJ,UOP03-DEL05-RJ
507528,2023-02-27,segunda-feira,14:45:00,GO,40.0,146,CRISTALINA,Demais falhas mecânicas ou elétricas,Incêndio,Sem Vítimas,Pleno dia,Decrescente,Céu Claro,Simples,Reta,Não,2.0,0.0,0.0,0.0,1.0,1.0,0.0,2.0,"-16,991043","-47,241572",SPRF-DF,DEL01-DF,UOP02-DEL01-DF
507529,2023-02-27,segunda-feira,16:30:00,PA,222.0,28,DOM ELISEU,Afundamento ou ondulação no pavimento,Colisão traseira,Com Vítimas Feridas,Pleno dia,Decrescente,Céu Claro,Simples,Reta;Declive,Não,3.0,0.0,1.0,0.0,1.0,1.0,1.0,3.0,"-4,31721","-47,644073",SPRF-PA,DEL02-PA,UOP02-DEL02-PA
507539,2023-02-27,segunda-feira,18:00:00,PR,369.0,163,CAMBE,Velocidade Incompatível,Colisão lateral mesmo sentido,Com Vítimas Feridas,Anoitecer,Decrescente,Céu Claro,Dupla,Declive,Não,8.0,0.0,1.0,0.0,6.0,2.0,1.0,9.0,"-23,297062","-51,276886",SPRF-PR,DEL07-PR,UOP01-DEL07-PR
507543,2023-02-27,segunda-feira,15:30:00,PR,158.0,"354,1",MARQUINHO,Demais falhas mecânicas ou elétricas,Saída de leito carroçável,Com Vítimas Feridas,Pleno dia,Crescente,Chuva,Simples,Curva,Não,1.0,0.0,1.0,0.0,0.0,0.0,1.0,1.0,"-25,04716275","-52,28384972",SPRF-PR,DEL04-PR,UOP02-DEL04-PR
507548,2023-02-27,segunda-feira,19:15:00,SC,470.0,11,NAVEGANTES,Retorno proibido,Colisão traseira,Com Vítimas Feridas,Plena Noite,Crescente,Céu Claro,Dupla,Reta,Não,5.0,0.0,0.0,2.0,2.0,1.0,2.0,4.0,"-26,834309","-48,747269",SPRF-SC,DEL04-SC,UOP04-DEL04-SC
507554,2023-02-27,segunda-feira,16:45:00,RJ,101.0,156,MACAE,Ultrapassagem Indevida,Colisão lateral sentido oposto,Com Vítimas Feridas,Pleno dia,Decrescente,Céu Claro,Simples,Reta,Não,7.0,0.0,5.0,0.0,2.0,0.0,5.0,4.0,"-22,26621639","-41,85734153",SPRF-RJ,DEL08-RJ,UOP04-DEL08-RJ
507559,2023-02-27,segunda-feira,20:20:00,SP,116.0,163,JACAREI,Ausência de reação do condutor,Colisão lateral mesmo sentido,Com Vítimas Feridas,Plena Noite,Crescente,Nublado,Dupla,Reta,Sim,3.0,0.0,1.0,0.0,2.0,0.0,1.0,2.0,"-23,28649584","-45,9919851",SPRF-SP,DEL02-SP,UOP01-DEL02-SP
507569,2023-02-27,segunda-feira,20:30:00,MG,381.0,"896,1",CAMBUI,Pedestre cruzava a pista fora da faixa,Atropelamento de Pedestre,Com Vítimas Fatais,Plena Noite,Decrescente,Céu Claro,Dupla,Reta,Não,3.0,1.0,0.0,0.0,1.0,3.0,0.0,5.0,"-22,592128","-46,054217",SPRF-MG,DEL16-MG,UOP03-DEL16-MG
507572,2023-02-27,segunda-feira,19:20:00,MT,364.0,196,RONDONOPOLIS,Deficiência do Sistema de Iluminação/Sinalização,Colisão traseira,Sem Vítimas,Plena Noite,Crescente,Nublado,Simples,Reta;Aclive,Não,2.0,0.0,0.0,0.0,1.0,1.0,0.0,2.0,"-16,51632055","-54,6074167",SPRF-MT,DEL02-MT,UOP01-DEL02-MT