id,data_inversa,dia_semana,horario,uf,br,km,municipio,causa_acidente,tipo_acidente,classificacao_acidente,fase_dia,sentido_via,condicao_metereologica,tipo_pista,tracado_via,uso_solo,pessoas,mortos,feridos_leves,feridos_graves,ilesos,ignorados,feridos,veiculos,latitude,longitude,regional,delegacia,uop
507583,2023-02-27,segunda-feira,22:20:00,PR,376.0,"168,8",MARINGA,Reação tardia ou ineficiente do condutor,Colisão traseira,Com Vítimas Feridas,Plena Noite,Decrescente,Nublado,Dupla,Reta;Aclive,Não,3.0,0.0,1.0,0.0,1.0,3.0,1.0,5.0,"-23,39684414","-52,00537948",SPRF-PR,DEL09-PR,UOP01-DEL09-PR
507584,2023-02-27,segunda-feira,22:30:00,PR,376.0,"168,8",MARINGA,Acumulo de areia ou detritos sobre o pavimento,Colisão traseira,Sem Vítimas,Plena Noite,Decrescente,Nublado,Dupla,Reta;Aclive,Não,3.0,0.0,0.0,0.0,2.0,1.0,0.0,3.0,"-23,39897221","-52,00243235",SPRF-PR,DEL09-PR,UOP01-DEL09-PR
507588,2023-02-27,segunda-feira,23:20:00,RJ,40.0,102,DUQUE DE CAXIAS,Frear bruscamente,Colisão traseira,Com Vítimas Feridas,Plena Noite,Crescente,Céu Claro,Múltipla,Reta,Sim,4.0,0.0,1.0,0.0,2.0,1.0,1.0,3.0,"-22,61089297","-43,28656077",SPRF-RJ,DEL01-RJ,UOP01-DEL01-RJ
507593,2023-02-27,segunda-feira,21:00:00,MT,364.0,617,DIAMANTINO,Manobra de mudança de faixa,Colisão lateral sentido oposto,Com Vítimas Fatais,Plena Noite,Decrescente,Nublado,Simples,Reta,Não,2.0,1.0,0.0,0.0,0.0,1.0,0.0,2.0,"-14,35969226","-56,42508388",SPRF-MT,DEL01-MT,UOP01-DEL01-MT
507596,2023-02-28,terça-feira,03:00:00,MG,262.0,"428,5",SAO GONCALO DO PARA,Ausência de reação do condutor,Colisão traseira,Com Vítimas Feridas,Plena Noite,Decrescente,Céu Claro,Dupla,Aclive,Não,3.0,0.0,0.0,1.0,1.0,4.0,1.0,6.0,"-19,89669547","-44,84988213",SPRF-MG,DEL08-MG,UOP03-DEL08-MG
507602,2023-02-28,terça-feira,03:00:00,MT,364.0,102,ALTO GARCAS,Transitar na contramão,Colisão frontal,Com Vítimas Feridas,Plena Noite,Crescente,Nublado,Simples,Reta;Declive,Não,4.0,0.0,0.0,2.0,1.0,1.0,2.0,3.0,"-16,867555","-53,892826",SPRF-MT,DEL02-MT,UOP02-DEL02-MT
507605,2023-02-28,terça-feira,06:00:00,RS,386.0,"297,1",POUSO NOVO,Ausência de reação do condutor,Colisão lateral sentido oposto,Com Vítimas Feridas,Amanhecer,Decrescente,Céu Claro,Simples,Curva,Não,5.0,0.0,3.0,0.0,1.0,2.0,3.0,5.0,"-29,14061","-52,239182",SPRF-RS,DEL04-RS,UOP01-DEL04-RS
507606,2023-02-28,terça-feira,06:44:00,PR,116.0,126,FAZENDA RIO GRANDE,Reação tardia ou ineficiente do condutor,Colisão lateral mesmo sentido,Com Vítimas Feridas,Amanhecer,Decrescente,Céu Claro,Dupla,Reta,Sim,3.0,0.0,0.0,1.0,1.0,2.0,1.0,4.0,"-25,60389895","-49,31824423",SPRF-PR,DEL01-PR,UOP03-DEL01-PR
507614,2023-02-28,terça-feira,07:30:00,GO,60.0,"2,1",SANTO ANTONIO DO DESCOBERTO,Condutor Dormindo,Saída de leito carroçável,Sem Vítimas,Pleno dia,Decrescente,Céu Claro,Dupla,Curva;Aclive,Não,1.0,0.0,0.0,0.0,1.0,0.0,0.0,1.0,"-16,07068064","-48,26499403",SPRF-DF,DEL03-DF,UOP01-DEL03-DF
507623,2023-02-28,terça-feira,07:34:00,RJ,116.0,173,SAO JOAO DE MERITI,Manobra de mudança de faixa,Colisão lateral mesmo sentido,Com Vítimas Feridas,Pleno dia,Decrescente,Céu Claro,Dupla,Reta,Sim,3.0,0.0,1.0,0.0,2.0,0.0,1.0,2.0,"-22,79810324","-43,35726614",SPRF-RJ,DEL01-RJ,UOP02-DEL01-RJ
507624,2023-02-28,terça-feira,07:00:00,RS,116.0,248,SAO LEOPOLDO,Reação tardia ou ineficiente do condutor,Colisão traseira,Com Vítimas Feridas,Pleno dia,Decrescente,Céu Claro,Dupla,Declive;Viaduto;Reta,Sim,2.0,0.0,1.0,0.0,0.0,1.0,1.0,2.0,"-29,77220035","-51,15395308",SPRF-RS,DEL01-RS,UOP02-DEL01-RS
507630,2023-02-28,terça-feira,08:20:00,MG,381.0,"873,4",ESTIVA,Velocidade Incompatível,Saída de leito carroçável,Com Vítimas Feridas,Pleno dia,Decrescente,Céu Claro,Dupla,Curva,Não,2.0,0.0,1.0,0.0,0.0,1.0,1.0,2.0,"-22,450796","-46,000139",SPRF-MG,DEL16-MG,UOP01-DEL16-MG
507632,2023-02-28,terça-feira,09:10:00,PI,343.0,12,PARNAIBA,Ausência de reação do condutor,Colisão traseira,Sem Vítimas,Pleno dia,Decrescente,Céu Claro,Dupla,Interseção de Vias,Sim,2.0,0.0,0.0,0.0,2.0,0.0,0.0,2.0,"-2,910035","-41,753662",SPRF-PI,DEL05-PI,UOP01-DEL05-PI
507633,2023-02-28,terça-feira,08:45:00,MG,381.0,892,CAMBUI,Condutor Dormindo,Saída de leito carroçável,Com Vítimas Feridas,Pleno dia,Decrescente,Céu Claro,Dupla,Reta,Não,2.0,0.0,1.0,0.0,1.0,0.0,1.0,2.0,"-22,55456007","-46,03918648",SPRF-MG,DEL16-MG,UOP03-DEL16-MG
507634,2023-02-28,terça-feira,10:15:00,MG,251.0,"473,9",FRANCISCO SA,Problema com o freio,Colisão com objeto,Com Vítimas Feridas,Pleno dia,Decrescente,Sol,Simples,Reta,Não,3.0,0.0,3.0,0.0,0.0,0.0,3.0,1.0,"-16,47012768","-43,44753404",SPRF-MG,DEL12-MG,UOP01-DEL12-MG
507642,2023-02-14,terça-feira,10:40:00,PA,163.0,576,TRAIRAO,Ultrapassagem Indevida,Colisão frontal,Com Vítimas Feridas,Pleno dia,Decrescente,Céu Claro,Simples,Declive;Curva,Não,4.0,0.0,0.0,1.0,2.0,3.0,1.0,6.0,"-5,01058521","-56,18168993",SPRF-PA,DEL05-PA,UOP02-DEL05-PA
507646,2023-02-23,quinta-feira,19:00:00,BA,101.0,836,TEIXEIRA DE FREITAS,Ausência de reação do condutor,Incêndio,Sem Vítimas,Plena Noite,Decrescente,Céu Claro,Simples,Curva,Não,1.0,0.0,0.0,0.0,0.0,1.0,0.0,1.0,"-17,40460733","-39,67407565",SPRF-BA,DEL09-BA,UOP02-DEL09-BA
507654,2023-02-28,terça-feira,12:00:00,BA,116.0,"646,6",JAGUAQUARA,Ultrapassagem Indevida,Colisão frontal,Com Vítimas Feridas,Pleno dia,Decrescente,Céu Claro,Simples,Reta,Não,4.0,0.0,1.0,1.0,1.0,1.0,2.0,3.0,"-13,632165","-40,092834",SPRF-BA,DEL03-BA,UOP01-DEL03-BA
507657,2023-02-28,terça-feira,12:10:00,MG,381.0,491,BETIM,Manobra de mudança de faixa,Colisão lateral mesmo sentido,Com Vítimas Feridas,Pleno dia,Crescente,Céu Claro,Dupla,Reta,Sim,3.0,0.0,1.0,0.0,1.0,1.0,1.0,3.0,"-19,97018187","-44,18210416",SPRF-MG,DEL01-MG,UOP03-DEL01-MG
507665,2023-02-28,terça-feira,13:30:00,ES,101.0,160,LINHARES,Mal súbito do condutor,Saída de leito carroçável,Com Vítimas Feridas,Pleno dia,Crescente,Céu Claro,Simples,Reta,Não,1.0,0.0,1.0,0.0,0.0,0.0,1.0,1.0,"-19,47662979","-40,11402541",SPRF-ES,DEL04-ES,UOP01-DEL04-ES
507669,2023-02-28,terça-feira,12:00:00,GO,364.0,230,JATAI,Demais falhas mecânicas ou elétricas,Incêndio,Sem Vítimas,Pleno dia,Decrescente,Sol,Simples,Em Obras;Aclive;Reta,Não,1.0,0.0,0.0,0.0,1.0,0.0,0.0,1.0,"-17,813993","-52,002991",SPRF-GO,DEL05-GO,UOP01-DEL05-GO
507671,2023-02-28,terça-feira,12:15:00,SC,282.0,578,VARGEAO,Condutor deixou de manter distância do veículo da frente,Engavetamento,Com Vítimas Feridas,Pleno dia,Decrescente,Céu Claro,Simples,Curva;Declive,Não,4.0,0.0,1.0,0.0,3.0,0.0,1.0,3.0,"-26,882711","-52,169197",SPRF-SC,DEL07-SC,UOP02-DEL07-SC
507674,2023-02-28,terça-feira,11:20:00,PE,232.0,"85,9",GRAVATA,Reação tardia ou ineficiente do condutor,Colisão traseira,Com Vítimas Feridas,Pleno dia,Decrescente,Céu Claro,Dupla,Curva,Não,2.0,0.0,1.0,0.0,0.0,1.0,1.0,2.0,"-8,20951081","-35,61182408",SPRF-PE,DEL02-PE,UOP02-DEL02PE
507676,2023-02-28,terça-feira,13:40:00,RS,116.0,"233,4",NOVO HAMBURGO,Ingestão de álcool pelo condutor,Colisão frontal,Com Vítimas Fatais,Pleno dia,Decrescente,Céu Claro,Simples,Curva;Aclive,Sim,4.0,1.0,2.0,0.0,1.0,0.0,2.0,3.0,"-29,6388935","-51,14202045",SPRF-RS,DEL01-RS,UOP02-DEL01-RS
507678,2023-02-28,terça-feira,10:00:00,PE,101.0,77,RECIFE,Acessar a via sem observar a presença dos outros veículos,Colisão transversal,Com Vítimas Feridas,Pleno dia,Crescente,Céu Claro,Dupla,Reta,Sim,2.0,0.0,0.0,1.0,0.0,1.0,1.0,2.0,"-8,126982","-34,94386",SPRF-PE,DEL01-PE,UOP01-DEL01-PE
507680,2023-02-28,terça-feira,13:30:00,PR,373.0,"244,2",GUAMIRANGA,Velocidade Incompatível,Saída de leito carroçável,Com Vítimas Feridas,Pleno dia,Crescente,Chuva,Dupla,Curva,Não,3.0,0.0,1.0,0.0,1.0,1.0,1.0,2.0,"-25,194","-50,787",SPRF-PR,DEL03-PR,UOP01-DEL03-PR
507688,2023-02-28,terça-feira,16:36:00,SP,116.0,214,GUARULHOS,Reação tardia ou ineficiente do condutor,Colisão traseira,Com Vítimas Feridas,Pleno dia,Decrescente,Chuva,Dupla,Reta,Sim,3.0,0.0,1.0,0.0,2.0,0.0,1.0,3.0,"-23,44333014","-46,44531294",SPRF-SP,DEL01-SP,UOP01-DEL01-SP
507690,2023-02-28,terça-feira,10:20:00,SP,116.0,425,JUQUIA,Chuva,Derramamento de carga,Sem Vítimas,Pleno dia,Crescente,Chuva,Dupla,Curva,Não,2.0,0.0,0.0,0.0,1.0,1.0,0.0,2.0,"-24,37992402","-47,71315899",SPRF-SP,DEL05-SP,UOP01-DEL05-SP
507691,2023-02-28,terça-feira,15:40:00,RJ,101.0,"268,8",RIO BONITO,Condutor deixou de manter distância do veículo da frente,Colisão lateral mesmo sentido,Sem Vítimas,Pleno dia,Decrescente,Céu Claro,Dupla,Reta,Sim,4.0,0.0,0.0,0.0,4.0,0.0,0.0,2.0,"-22,7112997","-42,66922613",SPRF-RJ,DEL02-RJ,UOP03-DEL02-RJ
507695,2023-02-28,terça-feira,16:40:00,RJ,101.0,262,RIO BONITO,Entrada inopinada do pedestre,Atropelamento de Pedestre,Com Vítimas Feridas,Pleno dia,Crescente,Sol,Dupla,Reta,Não,4.0,0.0,1.0,0.0,1.0,2.0,1.0,3.0,"-22,71367506","-42,62052996",SPRF-RJ,DEL02-RJ,UOP03-DEL02-RJ
507699,2023-02-28,terça-feira,14:30:00,MG,153.0,"46,6",CANAPOLIS,Velocidade Incompatível,Colisão lateral mesmo sentido,Com Vítimas Feridas,Pleno dia,Decrescente,Céu Claro,Dupla,Declive;Em Obras;Reta,Não,9.0,0.0,1.0,2.0,1.0,5.0,3.0,6.0,"-18,7877321","-49,08400664",SPRF-MG,DEL15-MG,UOP03-DEL15-MG
507707,2023-02-28,terça-feira,17:10:00,MG,381.0,479,CONTAGEM,Ausência de reação do condutor,Colisão lateral mesmo sentido,Com Vítimas Feridas,Pleno dia,Crescente,Céu Claro,Múltipla,Reta,Não,3.0,0.0,0.0,1.0,2.0,0.0,1.0,3.0,"-19,95889605","-44,069202",SPRF-MG,DEL01-MG,UOP03-DEL01-MG
507711,2023-02-28,terça-feira,17:47:00,DF,20.0,"9,5",BRASILIA,Chuva,Tombamento,Com Vítimas Feridas,Pleno dia,Decrescente,Céu Claro,Dupla,Reta,Sim,1.0,0.0,1.0,0.0,0.0,0.0,1.0,1.0,"-15,654671","-47,782917",SPRF-DF,DEL02-DF,UOP01-DEL02-DF
507712,2023-02-28,terça-feira,17:30:00,RS,158.0,324,SANTA MARIA,Ausência de reação do condutor,Colisão lateral mesmo sentido,Com Vítimas Feridas,Pleno dia,Decrescente,Céu Claro,Dupla,Reta,Sim,4.0,0.0,1.0,0.0,2.0,1.0,1.0,3.0,"-29,70414522","-53,7955231",SPRF-RS,DEL09-RS,UOP01-DEL09-RS
507714,2023-02-28,terça-feira,16:45:00,MT,163.0,816,SINOP,Acessar a via sem observar a presença dos outros veículos,Colisão transversal,Com Vítimas Feridas,Pleno dia,Crescente,Nublado,Simples,Reta;Retorno Regulamentado,Não,4.0,0.0,2.0,0.0,2.0,0.0,2.0,2.0,"-12,02571098","-55,5172956",SPRF-MT,DEL06-MT,UOP02-DEL06-MT
507721,2023-02-28,terça-feira,19:00:00,BA,116.0,677,JEQUIE,Velocidade Incompatível,Engavetamento,Com Vítimas Feridas,Pleno dia,Crescente,Céu Claro,Simples,Reta,Não,5.0,0.0,1.0,0.0,3.0,4.0,1.0,7.0,"-13,84119991","-40,10941016",SPRF-BA,DEL03-BA,UOP01-DEL03-BA
507723,2023-02-28,terça-feira,17:58:00,SC,116.0,258,CAPAO ALTO,Acessar a via sem observar a presença dos outros veículos,Colisão lateral mesmo sentido,Com Vítimas Feridas,Anoitecer,Decrescente,Céu Claro,Simples,Declive;Curva,Não,4.0,0.0,1.0,0.0,2.0,1.0,1.0,3.0,"-27,89324692","-50,42299606",SPRF-SC,DEL05-SC,UOP02-DEL05-SC
507726,2023-02-27,segunda-feira,13:00:00,GO,158.0,7,ARAGARCAS,Demais falhas mecânicas ou elétricas,Incêndio,Sem Vítimas,Pleno dia,Crescente,Céu Claro,Simples,Curva,Não,2.0,0.0,0.0,0.0,1.0,3.0,0.0,4.0,"-15,92741199","-52,21101387",SPRF-GO,DEL04-GO,UOP02-DEL04-GO
507729,2023-02-28,terça-feira,08:40:00,MA,230.0,"361,5",SAO RAIMUNDO DAS MANGABEIRAS,Acostamento em desnível,Tombamento,Com Vítimas Fatais,Pleno dia,Crescente,Céu Claro,Simples,Reta,Não,4.0,1.0,0.0,0.0,2.0,5.0,0.0,8.0,"-7,21414714","-45,83724395",SPRF-MA,DEL05-MA,UOP01-DEL05-MA
507730,2023-02-28,terça-feira,19:00:00,RS,293.0,"32,7",CAPAO DO LEAO,Ausência de reação do condutor,Saída de leito carroçável,Com Vítimas Feridas,Plena Noite,Crescente,Céu Claro,Simples,Reta;Declive,Não,2.0,0.0,1.0,0.0,0.0,1.0,1.0,2.0,"-31,73056539","-52,64363696",SPRF-RS,DEL07-RS,UOP01-DEL07-RS
507732,2023-02-28,terça-feira,19:20:00,PR,376.0,"1,8",APUCARANA,Transitar na contramão,Colisão frontal,Com Vítimas Fatais,Anoitecer,Crescente,Garoa/Chuvisco,Simples,Reta;Declive,Sim,3.0,1.0,0.0,0.0,1.0,1.0,0.0,3.0,"-23,5513","-51,461266",SPRF-PR,DEL07-PR,UOP03-DEL07-PR
507733,2023-02-28,terça-feira,17:24:00,MA,10.0,"257,9",IMPERATRIZ,Acessar a via sem observar a presença dos outros veículos,Colisão lateral mesmo sentido,Com Vítimas Fatais,Anoitecer,Crescente,Céu Claro,Simples,Reta,Sim,2.0,1.0,0.0,0.0,1.0,0.0,0.0,2.0,"-5,490634","-47,471973",SPRF-MA,DEL04-MA,UOP01-DEL04-MA
507741,2023-02-28,terça-feira,17:00:00,SC,101.0,"273,3",IMBITUBA,Ausência de reação do condutor,Colisão lateral mesmo sentido,Com Vítimas Feridas,Pleno dia,Crescente,Nublado,Dupla,Reta,Não,10.0,0.0,2.0,1.0,6.0,2.0,3.0,4.0,"-28,129852","-48,69322",SPRF-SC,DEL02-SC,UOP03-DEL02-SC
507745,2023-02-28,terça-feira,20:40:00,GO,60.0,176,ABADIA DE GOIAS,Ausência de reação do condutor,Colisão traseira,Sem Vítimas,Plena Noite,Decrescente,Céu Claro,Dupla,Aclive;Reta,Não,2.0,0.0,0.0,0.0,2.0,0.0,0.0,2.0,"-16,7563","-49,4402",SPRF-GO,DEL01-GO,UOP02-DEL01-GO
507748,2023-02-28,terça-feira,15:10:00,BA,20.0,145,SAO DESIDERIO,Reação tardia ou ineficiente do condutor,Colisão frontal,Com Vítimas Fatais,Pleno dia,Crescente,Chuva,Simples,Declive,Não,3.0,1.0,0.0,1.0,0.0,1.0,1.0,3.0,"-12,68463843","-45,93074799",SPRF-BA,DEL10-BA,UOP01-DEL10-BA
507751,2023-02-28,terça-feira,16:45:00,PA,163.0,"898,7",BELTERRA,Condutor Dormindo,Colisão frontal,Com Vítimas Feridas,Pleno dia,Crescente,Céu Claro,Simples,Declive,Não,3.0,0.0,2.0,0.0,1.0,0.0,2.0,2.0,"-3,25436299","-54,94566904",SPRF-PA,DEL05-PA,UOP01-DEL05-PA
507757,2023-02-28,terça-feira,19:30:00,MG,262.0,"46,4",MANHUACU,Demais falhas mecânicas ou elétricas,Colisão traseira,Com Vítimas Feridas,Plena Noite,Crescente,Nublado,Simples,Aclive;Curva,Não,4.0,0.0,1.0,0.0,2.0,1.0,1.0,4.0,"-20,26333304","-42,10566505",SPRF-MG,DEL06-MG,UOP03-DEL06-MG
507759,2023-02-28,terça-feira,16:10:00,MG,116.0,634,DIVINO,Demais falhas mecânicas ou elétricas,Tombamento,Com Vítimas Feridas,Pleno dia,Crescente,Céu Claro,Simples,Curva;Declive,Não,1.0,0.0,1.0,0.0,0.0,0.0,1.0,1.0,"-20,61516","-42,217882",SPRF-MG,DEL07-MG,UOP02-DEL07-MG
507763,2023-02-28,terça-feira,14:30:00,RO,364.0,615,ITAPUA DO OESTE,Ultrapassagem Indevida,Colisão frontal,Com Vítimas Feridas,Pleno dia,Crescente,Nublado,Simples,Reta,Não,4.0,0.0,0.0,1.0,2.0,1.0,1.0,3.0,"-9,12169101","-63,25877001",SPRF-RO,DEL01-RO,UOP04-DEL01-RO
507764,2023-02-28,terça-feira,22:00:00,PR,476.0,246,ANTONIO OLINTO,Ultrapassagem Indevida,Saída de leito carroçável,Com Vítimas Feridas,Plena Noite,Crescente,Nublado,Simples,Curva,Não,1.0,0.0,1.0,0.0,0.0,0.0,1.0,1.0,"-25,865164","-50,123096",SPRF-PR,DEL02-PR,UOP03-DEL02-PR
507766,2023-02-28,terça-feira,19:00:00,PR,373.0,252,GUAMIRANGA,Acumulo de água sobre o pavimento,Colisão com objeto,Com Vítimas Feridas,Plena Noite,Crescente,Chuva,Simples,Reta,Não,3.0,0.0,1.0,0.0,0.0,2.0,1.0,3.0,"-25,18844377","-50,87361099",SPRF-PR,DEL03-PR,UOP01-DEL03-PR
507767,2023-02-28,terça-feira,22:30:00,SC,101.0,98,BALNEARIO PICARRAS,Entrada inopinada do pedestre,Atropelamento de Pedestre,Com Vítimas Fatais,Plena Noite,Crescente,Nublado,Dupla,Reta,Não,2.0,1.0,0.0,0.0,0.0,1.0,0.0,2.0,"-26,741166","-48,698352",SPRF-SC,DEL03-SC,UOP02-DEL03-SC
507772,2023-02-28,terça-feira,19:10:00,MT,163.0,853,SINOP,Condutor deixou de manter distância do veículo da frente,Colisão traseira,Com Vítimas Feridas,Plena Noite,Decrescente,Chuva,Simples,Reta,Não,2.0,0.0,1.0,0.0,1.0,0.0,1.0,2.0,"-11,705184","-55,454862",SPRF-MT,DEL06-MT,UOP02-DEL06-MT
507773,2023-02-28,terça-feira,23:10:00,PR,153.0,"33,7",SANTO ANTONIO DA PLATINA,Velocidade Incompatível,Tombamento,Com Vítimas Feridas,Plena Noite,Decrescente,Nublado,Simples,Curva,Não,2.0,0.0,1.0,0.0,0.0,1.0,1.0,2.0,"-23,24097842","-50,03818095",SPRF-PR,DEL07-PR,UOP04-DEL07-PR
507775,2023-02-28,terça-feira,23:20:00,MT,70.0,263,PRIMAVERA DO LESTE,Acostamento em desnível,Tombamento,Com Vítimas Feridas,Plena Noite,Crescente,Nublado,Simples,Reta,Não,2.0,0.0,1.0,1.0,0.0,0.0,2.0,1.0,"-15,57954998","-54,19061952",SPRF-MT,DEL05-MT,UOP01-DEL05-MT
507777,2023-03-01,quarta-feira,02:50:00,SP,116.0,"168,6",JACAREI,Ausência de reação do condutor,Colisão traseira,Sem Vítimas,Plena Noite,Decrescente,Nublado,Dupla,Reta,Não,2.0,0.0,0.0,0.0,1.0,1.0,0.0,2.0,"-23,30545902","-46,03567599",SPRF-SP,DEL02-SP,UOP01-DEL02-SP
507779,2023-02-28,terça-feira,22:30:00,SC,116.0,"139,3",SANTA CECILIA,Acessar a via sem observar a presença dos outros veículos,Atropelamento de Pedestre,Com Vítimas Feridas,Pleno dia,Decrescente,Nublado,Simples,Reta,Sim,2.0,0.0,1.0,0.0,1.0,0.0,1.0,2.0,"-26,96007677","-50,41626976",SPRF-SC,DEL06-SC,UOP02-DEL06-SC
507781,2023-03-01,quarta-feira,05:50:00,ES,262.0,94,DOMINGOS MARTINS,Condutor Dormindo,Colisão frontal,Com Vítimas Fatais,Pleno dia,Crescente,Céu Claro,Simples,Curva,Não,4.0,1.0,1.0,1.0,1.0,0.0,2.0,2.0,"-20,37386581","-41,05851884",SPRF-ES,DEL01-ES,UOP02-DEL01-ES
507799,2023-02-18,sábado,12:20:00,PI,316.0,309,PICOS,Ultrapassagem Indevida,Colisão lateral mesmo sentido,Com Vítimas Feridas,Pleno dia,Decrescente,Céu Claro,Simples,Reta,Sim,2.0,0.0,0.0,1.0,1.0,0.0,1.0,2.0,"-7,07778744","-41,48370094",SPRF-PI,DEL04-PI,UOP01-DEL04-PI
507803,2023-03-01,quarta-feira,08:35:00,SC,282.0,"572,8",NOVA ERECHIM,Acessar a via sem observar a presença dos outros veículos,Colisão transversal,Com Vítimas Feridas,Pleno dia,Crescente,Céu Claro,Simples,Reta,Não,2.0,0.0,1.0,0.0,1.0,0.0,1.0,2.0,"-26,881834","-52,942444",SPRF-SC,DEL07-SC,UOP02-DEL07-SC
507806,2023-03-01,quarta-feira,09:45:00,BA,101.0,824,ALCOBACA,Velocidade Incompatível,Capotamento,Com Vítimas Fatais,Pleno dia,Decrescente,Céu Claro,Simples,Curva,Não,3.0,1.0,1.0,0.0,0.0,1.0,1.0,2.0,"-17,31453597","-39,63224564",SPRF-BA,DEL09-BA,UOP02-DEL09-BA
507807,2023-03-01,quarta-feira,07:48:00,TO,10.0,463,PALMAS,Entrada inopinada do pedestre,Atropelamento de Pedestre,Com Vítimas Feridas,Pleno dia,Crescente,Céu Claro,Simples,Reta;Interseção de Vias,Sim,2.0,0.0,0.0,1.0,1.0,0.0,1.0,2.0,"-10,23632","-48,31214",SPRF-TO,DEL01-TO,UOP03-DEL01-TO
507811,2023-03-01,quarta-feira,10:20:00,RS,386.0,446,CANOAS,Acessar a via sem observar a presença dos outros veículos,Colisão lateral mesmo sentido,Com Vítimas Feridas,Pleno dia,Decrescente,Céu Claro,Dupla,Reta;Declive,Sim,2.0,0.0,1.0,0.0,1.0,0.0,1.0,2.0,"-29,893251","-51,182266",SPRF-RS,DEL01-RS,UOP01-DEL01-RS
507817,2023-03-01,quarta-feira,09:48:00,MS,163.0,225,CAARAPO,Ultrapassagem Indevida,Colisão lateral mesmo sentido,Com Vítimas Feridas,Pleno dia,Decrescente,Céu Claro,Dupla,Reta,Não,4.0,0.0,1.0,0.0,2.0,1.0,1.0,3.0,"-22,500217","-54,864506",SPRF-MS,DEL04-MS,UOP02-DEL04-MS
507818,2023-03-01,quarta-feira,08:52:00,SC,470.0,"58,5",BLUMENAU,Ingestão de substâncias psicoativas pelo condutor,Colisão lateral sentido oposto,Com Vítimas Feridas,Pleno dia,Decrescente,Nublado,Simples,Curva,Sim,3.0,0.0,1.0,0.0,1.0,2.0,1.0,4.0,"-26,883879","-49,145622",SPRF-SC,DEL04-SC,UOP01-DEL04-SC
507819,2023-03-01,quarta-feira,11:05:00,BA,116.0,"674,3",JEQUIE,Retorno proibido,Colisão transversal,Com Vítimas Feridas,Pleno dia,Decrescente,Céu Claro,Simples,Ponte;Reta,Sim,5.0,0.0,3.0,0.0,1.0,2.0,3.0,4.0,"-13,81715","-40,11209098",SPRF-BA,DEL03-BA,UOP01-DEL03-BA
507821,2023-03-01,quarta-feira,11:08:00,MG,262.0,372,JUATUBA,Manobra de mudança de faixa,Colisão com objeto,Sem Vítimas,Pleno dia,Crescente,Céu Claro,Dupla,Curva,Não,2.0,0.0,0.0,0.0,2.0,0.0,0.0,2.0,"-19,97359723","-44,31765496",SPRF-MG,DEL01-MG,UOP03-DEL01-MG
507826,2023-03-01,quarta-feira,08:30:00,MG,116.0,"412,6",GOVERNADOR VALADARES,Demais falhas mecânicas ou elétricas,Atropelamento de Pedestre,Com Vítimas Fatais,Pleno dia,Crescente,Céu Claro,Simples,Interseção de Vias,Não,3.0,1.0,1.0,0.0,1.0,0.0,1.0,3.0,"-18,86882342","-41,97144241",SPRF-MG,DEL06-MG,UOP01-DEL06-MG
507828,2023-03-01,quarta-feira,10:00:00,RJ,101.0,456,MANGARATIBA,Conversão proibida,Colisão transversal,Com Vítimas Feridas,Pleno dia,Decrescente,Céu Claro,Dupla,Reta,Sim,2.0,0.0,1.0,0.0,1.0,0.0,1.0,2.0,"-23,03288558","-44,16793391",SPRF-RJ,DEL03-RJ,UOP02-DEL03-RJ
507831,2023-03-01,quarta-feira,10:25:00,PR,376.0,"311,8",ORTIGUEIRA,Mal súbito do condutor,Saída de leito carroçável,Sem Vítimas,Pleno dia,Crescente,Nublado,Dupla,Curva;Aclive,Não,2.0,0.0,0.0,0.0,1.0,2.0,0.0,3.0,"-23,9743171","-51,1035821",SPRF-PR,DEL07-PR,UOP02-DEL07-PR
507832,2023-03-01,quarta-feira,13:15:00,GO,153.0,"529,9",HIDROLANDIA,Entrada inopinada do pedestre,Atropelamento de Pedestre,Com Vítimas Feridas,Pleno dia,Crescente,Chuva,Dupla,Em Obras;Reta,Sim,2.0,0.0,0.0,1.0,1.0,0.0,1.0,2.0,"-16,9603","-49,2384",SPRF-GO,DEL01-GO,UOP03-DEL01-GO
507833,2023-03-01,quarta-feira,11:00:00,SC,101.0,327,TUBARAO,Condutor deixou de manter distância do veículo da frente,Colisão traseira,Com Vítimas Feridas,Pleno dia,Crescente,Céu Claro,Dupla,Reta,Sim,8.0,0.0,2.0,2.0,3.0,1.0,4.0,5.0,"-28,46104798","-48,99082661",SPRF-SC,DEL02-SC,UOP01-DEL02-SC
507835,2023-03-01,quarta-feira,10:30:00,BA,242.0,493,OLIVEIRA DOS BREJINHOS,Velocidade Incompatível,Tombamento,Com Vítimas Fatais,Pleno dia,Crescente,Sol,Simples,Reta,Não,3.0,1.0,1.0,0.0,0.0,2.0,1.0,3.0,"-12,39898","-42,39651",SPRF-BA,DEL06-BA,UOP01-DEL06-BA
507837,2023-03-01,quarta-feira,13:32:00,SC,280.0,"47,8",GUARAMIRIM,Transitar na contramão,Colisão frontal,Com Vítimas Fatais,Pleno dia,Crescente,Nublado,Simples,Reta,Não,3.0,1.0,0.0,0.0,1.0,1.0,0.0,3.0,"-26,453808","-48,92184",SPRF-SC,DEL03-SC,UOP03-DEL03-SC