id,data_inversa,dia_semana,horario,uf,br,km,municipio,causa_acidente,tipo_acidente,classificacao_acidente,fase_dia,sentido_via,condicao_metereologica,tipo_pista,tracado_via,uso_solo,pessoas,mortos,feridos_leves,feridos_graves,ilesos,ignorados,feridos,veiculos,latitude,longitude,regional,delegacia,uop
508130,2023-03-03,sexta-feira,02:20:00,PR,376.0,"471,7",PONTA GROSSA,Condutor Dormindo,Saída de leito carroçável,Sem Vítimas,Plena Noite,Decrescente,Chuva,Dupla,Reta;Aclive;Viaduto,Não,1.0,0.0,0.0,0.0,1.0,0.0,0.0,1.0,"-25,04339577","-50,26076002",SPRF-PR,DEL03-PR,UOP01-DEL03-PR
508138,2023-03-03,sexta-feira,03:00:00,MG,381.0,772,CAMPANHA,Velocidade Incompatível,Colisão traseira,Com Vítimas Feridas,Plena Noite,Decrescente,Chuva,Dupla,Reta,Não,2.0,0.0,0.0,1.0,0.0,1.0,1.0,2.0,"-21,79763003","-45,45693799",SPRF-MG,DEL16-MG,UOP02-DEL16-MG
508146,2023-03-03,sexta-feira,02:30:00,MG,50.0,"29,8",ARAGUARI,Velocidade Incompatível,Tombamento,Com Vítimas Feridas,Plena Noite,Decrescente,Céu Claro,Dupla,Declive;Curva,Não,2.0,0.0,1.0,0.0,0.0,1.0,1.0,2.0,"-18,615378","-48,116407",SPRF-MG,DEL15-MG,UOP02-DEL15-MG
508153,2023-03-03,sexta-feira,04:15:00,PR,277.0,"77,8",CURITIBA,Transitar na contramão,Colisão frontal,Com Vítimas Fatais,Plena Noite,Decrescente,Céu Claro,Dupla,Reta,Sim,3.0,1.0,0.0,0.0,1.0,1.0,0.0,3.0,"-25,48230833","-49,19378802",SPRF-PR,DEL01-PR,UOP01-DEL01-PR
508155,2023-03-03,sexta-feira,07:03:00,SP,116.0,543,BARRA DO TURVO,Carga excessiva e/ou mal acondicionada,Derramamento de carga,Sem Vítimas,Pleno dia,Decrescente,Céu Claro,Simples,Curva;Declive,Não,2.0,0.0,0.0,0.0,1.0,1.0,0.0,2.0,"-24,96228975","-48,41383577",SPRF-SP,DEL05-SP,UOP02-DEL05-SP
508164,2023-03-03,sexta-feira,07:08:00,PR,369.0,44,BANDEIRANTES,Velocidade Incompatível,Tombamento,Com Vítimas Feridas,Pleno dia,Crescente,Nublado,Múltipla,Aclive;Curva,Não,2.0,0.0,1.0,0.0,0.0,1.0,1.0,2.0,"-23,089373","-50,28855",SPRF-PR,DEL07-PR,UOP05-DEL07-PR
508168,2023-03-03,sexta-feira,06:59:00,MT,70.0,308,DOM AQUINO,Condutor Dormindo,Saída de leito carroçável,Com Vítimas Feridas,Pleno dia,Decrescente,Sol,Simples,Reta,Não,3.0,0.0,2.0,0.0,0.0,3.0,2.0,4.0,"-15,57234859","-54,53999106",SPRF-MT,DEL05-MT,UOP01-DEL05-MT
508175,2023-03-03,sexta-feira,09:00:00,RN,226.0,"229,8",FLORANIA,Problema com o freio,Tombamento,Com Vítimas Fatais,Pleno dia,Crescente,Céu Claro,Simples,Curva;Declive,Não,2.0,1.0,0.0,0.0,0.0,1.0,0.0,2.0,"-6,1202439","-36,90496445",SPRF-RN,DEL03-RN,UOP01-DEL03-RN
508177,2023-03-03,sexta-feira,06:50:00,GO,70.0,134,JARAGUA,Estacionar ou parar em local proibido,Colisão traseira,Com Vítimas Feridas,Amanhecer,Crescente,Céu Claro,Simples,Declive;Ponte,Não,2.0,0.0,2.0,0.0,0.0,0.0,2.0,2.0,"-15,83725283","-49,315432",SPRF-GO,DEL02-GO,UOP02-DEL02-GO
508181,2023-02-16,quinta-feira,05:20:00,RO,364.0,"190,9",PIMENTA BUENO,Condutor Dormindo,Colisão frontal,Com Vítimas Fatais,Amanhecer,Decrescente,Nublado,Simples,Reta,Não,4.0,1.0,0.0,2.0,0.0,3.0,2.0,5.0,"-11,717428","-61,150233",SPRF-RO,DEL02-RO,UOP02-DEL02-RO
508185,2023-03-03,sexta-feira,01:30:00,SC,158.0,"111,3",CUNHA PORA,Ingestão de álcool pelo condutor,Colisão frontal,Com Vítimas Fatais,Plena Noite,Crescente,Garoa/Chuvisco,Simples,Curva,Não,6.0,2.0,0.0,2.0,1.0,1.0,2.0,3.0,"-26,898947","-53,190721",SPRF-SC,DEL07-SC,UOP02-DEL07-SC
508190,2023-03-03,sexta-feira,11:35:00,MG,381.0,"899,2",CAMBUI,Ausência de reação do condutor,Colisão traseira,Com Vítimas Feridas,Pleno dia,Decrescente,Céu Claro,Dupla,Reta,Sim,3.0,0.0,0.0,1.0,1.0,1.0,1.0,3.0,"-22,65351405","-46,08907579",SPRF-MG,DEL16-MG,UOP03-DEL16-MG
508192,2023-03-03,sexta-feira,10:30:00,RS,116.0,614,ARROIO GRANDE,Condutor Dormindo,Colisão lateral mesmo sentido,Com Vítimas Feridas,Pleno dia,Crescente,Céu Claro,Simples,Reta,Não,2.0,0.0,1.0,0.0,1.0,0.0,1.0,2.0,"-32,26517521","-53,0912018",SPRF-RS,DEL07-RS,UOP03-DEL07-RS
508200,2023-03-03,sexta-feira,10:12:00,TO,226.0,21,PALMEIRAS DO TOCANTINS,Reação tardia ou ineficiente do condutor,Colisão lateral sentido oposto,Com Vítimas Feridas,Pleno dia,Crescente,Céu Claro,Simples,Reta,Não,5.0,0.0,3.0,0.0,1.0,1.0,3.0,3.0,"-6,632562","-47,62323",SPRF-TO,DEL02-TO,UOP03-DEL02-TO
508201,2023-03-03,sexta-feira,11:45:00,SC,101.0,"136,6",BALNEARIO CAMBORIU,Manobra de mudança de faixa,Colisão lateral mesmo sentido,Com Vítimas Feridas,Pleno dia,Crescente,Céu Claro,Múltipla,Reta,Sim,5.0,0.0,2.0,0.0,2.0,1.0,2.0,3.0,"-27,0134817","-48,61320913",SPRF-SC,DEL04-SC,UOP03-DEL04-SC
508205,2023-02-21,terça-feira,16:30:00,AL,101.0,192,SAO SEBASTIAO,Ausência de reação do condutor,Colisão traseira,Com Vítimas Feridas,Pleno dia,Crescente,Céu Claro,Simples,Curva,Não,4.0,0.0,2.0,0.0,1.0,1.0,2.0,3.0,"-9,93402041","-36,47220612",SPRF-AL,DEL02-AL,UOP02-DEL02-AL
508207,2023-03-03,sexta-feira,12:10:00,PR,376.0,492,PONTA GROSSA,Manobra de mudança de faixa,Colisão lateral mesmo sentido,Com Vítimas Feridas,Pleno dia,Decrescente,Chuva,Dupla,Reta,Sim,3.0,0.0,1.0,0.0,1.0,1.0,1.0,3.0,"-25,15559918","-50,13322909",SPRF-PR,DEL03-PR,UOP04-DEL03-PR
508213,2023-03-03,sexta-feira,10:20:00,SC,470.0,60,BLUMENAU,Manobra de mudança de faixa,Colisão transversal,Com Vítimas Feridas,Pleno dia,Crescente,Céu Claro,Simples,Interseção de Vias,Sim,2.0,0.0,0.0,1.0,1.0,0.0,1.0,2.0,"-26,88138","-49,164543",SPRF-SC,DEL04-SC,UOP01-DEL04-SC
508217,2023-03-03,sexta-feira,13:30:00,PA,155.0,344,MARABA,Reação tardia ou ineficiente do condutor,Colisão traseira,Sem Vítimas,Pleno dia,Decrescente,Sol,Simples,Reta,Sim,2.0,0.0,0.0,0.0,2.0,0.0,0.0,2.0,"-5,36957395","-49,07796968",SPRF-PA,DEL03-PA,UOP01-DEL03-PA
508221,2023-03-03,sexta-feira,13:30:00,SP,381.0,83,SAO PAULO,Manobra de mudança de faixa,Colisão traseira,Com Vítimas Feridas,Pleno dia,Crescente,Sol,Dupla,Declive,Sim,4.0,0.0,1.0,0.0,1.0,2.0,1.0,4.0,"-23,42399","-46,575112",SPRF-SP,DEL03-SP,UOP01-DEL03-SP
508227,2023-02-04,sábado,05:00:00,AM,174.0,955,MANAUS,Velocidade Incompatível,Colisão traseira,Sem Vítimas,Amanhecer,Decrescente,Céu Claro,Simples,Reta,Não,5.0,0.0,0.0,0.0,4.0,1.0,0.0,3.0,"-2,35501302","-60,04351209",SPRF-AM,DEL01-AM,UOP01-DEL01-AM
508228,2023-03-03,sexta-feira,10:30:00,MG,262.0,"438,8",NOVA SERRANA,Demais falhas mecânicas ou elétricas,Incêndio,Sem Vítimas,Pleno dia,Crescente,Céu Claro,Dupla,Reta,Não,1.0,0.0,0.0,0.0,1.0,0.0,0.0,1.0,"-19,89280962","-44,878453",SPRF-MG,DEL08-MG,UOP03-DEL08-MG
508231,2023-03-03,sexta-feira,12:38:00,RO,364.0,522,ARIQUEMES,Acessar a via sem observar a presença dos outros veículos,Colisão frontal,Com Vítimas Feridas,Pleno dia,Crescente,Céu Claro,Simples,Reta,Não,5.0,0.0,0.0,4.0,1.0,0.0,4.0,2.0,"-9,86143201","-63,05831311",SPRF-RO,DEL03-RO,UOP01-DEL03-RO
508238,2023-03-03,sexta-feira,13:30:00,MG,40.0,"576,9",ITABIRITO,Desrespeitar a preferência no cruzamento,Colisão transversal,Com Vítimas Feridas,Pleno dia,Crescente,Céu Claro,Simples,Interseção de Vias,Sim,3.0,0.0,1.0,0.0,1.0,1.0,1.0,3.0,"-20,26873918","-43,95473242",SPRF-MG,DEL01-MG,UOP02-DEL01-MG
508246,2023-02-15,quarta-feira,08:12:00,RO,364.0,692,CANDEIAS DO JAMARI,Acessar a via sem observar a presença dos outros veículos,Colisão lateral mesmo sentido,Com Vítimas Feridas,Pleno dia,Decrescente,Céu Claro,Dupla,Reta,Sim,5.0,0.0,1.0,0.0,3.0,3.0,1.0,5.0,"-8,79733425","-63,69814797",SPRF-RO,DEL01-RO,UOP01-DEL01-RO
508247,2023-03-03,sexta-feira,16:05:00,BA,242.0,872,LUIS EDUARDO MAGALHAES,Manobra de mudança de faixa,Colisão lateral sentido oposto,Com Vítimas Fatais,Pleno dia,Decrescente,Nublado,Simples,Reta,Não,4.0,1.0,0.0,0.0,2.0,1.0,0.0,3.0,"-12,078487","-45,698414",SPRF-BA,DEL10-BA,UOP01-DEL10-BA
508250,2023-03-03,sexta-feira,16:35:00,BA,116.0,696,JEQUIE,Carga excessiva e/ou mal acondicionada,Saída de leito carroçável,Com Vítimas Fatais,Pleno dia,Crescente,Sol,Simples,Curva,Não,1.0,1.0,0.0,0.0,0.0,0.0,0.0,1.0,"-14,0392577","-40,2041384",SPRF-BA,DEL03-BA,UOP01-DEL03-BA
508257,2023-03-03,sexta-feira,12:20:00,GO,364.0,203,JATAI,Transitar na contramão,Colisão frontal,Sem Vítimas,Pleno dia,Decrescente,Céu Claro,Simples,Aclive;Reta,Não,3.0,0.0,0.0,0.0,1.0,2.0,0.0,3.0,"-17,909494","-51,782795",SPRF-GO,DEL05-GO,UOP01-DEL05-GO
508262,2023-03-03,sexta-feira,17:00:00,MG,365.0,"626,5",UBERLANDIA,Condutor deixou de manter distância do veículo da frente,Colisão traseira,Com Vítimas Feridas,Pleno dia,Crescente,Céu Claro,Múltipla,Reta,Sim,4.0,0.0,1.0,0.0,3.0,0.0,1.0,2.0,"-18,90628166","-48,31911388",SPRF-MG,DEL15-MG,UOP01-DEL15-MG
508269,2023-03-03,sexta-feira,17:20:00,PR,376.0,222,CAMBIRA,Manobra de mudança de faixa,Tombamento,Com Vítimas Feridas,Pleno dia,Crescente,Nublado,Dupla,Declive;Curva,Sim,3.0,0.0,0.0,1.0,1.0,2.0,1.0,4.0,"-23,59676737","-51,58132214",SPRF-PR,DEL09-PR,UOP01-DEL09-PR
508270,2023-03-03,sexta-feira,13:00:00,AL,101.0,"62,5",MESSIAS,Velocidade Incompatível,Saída de leito carroçável,Com Vítimas Feridas,Pleno dia,Decrescente,Céu Claro,Dupla,Declive;Curva,Não,2.0,0.0,1.0,0.0,0.0,1.0,1.0,2.0,"-9,30153295","-35,82114728",SPRF-AL,DEL01-AL,UOP02-DEL01-AL
508274,2023-03-03,sexta-feira,18:50:00,ES,101.0,"212,3",IBIRACU,Transitar na contramão,Colisão frontal,Com Vítimas Feridas,Plena Noite,Crescente,Céu Claro,Simples,Reta,Sim,4.0,0.0,0.0,2.0,1.0,1.0,2.0,3.0,"-19,81537521","-40,36655964",SPRF-ES,DEL02-ES,UOP01-DEL02-ES
508275,2023-03-03,sexta-feira,17:15:00,GO,153.0,541,HIDROLANDIA,Condutor deixou de manter distância do veículo da frente,Colisão traseira,Com Vítimas Feridas,Pleno dia,Decrescente,Céu Claro,Dupla,Reta,Não,4.0,0.0,1.0,0.0,1.0,3.0,1.0,5.0,"-17,0648","-49,2252",SPRF-GO,DEL01-GO,UOP03-DEL01-GO
508284,2023-03-03,sexta-feira,18:50:00,GO,414.0,437,ANAPOLIS,Ingestão de álcool pelo condutor,Colisão frontal,Com Vítimas Feridas,Plena Noite,Crescente,Nublado,Simples,Reta;Aclive,Não,5.0,0.0,4.0,0.0,1.0,0.0,4.0,3.0,"-16,26365299","-48,93824303",SPRF-GO,DEL02-GO,UOP01-DEL02-GO
508300,2023-03-03,sexta-feira,16:30:00,SC,470.0,"190,1",POUSO REDONDO,Ultrapassagem Indevida,Colisão frontal,Com Vítimas Feridas,Pleno dia,Crescente,Chuva,Simples,Aclive;Curva,Não,7.0,0.0,3.0,0.0,3.0,2.0,3.0,6.0,"-27,281504","-50,069775",SPRF-SC,DEL04-SC,UOP02-DEL04-SC
508301,2023-03-03,sexta-feira,17:22:00,MT,163.0,835,SINOP,Ausência de reação do condutor,Colisão traseira,Sem Vítimas,Anoitecer,Crescente,Chuva,Simples,Viaduto;Reta;Retorno Regulamentado,Sim,2.0,0.0,0.0,0.0,2.0,0.0,0.0,2.0,"-11,85896166","-55,49455047",SPRF-MT,DEL06-MT,UOP02-DEL06-MT
508304,2023-03-03,sexta-feira,19:25:00,RS,116.0,"54,3",VACARIA,Ausência de reação do condutor,Tombamento,Com Vítimas Feridas,Plena Noite,Decrescente,Garoa/Chuvisco,Simples,Curva,Não,3.0,0.0,0.0,1.0,0.0,2.0,1.0,3.0,"-28,59550602","-51,03139299",SPRF-RS,DEL05-RS,UOP03-DEL05-RS
508309,2023-03-03,sexta-feira,17:43:00,MG,365.0,795,SANTA VITORIA,Ausência de reação do condutor,Tombamento,Sem Vítimas,Anoitecer,Decrescente,Céu Claro,Simples,Retorno Regulamentado,Não,3.0,0.0,0.0,0.0,2.0,2.0,0.0,4.0,"-18,87897058","-50,08203506",SPRF-MG,DEL15-MG,UOP03-DEL15-MG
508311,2023-03-03,sexta-feira,21:50:00,SP,381.0,44,ATIBAIA,Demais falhas mecânicas ou elétricas,Incêndio,Sem Vítimas,Plena Noite,Decrescente,Garoa/Chuvisco,Múltipla,Reta,Não,1.0,0.0,0.0,0.0,1.0,0.0,0.0,1.0,"-23,16458615","-46,57418959",SPRF-SP,DEL03-SP,UOP01-DEL03-SP
508315,2023-03-03,sexta-feira,19:00:00,MA,135.0,"103,3",ITAPECURU MIRIM,Acessar a via sem observar a presença dos outros veículos,Colisão lateral mesmo sentido,Com Vítimas Fatais,Plena Noite,Crescente,Chuva,Simples,Reta,Não,2.0,1.0,0.0,0.0,1.0,0.0,0.0,2.0,"-3,3823529","-44,49034311",SPRF-MA,DEL01-MA,UOP02-DEL01-MA
508329,2023-03-03,sexta-feira,23:45:00,SC,101.0,30,JOINVILLE,Ausência de reação do condutor,Colisão traseira,Com Vítimas Feridas,Plena Noite,Decrescente,Nublado,Dupla,Reta;Aclive,Não,3.0,0.0,1.0,0.0,1.0,1.0,1.0,3.0,"-26,22769999","-48,91652942",SPRF-SC,DEL03-SC,UOP01-DEL03-SC
508330,2023-03-03,sexta-feira,22:22:00,PE,423.0,55,LAJEDO,Transitar na contramão,Colisão lateral sentido oposto,Com Vítimas Fatais,Plena Noite,Crescente,Céu Claro,Simples,Curva,Não,2.0,1.0,0.0,0.0,1.0,0.0,0.0,2.0,"-8,61537298","-36,29867707",SPRF-PE,DEL03-PE,UOP01-DEL03-PE
508331,2023-03-03,sexta-feira,22:54:00,RO,364.0,709,PORTO VELHO,Velocidade Incompatível,Colisão lateral mesmo sentido,Sem Vítimas,Plena Noite,Decrescente,Céu Claro,Dupla,Reta,Sim,3.0,0.0,0.0,0.0,1.0,2.0,0.0,3.0,"-8,7909383","-63,84895617",SPRF-RO,DEL01-RO,UOP01-DEL01-RO
508332,2023-03-03,sexta-feira,23:11:00,PB,101.0,27,RIO TINTO,Acessar a via sem observar a presença dos outros veículos,Colisão traseira,Com Vítimas Feridas,Plena Noite,Decrescente,Nublado,Dupla,Reta,Não,2.0,0.0,1.0,0.0,1.0,0.0,1.0,2.0,"-6,72589095","-35,12052811",SPRF-PB,DEL01-PB,UOP04-DEL01-PB
508337,2023-03-03,sexta-feira,23:00:00,PA,163.0,988,SANTAREM,Transitar na contramão,Colisão lateral sentido oposto,Com Vítimas Feridas,Plena Noite,Crescente,Nublado,Simples,Reta,Não,2.0,0.0,1.0,0.0,1.0,0.0,1.0,2.0,"-2,574782","-54,720886",SPRF-PA,DEL05-PA,UOP01-DEL05-PA
508339,2023-03-03,sexta-feira,19:10:00,MG,262.0,"30,2",REDUTO,Condutor deixou de manter distância do veículo da frente,Colisão traseira,Com Vítimas Feridas,Plena Noite,Crescente,Céu Claro,Simples,Aclive;Curva,Não,2.0,0.0,1.0,0.0,1.0,0.0,1.0,2.0,"-20,253392","-41,990861",SPRF-MG,DEL06-MG,UOP03-DEL06-MG
508340,2023-03-04,sábado,00:35:00,RS,153.0,37,TRES ARROIOS,Condutor Dormindo,Saída de leito carroçável,Com Vítimas Feridas,Plena Noite,Crescente,Garoa/Chuvisco,Simples,Curva,Não,1.0,0.0,1.0,0.0,0.0,0.0,1.0,1.0,"-27,56598492","-52,21728001",SPRF-RS,DEL08-RS,UOP04-DEL08-RS
508341,2023-03-04,sábado,00:00:00,PA,155.0,330,MARABA,Pista esburacada,Colisão frontal,Com Vítimas Feridas,Plena Noite,Decrescente,Nublado,Simples,Declive;Reta,Não,3.0,0.0,0.0,1.0,1.0,2.0,1.0,4.0,"-5,48633507","-49,07553836",SPRF-PA,DEL03-PA,UOP01-DEL03-PA
508342,2023-03-04,sábado,00:20:00,BA,324.0,616,SALVADOR,Ingestão de álcool pelo condutor,Colisão frontal,Com Vítimas Feridas,Plena Noite,Decrescente,Céu Claro,Múltipla,Reta,Sim,2.0,0.0,1.0,0.0,1.0,0.0,1.0,2.0,"-12,87957905","-38,43213893",SPRF-BA,DEL01-BA,UOP01-DEL01-BA
508344,2023-03-04,sábado,02:00:00,MG,116.0,"115,3",ITAOBIM,Ausência de reação do condutor,Colisão com objeto,Sem Vítimas,Plena Noite,Decrescente,Céu Claro,Dupla,Reta,Sim,2.0,0.0,0.0,0.0,2.0,0.0,0.0,2.0,"-16,55656498","-41,50192905",SPRF-MG,DEL11-MG,UOP02-DEL11-MG
508351,2023-03-04,sábado,02:20:00,MG,50.0,"164,5",UBERABA,Condutor Dormindo,Saída de leito carroçável,Com Vítimas Feridas,Plena Noite,Decrescente,Céu Claro,Dupla,Reta,Não,4.0,0.0,3.0,0.0,0.0,1.0,3.0,2.0,"-19,6847632","-47,99273153",SPRF-MG,DEL13-MG,UOP01-DEL13-MG
508353,2023-03-04,sábado,01:30:00,BA,324.0,"584,2",CANDEIAS,Ausência de reação do condutor,Saída de leito carroçável,Com Vítimas Feridas,Plena Noite,Crescente,Céu Claro,Dupla,Reta,Não,2.0,0.0,1.0,0.0,0.0,1.0,1.0,2.0,"-12,62182288","-38,48260875",SPRF-BA,DEL01-BA,UOP01-DEL01-BA
508356,2023-03-04,sábado,01:40:00,CE,116.0,"332,6",JAGUARIBE,Reação tardia ou ineficiente do condutor,Tombamento,Com Vítimas Fatais,Plena Noite,Decrescente,Céu Claro,Simples,Curva,Sim,2.0,2.0,0.0,0.0,0.0,0.0,0.0,1.0,"-6,075177","-38,655617",SPRF-CE,DEL05-CE,UOP02-DEL05-CE
508360,2023-02-12,domingo,01:20:00,PA,155.0,322,MARABA,Reação tardia ou ineficiente do condutor,Saída de leito carroçável,Com Vítimas Feridas,Plena Noite,Crescente,Chuva,Simples,Reta,Não,1.0,0.0,1.0,0.0,0.0,0.0,1.0,1.0,"-5,55797","-49,07454",SPRF-PA,DEL03-PA,UOP01-DEL03-PA
508364,2023-03-04,sábado,04:10:00,RS,116.0,"353,5",TAPES,Transitar na contramão,Colisão frontal,Com Vítimas Fatais,Plena Noite,Crescente,Nublado,Dupla,Reta,Não,2.0,1.0,0.0,1.0,0.0,0.0,1.0,2.0,"-30,56584893","-51,52132618",SPRF-RS,DEL02-RS,UOP02-DEL02-RS
508368,2023-03-04,sábado,05:40:00,PE,407.0,127,PETROLINA,Ingestão de álcool pelo condutor,Colisão transversal,Com Vítimas Feridas,Amanhecer,Decrescente,Céu Claro,Simples,Interseção de Vias,Sim,3.0,0.0,2.0,0.0,1.0,0.0,2.0,2.0,"-9,39139937","-40,51900506",SPRF-PE,DEL06-PE,UOP01-DEL06-PE
508374,2023-03-04,sábado,06:20:00,MG,116.0,"708,7",MURIAE,Velocidade Incompatível,Tombamento,Com Vítimas Feridas,Amanhecer,Decrescente,Céu Claro,Simples,Curva,Não,2.0,0.0,1.0,0.0,0.0,1.0,1.0,2.0,"-21,16328873","-42,37968988",SPRF-MG,DEL07-MG,UOP02-DEL07-MG
508376,2023-03-04,sábado,06:42:00,TO,153.0,"777,8",TALISMA,Ausência de reação do condutor,Colisão frontal,Com Vítimas Fatais,Amanhecer,Crescente,Nublado,Simples,Reta,Não,3.0,1.0,0.0,1.0,0.0,2.0,1.0,4.0,"-12,61338097","-49,07181776",SPRF-TO,DEL01-TO,UOP02-DEL01-TO
508377,2023-03-04,sábado,06:00:00,SC,280.0,81,CORUPA,Condutor deixou de manter distância do veículo da frente,Colisão transversal,Com Vítimas Feridas,Amanhecer,Decrescente,Nublado,Simples,Reta,Não,3.0,0.0,2.0,0.0,1.0,0.0,2.0,2.0,"-26,44057489","-49,217056",SPRF-SC,DEL06-SC,UOP03-DEL06-SC
508378,2023-03-04,sábado,04:55:00,MG,262.0,"481,7",BOM DESPACHO,Ausência de reação do condutor,Colisão traseira,Com Vítimas Feridas,Plena Noite,Crescente,Céu Claro,Simples,Reta,Não,2.0,0.0,1.0,0.0,1.0,0.0,1.0,2.0,"-19,78391921","-45,25713045",SPRF-MG,DEL08-MG,UOP03-DEL08-MG
508383,2023-02-16,quinta-feira,07:55:00,ES,101.0,"305,8",VIANA,Velocidade Incompatível,Tombamento,Com Vítimas Fatais,Pleno dia,Decrescente,Céu Claro,Dupla,Reta,Não,2.0,1.0,0.0,0.0,0.0,1.0,0.0,2.0,"-20,39178539","-40,46264806",SPRF-ES,DEL01-ES,UOP01-DEL01-ES
508389,2023-03-04,sábado,07:30:00,DF,20.0,"3,3",BRASILIA,Manobra de mudança de faixa,Colisão lateral mesmo sentido,Com Vítimas Feridas,Pleno dia,Crescente,Céu Claro,Dupla,Declive,Sim,4.0,0.0,1.0,0.0,2.0,1.0,1.0,3.0,"-15,679851","-47,832211",SPRF-DF,DEL02-DF,UOP01-DEL02-DF
508390,2023-03-04,sábado,08:30:00,MG,262.0,580,CAMPOS ALTOS,Velocidade Incompatível,Derramamento de carga,Sem Vítimas,Pleno dia,Decrescente,Sol,Simples,Rotatória,Não,2.0,0.0,0.0,0.0,1.0,1.0,0.0,2.0,"-19,6646721","-46,06563103",SPRF-MG,DEL08-MG,UOP02-DEL08-MG
508394,2023-03-03,sexta-feira,21:20:00,MG,40.0,306,TRES MARIAS,Acostamento em desnível,Colisão transversal,Sem Vítimas,Plena Noite,Crescente,Céu Claro,Simples,Reta,Não,3.0,0.0,0.0,0.0,3.0,0.0,0.0,2.0,"-18,40201725","-45,09553043",SPRF-MG,DEL14-MG,UOP02-DEL14-MG
508399,2023-02-24,sexta-feira,16:10:00,MS,163.0,"211,5",CAARAPO,Ausência de reação do condutor,Colisão traseira,Sem Vítimas,Pleno dia,Decrescente,Nublado,Simples,Reta,Não,2.0,0.0,0.0,0.0,2.0,0.0,0.0,2.0,"-22,612989","-54,81620977",SPRF-MS,DEL04-MS,UOP02-DEL04-MS
508402,2023-03-04,sábado,09:57:00,RJ,40.0,"21,7",TRES RIOS,Reação tardia ou ineficiente do condutor,Colisão traseira,Com Vítimas Feridas,Pleno dia,Decrescente,Sol,Dupla,Reta,Não,3.0,0.0,1.0,0.0,1.0,1.0,1.0,3.0,"-22,11423526","-43,15858581",SPRF-RJ,DEL05-RJ,UOP02-DEL05-RJ
508404,2023-01-23,segunda-feira,17:30:00,RJ,116.0,245,PIRAI,Ausência de reação do condutor,Colisão traseira,Com Vítimas Fatais,Plena Noite,Decrescente,Chuva,Dupla,Curva,Não,5.0,1.0,0.0,0.0,3.0,3.0,0.0,7.0,"-22,62040692","-43,92593694",SPRF-RJ,DEL07-RJ,UOP01-DEL07-RJ
508410,2023-02-28,terça-feira,14:50:00,SC,101.0,456,SAO JOAO DO SUL,Curva acentuada,Tombamento,Com Vítimas Feridas,Pleno dia,Decrescente,Céu Claro,Simples,Rotatória,Sim,1.0,0.0,1.0,0.0,0.0,0.0,1.0,1.0,"-29,22330598","-49,76018824",SPRF-SC,DEL02-SC,UOP02-DEL02-SC
508411,2023-03-01,quarta-feira,03:00:00,BA,116.0,604,IRAJUBA,Condutor Dormindo,Saída de leito carroçável,Com Vítimas Feridas,Plena Noite,Crescente,Céu Claro,Simples,Aclive;Curva,Não,2.0,0.0,1.0,0.0,0.0,1.0,1.0,2.0,"-13,23346504","-40,01732582",SPRF-BA,DEL03-BA,UOP02-DEL03-BA
508413,2023-03-04,sábado,10:40:00,PR,277.0,"421,1",CANTAGALO,Mal súbito do condutor,Colisão frontal,Com Vítimas Fatais,Pleno dia,Decrescente,Céu Claro,Simples,Aclive;Curva,Sim,4.0,1.0,0.0,0.0,1.0,3.0,0.0,5.0,"-25,40516876","-52,09591501",SPRF-PR,DEL04-PR,UOP02-DEL04-PR
508421,2023-03-04,sábado,11:30:00,PR,376.0,354,ORTIGUEIRA,Acessar a via sem observar a presença dos outros veículos,Colisão transversal,Com Vítimas Feridas,Pleno dia,Crescente,Céu Claro,Simples,Reta,Não,2.0,0.0,2.0,0.0,0.0,0.0,2.0,2.0,"-24,2708266","-50,88943166",SPRF-PR,DEL07-PR,UOP02-DEL07-PR
508427,2023-03-04,sábado,09:58:00,SC,480.0,126,CHAPECO,Manobra de mudança de faixa,Colisão lateral mesmo sentido,Com Vítimas Feridas,Pleno dia,Crescente,Chuva,Dupla,Reta;Declive,Não,2.0,0.0,1.0,0.0,1.0,0.0,1.0,2.0,"-27,020083","-52,636024",SPRF-SC,DEL07-SC,UOP01-DEL07-SC
508433,2023-03-04,sábado,13:00:00,PR,116.0,114,CURITIBA,Manobra de mudança de faixa,Colisão lateral mesmo sentido,Com Vítimas Feridas,Pleno dia,Crescente,Sol,Dupla,Reta,Sim,3.0,0.0,2.0,0.0,0.0,1.0,2.0,2.0,"-25,56296907","-49,25643801",SPRF-PR,DEL01-PR,UOP07-DEL01-PR
508436,2023-03-04,sábado,12:30:00,MG,381.0,"529,1",BRUMADINHO,Modificação proibida,Saída de leito carroçável,Com Vítimas Feridas,Pleno dia,Decrescente,Céu Claro,Dupla,Aclive;Curva,Não,1.0,0.0,1.0,0.0,0.0,0.0,1.0,1.0,"-20,16492041","-44,33629155",SPRF-MG,DEL04-MG,UOP03-DEL04-MG
508437,2023-03-04,sábado,12:30:00,PR,376.0,675,GUARATUBA,Demais falhas mecânicas ou elétricas,Incêndio,Sem Vítimas,Pleno dia,Crescente,Céu Claro,Dupla,Aclive;Reta,Não,2.0,0.0,0.0,0.0,1.0,1.0,0.0,2.0,"-25,91744399","-48,91940295",SPRF-PR,DEL01-PR,UOP04-DEL01-PR