id,data_inversa,dia_semana,horario,uf,br,km,municipio,causa_acidente,tipo_acidente,classificacao_acidente,fase_dia,sentido_via,condicao_metereologica,tipo_pista,tracado_via,uso_solo,pessoas,mortos,feridos_leves,feridos_graves,ilesos,ignorados,feridos,veiculos,latitude,longitude,regional,delegacia,uop
508891,2023-03-06,segunda-feira,17:48:00,ES,101.0,219,IBIRACU,Ausência de reação do condutor,Colisão lateral mesmo sentido,Com Vítimas Feridas,Anoitecer,Crescente,Céu Claro,Dupla,Curva,Não,3.0,0.0,1.0,0.0,1.0,1.0,1.0,2.0,"-19,86460092","-40,38336629",SPRF-ES,DEL02-ES,UOP01-DEL02-ES
508900,2023-03-06,segunda-feira,16:40:00,MG,365.0,"418,4",PATOS DE MINAS,Demais falhas mecânicas ou elétricas,Colisão lateral sentido oposto,Com Vítimas Fatais,Pleno dia,Decrescente,Chuva,Simples,Curva;Declive,Não,4.0,2.0,0.0,0.0,2.0,0.0,0.0,3.0,"-18,69066567","-46,58673522",SPRF-MG,DEL10-MG,UOP01-DEL10-MG
508902,2023-03-06,segunda-feira,17:10:00,RN,427.0,"85,8",CAICO,Reação tardia ou ineficiente do condutor,Colisão lateral sentido oposto,Com Vítimas Feridas,Pleno dia,Crescente,Céu Claro,Simples,Reta,Não,5.0,0.0,3.0,0.0,1.0,1.0,3.0,3.0,"-6,51596758","-37,00149047",SPRF-RN,DEL03-RN,UOP01-DEL03-RN
508917,2023-03-06,segunda-feira,19:00:00,BA,101.0,739,ITABELA,Reação tardia ou ineficiente do condutor,Saída de leito carroçável,Com Vítimas Feridas,Plena Noite,Decrescente,Céu Claro,Dupla,Curva;Declive,Não,2.0,0.0,1.0,0.0,0.0,1.0,1.0,2.0,"-16,53326","-39,566602",SPRF-BA,DEL09-BA,UOP01-DEL09-BA
508927,2023-03-06,segunda-feira,19:22:00,SP,116.0,532,BARRA DO TURVO,Demais falhas mecânicas ou elétricas,Incêndio,Sem Vítimas,Plena Noite,Crescente,Nublado,Dupla,Reta,Não,2.0,0.0,0.0,0.0,1.0,1.0,0.0,2.0,"-24,953383","-48,324095",SPRF-SP,DEL05-SP,UOP02-DEL05-SP
508928,2023-03-06,segunda-feira,18:10:00,PR,376.0,"517,5",PONTA GROSSA,Acessar a via sem observar a presença dos outros veículos,Colisão traseira,Com Vítimas Feridas,Anoitecer,Decrescente,Chuva,Dupla,Reta;Interseção de Vias,Não,3.0,0.0,1.0,0.0,1.0,1.0,1.0,2.0,"-25,26986796","-49,93608",SPRF-PR,DEL03-PR,UOP04-DEL03-PR
508929,2023-03-06,segunda-feira,19:30:00,RS,158.0,240,TUPANCIRETA,Problema com o freio,Incêndio,Sem Vítimas,Plena Noite,Crescente,Céu Claro,Simples,Reta,Não,2.0,0.0,0.0,0.0,1.0,2.0,0.0,3.0,"-29,03142","-53,646871",SPRF-RS,DEL10-RS,UOP02-DEL10-RS
508932,2023-03-06,segunda-feira,21:25:00,SC,101.0,"158,2",PORTO BELO,Pedestre andava na pista,Atropelamento de Pedestre,Com Vítimas Fatais,Plena Noite,Decrescente,Nublado,Dupla,Reta,Não,3.0,1.0,0.0,0.0,1.0,1.0,0.0,3.0,"-27,19096301","-48,61259017",SPRF-SC,DEL04-SC,UOP03-DEL04-SC
508936,2023-03-06,segunda-feira,14:30:00,PR,376.0,490,PONTA GROSSA,Ausência de reação do condutor,Colisão traseira,Sem Vítimas,Pleno dia,Decrescente,Céu Claro,Dupla,Reta;Aclive,Não,8.0,0.0,0.0,0.0,2.0,6.0,0.0,6.0,"-25,14692309","-50,15072006",SPRF-PR,DEL03-PR,UOP04-DEL03-PR
508938,2023-03-06,segunda-feira,18:30:00,RS,287.0,"327,7",SAO VICENTE DO SUL,Condutor deixou de manter distância do veículo da frente,Engavetamento,Com Vítimas Feridas,Anoitecer,Crescente,Nublado,Simples,Curva,Não,6.0,0.0,3.0,0.0,3.0,0.0,3.0,5.0,"-29,681402","-54,639802",SPRF-RS,DEL09-RS,UOP01-DEL09-RS
508950,2023-03-06,segunda-feira,19:30:00,SC,116.0,"162,5",PONTE ALTA DO NORTE,Ausência de reação do condutor,Colisão transversal,Com Vítimas Feridas,Plena Noite,Crescente,Chuva,Simples,Curva,Não,3.0,0.0,0.0,1.0,1.0,1.0,1.0,3.0,"-27,12566109","-50,45721887",SPRF-SC,DEL05-SC,UOP03-DEL05-SC
508953,2023-03-06,segunda-feira,22:30:00,MG,40.0,"792,6",JUIZ DE FORA,Pedestre cruzava a pista fora da faixa,Atropelamento de Pedestre,Com Vítimas Fatais,Plena Noite,Decrescente,Céu Claro,Dupla,Reta,Não,2.0,1.0,0.0,0.0,0.0,1.0,0.0,2.0,"-21,7848652","-43,41450125",SPRF-MG,DEL05-MG,UOP01-DEL05-MG
508954,2023-03-06,segunda-feira,23:00:00,SP,116.0,"169,1",JACAREI,Ausência de reação do condutor,Colisão traseira,Com Vítimas Feridas,Plena Noite,Crescente,Nublado,Dupla,Reta,Não,2.0,0.0,1.0,0.0,1.0,0.0,1.0,2.0,"-23,307652","-46,045128",SPRF-SP,DEL02-SP,UOP01-DEL02-SP
508956,2023-03-06,segunda-feira,16:00:00,MA,230.0,156,PASTOS BONS,Declive acentuado,Saída de leito carroçável,Com Vítimas Fatais,Pleno dia,Decrescente,Nublado,Simples,Curva;Declive,Não,2.0,1.0,0.0,0.0,0.0,2.0,0.0,3.0,"-6,65394981","-44,19077112",SPRF-MA,DEL05-MA,UOP01-DEL05-MA
508957,2023-03-06,segunda-feira,20:16:00,GO,40.0,28,LUZIANIA,Pedestre andava na pista,Atropelamento de Pedestre,Com Vítimas Fatais,Plena Noite,Crescente,Céu Claro,Dupla,Reta,Não,2.0,1.0,0.0,0.0,0.0,1.0,0.0,2.0,"-16,269966","-47,880081",SPRF-DF,DEL01-DF,UOP01-DEL01-DF
508959,2023-03-06,segunda-feira,21:40:00,RO,364.0,"425,9",JARU,Estacionar ou parar em local proibido,Colisão traseira,Com Vítimas Feridas,Plena Noite,Crescente,Garoa/Chuvisco,Simples,Reta;Rotatória;Interseção de Vias,Sim,3.0,0.0,1.0,0.0,1.0,2.0,1.0,4.0,"-10,4306489","-62,48206973",SPRF-RO,DEL03-RO,UOP02-DEL03-RO
508960,2023-03-06,segunda-feira,23:00:00,AL,316.0,"218,3",ATALAIA,Avarias e/ou desgaste excessivo no pneu,Colisão frontal,Com Vítimas Feridas,Plena Noite,Crescente,Céu Claro,Simples,Reta,Não,3.0,0.0,0.0,1.0,0.0,2.0,1.0,3.0,"-9,48902611","-36,20582291",SPRF-AL,DEL01-AL,UOP01-DEL01-AL
508964,2023-03-07,terça-feira,01:14:00,RS,392.0,"4,2",RIO GRANDE,Ultrapassagem Indevida,Colisão frontal,Com Vítimas Feridas,Plena Noite,Decrescente,Garoa/Chuvisco,Simples,Reta,Sim,4.0,0.0,0.0,1.0,1.0,3.0,1.0,5.0,"-32,071167","-52,096934",SPRF-RS,DEL07-RS,UOP02-DEL07-RS
508966,2023-03-07,terça-feira,01:50:00,MG,381.0,"816,7",CAREACU,Ausência de reação do condutor,Colisão traseira,Com Vítimas Feridas,Plena Noite,Crescente,Nublado,Dupla,Aclive;Curva,Não,3.0,0.0,1.0,0.0,2.0,0.0,1.0,2.0,"-22,042435","-45,686791",SPRF-MG,DEL16-MG,UOP02-DEL16-MG
508971,2023-03-07,terça-feira,04:30:00,PR,476.0,"199,7",LAPA,Velocidade Incompatível,Atropelamento de Pedestre,Com Vítimas Fatais,Plena Noite,Crescente,Chuva,Simples,Reta,Sim,6.0,1.0,1.0,0.0,3.0,1.0,1.0,4.0,"-25,77438","-49,755112",SPRF-PR,DEL01-PR,UOP06-DEL01-PR
508972,2023-03-07,terça-feira,05:50:00,BA,116.0,483,RAFAEL JAMBEIRO,Reação tardia ou ineficiente do condutor,Capotamento,Com Vítimas Fatais,Pleno dia,Decrescente,Céu Claro,Dupla,Reta,Não,3.0,1.0,0.0,0.0,1.0,3.0,0.0,4.0,"-12,5209134","-39,3926248",SPRF-BA,DEL02-BA,UOP01-DEL02-BA
508974,2023-03-07,terça-feira,05:00:00,PE,101.0,92,CABO DE SANTO AGOSTINHO,Pedestre andava na pista,Atropelamento de Pedestre,Com Vítimas Fatais,Amanhecer,Crescente,Ignorado,Dupla,Reta,Não,2.0,1.0,0.0,0.0,0.0,1.0,0.0,2.0,"-8,23201792","-34,99778611",SPRF-PE,DEL01-PE,UOP01-DEL01-PE
508978,2023-03-07,terça-feira,04:30:00,MT,163.0,91,RONDONOPOLIS,Ausência de reação do condutor,Tombamento,Com Vítimas Feridas,Amanhecer,Decrescente,Nublado,Dupla,Aclive;Reta,Não,2.0,0.0,1.0,0.0,0.0,3.0,1.0,4.0,"-16,7246595","-54,64771271",SPRF-MT,DEL02-MT,UOP03-DEL02-MT
508979,2023-03-07,terça-feira,06:00:00,GO,20.0,"5,7",FORMOSA,Ausência de sinalização,Colisão lateral sentido oposto,Com Vítimas Feridas,Amanhecer,Decrescente,Garoa/Chuvisco,Simples,Desvio Temporário;Reta;Aclive,Sim,4.0,0.0,2.0,0.0,2.0,0.0,2.0,2.0,"-15,555275","-47,306908",SPRF-DF,DEL02-DF,UOP02-DEL02-DF
508981,2023-03-06,segunda-feira,22:29:00,RN,405.0,49,APODI,Animais na Pista,Atropelamento de Animal,Com Vítimas Feridas,Plena Noite,Decrescente,Céu Claro,Simples,Reta,Não,1.0,0.0,1.0,0.0,0.0,0.0,1.0,1.0,"-5,45257313","-37,66982682",SPRF-RN,DEL04-RN,UOP02-DEL04-RN
508988,2023-03-07,terça-feira,06:11:00,RO,319.0,"58,5",PORTO VELHO,Acessar a via sem observar a presença dos outros veículos,Colisão transversal,Com Vítimas Feridas,Pleno dia,Decrescente,Chuva,Dupla,Retorno Regulamentado,Sim,4.0,0.0,1.0,0.0,2.0,1.0,1.0,2.0,"-8,742791","-63,904961",SPRF-RO,DEL01-RO,UOP01-DEL01-RO
508990,2023-03-07,terça-feira,07:40:00,SC,101.0,"194,1",BIGUACU,Velocidade Incompatível,Tombamento,Sem Vítimas,Pleno dia,Decrescente,Garoa/Chuvisco,Dupla,Retorno Regulamentado,Sim,1.0,0.0,0.0,0.0,1.0,0.0,0.0,1.0,"-27,49815117","-48,65661236",SPRF-SC,DEL01-SC,UOP01-DEL01-SC
508996,2023-03-07,terça-feira,07:30:00,BA,101.0,800,ITAMARAJU,Conversão proibida,Colisão traseira,Com Vítimas Feridas,Pleno dia,Decrescente,Céu Claro,Simples,Reta;Interseção de Vias,Não,5.0,0.0,0.0,1.0,4.0,0.0,1.0,2.0,"-16,951977","-39,555584",SPRF-BA,DEL09-BA,UOP01-DEL09-BA
508998,2023-03-07,terça-feira,08:05:00,RS,392.0,"9,6",RIO GRANDE,Conversão proibida,Colisão lateral mesmo sentido,Com Vítimas Feridas,Pleno dia,Crescente,Céu Claro,Simples,Reta,Sim,3.0,0.0,1.0,0.0,1.0,2.0,1.0,4.0,"-32,11610015","-52,12097891",SPRF-RS,DEL07-RS,UOP02-DEL07-RS
509004,2023-03-07,terça-feira,09:10:00,RJ,40.0,87,PETROPOLIS,Problema com o freio,Saída de leito carroçável,Com Vítimas Feridas,Pleno dia,Crescente,Céu Claro,Simples,Declive;Curva,Não,1.0,0.0,1.0,0.0,0.0,0.0,1.0,1.0,"-22,54413793","-43,23287799",SPRF-RJ,DEL06-RJ,UOP01-DEL06-RJ
509005,2023-03-07,terça-feira,07:30:00,SC,470.0,232,SAO CRISTOVAO DO SUL,Transitar na contramão,Colisão frontal,Com Vítimas Fatais,Amanhecer,Crescente,Nublado,Simples,Reta,Não,5.0,1.0,3.0,1.0,0.0,0.0,4.0,2.0,"-27,303425","-50,4138186",SPRF-SC,DEL05-SC,UOP03-DEL05-SC
509009,2023-03-07,terça-feira,10:00:00,MG,50.0,67,UBERLANDIA,Condutor usando celular,Colisão traseira,Com Vítimas Feridas,Pleno dia,Crescente,Céu Claro,Dupla,Reta;Retorno Regulamentado;Interseção de Vias,Sim,3.0,0.0,1.0,0.0,1.0,2.0,1.0,4.0,"-18,8750926","-48,25925946",SPRF-MG,DEL15-MG,UOP02-DEL15-MG
509011,2023-03-07,terça-feira,10:50:00,SC,101.0,139,BALNEARIO CAMBORIU,Ausência de reação do condutor,Colisão traseira,Com Vítimas Feridas,Pleno dia,Crescente,Céu Claro,Dupla,Reta;Aclive,Sim,2.0,0.0,0.0,1.0,1.0,0.0,1.0,2.0,"-27,02982303","-48,60115006",SPRF-SC,DEL04-SC,UOP03-DEL04-SC
509014,2023-03-07,terça-feira,07:50:00,RS,287.0,351,JAGUARI,Acesso irregular,Colisão transversal,Com Vítimas Feridas,Pleno dia,Crescente,Céu Claro,Simples,Curva,Não,3.0,0.0,1.0,0.0,2.0,0.0,1.0,2.0,"-29,50333027","-54,6729547",SPRF-RS,DEL12-RS,UOP02-DEL12-RS
509015,2023-03-07,terça-feira,09:10:00,SP,116.0,273,TABOAO DA SERRA,Reação tardia ou ineficiente do condutor,Colisão lateral mesmo sentido,Com Vítimas Feridas,Pleno dia,Decrescente,Céu Claro,Dupla,Reta,Não,2.0,0.0,1.0,0.0,1.0,0.0,1.0,2.0,"-23,62809795","-46,81870306",SPRF-SP,DEL04-SP,UOP01-DEL04-SP
509017,2023-02-07,terça-feira,21:15:00,SC,101.0,"190,8",BIGUACU,Manobra de mudança de faixa,Colisão lateral mesmo sentido,Com Vítimas Feridas,Plena Noite,Crescente,Nublado,Dupla,Aclive;Curva,Não,4.0,0.0,3.0,0.0,0.0,1.0,3.0,2.0,"-27,47610022","-48,64075005",SPRF-SC,DEL01-SC,UOP01-DEL01-SC
509020,2023-03-07,terça-feira,11:45:00,RS,386.0,34,FREDERICO WESTPHALEN,Condutor deixou de manter distância do veículo da frente,Colisão traseira,Com Vítimas Feridas,Pleno dia,Decrescente,Céu Claro,Simples,Rotatória;Reta,Sim,3.0,0.0,0.0,1.0,1.0,1.0,1.0,3.0,"-27,358442","-53,388298",SPRF-RS,DEL08-RS,UOP02-DEL08-RS
509023,2023-02-18,sábado,09:30:00,BA,330.0,"823,2",JITAUNA,Manobra de mudança de faixa,Colisão frontal,Com Vítimas Fatais,Pleno dia,Decrescente,Céu Claro,Simples,Curva,Não,4.0,1.0,1.0,0.0,2.0,0.0,1.0,2.0,"-14,01886497","-39,84041998",SPRF-BA,DEL03-BA,UOP01-DEL03-BA
509024,2023-03-07,terça-feira,08:50:00,PE,101.0,73,RECIFE,Acessar a via sem observar a presença dos outros veículos,Colisão transversal,Com Vítimas Feridas,Pleno dia,Decrescente,Céu Claro,Dupla,Curva;Retorno Regulamentado,Sim,2.0,0.0,1.0,0.0,1.0,0.0,1.0,2.0,"-8,093369","-34,947464",SPRF-PE,DEL01-PE,UOP01-DEL01-PE
509025,2023-03-07,terça-feira,09:30:00,RJ,356.0,185,SAO JOAO DA BARRA,Reação tardia ou ineficiente do condutor,Colisão lateral mesmo sentido,Com Vítimas Feridas,Pleno dia,Crescente,Céu Claro,Simples,Reta,Não,2.0,0.0,0.0,1.0,1.0,0.0,1.0,2.0,"-21,63133405","-41,03952199",SPRF-RJ,DEL08-RJ,UOP02-DEL08-RJ
509026,2023-03-07,terça-feira,10:30:00,MT,364.0,216,RONDONOPOLIS,Velocidade Incompatível,Colisão transversal,Com Vítimas Feridas,Pleno dia,Decrescente,Céu Claro,Dupla,Reta;Declive,Não,7.0,0.0,1.0,0.0,4.0,2.0,1.0,3.0,"-16,376333","-54,717506",SPRF-MT,DEL02-MT,UOP01-DEL02-MT
509033,2023-03-07,terça-feira,07:45:00,MG,381.0,"949,5",EXTREMA,Condutor Dormindo,Colisão traseira,Com Vítimas Feridas,Pleno dia,Crescente,Nublado,Dupla,Declive;Curva,Não,3.0,0.0,0.0,1.0,1.0,2.0,1.0,4.0,"-22,87479042","-46,36655782",SPRF-MG,DEL16-MG,UOP03-DEL16-MG
509035,2023-03-07,terça-feira,12:30:00,RJ,101.0,"84,1",CAMPOS DOS GOYTACAZES,Manobra de mudança de faixa,Atropelamento de Pedestre,Com Vítimas Feridas,Pleno dia,Decrescente,Céu Claro,Simples,Reta,Não,2.0,0.0,0.0,1.0,1.0,0.0,1.0,2.0,"-21,82137091","-41,47023906",SPRF-RJ,DEL08-RJ,UOP02-DEL08-RJ
509037,2023-03-07,terça-feira,12:00:00,MG,50.0,137,UBERABA,Reação tardia ou ineficiente do condutor,Colisão traseira,Com Vítimas Feridas,Pleno dia,Decrescente,Nublado,Dupla,Em Obras;Reta,Não,2.0,0.0,1.0,0.0,0.0,1.0,1.0,2.0,"-19,45056192","-48,06142574",SPRF-MG,DEL13-MG,UOP01-DEL13-MG
509043,2023-03-07,terça-feira,13:35:00,PR,153.0,468,PORTO VITORIA,Carga excessiva e/ou mal acondicionada,Tombamento,Sem Vítimas,Pleno dia,Crescente,Céu Claro,Simples,Curva,Não,1.0,0.0,0.0,0.0,1.0,0.0,0.0,1.0,"-26,3244988","-51,22959137",SPRF-PR,DEL02-PR,UOP03-DEL02-PR
509044,2023-03-07,terça-feira,13:15:00,RS,392.0,23,RIO GRANDE,Manobra de mudança de faixa,Colisão traseira,Com Vítimas Feridas,Pleno dia,Crescente,Garoa/Chuvisco,Dupla,Curva,Não,6.0,0.0,1.0,0.0,1.0,4.0,1.0,4.0,"-32,08800222","-52,22782002",SPRF-RS,DEL07-RS,UOP02-DEL07-RS
509048,2023-01-05,quinta-feira,22:30:00,GO,153.0,"591,7",PIRACANJUBA,Chuva,Saída de leito carroçável,Com Vítimas Feridas,Plena Noite,Decrescente,Chuva,Dupla,Declive,Não,4.0,0.0,1.0,0.0,3.0,0.0,1.0,1.0,"-17,4751","-49,2138",SPRF-GO,DEL03-GO,UOP01-DEL03-GO
509050,2023-03-07,terça-feira,12:20:00,PR,376.0,304,MAUA DA SERRA,Velocidade Incompatível,Tombamento,Com Vítimas Feridas,Pleno dia,Crescente,Céu Claro,Dupla,Declive;Curva,Não,2.0,0.0,1.0,0.0,0.0,1.0,1.0,2.0,"-23,952969","-51,114033",SPRF-PR,DEL07-PR,UOP02-DEL07-PR
509051,2023-03-07,terça-feira,13:35:00,RS,386.0,"141,4",SARANDI,Reação tardia ou ineficiente do condutor,Colisão traseira,Com Vítimas Feridas,Pleno dia,Crescente,Céu Claro,Simples,Reta,Não,5.0,0.0,3.0,0.0,2.0,0.0,3.0,3.0,"-28,008314","-52,889538",SPRF-RS,DEL08-RS,UOP01-DEL08-RS
509054,2023-03-07,terça-feira,08:15:00,MG,381.0,"242,7",SANTANA DO PARAISO,Transitar na contramão,Colisão lateral sentido oposto,Com Vítimas Feridas,Pleno dia,Decrescente,Céu Claro,Simples,Reta,Não,2.0,0.0,0.0,1.0,1.0,0.0,1.0,2.0,"-19,42980464","-42,50381335",SPRF-MG,DEL06-MG,UOP01-DEL06-MG
509056,2023-03-07,terça-feira,14:40:00,PE,101.0,71,RECIFE,Ausência de reação do condutor,Colisão traseira,Com Vítimas Feridas,Pleno dia,Decrescente,Céu Claro,Dupla,Reta,Sim,2.0,0.0,1.0,0.0,1.0,0.0,1.0,2.0,"-8,07663102","-34,94277871",SPRF-PE,DEL01-PE,UOP01-DEL01-PE
509060,2023-03-06,segunda-feira,05:00:00,RJ,40.0,92,PETROPOLIS,Condutor Dormindo,Colisão com objeto,Com Vítimas Fatais,Amanhecer,Crescente,Céu Claro,Simples,Curva,Não,1.0,1.0,0.0,0.0,0.0,0.0,0.0,1.0,"-22,552182","-43,251194",SPRF-RJ,DEL06-RJ,UOP01-DEL06-RJ
509063,2023-03-07,terça-feira,14:47:00,RJ,40.0,"30,1",AREAL,Velocidade Incompatível,Saída de leito carroçável,Com Vítimas Feridas,Pleno dia,Decrescente,Céu Claro,Dupla,Curva;Em Obras,Não,2.0,0.0,2.0,0.0,0.0,0.0,2.0,1.0,"-22,18633705","-43,16660309",SPRF-RJ,DEL05-RJ,UOP02-DEL05-RJ
509065,2023-03-07,terça-feira,14:15:00,RS,158.0,283,JULIO DE CASTILHOS,Transitar na contramão,Colisão lateral sentido oposto,Com Vítimas Feridas,Pleno dia,Decrescente,Céu Claro,Simples,Reta,Não,4.0,0.0,1.0,0.0,2.0,1.0,1.0,4.0,"-29,40291506","-53,66835773",SPRF-RS,DEL09-RS,UOP01-DEL09-RS
509066,2023-01-20,sexta-feira,22:50:00,RJ,101.0,144,MACAE,Condutor Dormindo,Colisão traseira,Com Vítimas Fatais,Plena Noite,Decrescente,Chuva,Simples,Reta;Retorno Regulamentado;Interseção de Vias,Não,2.0,2.0,0.0,0.0,0.0,0.0,0.0,2.0,"-22,21328005","-41,75426573",SPRF-RJ,DEL08-RJ,UOP04-DEL08-RJ
509071,2023-03-07,terça-feira,14:47:00,ES,101.0,69,SAO MATEUS,Condutor desrespeitou a iluminação vermelha do semáforo,Colisão transversal,Com Vítimas Feridas,Pleno dia,Crescente,Sol,Simples,Interseção de Vias,Sim,5.0,0.0,2.0,0.0,2.0,3.0,2.0,5.0,"-18,73556097","-39,86069526",SPRF-ES,DEL04-ES,UOP02-DEL04-ES
509072,2023-03-07,terça-feira,15:00:00,SC,101.0,"132,7",BALNEARIO CAMBORIU,Pedestre cruzava a pista fora da faixa,Atropelamento de Pedestre,Com Vítimas Fatais,Pleno dia,Decrescente,Céu Claro,Múltipla,Reta,Sim,4.0,1.0,0.0,0.0,1.0,2.0,0.0,3.0,"-26,9983865","-48,6488931",SPRF-SC,DEL04-SC,UOP03-DEL04-SC
509073,2023-03-07,terça-feira,15:10:00,RN,304.0,32,MOSSORO,Ultrapassagem Indevida,Colisão lateral mesmo sentido,Com Vítimas Feridas,Pleno dia,Decrescente,Céu Claro,Simples,Reta,Sim,4.0,0.0,0.0,1.0,2.0,4.0,1.0,7.0,"-5,13471117","-37,34486327",SPRF-RN,DEL04-RN,UOP02-DEL04-RN
509076,2023-03-07,terça-feira,16:10:00,AL,101.0,233,PORTO REAL DO COLEGIO,Acessar a via sem observar a presença dos outros veículos,Colisão lateral mesmo sentido,Com Vítimas Feridas,Pleno dia,Decrescente,Céu Claro,Dupla,Reta,Não,5.0,0.0,1.0,0.0,1.0,3.0,1.0,4.0,"-10,11092575","-36,75955301",SPRF-AL,DEL02-AL,UOP02-DEL02-AL
509080,2023-01-18,quarta-feira,20:00:00,GO,20.0,61,FORMOSA,Chuva,Colisão frontal,Com Vítimas Feridas,Plena Noite,Decrescente,Chuva,Múltipla,Reta;Aclive,Não,3.0,0.0,1.0,1.0,0.0,1.0,2.0,3.0,"-15,238772","-47,17049",SPRF-DF,DEL02-DF,UOP02-DEL02-DF
509088,2023-03-07,terça-feira,14:30:00,ES,101.0,"25,3",CONCEICAO DA BARRA,Manobra de mudança de faixa,Colisão lateral sentido oposto,Com Vítimas Feridas,Pleno dia,Crescente,Sol,Simples,Reta,Não,2.0,0.0,1.0,0.0,1.0,0.0,1.0,2.0,"-18,36739611","-39,95084729",SPRF-ES,DEL04-ES,UOP02-DEL04-ES
509104,2023-03-07,terça-feira,12:00:00,MT,163.0,1110,GUARANTA DO NORTE,Problema com o freio,Colisão com objeto,Com Vítimas Feridas,Pleno dia,Crescente,Céu Claro,Simples,Curva;Declive,Não,3.0,0.0,2.0,0.0,0.0,2.0,2.0,3.0,"-9,60031621","-54,89180171",SPRF-MT,DEL06-MT,UOP03-DEL06-MT
509106,2023-03-07,terça-feira,17:25:00,PR,369.0,174,ROLANDIA,Manobra de mudança de faixa,Colisão lateral mesmo sentido,Com Vítimas Feridas,Pleno dia,Crescente,Céu Claro,Simples,Reta,Sim,3.0,0.0,1.0,0.0,2.0,0.0,1.0,3.0,"-23,3267629","-51,3857469",SPRF-PR,DEL07-PR,UOP01-DEL07-PR
509110,2023-03-07,terça-feira,19:30:00,PR,373.0,"230,5",IMBITUVA,Desrespeitar a preferência no cruzamento,Colisão transversal,Com Vítimas Fatais,Plena Noite,Decrescente,Céu Claro,Simples,Declive;Reta,Sim,4.0,1.0,0.0,0.0,2.0,1.0,0.0,4.0,"-25,1807283","-50,66818293",SPRF-PR,DEL03-PR,UOP01-DEL03-PR
509111,2023-03-07,terça-feira,16:15:00,SC,101.0,138,BALNEARIO CAMBORIU,Condutor deixou de manter distância do veículo da frente,Colisão traseira,Com Vítimas Feridas,Pleno dia,Decrescente,Sol,Múltipla,Reta,Sim,3.0,0.0,1.0,0.0,2.0,0.0,1.0,2.0,"-27,02397426","-48,60761649",SPRF-SC,DEL04-SC,UOP03-DEL04-SC
509113,2023-03-07,terça-feira,19:40:00,SC,101.0,443,SANTA ROSA DO SUL,Acessar a via sem observar a presença dos outros veículos,Colisão transversal,Com Vítimas Feridas,Plena Noite,Crescente,Nublado,Simples,Viaduto,Sim,3.0,0.0,2.0,0.0,1.0,0.0,2.0,2.0,"-29,13223626","-49,69660393",SPRF-SC,DEL02-SC,UOP02-DEL02-SC
509114,2023-03-07,terça-feira,18:00:00,SC,101.0,"78,1",BARRA VELHA,Acessar a via sem observar a presença dos outros veículos,Colisão transversal,Com Vítimas Feridas,Plena Noite,Crescente,Céu Claro,Dupla,Reta,Não,2.0,0.0,0.0,1.0,1.0,0.0,1.0,2.0,"-26,57672096","-48,72270551",SPRF-SC,DEL03-SC,UOP02-DEL03-SC
509119,2023-03-07,terça-feira,20:30:00,GO,153.0,"702,2",ITUMBIARA,Pedestre cruzava a pista fora da faixa,Atropelamento de Pedestre,Com Vítimas Fatais,Plena Noite,Crescente,Nublado,Dupla,Reta,Não,4.0,1.0,0.0,0.0,1.0,2.0,0.0,3.0,"-18,4049","-49,2009",SPRF-GO,DEL03-GO,UOP02-DEL03-GO
509120,2023-03-07,terça-feira,20:20:00,BA,324.0,"5,9",FEIRA DE SANTANA,Acesso irregular,Colisão lateral mesmo sentido,Com Vítimas Feridas,Pleno dia,Crescente,Céu Claro,Dupla,Curva,Sim,6.0,0.0,3.0,0.0,2.0,2.0,3.0,4.0,"-12,27593436","-38,98258209",SPRF-BA,DEL02-BA,UOP01-DEL02-BA
509122,2023-03-07,terça-feira,20:21:00,PE,407.0,128,PETROLINA,Condutor deixou de manter distância do veículo da frente,Colisão traseira,Com Vítimas Feridas,Plena Noite,Crescente,Céu Claro,Simples,Reta,Sim,3.0,0.0,2.0,0.0,1.0,0.0,2.0,3.0,"-9,39958299","-40,50459298",SPRF-PE,DEL06-PE,UOP01-DEL06-PE
509124,2023-03-07,terça-feira,20:55:00,MG,50.0,"6,5",UBERLANDIA,Ausência de reação do condutor,Saída de leito carroçável,Com Vítimas Feridas,Plena Noite,Crescente,Chuva,Dupla,Declive,Não,2.0,0.0,1.0,0.0,0.0,1.0,1.0,2.0,"-18,87022977","-48,21350098",SPRF-MG,DEL15-MG,UOP01-DEL15-MG
509126,2023-03-07,terça-feira,17:15:00,MA,135.0,113,ITAPECURU MIRIM,Acessar a via sem observar a presença dos outros veículos,Capotamento,Sem Vítimas,Pleno dia,Crescente,Céu Claro,Simples,Reta,Sim,4.0,0.0,0.0,0.0,1.0,4.0,0.0,4.0,"-3,46081702","-44,52958795",SPRF-MA,DEL01-MA,UOP02-DEL01-MA
509128,2023-03-07,terça-feira,19:50:00,SC,480.0,"130,5",CHAPECO,Condutor deixou de manter distância do veículo da frente,Colisão traseira,Com Vítimas Feridas,Plena Noite,Crescente,Céu Claro,Dupla,Reta,Sim,2.0,0.0,1.0,0.0,0.0,1.0,1.0,2.0,"-27,06095067","-52,63491869",SPRF-SC,DEL07-SC,UOP01-DEL07-SC