id,data_inversa,dia_semana,horario,uf,br,km,municipio,causa_acidente,tipo_acidente,classificacao_acidente,fase_dia,sentido_via,condicao_metereologica,tipo_pista,tracado_via,uso_solo,pessoas,mortos,feridos_leves,feridos_graves,ilesos,ignorados,feridos,veiculos,latitude,longitude,regional,delegacia,uop
509399,2023-03-09,quinta-feira,08:00:00,MT,163.0,925,ITAUBA,Acessar a via sem observar a presença dos outros veículos,Colisão transversal,Com Vítimas Feridas,Pleno dia,Decrescente,Sol,Simples,Reta,Não,4.0,0.0,1.0,0.0,2.0,3.0,1.0,5.0,"-11,0988915","-55,29750131",SPRF-MT,DEL06-MT,UOP02-DEL06-MT
509402,2023-03-09,quinta-feira,07:30:00,GO,153.0,512,APARECIDA DE GOIANIA,Ausência de reação do condutor,Colisão lateral mesmo sentido,Com Vítimas Feridas,Pleno dia,Decrescente,Céu Claro,Múltipla,Reta,Não,2.0,0.0,1.0,0.0,1.0,0.0,1.0,2.0,"-16,8156","-49,2402",SPRF-GO,DEL01-GO,UOP03-DEL01-GO
509405,2023-03-09,quinta-feira,08:59:00,BA,20.0,7,CORRENTINA,Condutor Dormindo,Saída de leito carroçável,Com Vítimas Feridas,Pleno dia,Decrescente,Céu Claro,Simples,Reta,Não,1.0,0.0,0.0,1.0,0.0,0.0,1.0,1.0,"-13,8750576","-46,1828522",SPRF-BA,DEL10-BA,UOP01-DEL10-BA
509406,2023-03-09,quinta-feira,10:00:00,PE,104.0,23,TAQUARITINGA DO NORTE,Pedestre andava na pista,Atropelamento de Pedestre,Com Vítimas Fatais,Pleno dia,Crescente,Céu Claro,Simples,Curva,Não,2.0,1.0,0.0,0.0,1.0,0.0,0.0,2.0,"-7,97182","-36,109932",SPRF-PE,DEL02-PE,UOP01-DEL02-PE
509407,2023-03-09,quinta-feira,07:30:00,SP,116.0,105,TAUBATE,Ausência de reação do condutor,Colisão traseira,Com Vítimas Fatais,Pleno dia,Crescente,Céu Claro,Dupla,Reta,Não,4.0,1.0,0.0,0.0,2.0,1.0,0.0,4.0,"-23,00757973","-45,51466613",SPRF-SP,DEL02-SP,UOP02-DEL02-SP
509408,2023-03-09,quinta-feira,10:20:00,SP,116.0,506,CAJATI,Reação tardia ou ineficiente do condutor,Colisão traseira,Com Vítimas Feridas,Pleno dia,Decrescente,Céu Claro,Simples,Reta;Declive,Não,1.0,0.0,1.0,0.0,0.0,0.0,1.0,1.0,"-24,79704815","-48,2145174",SPRF-SP,DEL05-SP,UOP02-DEL05-SP
509423,2023-03-09,quinta-feira,12:10:00,GO,50.0,100,CRISTALINA,Acessar a via sem observar a presença dos outros veículos,Colisão transversal,Com Vítimas Feridas,Pleno dia,Decrescente,Nublado,Simples,Reta,Sim,4.0,0.0,0.0,1.0,2.0,1.0,1.0,4.0,"-16,7777882","-47,6263108",SPRF-DF,DEL01-DF,UOP02-DEL01-DF
509437,2023-03-09,quinta-feira,12:15:00,RS,386.0,292,POUSO NOVO,Ausência de reação do condutor,Colisão com objeto,Com Vítimas Feridas,Pleno dia,Decrescente,Céu Claro,Simples,Reta,Não,3.0,0.0,2.0,0.0,0.0,1.0,2.0,3.0,"-29,11576","-52,243593",SPRF-RS,DEL04-RS,UOP01-DEL04-RS
509439,2023-03-09,quinta-feira,09:45:00,MA,10.0,"236,6",GOVERNADOR EDISON LOBAO,Acessar a via sem observar a presença dos outros veículos,Colisão transversal,Com Vítimas Feridas,Pleno dia,Decrescente,Sol,Simples,Reta,Sim,2.0,0.0,0.0,1.0,1.0,0.0,1.0,2.0,"-5,655617","-47,388985",SPRF-MA,DEL04-MA,UOP01-DEL04-MA
509444,2023-03-08,quarta-feira,23:30:00,MT,158.0,"701,2",BARRA DO GARCAS,Condutor Dormindo,Saída de leito carroçável,Com Vítimas Feridas,Plena Noite,Decrescente,Nublado,Simples,Reta,Não,3.0,0.0,1.0,0.0,0.0,3.0,1.0,4.0,"-15,06504599","-52,22600396",SPRF-MT,DEL07-MT,UOP01-DEL07-MT
509447,2023-03-09,quinta-feira,14:15:00,TO,153.0,"675,2",GURUPI,Condutor Dormindo,Colisão lateral sentido oposto,Com Vítimas Feridas,Pleno dia,Crescente,Céu Claro,Simples,Reta,Sim,5.0,0.0,2.0,1.0,1.0,2.0,3.0,4.0,"-11,75312428","-49,09074565",SPRF-TO,DEL01-TO,UOP02-DEL01-TO
509458,2023-03-09,quinta-feira,15:30:00,SC,101.0,117,ITAJAI,Acessar a via sem observar a presença dos outros veículos,Colisão lateral mesmo sentido,Com Vítimas Feridas,Pleno dia,Decrescente,Céu Claro,Múltipla,Reta,Sim,4.0,0.0,0.0,1.0,1.0,2.0,1.0,4.0,"-26,88747187","-48,72252969",SPRF-SC,DEL04-SC,UOP04-DEL04-SC
509464,2023-02-25,sábado,10:55:00,PR,476.0,147,CURITIBA,Pedestre cruzava a pista fora da faixa,Atropelamento de Pedestre,Com Vítimas Fatais,Pleno dia,Decrescente,Céu Claro,Dupla,Reta,Sim,4.0,1.0,0.0,0.0,1.0,2.0,0.0,3.0,"-25,554628","-49,339268",SPRF-PR,DEL01-PR,UOP06-DEL01-PR
509466,2023-02-07,terça-feira,16:00:00,SP,116.0,130,SAO JOSE DOS CAMPOS,Reação tardia ou ineficiente do condutor,Colisão lateral mesmo sentido,Sem Vítimas,Pleno dia,Crescente,Chuva,Dupla,Reta,Não,1.0,0.0,0.0,0.0,1.0,0.0,0.0,1.0,"-23,12313858","-45,72792271",SPRF-SP,DEL02-SP,UOP02-DEL02-SP
509469,2023-03-09,quinta-feira,15:30:00,PI,316.0,310,PICOS,Acessar a via sem observar a presença dos outros veículos,Atropelamento de Pedestre,Com Vítimas Fatais,Pleno dia,Crescente,Céu Claro,Simples,Reta,Sim,2.0,1.0,0.0,0.0,1.0,0.0,0.0,2.0,"-7,07639186","-41,47475001",SPRF-PI,DEL04-PI,UOP01-DEL04-PI
509475,2023-03-09,quinta-feira,15:30:00,PR,376.0,666,GUARATUBA,Problema com o freio,Colisão traseira,Com Vítimas Fatais,Pleno dia,Crescente,Nublado,Simples,Declive;Curva,Não,3.0,1.0,0.0,0.0,1.0,1.0,0.0,3.0,"-25,86037408","-48,95087256",SPRF-PR,DEL01-PR,UOP04-DEL01-PR
509476,2023-03-09,quinta-feira,16:15:00,RJ,101.0,420,MANGARATIBA,Desrespeitar a preferência no cruzamento,Colisão transversal,Com Vítimas Feridas,Pleno dia,Decrescente,Céu Claro,Simples,Interseção de Vias,Sim,3.0,0.0,1.0,0.0,1.0,1.0,1.0,3.0,"-22,9189815","-43,92318002",SPRF-RJ,DEL03-RJ,UOP02-DEL03-RJ
509478,2023-03-09,quinta-feira,12:45:00,PI,230.0,197,OEIRAS,Ausência de reação do condutor,Colisão com objeto,Com Vítimas Fatais,Pleno dia,Decrescente,Céu Claro,Dupla,Reta,Sim,3.0,1.0,0.0,0.0,1.0,1.0,0.0,3.0,"-7,00931468","-42,12706364",SPRF-PI,DEL04-PI,UOP01-DEL04-PI
509482,2023-03-09,quinta-feira,16:14:00,TO,153.0,419,MIRANORTE,Reação tardia ou ineficiente do condutor,Saída de leito carroçável,Com Vítimas Feridas,Pleno dia,Decrescente,Céu Claro,Simples,Aclive;Reta,Não,2.0,0.0,1.0,0.0,0.0,1.0,1.0,2.0,"-9,572547","-48,615285",SPRF-TO,DEL01-TO,UOP01-DEL01-TO
509483,2023-03-09,quinta-feira,17:15:00,PR,376.0,"333,5",ORTIGUEIRA,Acessar a via sem observar a presença dos outros veículos,Colisão lateral mesmo sentido,Sem Vítimas,Pleno dia,Decrescente,Nublado,Dupla,Interseção de Vias;Retorno Regulamentado,Sim,3.0,0.0,0.0,0.0,2.0,2.0,0.0,4.0,"-24,13003929","-51,01237231",SPRF-PR,DEL07-PR,UOP02-DEL07-PR
509484,2023-03-09,quinta-feira,11:45:00,SC,153.0,"58,3",IRANI,Condutor Dormindo,Colisão frontal,Com Vítimas Fatais,Pleno dia,Decrescente,Céu Claro,Simples,Curva,Não,9.0,2.0,1.0,3.0,2.0,2.0,4.0,5.0,"-26,96607486","-51,84411764",SPRF-SC,DEL07-SC,UOP07-DEL07-SC
509487,2023-03-09,quinta-feira,13:15:00,MG,354.0,768,ITAMONTE,Ingestão de álcool pelo condutor,Saída de leito carroçável,Sem Vítimas,Pleno dia,Decrescente,Nublado,Simples,Curva,Não,2.0,0.0,0.0,0.0,1.0,1.0,0.0,2.0,"-22,34075645","-44,81594237",SPRF-MG,DEL17-MG,UOP01-DEL17-MG
509490,2023-03-09,quinta-feira,18:40:00,RS,153.0,"45,9",ERECHIM,Manobra de mudança de faixa,Colisão transversal,Com Vítimas Feridas,Anoitecer,Decrescente,Céu Claro,Simples,Curva,Não,3.0,0.0,1.0,0.0,2.0,0.0,1.0,2.0,"-27,634499","-52,2373",SPRF-RS,DEL08-RS,UOP04-DEL08-RS
509496,2023-03-09,quinta-feira,17:00:00,RJ,116.0,228,PIRAI,Condutor deixou de manter distância do veículo da frente,Engavetamento,Com Vítimas Feridas,Pleno dia,Crescente,Nublado,Simples,Aclive;Reta,Não,5.0,0.0,2.0,0.0,2.0,3.0,2.0,6.0,"-22,660623","-43,82667",SPRF-RJ,DEL07-RJ,UOP01-DEL07-RJ
509501,2023-03-09,quinta-feira,19:15:00,ES,101.0,95,JAGUARE,Ausência de reação do condutor,Atropelamento de Pedestre,Com Vítimas Feridas,Plena Noite,Crescente,Céu Claro,Dupla,Reta,Sim,3.0,0.0,0.0,1.0,1.0,3.0,1.0,5.0,"-18,93276991","-39,97277152",SPRF-ES,DEL04-ES,UOP02-DEL04-ES
509505,2023-03-09,quinta-feira,19:58:00,ES,101.0,"142,8",LINHARES,Condutor deixou de manter distância do veículo da frente,Colisão traseira,Com Vítimas Feridas,Plena Noite,Crescente,Céu Claro,Dupla,Aclive,Não,2.0,0.0,1.0,0.0,0.0,1.0,1.0,2.0,"-19,33458987","-40,06755477",SPRF-ES,DEL04-ES,UOP01-DEL04-ES
509506,2023-03-09,quinta-feira,19:00:00,PA,316.0,"68,1",CASTANHAL,Mal súbito do condutor,Colisão lateral sentido oposto,Com Vítimas Feridas,Plena Noite,Crescente,Chuva,Simples,Reta,Não,4.0,0.0,1.0,0.0,3.0,0.0,1.0,4.0,"-1,29440507","-47,88382304",SPRF-PA,DEL01-PA,UOP01-DEL01-PA
509507,2023-03-09,quinta-feira,15:00:00,MG,153.0,"76,7",MONTE ALEGRE DE MINAS,Condutor deixou de manter distância do veículo da frente,Colisão lateral sentido oposto,Com Vítimas Feridas,Pleno dia,Crescente,Céu Claro,Simples,Reta;Ponte,Não,6.0,0.0,1.0,1.0,3.0,9.0,2.0,14.0,"-19,03073298","-49,01085007",SPRF-MG,DEL15-MG,UOP03-DEL15-MG
509510,2023-03-09,quinta-feira,18:15:00,MT,174.0,81,CACERES,Reação tardia ou ineficiente do condutor,Saída de leito carroçável,Com Vítimas Feridas,Anoitecer,Decrescente,Céu Claro,Simples,Reta,Não,2.0,0.0,1.0,0.0,0.0,1.0,1.0,2.0,"-15,97509384","-57,76355875",SPRF-MT,DEL03-MT,UOP01-DEL03-MT
509513,2023-03-09,quinta-feira,19:00:00,PR,277.0,25,MORRETES,Condutor deixou de manter distância do veículo da frente,Colisão traseira,Sem Vítimas,Plena Noite,Crescente,Chuva,Dupla,Reta,Não,3.0,0.0,0.0,0.0,2.0,1.0,0.0,3.0,"-25,5343724","-48,70654307",SPRF-PR,DEL01-PR,UOP05-DEL01-PR
509519,2023-03-09,quinta-feira,16:15:00,BA,407.0,81,JAGUARARI,Demais falhas mecânicas ou elétricas,Incêndio,Sem Vítimas,Pleno dia,Decrescente,Céu Claro,Simples,Reta,Não,2.0,0.0,0.0,0.0,1.0,2.0,0.0,3.0,"-10,06944107","-40,23222066",SPRF-BA,DEL04-BA,UOP01-DEL04-BA
509522,2023-03-09,quinta-feira,20:15:00,ES,101.0,"26,5",CONCEICAO DA BARRA,Transitar na contramão,Colisão lateral sentido oposto,Com Vítimas Fatais,Plena Noite,Decrescente,Céu Claro,Simples,Reta,Não,3.0,1.0,0.0,0.0,1.0,3.0,0.0,5.0,"-18,38365905","-39,94481814",SPRF-ES,DEL04-ES,UOP02-DEL04-ES
509535,2023-03-09,quinta-feira,16:43:00,MT,70.0,694,CACERES,Problema com o freio,Tombamento,Com Vítimas Feridas,Pleno dia,Decrescente,Céu Claro,Simples,Curva,Não,1.0,0.0,1.0,0.0,0.0,0.0,1.0,1.0,"-16,20416292","-57,39588601",SPRF-MT,DEL03-MT,UOP01-DEL03-MT
509538,2023-03-10,sexta-feira,01:14:00,PE,232.0,16,JABOATAO DOS GUARARAPES,Ausência de reação do condutor,Colisão traseira,Com Vítimas Feridas,Plena Noite,Decrescente,Céu Claro,Dupla,Reta,Sim,3.0,0.0,0.0,1.0,1.0,2.0,1.0,4.0,"-8,09414193","-35,03716601",SPRF-PE,DEL01-PE,UOP01-DEL01-PE
509541,2023-03-10,sexta-feira,01:00:00,SP,116.0,412,JUQUIA,Acessar a via sem observar a presença dos outros veículos,Atropelamento de Pedestre,Com Vítimas Feridas,Plena Noite,Crescente,Nublado,Múltipla,Aclive;Reta,Não,2.0,0.0,1.0,0.0,0.0,1.0,1.0,2.0,"-24,33094086","-47,61325097",SPRF-SP,DEL05-SP,UOP01-DEL05-SP
509542,2023-03-09,quinta-feira,22:50:00,MG,262.0,"462,8",ARAUJOS,Velocidade Incompatível,Colisão traseira,Com Vítimas Fatais,Pleno dia,Crescente,Céu Claro,Simples,Aclive;Reta,Não,4.0,1.0,0.0,0.0,2.0,1.0,0.0,4.0,"-19,80201777","-45,13597727",SPRF-MG,DEL08-MG,UOP03-DEL08-MG
509543,2023-03-10,sexta-feira,01:00:00,MG,40.0,"652,2",CRISTIANO OTONI,Condutor Dormindo,Saída de leito carroçável,Com Vítimas Feridas,Plena Noite,Decrescente,Céu Claro,Dupla,Aclive;Viaduto;Reta,Sim,2.0,0.0,0.0,1.0,0.0,1.0,1.0,2.0,"-20,84302611","-43,79841231",SPRF-MG,DEL05-MG,UOP02-DEL05-MG
509547,2023-03-10,sexta-feira,00:45:00,PA,230.0,1110,ITAITUBA,Manobra de mudança de faixa,Tombamento,Com Vítimas Feridas,Plena Noite,Crescente,Nublado,Simples,Curva,Não,2.0,0.0,0.0,1.0,0.0,3.0,1.0,4.0,"-4,33008189","-55,76001907",SPRF-PA,DEL05-PA,UOP02-DEL05-PA
509551,2023-03-10,sexta-feira,03:30:00,SP,116.0,"312,9",SAO LOURENCO DA SERRA,Ausência de reação do condutor,Colisão traseira,Com Vítimas Feridas,Plena Noite,Crescente,Céu Claro,Dupla,Reta,Não,3.0,0.0,1.0,0.0,0.0,2.0,1.0,3.0,"-23,88342825","-46,97368879",SPRF-SP,DEL04-SP,UOP01-DEL04-SP
509558,2023-03-10,sexta-feira,05:45:00,MG,40.0,386,CURVELO,Condutor Dormindo,Saída de leito carroçável,Com Vítimas Feridas,Amanhecer,Decrescente,Céu Claro,Simples,Ponte;Reta,Não,2.0,0.0,1.0,0.0,0.0,2.0,1.0,3.0,"-18,91367099","-44,68356184",SPRF-MG,DEL02-MG,UOP01-DEL02-MG
509562,2023-03-10,sexta-feira,06:20:00,RS,158.0,"214,7",CRUZ ALTA,Ultrapassagem Indevida,Colisão frontal,Com Vítimas Fatais,Amanhecer,Crescente,Nevoeiro/Neblina,Simples,Reta;Aclive,Não,5.0,1.0,0.0,0.0,3.0,4.0,0.0,8.0,"-28,80854515","-53,60889162",SPRF-RS,DEL10-RS,UOP02-DEL10-RS
509568,2023-03-10,sexta-feira,07:30:00,PR,116.0,113,CURITIBA,Ausência de reação do condutor,Engavetamento,Com Vítimas Feridas,Pleno dia,Crescente,Chuva,Dupla,Reta,Sim,10.0,0.0,1.0,0.0,8.0,2.0,1.0,6.0,"-25,56513636","-49,24675108",SPRF-PR,DEL01-PR,UOP07-DEL01-PR
509574,2023-03-10,sexta-feira,07:00:00,RS,386.0,52,SEBERI,Transitar na contramão,Colisão lateral sentido oposto,Com Vítimas Feridas,Pleno dia,Crescente,Céu Claro,Simples,Reta,Sim,3.0,0.0,2.0,0.0,1.0,0.0,2.0,3.0,"-27,508551","-53,381039",SPRF-RS,DEL08-RS,UOP02-DEL08-RS
509584,2023-03-10,sexta-feira,08:30:00,BA,110.0,365,CATU,Manobra de mudança de faixa,Colisão frontal,Com Vítimas Feridas,Pleno dia,Crescente,Sol,Simples,Reta,Sim,3.0,0.0,0.0,1.0,1.0,2.0,1.0,4.0,"-12,40823831","-38,39684499",SPRF-BA,DEL01-BA,UOP04-DEL01-BA
509586,2023-03-10,sexta-feira,08:00:00,SC,470.0,261,CURITIBANOS,Avarias e/ou desgaste excessivo no pneu,Colisão lateral sentido oposto,Com Vítimas Feridas,Pleno dia,Decrescente,Céu Claro,Simples,Curva,Não,4.0,0.0,2.0,0.0,2.0,0.0,2.0,2.0,"-27,299816","-50,68129",SPRF-SC,DEL05-SC,UOP03-DEL05-SC
509588,2023-03-04,sábado,04:00:00,MS,262.0,752,CORUMBA,Ausência de reação do condutor,Colisão traseira,Sem Vítimas,Amanhecer,Crescente,Céu Claro,Simples,Aclive,Não,3.0,0.0,0.0,0.0,2.0,1.0,0.0,3.0,"-19,21265799","-57,64541874",SPRF-MS,DEL03-MS,UOP03-DEL03-MS
509594,2023-02-25,sábado,12:00:00,AM,174.0,912,MANAUS,Demais falhas mecânicas ou elétricas,Saída de leito carroçável,Sem Vítimas,Pleno dia,Decrescente,Céu Claro,Simples,Reta,Não,5.0,0.0,0.0,0.0,2.0,3.0,0.0,3.0,"-2,72638103","-60,04631522",SPRF-AM,DEL01-AM,UOP01-DEL01-AM
509595,2023-03-10,sexta-feira,07:30:00,CE,222.0,"237,1",SOBRAL,Ultrapassagem Indevida,Colisão frontal,Com Vítimas Fatais,Pleno dia,Crescente,Céu Claro,Simples,Reta,Não,7.0,1.0,1.0,1.0,2.0,2.0,2.0,3.0,"-3,71931749","-40,45243223",SPRF-CE,DEL04-CE,UOP01-DEL04-CE
509601,2023-03-10,sexta-feira,06:30:00,MG,365.0,673,MONTE ALEGRE DE MINAS,Ausência de reação do condutor,Colisão traseira,Sem Vítimas,Amanhecer,Crescente,Nublado,Dupla,Reta,Não,2.0,0.0,0.0,0.0,1.0,1.0,0.0,2.0,"-18,86846711","-48,75850308",SPRF-MG,DEL15-MG,UOP01-DEL15-MG
509603,2023-03-10,sexta-feira,10:10:00,CE,222.0,39,CAUCAIA,Manobra de mudança de faixa,Colisão lateral sentido oposto,Com Vítimas Feridas,Pleno dia,Crescente,Céu Claro,Simples,Reta,Sim,2.0,0.0,1.0,0.0,1.0,0.0,1.0,2.0,"-3,68870601","-38,89853601",SPRF-CE,DEL01-CE,UOP01-DEL01-CE
509604,2023-03-10,sexta-feira,10:10:00,MG,251.0,"473,5",FRANCISCO SA,Velocidade Incompatível,Colisão lateral sentido oposto,Com Vítimas Feridas,Pleno dia,Crescente,Céu Claro,Simples,Curva;Declive,Não,3.0,0.0,1.0,0.0,1.0,2.0,1.0,4.0,"-16,47012768","-43,44753404",SPRF-MG,DEL12-MG,UOP01-DEL12-MG
509608,2023-02-24,sexta-feira,15:50:00,SP,153.0,"305,8",SAO PEDRO DO TURVO,Demais falhas mecânicas ou elétricas,Colisão com objeto,Com Vítimas Feridas,Pleno dia,Decrescente,Céu Claro,Simples,Reta,Não,3.0,0.0,1.0,0.0,1.0,1.0,1.0,3.0,"-22,625226","-49,88953623",SPRF-SP,DEL07-SP,UOP03-DEL07-SP
509611,2023-03-10,sexta-feira,10:25:00,MS,163.0,"469,9",CAMPO GRANDE,Transitar na contramão,Colisão lateral sentido oposto,Sem Vítimas,Pleno dia,Crescente,Chuva,Simples,Reta,Não,4.0,0.0,0.0,0.0,3.0,1.0,0.0,3.0,"-20,56776899","-54,56218402",SPRF-MS,DEL01-MS,UOP01-DEL01-MS
509614,2023-03-10,sexta-feira,09:55:00,MT,70.0,"11,5",BARRA DO GARCAS,Reação tardia ou ineficiente do condutor,Eventos atípicos,Com Vítimas Fatais,Pleno dia,Crescente,Céu Claro,Simples,Reta,Não,3.0,1.0,0.0,0.0,1.0,3.0,0.0,5.0,"-15,87896313","-52,352928",SPRF-MT,DEL07-MT,UOP01-DEL07-MT
509617,2023-03-10,sexta-feira,12:00:00,RJ,116.0,122,MAGE,Ausência de reação do condutor,Colisão lateral mesmo sentido,Sem Vítimas,Pleno dia,Decrescente,Céu Claro,Dupla,Reta,Sim,2.0,0.0,0.0,0.0,2.0,0.0,0.0,2.0,"-22,6350974239","-43,0557796272",SPRF-RJ,DEL04-RJ,UOP02-DEL04-RJ
509620,2023-03-10,sexta-feira,08:40:00,PR,376.0,628,SAO JOSE DOS PINHAIS,Obstrução Via tentativa Assalto,Colisão lateral mesmo sentido,Sem Vítimas,Pleno dia,Crescente,Chuva,Dupla,Reta,Não,5.0,0.0,0.0,0.0,5.0,0.0,0.0,2.0,"-25,67832409","-49,14963231",SPRF-PR,DEL01-PR,UOP04-DEL01-PR
509621,2023-03-09,quinta-feira,00:45:00,PR,153.0,"15,2",JACAREZINHO,Reação tardia ou ineficiente do condutor,Saída de leito carroçável,Com Vítimas Feridas,Plena Noite,Crescente,Chuva,Simples,Curva,Não,2.0,0.0,0.0,1.0,0.0,1.0,1.0,2.0,"-23,11894605","-49,94417381",SPRF-PR,DEL07-PR,UOP04-DEL07-PR
509626,2023-03-10,sexta-feira,10:15:00,SP,116.0,511,CAJATI,Velocidade Incompatível,Saída de leito carroçável,Com Vítimas Feridas,Pleno dia,Decrescente,Garoa/Chuvisco,Dupla,Curva;Declive,Não,2.0,0.0,2.0,0.0,0.0,0.0,2.0,1.0,"-24,83558399","-48,2223738",SPRF-SP,DEL05-SP,UOP02-DEL05-SP
509627,2023-03-10,sexta-feira,09:00:00,PR,153.0,22,JACAREZINHO,Mal súbito do condutor,Saída de leito carroçável,Com Vítimas Feridas,Pleno dia,Crescente,Chuva,Simples,Curva;Declive,Não,1.0,0.0,1.0,0.0,0.0,0.0,1.0,1.0,"-23,17225028","-49,96840286",SPRF-PR,DEL07-PR,UOP04-DEL07-PR
509629,2023-03-10,sexta-feira,13:10:00,SP,153.0,"9,6",ICEM,Condutor Dormindo,Colisão frontal,Com Vítimas Feridas,Pleno dia,Decrescente,Céu Claro,Simples,Reta,Não,4.0,0.0,0.0,1.0,2.0,1.0,1.0,4.0,"-20,38030491","-49,23107915",SPRF-SP,DEL09-SP,UOP01-DEL09-SP
509630,2023-03-10,sexta-feira,12:50:00,BA,324.0,515,FEIRA DE SANTANA,Acesso irregular,Colisão traseira,Sem Vítimas,Pleno dia,Decrescente,Céu Claro,Simples,Interseção de Vias,Sim,2.0,0.0,0.0,0.0,2.0,0.0,0.0,2.0,"-12,23547809","-38,94396807",SPRF-BA,DEL02-BA,UOP01-DEL02-BA
509631,2023-03-10,sexta-feira,13:40:00,RJ,101.0,"525,6",ANGRA DOS REIS,Acessar a via sem observar a presença dos outros veículos,Colisão transversal,Com Vítimas Feridas,Pleno dia,Crescente,Céu Claro,Simples,Reta,Não,4.0,0.0,4.0,0.0,0.0,0.0,4.0,2.0,"-23,0053988861","-44,4844850356",SPRF-RJ,DEL03-RJ,UOP03-DEL03-RJ
509633,2023-03-10,sexta-feira,08:15:00,SC,470.0,260,CURITIBANOS,Reação tardia ou ineficiente do condutor,Saída de leito carroçável,Com Vítimas Feridas,Pleno dia,Crescente,Nublado,Simples,Reta;Aclive,Não,2.0,0.0,1.0,0.0,0.0,1.0,1.0,2.0,"-27,301584","-50,671352",SPRF-SC,DEL05-SC,UOP03-DEL05-SC
509635,2023-03-10,sexta-feira,10:50:00,CE,116.0,"545,9",PENAFORTE,Acessar a via sem observar a presença dos outros veículos,Colisão traseira,Com Vítimas Fatais,Pleno dia,Crescente,Nublado,Simples,Reta,Não,3.0,1.0,0.0,0.0,1.0,1.0,0.0,3.0,"-7,80364088","-39,08132826",SPRF-CE,DEL05-CE,UOP03-DEL05-CE
509638,2023-03-10,sexta-feira,11:35:00,GO,153.0,"496,3",GOIANIA,Ausência de sinalização,Colisão traseira,Com Vítimas Feridas,Pleno dia,Crescente,Nublado,Dupla,Aclive,Sim,3.0,0.0,0.0,1.0,1.0,1.0,1.0,3.0,"-16,6776","-49,2314",SPRF-GO,DEL01-GO,UOP01-DEL01-GO
509639,2023-03-10,sexta-feira,13:15:00,BA,101.0,122,TEODORO SAMPAIO,Velocidade Incompatível,Capotamento,Com Vítimas Feridas,Pleno dia,Crescente,Céu Claro,Simples,Curva,Não,1.0,0.0,1.0,0.0,0.0,0.0,1.0,1.0,"-12,17564101","-38,57512499",SPRF-BA,DEL01-BA,UOP04-DEL01-BA
509645,2023-03-10,sexta-feira,13:50:00,SP,116.0,"67,7",APARECIDA,Ausência de sinalização,Colisão traseira,Com Vítimas Feridas,Pleno dia,Crescente,Nublado,Dupla,Curva,Não,5.0,0.0,1.0,0.0,3.0,1.0,1.0,4.0,"-22,82867578","-45,2088941",SPRF-SP,DEL08-SP,UOP01-DEL08-SP
509649,2023-03-10,sexta-feira,13:55:00,MG,116.0,"124,1",ITAOBIM,Curva acentuada,Tombamento,Com Vítimas Feridas,Pleno dia,Decrescente,Nublado,Simples,Curva;Ponte,Não,2.0,0.0,0.0,1.0,0.0,1.0,1.0,2.0,"-16,63600491","-41,50254588",SPRF-MG,DEL11-MG,UOP02-DEL11-MG
509656,2023-03-10,sexta-feira,15:30:00,RS,470.0,213,BENTO GONCALVES,Desrespeitar a preferência no cruzamento,Colisão transversal,Com Vítimas Feridas,Pleno dia,Decrescente,Céu Claro,Simples,Reta;Interseção de Vias,Sim,2.0,0.0,1.0,0.0,1.0,0.0,1.0,2.0,"-29,138703","-51,542708",SPRF-RS,DEL06-RS,UOP01-DEL06-RS
509657,2023-03-10,sexta-feira,15:15:00,MG,381.0,492,BETIM,Obstrução na via,Engavetamento,Com Vítimas Feridas,Pleno dia,Crescente,Sol,Múltipla,Reta,Sim,7.0,0.0,1.0,0.0,6.0,0.0,1.0,6.0,"-19,96219603","-44,16357994",SPRF-MG,DEL01-MG,UOP03-DEL01-MG
509660,2023-03-10,sexta-feira,16:30:00,SC,101.0,148,ITAPEMA,Condutor deixou de manter distância do veículo da frente,Colisão traseira,Com Vítimas Feridas,Pleno dia,Crescente,Nublado,Múltipla,Reta,Sim,6.0,0.0,1.0,0.0,4.0,2.0,1.0,7.0,"-27,10123686","-48,61807962",SPRF-SC,DEL04-SC,UOP03-DEL04-SC
509662,2023-03-10,sexta-feira,10:00:00,MT,163.0,1029,PEIXOTO DE AZEVEDO,Desrespeitar a preferência no cruzamento,Colisão transversal,Sem Vítimas,Pleno dia,Crescente,Nublado,Simples,Interseção de Vias;Reta,Sim,3.0,0.0,0.0,0.0,2.0,1.0,0.0,3.0,"-10,2448993","-54,9891059",SPRF-MT,DEL06-MT,UOP03-DEL06-MT
509666,2023-03-09,quinta-feira,23:30:00,MT,163.0,1080,GUARANTA DO NORTE,Demais falhas mecânicas ou elétricas,Tombamento,Com Vítimas Feridas,Plena Noite,Crescente,Nublado,Simples,Curva,Não,3.0,0.0,1.0,0.0,1.0,2.0,1.0,3.0,"-9,820794","-54,882651",SPRF-MT,DEL06-MT,UOP03-DEL06-MT
509667,2023-03-10,sexta-feira,09:00:00,MG,251.0,"275,8",SALINAS,Ausência de reação do condutor,Tombamento,Com Vítimas Feridas,Pleno dia,Decrescente,Sol,Simples,Aclive;Curva,Não,2.0,0.0,1.0,0.0,1.0,0.0,1.0,1.0,"-15,98908958","-42,04405915",SPRF-MG,DEL12-MG,UOP01-DEL12-MG