id,data_inversa,dia_semana,horario,uf,br,km,municipio,causa_acidente,tipo_acidente,classificacao_acidente,fase_dia,sentido_via,condicao_metereologica,tipo_pista,tracado_via,uso_solo,pessoas,mortos,feridos_leves,feridos_graves,ilesos,ignorados,feridos,veiculos,latitude,longitude,regional,delegacia,uop
510674,2023-03-15,quarta-feira,12:39:00,TO,153.0,304,PRESIDENTE KENNEDY,Transitar na contramão,Colisão lateral sentido oposto,Com Vítimas Feridas,Pleno dia,Decrescente,Garoa/Chuvisco,Simples,Reta,Não,3.0,0.0,1.0,0.0,1.0,4.0,1.0,6.0,"-8,569809","-48,483177",SPRF-TO,DEL02-TO,UOP02-DEL02-TO
510676,2023-03-15,quarta-feira,12:45:00,RJ,116.0,106,GUAPIMIRIM,Reação tardia ou ineficiente do condutor,Tombamento,Com Vítimas Feridas,Pleno dia,Crescente,Céu Claro,Simples,Curva;Aclive,Não,2.0,0.0,1.0,0.0,0.0,1.0,1.0,2.0,"-22,54837158","-42,98983455",SPRF-RJ,DEL04-RJ,UOP01-DEL04-RJ
510677,2023-03-03,sexta-feira,17:00:00,AM,174.0,924,MANAUS,Acessar a via sem observar a presença dos outros veículos,Colisão transversal,Com Vítimas Feridas,Anoitecer,Crescente,Nublado,Simples,Reta,Não,2.0,0.0,1.0,0.0,1.0,0.0,1.0,2.0,"-2,622068","-60,039817",SPRF-AM,DEL01-AM,UOP01-DEL01-AM
510679,2023-03-07,terça-feira,14:30:00,BA,407.0,9,JUAZEIRO,Acesso irregular,Colisão frontal,Com Vítimas Feridas,Pleno dia,Decrescente,Céu Claro,Simples,Reta,Não,10.0,0.0,8.0,0.0,0.0,2.0,8.0,4.0,"-9,4802599","-40,4750298",SPRF-PE,DEL06-PE,UOP01-DEL06-PE
510680,2023-03-14,terça-feira,16:22:00,MA,135.0,137,MATOES DO NORTE,Reação tardia ou ineficiente do condutor,Saída de leito carroçável,Com Vítimas Feridas,Pleno dia,Crescente,Céu Claro,Simples,Reta,Não,1.0,0.0,1.0,0.0,0.0,0.0,1.0,1.0,"-3,64935592","-44,54345984",SPRF-MA,DEL01-MA,UOP02-DEL01-MA
510683,2023-03-15,quarta-feira,12:50:00,DF,20.0,"10,8",BRASILIA,Velocidade Incompatível,Tombamento,Com Vítimas Feridas,Pleno dia,Decrescente,Chuva,Dupla,Declive,Sim,1.0,0.0,1.0,0.0,0.0,0.0,1.0,1.0,"-15,650243","-47,773872",SPRF-DF,DEL02-DF,UOP01-DEL02-DF
510689,2023-03-15,quarta-feira,13:45:00,BA,242.0,780,BARREIRAS,Reação tardia ou ineficiente do condutor,Colisão traseira,Com Vítimas Fatais,Pleno dia,Decrescente,Chuva,Simples,Curva,Não,10.0,1.0,1.0,0.0,7.0,2.0,1.0,7.0,"-12,14633129","-44,70899115",SPRF-BA,DEL10-BA,UOP01-DEL10-BA
510690,2023-01-17,terça-feira,08:00:00,PR,376.0,602,CURITIBA,Reação tardia ou ineficiente do condutor,Engavetamento,Com Vítimas Feridas,Pleno dia,Decrescente,Céu Claro,Múltipla,Reta,Sim,13.0,0.0,0.0,2.0,10.0,1.0,2.0,9.0,"-25,54329052","-49,30719981",SPRF-PR,DEL01-PR,UOP06-DEL01-PR
510692,2023-03-15,quarta-feira,14:45:00,SC,101.0,206,SAO JOSE,Manobra de mudança de faixa,Colisão lateral mesmo sentido,Com Vítimas Feridas,Pleno dia,Crescente,Céu Claro,Múltipla,Reta,Não,3.0,0.0,2.0,0.0,1.0,0.0,2.0,2.0,"-27,59193546","-48,61824557",SPRF-SC,DEL01-SC,UOP01-DEL01-SC
510693,2023-03-15,quarta-feira,12:00:00,SC,101.0,"76,7",ARAQUARI,Problema com o freio,Colisão com objeto,Com Vítimas Feridas,Pleno dia,Decrescente,Céu Claro,Dupla,Reta,Não,4.0,0.0,2.0,0.0,1.0,2.0,2.0,4.0,"-26,55954801","-48,72063404",SPRF-SC,DEL03-SC,UOP02-DEL03-SC
510696,2023-03-15,quarta-feira,14:55:00,RJ,116.0,181,NOVA IGUACU,Condutor deixou de manter distância do veículo da frente,Colisão traseira,Com Vítimas Feridas,Pleno dia,Crescente,Céu Claro,Dupla,Reta,Sim,2.0,0.0,1.0,0.0,1.0,0.0,1.0,2.0,"-22,761312","-43,423492",SPRF-RJ,DEL01-RJ,UOP02-DEL01-RJ
510697,2023-03-15,quarta-feira,15:00:00,SP,116.0,356,MIRACATU,Demais falhas mecânicas ou elétricas,Incêndio,Sem Vítimas,Pleno dia,Decrescente,Céu Claro,Dupla,Reta,Não,2.0,0.0,0.0,0.0,1.0,2.0,0.0,3.0,"-24,09010299","-47,25681582",SPRF-SP,DEL04-SP,UOP03-DEL04-SP
510702,2023-03-15,quarta-feira,11:35:00,MG,116.0,255,TEOFILO OTONI,Acessar a via sem observar a presença dos outros veículos,Colisão transversal,Com Vítimas Feridas,Pleno dia,Decrescente,Céu Claro,Simples,Interseção de Vias,Não,2.0,0.0,0.0,1.0,1.0,0.0,1.0,2.0,"-17,682887","-41,485037",SPRF-MG,DEL11-MG,UOP01-DEL11-MG
510703,2023-03-15,quarta-feira,15:00:00,CE,116.0,"502,6",BREJO SANTO,Condutor deixou de manter distância do veículo da frente,Colisão traseira,Com Vítimas Feridas,Pleno dia,Crescente,Nublado,Simples,Reta,Sim,5.0,0.0,1.0,0.0,3.0,1.0,1.0,4.0,"-7,4944425","-38,9843912",SPRF-CE,DEL05-CE,UOP03-DEL05-CE
510704,2023-03-15,quarta-feira,14:27:00,PA,163.0,410,ITAITUBA,Acessar a via sem observar a presença dos outros veículos,Colisão transversal,Com Vítimas Feridas,Anoitecer,Crescente,Nublado,Simples,Reta,Sim,3.0,0.0,0.0,1.0,1.0,3.0,1.0,5.0,"-6,217695","-55,627546",SPRF-PA,DEL05-PA,UOP02-DEL05-PA
510705,2023-03-15,quarta-feira,15:42:00,PE,101.0,"48,1",ABREU E LIMA,Manobra de mudança de faixa,Colisão lateral mesmo sentido,Com Vítimas Feridas,Pleno dia,Decrescente,Céu Claro,Dupla,Reta,Sim,4.0,0.0,1.0,0.0,2.0,1.0,1.0,3.0,"-7,89174705","-34,9033493",SPRF-PE,DEL01-PE,UOP02-DEL01-PE
510710,2023-03-15,quarta-feira,14:10:00,GO,364.0,136,APARECIDA DO RIO DOCE,Reação tardia ou ineficiente do condutor,Saída de leito carroçável,Com Vítimas Feridas,Pleno dia,Crescente,Céu Claro,Simples,Declive;Reta,Não,5.0,0.0,2.0,0.0,2.0,2.0,2.0,3.0,"-18,2087","-51,317787",SPRF-GO,DEL05-GO,UOP02-DEL05-GO
510712,2023-03-03,sexta-feira,10:45:00,SC,101.0,"206,5",SAO JOSE,Trafegar com motocicleta (ou similar) entre as faixas,Colisão lateral mesmo sentido,Com Vítimas Fatais,Pleno dia,Crescente,Sol,Múltipla,Reta,Sim,5.0,1.0,0.0,0.0,1.0,3.0,0.0,4.0,"-27,59193546","-48,61824557",SPRF-SC,DEL01-SC,UOP01-DEL01-SC
510717,2023-03-12,domingo,05:00:00,ES,101.0,31,CONCEICAO DA BARRA,Entrada inopinada do pedestre,Atropelamento de Pedestre,Com Vítimas Feridas,Amanhecer,Decrescente,Céu Claro,Simples,Reta,Sim,3.0,0.0,0.0,1.0,0.0,2.0,1.0,2.0,"-18,41695394","-39,93608555",SPRF-ES,DEL04-ES,UOP02-DEL04-ES
510721,2023-03-15,quarta-feira,17:55:00,RS,285.0,"460,6",IJUI,Problema com o freio,Colisão transversal,Com Vítimas Fatais,Pleno dia,Crescente,Céu Claro,Simples,Reta;Declive;Interseção de Vias,Sim,4.0,1.0,0.0,0.0,2.0,2.0,0.0,4.0,"-28,4191833","-53,91746521",SPRF-RS,DEL10-RS,UOP01-DEL10-RS
510726,2023-03-15,quarta-feira,18:05:00,SC,116.0,"137,5",SANTA CECILIA,Transitar na contramão,Colisão lateral sentido oposto,Sem Vítimas,Anoitecer,Decrescente,Céu Claro,Simples,Curva;Declive,Não,2.0,0.0,0.0,0.0,2.0,0.0,0.0,2.0,"-26,946361","-50,42928293",SPRF-SC,DEL06-SC,UOP02-DEL06-SC
510728,2023-03-15,quarta-feira,16:40:00,MG,116.0,"542,8",SANTA RITA DE MINAS,Transitar na contramão,Colisão lateral sentido oposto,Com Vítimas Feridas,Pleno dia,Crescente,Céu Claro,Simples,Curva,Não,3.0,0.0,1.0,0.0,1.0,1.0,1.0,3.0,"-19,90319206","-42,13408157",SPRF-MG,DEL06-MG,UOP02-DEL06-MG
510730,2023-03-15,quarta-feira,13:55:00,BA,116.0,596,IRAJUBA,Ultrapassagem Indevida,Colisão frontal,Com Vítimas Fatais,Pleno dia,Crescente,Céu Claro,Simples,Aclive;Curva,Não,4.0,1.0,1.0,1.0,0.0,2.0,2.0,4.0,"-13,2123849","-40,0250477",SPRF-BA,DEL03-BA,UOP02-DEL03-BA
510731,2023-03-15,quarta-feira,16:50:00,RJ,40.0,10,COMENDADOR LEVY GASPARIAN,Ausência de reação do condutor,Saída de leito carroçável,Com Vítimas Feridas,Pleno dia,Decrescente,Céu Claro,Dupla,Curva,Não,2.0,0.0,1.0,0.0,1.0,0.0,1.0,1.0,"-22,044804","-43,20572",SPRF-RJ,DEL05-RJ,UOP02-DEL05-RJ
510732,2023-03-15,quarta-feira,18:50:00,MG,381.0,478,CONTAGEM,Manobra de mudança de faixa,Colisão lateral mesmo sentido,Com Vítimas Feridas,Plena Noite,Decrescente,Céu Claro,Múltipla,Reta,Sim,3.0,0.0,2.0,0.0,1.0,0.0,2.0,2.0,"-19,96253889","-44,03938293",SPRF-MG,DEL01-MG,UOP03-DEL01-MG
510734,2023-03-15,quarta-feira,16:45:00,RS,285.0,607,SANTO ANTONIO DAS MISSOES,Transitar na contramão,Colisão frontal,Com Vítimas Fatais,Pleno dia,Crescente,Chuva,Simples,Reta;Aclive,Não,3.0,2.0,1.0,0.0,0.0,0.0,1.0,2.0,"-28,493053","-55,354687",SPRF-RS,DEL12-RS,UOP01-DEL12-RS
510739,2023-03-15,quarta-feira,14:32:00,TO,153.0,375,FORTALEZA DO TABOCAO,Condutor Dormindo,Colisão frontal,Com Vítimas Feridas,Pleno dia,Crescente,Garoa/Chuvisco,Simples,Reta,Não,4.0,0.0,0.0,2.0,1.0,2.0,2.0,4.0,"-9,19830594","-48,54012439",SPRF-TO,DEL02-TO,UOP02-DEL02-TO
510743,2023-03-15,quarta-feira,18:40:00,GO,414.0,430,ANAPOLIS,Condutor deixou de manter distância do veículo da frente,Colisão traseira,Com Vítimas Feridas,Amanhecer,Crescente,Nublado,Simples,Reta,Não,3.0,0.0,0.0,1.0,2.0,0.0,1.0,2.0,"-16,20624369","-48,9136195",SPRF-GO,DEL02-GO,UOP01-DEL02-GO
510746,2023-02-28,terça-feira,18:30:00,BA,101.0,386,IBIRAPITANGA,Transitar na contramão,Colisão frontal,Com Vítimas Fatais,Plena Noite,Decrescente,Céu Claro,Simples,Curva;Declive,Não,4.0,2.0,0.0,0.0,2.0,0.0,0.0,2.0,"-14,01967232","-39,43001235",SPRF-BA,DEL05-BA,UOP03-DEL05-BA
510762,2023-03-15,quarta-feira,09:15:00,SP,116.0,515,CAJATI,Ausência de reação do condutor,Saída de leito carroçável,Com Vítimas Feridas,Pleno dia,Decrescente,Sol,Simples,Declive;Reta,Não,2.0,0.0,1.0,0.0,0.0,1.0,1.0,2.0,"-24,86698","-48,210865",SPRF-SP,DEL05-SP,UOP02-DEL05-SP
510765,2023-03-15,quarta-feira,20:28:00,PE,101.0,"152,3",RIBEIRAO,Ausência de reação do condutor,Colisão com objeto,Com Vítimas Feridas,Plena Noite,Crescente,Chuva,Dupla,Curva,Não,4.0,0.0,1.0,0.0,2.0,2.0,1.0,5.0,"-8,51119897","-35,38696321",SPRF-PE,DEL01-PE,UOP03-DEL01-PE
510773,2023-03-15,quarta-feira,17:55:00,PA,163.0,355,NOVO PROGRESSO,Acessar a via sem observar a presença dos outros veículos,Colisão transversal,Com Vítimas Feridas,Pleno dia,Crescente,Nublado,Simples,Reta,Não,5.0,0.0,1.0,0.0,3.0,2.0,1.0,4.0,"-6,676916","-55,493974",SPRF-PA,DEL05-PA,UOP02-DEL05-PA
510776,2023-03-15,quarta-feira,17:10:00,MG,262.0,"512,4",LUZ,Ultrapassagem Indevida,Colisão frontal,Sem Vítimas,Pleno dia,Decrescente,Sol,Simples,Reta,Não,3.0,0.0,0.0,0.0,1.0,5.0,0.0,6.0,"-19,77971677","-45,54635185",SPRF-MG,DEL08-MG,UOP03-DEL08-MG
510777,2023-03-15,quarta-feira,21:40:00,GO,60.0,"338,5",SANTO ANTONIO DA BARRA,Reação tardia ou ineficiente do condutor,Tombamento,Com Vítimas Feridas,Plena Noite,Decrescente,Chuva,Dupla,Reta,Não,2.0,0.0,1.0,0.0,0.0,1.0,1.0,2.0,"-17,5441","-50,5909",SPRF-GO,DEL04-GO,UOP02-DEL04-GO
510781,2023-03-15,quarta-feira,19:15:00,SC,153.0,"13,8",AGUA DOCE,Ultrapassagem Indevida,Colisão frontal,Com Vítimas Fatais,Plena Noite,Crescente,Nublado,Simples,Reta,Não,4.0,1.0,0.0,0.0,2.0,2.0,0.0,5.0,"-26,7006419","-51,577636",SPRF-SC,DEL07-SC,UOP07-DEL07-SC
510784,2023-03-15,quarta-feira,21:55:00,MG,381.0,"560,8",ITAGUARA,Problema com o freio,Colisão traseira,Com Vítimas Fatais,Plena Noite,Crescente,Céu Claro,Dupla,Declive;Curva,Não,4.0,1.0,0.0,1.0,1.0,1.0,1.0,3.0,"-20,36969332","-44,4694376",SPRF-MG,DEL04-MG,UOP03-DEL04-MG
510785,2023-03-15,quarta-feira,17:00:00,PI,407.0,473,JAICOS,Frear bruscamente,Tombamento,Com Vítimas Feridas,Anoitecer,Decrescente,Céu Claro,Simples,Reta;Declive,Não,2.0,0.0,2.0,0.0,0.0,0.0,2.0,1.0,"-7,39273353","-41,1677994",SPRF-PI,DEL04-PI,UOP01-DEL04-PI
510786,2023-03-15,quarta-feira,22:30:00,MA,316.0,579,CAXIAS,Ausência de reação do condutor,Colisão traseira,Com Vítimas Feridas,Plena Noite,Crescente,Garoa/Chuvisco,Simples,Reta,Sim,4.0,0.0,1.0,0.0,3.0,0.0,1.0,2.0,"-4,957611","-43,128502",SPRF-MA,DEL03-MA,UOP02-DEL03-MA
510788,2023-03-15,quarta-feira,22:15:00,PR,376.0,1,MANDAGUARI,Carga excessiva e/ou mal acondicionada,Derramamento de carga,Com Vítimas Feridas,Plena Noite,Decrescente,Nublado,Dupla,Reta,Sim,4.0,0.0,1.0,0.0,2.0,1.0,1.0,3.0,"-23,547966","-51,671265",SPRF-PR,DEL09-PR,UOP01-DEL09-PR
510791,2023-03-16,quinta-feira,00:10:00,PR,376.0,551,BALSA NOVA,Reação tardia ou ineficiente do condutor,Saída de leito carroçável,Com Vítimas Feridas,Plena Noite,Crescente,Céu Claro,Dupla,Reta,Não,2.0,0.0,1.0,0.0,0.0,1.0,1.0,2.0,"-25,44067275","-49,74904836",SPRF-PR,DEL03-PR,UOP03-DEL03-PR
510792,2023-03-16,quinta-feira,03:00:00,PR,376.0,440,TIBAGI,Reação tardia ou ineficiente do condutor,Tombamento,Com Vítimas Feridas,Plena Noite,Decrescente,Nublado,Dupla,Aclive;Curva,Não,2.0,0.0,1.0,0.0,0.0,1.0,1.0,2.0,"-24,85445193","-50,46069175",SPRF-PR,DEL03-PR,UOP02-DEL03-PR
510795,2023-03-16,quinta-feira,03:30:00,PR,153.0,2,JACAREZINHO,Condutor Dormindo,Colisão com objeto,Sem Vítimas,Plena Noite,Decrescente,Nublado,Simples,Reta,Não,1.0,0.0,0.0,0.0,1.0,0.0,0.0,1.0,"-23,01063981","-49,90871127",SPRF-PR,DEL07-PR,UOP04-DEL07-PR
510797,2023-03-16,quinta-feira,05:20:00,RS,448.0,"17,2",CANOAS,Condutor Dormindo,Saída de leito carroçável,Com Vítimas Feridas,Amanhecer,Crescente,Céu Claro,Dupla,Reta,Não,1.0,0.0,1.0,0.0,0.0,0.0,1.0,1.0,"-29,937889","-51,207005",SPRF-RS,DEL01-RS,UOP01-DEL01-RS
510799,2023-03-16,quinta-feira,05:50:00,AL,101.0,209,SAO SEBASTIAO,Ultrapassagem Indevida,Colisão lateral sentido oposto,Com Vítimas Feridas,Amanhecer,Crescente,Nublado,Simples,Declive;Curva,Não,2.0,0.0,0.0,1.0,1.0,0.0,1.0,2.0,"-9,99754289","-36,60135905",SPRF-AL,DEL02-AL,UOP02-DEL02-AL
510802,2023-03-16,quinta-feira,06:15:00,BA,242.0,"778,1",BARREIRAS,Reação tardia ou ineficiente do condutor,Colisão lateral sentido oposto,Com Vítimas Feridas,Pleno dia,Decrescente,Garoa/Chuvisco,Simples,Curva,Não,5.0,0.0,1.0,1.0,2.0,2.0,2.0,4.0,"-12,14633129","-44,70899115",SPRF-BA,DEL10-BA,UOP01-DEL10-BA
510805,2023-03-16,quinta-feira,06:30:00,SC,101.0,"158,2",PORTO BELO,Acessar a via sem observar a presença dos outros veículos,Colisão transversal,Com Vítimas Feridas,Amanhecer,Decrescente,Céu Claro,Dupla,Reta,Sim,3.0,0.0,1.0,1.0,1.0,0.0,2.0,2.0,"-27,19096301","-48,61259017",SPRF-SC,DEL04-SC,UOP03-DEL04-SC
510806,2023-03-16,quinta-feira,06:30:00,CE,116.0,66,CHOROZINHO,Demais falhas mecânicas ou elétricas,Tombamento,Sem Vítimas,Pleno dia,Crescente,Garoa/Chuvisco,Simples,Ponte,Não,2.0,0.0,0.0,0.0,2.0,0.0,0.0,1.0,"-4,297529","-38,501347",SPRF-CE,DEL03-CE,UOP02-DEL03-CE
510808,2023-03-15,quarta-feira,23:30:00,RJ,101.0,288,ITABORAI,Animais na Pista,Atropelamento de Animal,Sem Vítimas,Plena Noite,Crescente,Céu Claro,Dupla,Reta,Sim,1.0,0.0,0.0,0.0,1.0,0.0,0.0,1.0,"-22,75933747","-42,84321275",SPRF-RJ,DEL02-RJ,UOP02-DEL02-RJ
510810,2023-03-16,quinta-feira,06:00:00,RJ,116.0,176,SAO JOAO DE MERITI,Acesso irregular,Colisão lateral mesmo sentido,Sem Vítimas,Pleno dia,Decrescente,Céu Claro,Dupla,Reta,Sim,3.0,0.0,0.0,0.0,2.0,2.0,0.0,4.0,"-22,7839538","-43,38195488",SPRF-RJ,DEL01-RJ,UOP02-DEL01-RJ
510811,2023-03-15,quarta-feira,20:00:00,MA,135.0,5,SAO LUIS,Pista Escorregadia,Derramamento de carga,Sem Vítimas,Plena Noite,Crescente,Garoa/Chuvisco,Dupla,Aclive,Não,6.0,0.0,0.0,0.0,4.0,2.0,0.0,6.0,"-2,636113","-44,311775",SPRF-MA,DEL01-MA,UOP01-DEL01-MA
510813,2023-03-16,quinta-feira,07:40:00,SP,116.0,152,SAO JOSE DOS CAMPOS,Mal súbito do condutor,Colisão traseira,Com Vítimas Feridas,Pleno dia,Decrescente,Céu Claro,Dupla,Declive,Sim,3.0,0.0,1.0,0.0,2.0,0.0,1.0,3.0,"-23,22620401","-45,90682999",SPRF-SP,DEL02-SP,UOP01-DEL02-SP
510817,2023-03-16,quinta-feira,08:10:00,SC,101.0,212,PALHOCA,Manobra de mudança de faixa,Colisão lateral mesmo sentido,Sem Vítimas,Pleno dia,Decrescente,Céu Claro,Múltipla,Reta,Não,2.0,0.0,0.0,0.0,2.0,0.0,0.0,2.0,"-27,62996929","-48,65903871",SPRF-SC,DEL01-SC,UOP02-DEL01-SC
510819,2023-03-16,quinta-feira,05:30:00,SC,101.0,"41,5",JOINVILLE,Ausência de reação do condutor,Colisão com objeto,Sem Vítimas,Amanhecer,Crescente,Nublado,Múltipla,Reta,Sim,3.0,0.0,0.0,0.0,2.0,2.0,0.0,4.0,"-26,31942133","-48,87122154",SPRF-SC,DEL03-SC,UOP01-DEL03-SC
510826,2023-03-16,quinta-feira,00:55:00,MG,116.0,319,ITAMBACURI,Ausência de reação do condutor,Colisão com objeto,Com Vítimas Feridas,Plena Noite,Crescente,Céu Claro,Simples,Reta,Não,2.0,0.0,0.0,1.0,0.0,1.0,1.0,2.0,"-18,14668095","-41,69729031",SPRF-MG,DEL11-MG,UOP01-DEL11-MG
510833,2023-01-30,segunda-feira,16:45:00,MS,262.0,2,TRES LAGOAS,Velocidade Incompatível,Tombamento,Sem Vítimas,Pleno dia,Decrescente,Nublado,Simples,Rotatória,Sim,2.0,0.0,0.0,0.0,1.0,1.0,0.0,2.0,"-20,78925764","-51,64059162",SPRF-MS,DEL07-MS,UOP01-DEL07-MS
510838,2023-03-08,quarta-feira,15:30:00,PR,376.0,"6,9",MARINGA,Manobra de mudança de faixa,Engavetamento,Com Vítimas Feridas,Pleno dia,Crescente,Céu Claro,Dupla,Declive;Reta,Não,5.0,0.0,1.0,0.0,4.0,0.0,1.0,2.0,"-23,4273","-51,9375",SPRF-PR,DEL09-PR,UOP01-DEL09-PR
510839,2023-03-15,quarta-feira,22:30:00,MA,135.0,34,BACABEIRA,Mal súbito do condutor,Saída de leito carroçável,Com Vítimas Feridas,Plena Noite,Decrescente,Chuva,Dupla,Reta,Não,3.0,0.0,1.0,1.0,1.0,0.0,2.0,2.0,"-2,840086","-44,37459507",SPRF-MA,DEL01-MA,UOP01-DEL01-MA
510846,2023-03-02,quinta-feira,23:15:00,GO,452.0,172,ITUMBIARA,Pista esburacada,Colisão frontal,Com Vítimas Fatais,Plena Noite,Crescente,Céu Claro,Simples,Declive;Reta,Não,8.0,5.0,0.0,0.0,2.0,1.0,0.0,3.0,"-18,34113329","-49,42824212",SPRF-GO,DEL03-GO,UOP02-DEL03-GO
510848,2023-03-16,quinta-feira,07:25:00,PB,110.0,"182,2",MONTEIRO,Desrespeitar a preferência no cruzamento,Colisão transversal,Com Vítimas Fatais,Pleno dia,Decrescente,Céu Claro,Simples,Interseção de Vias,Sim,2.0,1.0,0.0,0.0,1.0,0.0,0.0,2.0,"-7,9000785","-37,13326335",SPRF-PB,DEL02-PB,UOP02-DEL02-PB
510853,2023-03-16,quinta-feira,09:11:00,PR,467.0,"85,2",CASCAVEL,Reação tardia ou ineficiente do condutor,Saída de leito carroçável,Com Vítimas Feridas,Pleno dia,Crescente,Céu Claro,Dupla,Reta,Sim,2.0,0.0,1.0,0.0,0.0,1.0,1.0,2.0,"-24,8238","-53,6499",SPRF-PR,DEL04-PR,UOP01-DEL04-PR
510859,2023-01-11,quarta-feira,12:52:00,ES,262.0,"119,1",VENDA NOVA DO IMIGRANTE,Velocidade Incompatível,Colisão frontal,Com Vítimas Fatais,Pleno dia,Crescente,Nublado,Simples,Curva,Não,2.0,1.0,0.0,0.0,1.0,0.0,0.0,2.0,"-20,30782485","-41,23182431",SPRF-ES,DEL01-ES,UOP02-DEL01-ES
510860,2023-03-16,quinta-feira,10:10:00,MT,163.0,512,DIAMANTINO,Pista esburacada,Saída de leito carroçável,Com Vítimas Feridas,Pleno dia,Crescente,Garoa/Chuvisco,Simples,Reta,Não,4.0,0.0,2.0,0.0,1.0,1.0,2.0,3.0,"-14,57392008","-56,22270017",SPRF-MT,DEL01-MT,UOP01-DEL01-MT
510865,2023-03-16,quinta-feira,10:40:00,BA,324.0,517,FEIRA DE SANTANA,Conversão proibida,Colisão transversal,Com Vítimas Feridas,Pleno dia,Decrescente,Céu Claro,Simples,Reta,Sim,3.0,0.0,1.0,0.0,2.0,0.0,1.0,3.0,"-12,24953308","-38,93362525",SPRF-BA,DEL02-BA,UOP01-DEL02-BA
510870,2023-03-16,quinta-feira,11:00:00,MT,364.0,349,SANTO ANTONIO DO LEVERGER,Problema com o freio,Tombamento,Com Vítimas Fatais,Pleno dia,Crescente,Céu Claro,Dupla,Curva;Declive,Não,1.0,1.0,0.0,0.0,0.0,0.0,0.0,1.0,"-15,79289881","-55,58104634",SPRF-MT,DEL05-MT,UOP02-DEL05-MT
510874,2023-03-09,quinta-feira,07:30:00,SP,116.0,208,GUARULHOS,Trafegar com motocicleta (ou similar) entre as faixas,Colisão traseira,Com Vítimas Feridas,Pleno dia,Crescente,Céu Claro,Múltipla,Reta,Sim,5.0,0.0,4.0,0.0,1.0,0.0,4.0,3.0,"-23,42222263","-46,3932771",SPRF-SP,DEL01-SP,UOP01-DEL01-SP
510875,2023-03-16,quinta-feira,11:20:00,SC,101.0,116,ITAJAI,Ausência de reação do condutor,Colisão traseira,Com Vítimas Feridas,Pleno dia,Decrescente,Céu Claro,Dupla,Reta,Não,3.0,0.0,0.0,1.0,1.0,1.0,1.0,3.0,"-26,87905605","-48,72603512",SPRF-SC,DEL04-SC,UOP04-DEL04-SC
510878,2023-03-16,quinta-feira,12:30:00,RS,471.0,"178,5",RIO PARDO,Manobra de mudança de faixa,Colisão frontal,Com Vítimas Fatais,Pleno dia,Decrescente,Céu Claro,Simples,Em Obras;Reta;Aclive,Não,3.0,1.0,0.0,1.0,0.0,1.0,1.0,3.0,"-30,02243529","-52,37337112",SPRF-RS,DEL02-RS,UOP03-DEL02-RS
510883,2023-03-16,quinta-feira,12:40:00,MG,262.0,369,JUATUBA,Acessar a via sem observar a presença dos outros veículos,Colisão transversal,Com Vítimas Feridas,Pleno dia,Crescente,Céu Claro,Dupla,Reta,Sim,3.0,0.0,0.0,1.0,1.0,1.0,1.0,3.0,"-19,970807","-44,289881",SPRF-MG,DEL01-MG,UOP03-DEL01-MG
510884,2023-03-16,quinta-feira,13:10:00,PR,116.0,126,FAZENDA RIO GRANDE,Manobra de mudança de faixa,Colisão lateral mesmo sentido,Com Vítimas Feridas,Pleno dia,Crescente,Nublado,Dupla,Reta,Sim,4.0,0.0,1.0,0.0,2.0,1.0,1.0,3.0,"-25,58620703","-49,31436887",SPRF-PR,DEL01-PR,UOP03-DEL01-PR
510886,2023-03-16,quinta-feira,12:20:00,SC,101.0,"61,9",ARAQUARI,Reação tardia ou ineficiente do condutor,Colisão traseira,Com Vítimas Feridas,Pleno dia,Decrescente,Nublado,Múltipla,Curva;Declive;Viaduto,Sim,4.0,0.0,1.0,0.0,2.0,2.0,1.0,5.0,"-26,45474174","-48,77699195",SPRF-SC,DEL03-SC,UOP02-DEL03-SC
510887,2023-03-04,sábado,13:59:00,TO,226.0,29,PALMEIRAS DO TOCANTINS,Demais falhas mecânicas ou elétricas,Incêndio,Sem Vítimas,Pleno dia,Crescente,Céu Claro,Simples,Reta,Não,2.0,0.0,0.0,0.0,1.0,2.0,0.0,3.0,"-6,64994422","-47,69165039",SPRF-TO,DEL02-TO,UOP03-DEL02-TO
510892,2023-01-31,terça-feira,17:10:00,PR,116.0,"91,2",PIRAQUARA,Velocidade Incompatível,Saída de leito carroçável,Com Vítimas Fatais,Pleno dia,Decrescente,Céu Claro,Dupla,Aclive;Reta,Não,4.0,2.0,2.0,0.0,0.0,0.0,2.0,2.0,"-25,49952458","-49,1190657",SPRF-PR,DEL01-PR,UOP07-DEL01-PR
510893,2023-03-16,quinta-feira,12:30:00,PE,232.0,279,SERTANIA,Acessar a via sem observar a presença dos outros veículos,Colisão transversal,Com Vítimas Feridas,Pleno dia,Decrescente,Céu Claro,Simples,Declive;Reta,Não,8.0,0.0,2.0,1.0,2.0,3.0,3.0,3.0,"-8,35573831","-37,28333412",SPRF-PE,DEL04-PE,UOP02-DEL04-PE
510897,2023-03-16,quinta-feira,13:45:00,MG,50.0,194,DELTA,Demais falhas mecânicas ou elétricas,Colisão traseira,Com Vítimas Feridas,Pleno dia,Decrescente,Céu Claro,Dupla,Reta;Aclive,Não,5.0,0.0,3.0,0.0,1.0,2.0,3.0,4.0,"-19,887439","-47,848374",SPRF-MG,DEL13-MG,UOP01-DEL13-MG