id,data_inversa,dia_semana,horario,uf,br,km,municipio,causa_acidente,tipo_acidente,classificacao_acidente,fase_dia,sentido_via,condicao_metereologica,tipo_pista,tracado_via,uso_solo,pessoas,mortos,feridos_leves,feridos_graves,ilesos,ignorados,feridos,veiculos,latitude,longitude,regional,delegacia,uop
511207,2023-03-18,sábado,01:30:00,PR,116.0,26,CAMPINA GRANDE DO SUL,Condutor Dormindo,Tombamento,Com Vítimas Feridas,Plena Noite,Crescente,Céu Claro,Simples,Reta,Não,2.0,0.0,0.0,1.0,0.0,1.0,1.0,2.0,"-25,10683694","-48,785333",SPRF-PR,DEL01-PR,UOP02-DEL01-PR
511209,2023-03-18,sábado,01:30:00,SP,381.0,"76,5",SAO PAULO,Reação tardia ou ineficiente do condutor,Tombamento,Com Vítimas Feridas,Plena Noite,Crescente,Céu Claro,Dupla,Declive;Curva,Não,2.0,0.0,1.0,0.0,0.0,2.0,1.0,3.0,"-23,38372401","-46,56502116",SPRF-SP,DEL03-SP,UOP01-DEL03-SP
511212,2023-03-18,sábado,02:50:00,RS,116.0,"475,4",SAO LOURENCO DO SUL,Manobra de mudança de faixa,Saída de leito carroçável,Com Vítimas Fatais,Plena Noite,Crescente,Céu Claro,Simples,Curva,Não,2.0,1.0,0.0,0.0,0.0,1.0,0.0,2.0,"-31,37773268","-52,10790218",SPRF-RS,DEL07-RS,UOP01-DEL07-RS
511214,2023-03-17,sexta-feira,10:15:00,SC,280.0,"285,3",IRINEOPOLIS,Curva acentuada,Tombamento,Com Vítimas Feridas,Pleno dia,Decrescente,Sol,Simples,Curva,Não,2.0,0.0,0.0,1.0,0.0,1.0,1.0,2.0,"-26,292605","-50,874249",SPRF-SC,DEL06-SC,UOP04-DEL06-SC
511219,2023-03-18,sábado,04:15:00,ES,259.0,"102,5",BAIXO GUANDU,Pedestre andava na pista,Atropelamento de Pedestre,Com Vítimas Feridas,Plena Noite,Crescente,Chuva,Simples,Reta,Não,2.0,0.0,0.0,1.0,0.0,1.0,1.0,2.0,"-19,522022","-41,01212",SPRF-ES,DEL02-ES,UOP01-DEL02-ES
511223,2023-03-17,sexta-feira,22:00:00,RO,364.0,463,ARIQUEMES,Transitar na contramão,Colisão frontal,Com Vítimas Fatais,Plena Noite,Decrescente,Nublado,Simples,Reta,Não,4.0,2.0,0.0,0.0,1.0,2.0,0.0,4.0,"-10,23442916","-62,74725714",SPRF-RO,DEL03-RO,UOP01-DEL03-RO
511224,2023-03-18,sábado,03:30:00,PR,369.0,52,BANDEIRANTES,Reação tardia ou ineficiente do condutor,Tombamento,Com Vítimas Feridas,Plena Noite,Decrescente,Céu Claro,Dupla,Curva,Não,3.0,0.0,1.0,0.0,0.0,2.0,1.0,3.0,"-23,13972859","-50,38261414",SPRF-PR,DEL07-PR,UOP05-DEL07-PR
511236,2023-03-18,sábado,07:07:00,SE,101.0,72,MARUIM,Condutor Dormindo,Colisão lateral sentido oposto,Com Vítimas Feridas,Pleno dia,Decrescente,Chuva,Simples,Declive;Curva;Em Obras,Não,3.0,0.0,1.0,0.0,1.0,1.0,1.0,3.0,"-10,74969633","-37,0990116",SPRF-SE,DEL01-SE,UOP01-DEL01-SE
511238,2023-03-18,sábado,06:00:00,MG,381.0,402,BOM JESUS DO AMPARO,Reação tardia ou ineficiente do condutor,Colisão com objeto,Com Vítimas Feridas,Amanhecer,Decrescente,Céu Claro,Dupla,Curva,Não,2.0,0.0,1.0,0.0,0.0,1.0,1.0,2.0,"-19,75364097","-43,52827802",SPRF-MG,DEL01-MG,UOP01-DEL01-MG
511239,2023-02-25,sábado,05:30:00,MT,364.0,"0,5",ALTO ARAGUAIA,Condutor Dormindo,Colisão traseira,Com Vítimas Feridas,Pleno dia,Crescente,Céu Claro,Dupla,Reta,Sim,2.0,0.0,1.0,0.0,1.0,0.0,1.0,2.0,"-17,31871","-53,211903",SPRF-MT,DEL02-MT,UOP02-DEL02-MT
511241,2023-03-18,sábado,07:02:00,ES,101.0,"298,9",VIANA,Acumulo de água sobre o pavimento,Colisão com objeto,Com Vítimas Feridas,Pleno dia,Crescente,Chuva,Múltipla,Curva,Sim,2.0,0.0,1.0,0.0,1.0,0.0,1.0,2.0,"-20,35860628","-40,42327504",SPRF-ES,DEL01-ES,UOP01-DEL01-ES
511248,2023-03-18,sábado,06:45:00,PR,376.0,"248,7",APUCARANA,Ausência de reação do condutor,Colisão traseira,Com Vítimas Feridas,Amanhecer,Decrescente,Vento,Dupla,Reta;Aclive,Não,4.0,0.0,0.0,2.0,1.0,1.0,2.0,3.0,"-23,60768306","-51,40619874",SPRF-PR,DEL07-PR,UOP03-DEL07-PR
511249,2023-03-18,sábado,07:20:00,SP,116.0,427,REGISTRO,Manobra de mudança de faixa,Colisão lateral mesmo sentido,Com Vítimas Feridas,Pleno dia,Crescente,Céu Claro,Múltipla,Curva;Aclive,Não,6.0,0.0,4.0,0.0,1.0,2.0,4.0,4.0,"-24,39235791","-47,72343119",SPRF-SP,DEL05-SP,UOP01-DEL05-SP
511257,2023-03-18,sábado,05:45:00,RS,158.0,"538,3",SANTANA DO LIVRAMENTO,Ingestão de álcool pelo condutor,Saída de leito carroçável,Sem Vítimas,Plena Noite,Decrescente,Nublado,Simples,Reta,Não,1.0,0.0,0.0,0.0,1.0,0.0,0.0,1.0,"-30,80058451","-55,24649011",SPRF-RS,DEL11-RS,UOP01-DEL11-RS
511258,2023-03-18,sábado,06:35:00,RS,116.0,254,SAPUCAIA DO SUL,Carga excessiva e/ou mal acondicionada,Colisão com objeto,Sem Vítimas,Pleno dia,Crescente,Céu Claro,Dupla,Reta,Sim,2.0,0.0,0.0,0.0,1.0,3.0,0.0,4.0,"-29,82654797","-51,17241311",SPRF-RS,DEL01-RS,UOP02-DEL01-RS
511271,2023-03-18,sábado,10:30:00,PR,373.0,212,IPIRANGA,Reação tardia ou ineficiente do condutor,Colisão lateral sentido oposto,Com Vítimas Feridas,Pleno dia,Crescente,Céu Claro,Simples,Reta,Não,6.0,0.0,1.0,0.0,4.0,2.0,1.0,5.0,"-25,15350676","-50,50509611",SPRF-PR,DEL03-PR,UOP01-DEL03-PR
511272,2023-03-18,sábado,09:00:00,MS,262.0,62,TRES LAGOAS,Ausência de reação do condutor,Saída de leito carroçável,Com Vítimas Feridas,Pleno dia,Decrescente,Céu Claro,Simples,Reta,Não,2.0,0.0,1.0,0.0,0.0,2.0,1.0,3.0,"-20,70811166","-52,16393086",SPRF-MS,DEL07-MS,UOP01-DEL07-MS
511273,2023-03-18,sábado,08:45:00,MT,364.0,349,SANTO ANTONIO DO LEVERGER,Velocidade Incompatível,Tombamento,Com Vítimas Feridas,Pleno dia,Crescente,Nublado,Dupla,Curva,Não,2.0,0.0,0.0,1.0,0.0,3.0,1.0,4.0,"-15,80502622","-55,5546431",SPRF-MT,DEL05-MT,UOP02-DEL05-MT
511275,2023-03-18,sábado,09:50:00,SC,116.0,202,PONTE ALTA,Ausência de reação do condutor,Saída de leito carroçável,Com Vítimas Feridas,Pleno dia,Crescente,Sol,Simples,Reta,Sim,1.0,0.0,1.0,0.0,0.0,0.0,1.0,1.0,"-27,44129626","-50,39571452",SPRF-SC,DEL05-SC,UOP03-DEL05-SC
511277,2023-03-18,sábado,07:10:00,MG,365.0,"139,4",VARZEA DA PALMA,Velocidade Incompatível,Tombamento,Com Vítimas Feridas,Pleno dia,Crescente,Céu Claro,Simples,Curva,Não,1.0,0.0,1.0,0.0,0.0,0.0,1.0,1.0,"-17,20873266","-44,81540123",SPRF-MG,DEL12-MG,UOP01-DEL12-MG
511284,2023-03-18,sábado,11:50:00,MG,40.0,"570,9",ITABIRITO,Demais falhas mecânicas ou elétricas,Eventos atípicos,Com Vítimas Fatais,Pleno dia,Crescente,Céu Claro,Simples,Reta,Sim,9.0,1.0,1.0,3.0,3.0,1.0,4.0,3.0,"-20,21286706","-43,97263241",SPRF-MG,DEL01-MG,UOP02-DEL01-MG
511285,2023-03-18,sábado,08:20:00,MG,116.0,"743,7",LEOPOLDINA,Demais falhas mecânicas ou elétricas,Saída de leito carroçável,Com Vítimas Feridas,Pleno dia,Decrescente,Céu Claro,Simples,Aclive;Reta,Não,1.0,0.0,0.0,1.0,0.0,0.0,1.0,1.0,"-21,41440191","-42,50433031",SPRF-MG,DEL07-MG,UOP01-DEL07-MG
511289,2023-03-18,sábado,12:15:00,GO,364.0,210,JATAI,Pista esburacada,Saída de leito carroçável,Sem Vítimas,Pleno dia,Decrescente,Nublado,Simples,Curva,Não,4.0,0.0,0.0,0.0,3.0,4.0,0.0,6.0,"-17,891758","-51,840656",SPRF-GO,DEL05-GO,UOP01-DEL05-GO
511290,2023-03-18,sábado,10:45:00,BA,242.0,778,BARREIRAS,Transitar na contramão,Saída de leito carroçável,Com Vítimas Feridas,Pleno dia,Decrescente,Chuva,Simples,Curva;Declive,Não,5.0,0.0,3.0,0.0,1.0,2.0,3.0,4.0,"-12,15464258","-44,69270978",SPRF-BA,DEL10-BA,UOP01-DEL10-BA
511294,2023-03-18,sábado,12:00:00,SP,153.0,"21,5",NOVA GRANADA,Velocidade Incompatível,Tombamento,Com Vítimas Feridas,Pleno dia,Decrescente,Nublado,Simples,Aclive;Reta,Não,2.0,0.0,1.0,0.0,0.0,2.0,1.0,3.0,"-20,46867812","-49,29242875",SPRF-SP,DEL09-SP,UOP01-DEL09-SP
511297,2023-03-18,sábado,12:30:00,MG,40.0,"525,2",RIBEIRAO DAS NEVES,Manobra de mudança de faixa,Colisão lateral mesmo sentido,Com Vítimas Feridas,Pleno dia,Decrescente,Céu Claro,Dupla,Reta,Sim,3.0,0.0,1.0,0.0,1.0,1.0,1.0,3.0,"-19,88361702","-44,05039336",SPRF-MG,DEL01-MG,UOP02-DEL01-MG
511305,2023-03-18,sábado,11:45:00,RS,468.0,58,CORONEL BICACO,Velocidade Incompatível,Capotamento,Sem Vítimas,Pleno dia,Decrescente,Céu Claro,Simples,Curva,Não,2.0,0.0,0.0,0.0,1.0,2.0,0.0,3.0,"-27,75445528","-53,77416803",SPRF-RS,DEL08-RS,UOP02-DEL08-RS
511308,2023-03-18,sábado,13:15:00,PR,277.0,727,FOZ DO IGUACU,Reação tardia ou ineficiente do condutor,Colisão lateral mesmo sentido,Com Vítimas Feridas,Pleno dia,Decrescente,Sol,Dupla,Reta,Sim,2.0,0.0,0.0,1.0,1.0,0.0,1.0,2.0,"-25,51017487","-54,56454899",SPRF-PR,DEL05-PR,UOP03-DEL05-PR
511312,2023-02-03,sexta-feira,13:30:00,PA,163.0,622,TRAIRAO,Reação tardia ou ineficiente do condutor,Tombamento,Com Vítimas Feridas,Pleno dia,Crescente,Sol,Simples,Curva,Não,2.0,0.0,1.0,0.0,0.0,1.0,1.0,2.0,"-4,71904094","-56,01445115",SPRF-PA,DEL05-PA,UOP01-DEL05-PA
511314,2023-03-18,sábado,14:30:00,PA,10.0,"270,4",MAE DO RIO,Condutor deixou de manter distância do veículo da frente,Colisão traseira,Sem Vítimas,Pleno dia,Decrescente,Sol,Simples,Reta,Não,5.0,0.0,0.0,0.0,4.0,1.0,0.0,5.0,"-2,06071712","-47,55606172",SPRF-PA,DEL02-PA,UOP01-DEL02-PA
511315,2023-03-18,sábado,09:00:00,BA,242.0,372,PALMEIRAS,Velocidade Incompatível,Colisão com objeto,Com Vítimas Feridas,Pleno dia,Crescente,Chuva,Simples,Declive;Curva,Não,2.0,0.0,1.0,0.0,0.0,1.0,1.0,2.0,"-12,45491007","-41,48413406",SPRF-BA,DEL06-BA,UOP01-DEL06-BA
511324,2023-03-10,sexta-feira,12:17:00,DF,20.0,22,BRASILIA,Acessar a via sem observar a presença dos outros veículos,Tombamento,Com Vítimas Fatais,Pleno dia,Decrescente,Céu Claro,Dupla,Retorno Regulamentado,Sim,3.0,1.0,0.0,0.0,1.0,1.0,0.0,3.0,"-15,59834","-47,676186",SPRF-DF,DEL02-DF,UOP01-DEL02-DF
511325,2023-03-18,sábado,11:34:00,RJ,116.0,119,DUQUE DE CAXIAS,Manobra de mudança de faixa,Colisão traseira,Com Vítimas Fatais,Pleno dia,Decrescente,Céu Claro,Múltipla,Reta,Não,4.0,1.0,1.0,0.0,1.0,1.0,1.0,3.0,"-22,768053","-43,286409",SPRF-RJ,DEL04-RJ,UOP02-DEL04-RJ
511326,2023-03-18,sábado,14:30:00,SC,470.0,"67,7",INDAIAL,Manobra de mudança de faixa,Tombamento,Com Vítimas Feridas,Pleno dia,Decrescente,Céu Claro,Simples,Em Obras;Desvio Temporário,Sim,2.0,0.0,1.0,0.0,0.0,1.0,1.0,2.0,"-26,87729994","-49,23866364",SPRF-SC,DEL04-SC,UOP01-DEL04-SC
511331,2023-03-18,sábado,15:30:00,MG,381.0,"882,8",ESTIVA,Demais falhas mecânicas ou elétricas,Saída de leito carroçável,Com Vítimas Feridas,Pleno dia,Decrescente,Céu Claro,Dupla,Reta,Sim,1.0,0.0,1.0,0.0,0.0,0.0,1.0,1.0,"-22,48151824","-46,01072502",SPRF-MG,DEL16-MG,UOP03-DEL16-MG
511332,2023-03-18,sábado,14:50:00,ES,101.0,"276,4",SERRA,Manobra de mudança de faixa,Colisão traseira,Com Vítimas Feridas,Pleno dia,Decrescente,Nublado,Dupla,Reta,Não,5.0,0.0,2.0,0.0,2.0,1.0,2.0,3.0,"-20,20788726","-40,3133509",SPRF-ES,DEL02-ES,UOP01-DEL02-ES
511333,2023-03-18,sábado,12:15:00,RS,290.0,"109,8",ELDORADO DO SUL,Ausência de reação do condutor,Colisão traseira,Com Vítimas Fatais,Pleno dia,Decrescente,Sol,Dupla,Reta,Não,2.0,1.0,0.0,0.0,1.0,0.0,0.0,2.0,"-30,015047","-51,317017",SPRF-RS,DEL02-RS,UOP01-DEL02-RS
511335,2023-03-18,sábado,15:40:00,GO,153.0,505,APARECIDA DE GOIANIA,Entrada inopinada do pedestre,Atropelamento de Pedestre,Com Vítimas Feridas,Pleno dia,Decrescente,Nublado,Dupla,Reta,Sim,5.0,0.0,0.0,1.0,1.0,3.0,1.0,3.0,"-16,7537","-49,2411",SPRF-GO,DEL01-GO,UOP01-DEL01-GO
511336,2023-03-18,sábado,15:55:00,BA,116.0,"817,2",VITORIA DA CONQUISTA,Conversão proibida,Colisão frontal,Com Vítimas Feridas,Pleno dia,Decrescente,Chuva,Simples,Declive;Reta,Sim,3.0,0.0,0.0,1.0,1.0,2.0,1.0,4.0,"-14,78186283","-40,73870709",SPRF-BA,DEL08-BA,UOP01-DEL08-BA
511343,2023-03-18,sábado,16:57:00,GO,20.0,1,FORMOSA,Reação tardia ou ineficiente do condutor,Colisão traseira,Com Vítimas Feridas,Pleno dia,Decrescente,Nublado,Simples,Curva;Aclive;Em Obras,Não,3.0,0.0,1.0,0.0,1.0,2.0,1.0,4.0,"-15,579424","-47,334297",SPRF-DF,DEL02-DF,UOP02-DEL02-DF
511345,2023-01-23,segunda-feira,13:00:00,MG,365.0,18,MONTES CLAROS,Pista Escorregadia,Colisão frontal,Com Vítimas Feridas,Pleno dia,Crescente,Céu Claro,Simples,Reta,Não,4.0,0.0,2.0,0.0,2.0,0.0,2.0,2.0,"-16,87824584","-44,00270102",SPRF-MG,DEL12-MG,UOP01-DEL12-MG
511349,2023-03-18,sábado,15:32:00,PR,116.0,108,CURITIBA,Ingestão de álcool pelo condutor,Colisão lateral mesmo sentido,Sem Vítimas,Pleno dia,Crescente,Céu Claro,Dupla,Reta,Não,3.0,0.0,0.0,0.0,2.0,2.0,0.0,4.0,"-25,57147018","-49,19760597",SPRF-PR,DEL01-PR,UOP07-DEL01-PR
511355,2023-03-18,sábado,17:20:00,PR,369.0,"476,8",CORBELIA,Ingestão de álcool pelo condutor,Tombamento,Com Vítimas Feridas,Pleno dia,Crescente,Céu Claro,Simples,Reta,Não,4.0,0.0,1.0,1.0,1.0,2.0,2.0,3.0,"-24,6043","-53,2049",SPRF-PR,DEL04-PR,UOP03-DEL04-PR
511356,2023-03-18,sábado,17:45:00,RJ,101.0,"532,2",ANGRA DOS REIS,Acessar a via sem observar a presença dos outros veículos,Colisão transversal,Com Vítimas Feridas,Pleno dia,Crescente,Céu Claro,Simples,Reta;Interseção de Vias,Sim,2.0,0.0,0.0,1.0,1.0,0.0,1.0,2.0,"-23,01786953","-44,53024067",SPRF-RJ,DEL03-RJ,UOP03-DEL03-RJ
511370,2023-03-18,sábado,15:00:00,GO,364.0,315,PORTELANDIA,Reação tardia ou ineficiente do condutor,Saída de leito carroçável,Sem Vítimas,Pleno dia,Decrescente,Nublado,Simples,Reta,Não,2.0,0.0,0.0,0.0,1.0,2.0,0.0,3.0,"-17,433357","-52,613876",SPRF-GO,DEL05-GO,UOP01-DEL05-GO
511373,2023-03-18,sábado,15:20:00,MG,365.0,363,VARJAO DE MINAS,Acessar a via sem observar a presença dos outros veículos,Colisão transversal,Com Vítimas Feridas,Pleno dia,Decrescente,Sol,Simples,Interseção de Vias;Curva,Não,3.0,0.0,2.0,0.0,1.0,0.0,2.0,2.0,"-18,51296","-46,13762",SPRF-MG,DEL10-MG,UOP01-DEL10-MG
511380,2023-03-18,sábado,20:20:00,RS,386.0,"48,3",SEBERI,Transitar na contramão,Colisão frontal,Com Vítimas Feridas,Plena Noite,Decrescente,Céu Claro,Simples,Curva,Sim,3.0,0.0,0.0,1.0,1.0,1.0,1.0,3.0,"-27,474958","-53,399574",SPRF-RS,DEL08-RS,UOP02-DEL08-RS
511381,2023-03-18,sábado,20:00:00,PR,277.0,"650,5",MATELANDIA,Acessar a via sem observar a presença dos outros veículos,Colisão transversal,Com Vítimas Feridas,Plena Noite,Crescente,Céu Claro,Simples,Reta;Interseção de Vias,Sim,3.0,0.0,0.0,1.0,1.0,1.0,1.0,3.0,"-25,19035881","-53,93738222",SPRF-PR,DEL05-PR,UOP02-DEL05-PR
511384,2023-03-18,sábado,10:30:00,MG,116.0,411,GOVERNADOR VALADARES,Desrespeitar a preferência no cruzamento,Colisão transversal,Com Vítimas Feridas,Pleno dia,Crescente,Céu Claro,Dupla,Interseção de Vias,Sim,2.0,0.0,1.0,0.0,1.0,0.0,1.0,2.0,"-18,86244705","-41,97405237",SPRF-MG,DEL06-MG,UOP01-DEL06-MG
511389,2023-03-18,sábado,20:00:00,RJ,116.0,250,PIRAI,Ausência de reação do condutor,Colisão traseira,Com Vítimas Feridas,Plena Noite,Decrescente,Céu Claro,Dupla,Aclive,Não,3.0,0.0,1.0,0.0,1.0,2.0,1.0,4.0,"-22,59303815","-43,95591144",SPRF-RJ,DEL07-RJ,UOP01-DEL07-RJ
511401,2023-03-18,sábado,21:35:00,GO,153.0,"357,4",JARAGUA,Ingestão de álcool pelo condutor,Colisão lateral sentido oposto,Com Vítimas Feridas,Plena Noite,Crescente,Nublado,Simples,Declive;Reta,Sim,2.0,0.0,0.0,1.0,0.0,1.0,1.0,2.0,"-15,7442977","-49,31945454",SPRF-GO,DEL02-GO,UOP02-DEL02-GO
511411,2023-03-18,sábado,22:20:00,BA,407.0,125,SENHOR DO BONFIM,Acessar a via sem observar a presença dos outros veículos,Colisão transversal,Com Vítimas Feridas,Plena Noite,Decrescente,Nublado,Simples,Reta,Sim,2.0,0.0,1.0,0.0,1.0,0.0,1.0,2.0,"-10,44944062","-40,18413663",SPRF-BA,DEL04-BA,UOP01-DEL04-BA
511412,2023-03-18,sábado,21:50:00,PE,428.0,"160,7",PETROLINA,Condutor Dormindo,Colisão traseira,Com Vítimas Fatais,Plena Noite,Crescente,Céu Claro,Simples,Reta,Não,4.0,1.0,0.0,1.0,1.0,1.0,1.0,3.0,"-9,147232","-40,357009",SPRF-PE,DEL06-PE,UOP01-DEL06-PE
511415,2023-03-18,sábado,23:40:00,MG,116.0,"800,7",ALEM PARAIBA,Reação tardia ou ineficiente do condutor,Colisão frontal,Com Vítimas Feridas,Plena Noite,Decrescente,Céu Claro,Simples,Reta,Não,6.0,0.0,4.0,1.0,0.0,1.0,5.0,3.0,"-21,77810174","-42,72568662",SPRF-MG,DEL07-MG,UOP01-DEL07-MG
511422,2023-03-18,sábado,23:00:00,PE,232.0,207,PESQUEIRA,Ausência de reação do condutor,Colisão com objeto,Com Vítimas Fatais,Plena Noite,Decrescente,Chuva,Simples,Aclive,Não,1.0,1.0,0.0,0.0,0.0,0.0,0.0,1.0,"-8,369249","-36,670749",SPRF-PE,DEL03-PE,UOP02-DEL03-PE
511426,2023-03-18,sábado,18:10:00,SC,116.0,"154,6",SANTA CECILIA,Velocidade Incompatível,Colisão com objeto,Com Vítimas Feridas,Pleno dia,Decrescente,Céu Claro,Simples,Curva,Não,2.0,0.0,1.0,0.0,0.0,1.0,1.0,2.0,"-27,0659161","-50,4277677",SPRF-SC,DEL06-SC,UOP02-DEL06-SC
511427,2023-03-18,sábado,22:20:00,SC,116.0,141,SANTA CECILIA,Acessar a via sem observar a presença dos outros veículos,Colisão frontal,Sem Vítimas,Plena Noite,Crescente,Céu Claro,Simples,Reta,Não,3.0,0.0,0.0,0.0,2.0,2.0,0.0,4.0,"-26,97282394","-50,40309796",SPRF-SC,DEL06-SC,UOP02-DEL06-SC
511429,2023-03-19,domingo,00:15:00,MS,163.0,"783,3",COXIM,Ausência de reação do condutor,Colisão lateral sentido oposto,Com Vítimas Feridas,Plena Noite,Decrescente,Nublado,Simples,Reta,Não,3.0,0.0,1.0,0.0,1.0,2.0,1.0,4.0,"-18,06873401","-54,69099493",SPRF-MS,DEL06-MS,UOP01-DEL06-MS
511434,2023-03-18,sábado,19:20:00,PR,277.0,"336,6",GUARAPUAVA,Velocidade Incompatível,Colisão com objeto,Com Vítimas Feridas,Anoitecer,Decrescente,Céu Claro,Dupla,Declive;Curva,Não,8.0,0.0,4.0,0.0,3.0,4.0,4.0,8.0,"-25,35620267","-51,36067277",SPRF-PR,DEL08-PR,UOP01-DEL08-PR
511436,2023-03-18,sábado,23:58:00,BA,242.0,422,SEABRA,Acessar a via sem observar a presença dos outros veículos,Colisão transversal,Com Vítimas Feridas,Plena Noite,Decrescente,Nublado,Simples,Reta,Não,4.0,0.0,0.0,1.0,2.0,4.0,1.0,7.0,"-12,42107802","-41,83842802",SPRF-BA,DEL06-BA,UOP01-DEL06-BA
511441,2023-03-14,terça-feira,07:00:00,ES,259.0,"61,8",COLATINA,Reação tardia ou ineficiente do condutor,Tombamento,Com Vítimas Fatais,Pleno dia,Decrescente,Céu Claro,Simples,Reta,Não,4.0,1.0,0.0,0.0,0.0,3.0,0.0,3.0,"-19,53124185","-40,68990791",SPRF-ES,DEL02-ES,UOP01-DEL02-ES
511448,2023-03-19,domingo,02:25:00,GO,50.0,"282,4",CATALAO,Transitar na contramão,Colisão frontal,Sem Vítimas,Plena Noite,Crescente,Céu Claro,Simples,Curva,Não,3.0,0.0,0.0,0.0,2.0,2.0,0.0,4.0,"-18,1896","-47,9511",SPRF-GO,DEL06-GO,UOP01-DEL06-GO
511459,2023-03-18,sábado,21:00:00,MS,267.0,192,NOVA ALVORADA DO SUL,Ausência de reação do condutor,Colisão frontal,Com Vítimas Fatais,Plena Noite,Decrescente,Céu Claro,Simples,Reta,Não,3.0,1.0,0.0,0.0,1.0,1.0,0.0,3.0,"-21,598421","-53,87475148",SPRF-MS,DEL02-MS,UOP03-DEL02-MS
511460,2023-03-19,domingo,04:50:00,CE,222.0,"202,1",FORQUILHA,Velocidade Incompatível,Tombamento,Com Vítimas Feridas,Plena Noite,Crescente,Nublado,Simples,Curva,Não,1.0,0.0,1.0,0.0,0.0,0.0,1.0,1.0,"-3,79695907","-40,21547705",SPRF-CE,DEL04-CE,UOP01-DEL04-CE
511473,2023-03-19,domingo,05:45:00,SP,116.0,"463,3",PARIQUERA-ACU,Condutor Dormindo,Saída de leito carroçável,Com Vítimas Feridas,Pleno dia,Crescente,Nevoeiro/Neblina,Dupla,Reta,Não,2.0,0.0,0.0,1.0,0.0,1.0,1.0,2.0,"-24,62904309","-47,90227592",SPRF-SP,DEL05-SP,UOP01-DEL05-SP
511480,2023-03-19,domingo,06:00:00,PA,316.0,100,SANTA MARIA DO PARA,Transitar na contramão,Colisão frontal,Com Vítimas Fatais,Amanhecer,Crescente,Céu Claro,Simples,Reta,Não,4.0,1.0,0.0,1.0,1.0,1.0,1.0,3.0,"-1,33498375","-47,60407895",SPRF-PA,DEL01-PA,UOP02-DEL01-PA
511489,2023-03-18,sábado,12:00:00,MT,163.0,633,NOVA MUTUM,Falta de elemento de contenção que evite a saída do leito carroçável,Saída de leito carroçável,Com Vítimas Feridas,Pleno dia,Decrescente,Céu Claro,Simples,Reta,Não,2.0,0.0,1.0,0.0,0.0,3.0,1.0,4.0,"-13,516959","-56,035207",SPRF-MT,DEL01-MT,UOP01-DEL01-MT
511492,2023-03-19,domingo,07:40:00,GO,414.0,393,CORUMBA DE GOIAS,Desrespeitar a preferência no cruzamento,Colisão transversal,Com Vítimas Feridas,Pleno dia,Decrescente,Céu Claro,Simples,Rotatória,Sim,2.0,0.0,1.0,0.0,1.0,0.0,1.0,2.0,"-15,91925897","-48,80882251",SPRF-GO,DEL02-GO,UOP01-DEL02-GO
511495,2023-03-19,domingo,06:45:00,BA,324.0,435,RIACHAO DO JACUIPE,Conversão proibida,Colisão lateral mesmo sentido,Com Vítimas Fatais,Pleno dia,Decrescente,Céu Claro,Simples,Interseção de Vias,Não,2.0,1.0,0.0,0.0,0.0,1.0,0.0,2.0,"-11,80001968","-39,40263748",SPRF-BA,DEL04-BA,UOP02-DEL04-BA
511504,2023-03-19,domingo,10:00:00,MG,365.0,"393,4",PATOS DE MINAS,Demais falhas mecânicas ou elétricas,Tombamento,Com Vítimas Feridas,Pleno dia,Crescente,Céu Claro,Simples,Curva,Não,2.0,0.0,0.0,1.0,0.0,1.0,1.0,2.0,"-18,63481872","-46,34836686",SPRF-MG,DEL10-MG,UOP01-DEL10-MG
511515,2023-03-19,domingo,12:15:00,RJ,116.0,133,MAGE,Acesso irregular,Colisão lateral mesmo sentido,Com Vítimas Feridas,Pleno dia,Crescente,Céu Claro,Dupla,Reta,Sim,3.0,0.0,2.0,0.0,1.0,0.0,2.0,2.0,"-22,65418284","-43,14382995",SPRF-RJ,DEL04-RJ,UOP02-DEL04-RJ
511520,2023-03-19,domingo,12:00:00,BA,116.0,465,SANTO ESTEVAO,Ingestão de álcool pelo condutor,Colisão traseira,Com Vítimas Feridas,Pleno dia,Crescente,Chuva,Dupla,Reta,Sim,3.0,0.0,1.0,0.0,1.0,4.0,1.0,6.0,"-12,44815636","-39,24588382",SPRF-BA,DEL02-BA,UOP01-DEL02-BA
511524,2023-03-19,domingo,10:00:00,TO,153.0,351,FORTALEZA DO TABOCAO,Ausência de reação do condutor,Colisão traseira,Com Vítimas Feridas,Pleno dia,Crescente,Chuva,Simples,Declive,Não,6.0,0.0,0.0,1.0,4.0,1.0,1.0,4.0,"-8,98695198","-48,49979919",SPRF-TO,DEL02-TO,UOP02-DEL02-TO
511525,2023-03-19,domingo,13:40:00,RJ,116.0,"276,1",BARRA MANSA,Ausência de reação do condutor,Colisão lateral sentido oposto,Com Vítimas Feridas,Pleno dia,Crescente,Sol,Simples,Curva;Declive;Retorno Regulamentado,Não,4.0,0.0,1.0,0.0,1.0,2.0,1.0,4.0,"-22,56183393","-44,16588602",SPRF-RJ,DEL07-RJ,UOP02-DEL07-RJ
511526,2023-03-19,domingo,14:00:00,RJ,101.0,168,MACAE,Mal súbito do condutor,Colisão lateral sentido oposto,Com Vítimas Feridas,Pleno dia,Decrescente,Céu Claro,Simples,Curva;Declive,Não,3.0,0.0,0.0,1.0,1.0,1.0,1.0,3.0,"-22,347555","-41,91898",SPRF-RJ,DEL08-RJ,UOP04-DEL08-RJ