id,data_inversa,dia_semana,horario,uf,br,km,municipio,causa_acidente,tipo_acidente,classificacao_acidente,fase_dia,sentido_via,condicao_metereologica,tipo_pista,tracado_via,uso_solo,pessoas,mortos,feridos_leves,feridos_graves,ilesos,ignorados,feridos,veiculos,latitude,longitude,regional,delegacia,uop
511868,2023-03-20,segunda-feira,22:00:00,SP,381.0,57,MAIRIPORA,Condutor deixou de manter distância do veículo da frente,Colisão traseira,Com Vítimas Feridas,Plena Noite,Crescente,Céu Claro,Dupla,Reta;Declive,Não,2.0,0.0,0.0,1.0,1.0,0.0,1.0,2.0,"-23,2658219","-46,5839857",SPRF-SP,DEL03-SP,UOP01-DEL03-SP
511869,2023-03-20,segunda-feira,21:00:00,MG,50.0,"19,7",ARAGUARI,Velocidade Incompatível,Colisão traseira,Com Vítimas Feridas,Plena Noite,Crescente,Céu Claro,Dupla,Reta,Não,4.0,0.0,2.0,0.0,1.0,2.0,2.0,4.0,"-18,58448","-48,057739",SPRF-MG,DEL15-MG,UOP02-DEL15-MG
511870,2023-03-20,segunda-feira,19:20:00,SC,470.0,"213,5",SAO CRISTOVAO DO SUL,Reação tardia ou ineficiente do condutor,Colisão lateral sentido oposto,Com Vítimas Feridas,Anoitecer,Decrescente,Nublado,Simples,Reta,Não,6.0,0.0,4.0,0.0,1.0,1.0,4.0,4.0,"-27,306669","-50,24688",SPRF-SC,DEL05-SC,UOP03-DEL05-SC
511871,2023-03-20,segunda-feira,19:00:00,RO,364.0,734,PORTO VELHO,Chuva,Colisão traseira,Com Vítimas Feridas,Plena Noite,Crescente,Chuva,Simples,Reta,Não,5.0,0.0,1.0,0.0,3.0,3.0,1.0,5.0,"-8,92864681","-63,97285044",SPRF-RO,DEL01-RO,UOP02-DEL01-RO
511874,2023-03-20,segunda-feira,23:30:00,SE,101.0,"106,9",SAO CRISTOVAO,Ausência de reação do condutor,Colisão traseira,Com Vítimas Feridas,Plena Noite,Decrescente,Céu Claro,Dupla,Reta,Não,3.0,0.0,1.0,0.0,1.0,1.0,1.0,3.0,"-10,961711","-37,2568",SPRF-SE,DEL02-SE,UOP01-DEL02-SE
511878,2023-03-20,segunda-feira,21:40:00,MG,153.0,58,MONTE ALEGRE DE MINAS,Velocidade Incompatível,Saída de leito carroçável,Com Vítimas Feridas,Plena Noite,Crescente,Nublado,Simples,Interseção de Vias;Rotatória,Não,2.0,0.0,0.0,1.0,0.0,3.0,1.0,4.0,"-18,87899934","-49,05704498",SPRF-MG,DEL15-MG,UOP03-DEL15-MG
511882,2023-03-21,terça-feira,00:05:00,SP,116.0,"162,1",JACAREI,Carga excessiva e/ou mal acondicionada,Tombamento,Com Vítimas Feridas,Plena Noite,Decrescente,Céu Claro,Simples,Aclive;Curva,Não,2.0,0.0,1.0,0.0,0.0,1.0,1.0,2.0,"-23,2811068","-45,98312543",SPRF-SP,DEL02-SP,UOP01-DEL02-SP
511883,2023-03-21,terça-feira,01:00:00,PE,424.0,48,VENTUROSA,Ingestão de álcool pelo condutor,Colisão frontal,Com Vítimas Feridas,Plena Noite,Decrescente,Céu Claro,Simples,Aclive,Não,10.0,0.0,4.0,3.0,3.0,0.0,7.0,3.0,"-8,70372814","-36,78837832",SPRF-PE,DEL03-PE,UOP01-DEL03-PE
511888,2023-03-21,terça-feira,07:00:00,MG,267.0,"251,7",CARVALHOS,Velocidade Incompatível,Tombamento,Com Vítimas Feridas,Pleno dia,Decrescente,Sol,Simples,Declive;Curva,Não,2.0,0.0,1.0,0.0,0.0,1.0,1.0,2.0,"-21,934002","-44,493208",SPRF-MG,DEL17-MG,UOP01-DEL17-MG
511891,2023-03-21,terça-feira,06:00:00,SC,116.0,246,LAGES,Transitar na contramão,Colisão transversal,Com Vítimas Feridas,Amanhecer,Decrescente,Nublado,Simples,Reta,Sim,2.0,0.0,1.0,0.0,0.0,1.0,1.0,2.0,"-27,80419942","-50,36509464",SPRF-SC,DEL05-SC,UOP02-DEL05-SC
511892,2023-03-21,terça-feira,06:00:00,BA,367.0,44,PORTO SEGURO,Condutor deixou de manter distância do veículo da frente,Colisão traseira,Com Vítimas Feridas,Pleno dia,Decrescente,Sol,Simples,Reta,Sim,5.0,0.0,1.0,0.0,4.0,0.0,1.0,2.0,"-16,37535423","-39,24383187",SPRF-BA,DEL09-BA,UOP03-DEL09-BA
511896,2023-03-20,segunda-feira,18:25:00,PA,163.0,670,ITAITUBA,Transitar na contramão,Colisão lateral sentido oposto,Com Vítimas Feridas,Anoitecer,Crescente,Chuva,Simples,Curva;Aclive,Não,3.0,0.0,1.0,0.0,1.0,6.0,1.0,8.0,"-4,38525897","-55,78857508",SPRF-PA,DEL05-PA,UOP02-DEL05-PA
511904,2023-03-21,terça-feira,08:00:00,ES,101.0,"304,3",VIANA,Reação tardia ou ineficiente do condutor,Colisão traseira,Com Vítimas Feridas,Pleno dia,Decrescente,Céu Claro,Dupla,Reta,Sim,4.0,0.0,1.0,0.0,1.0,2.0,1.0,3.0,"-20,3800645","-40,45431391",SPRF-ES,DEL01-ES,UOP01-DEL01-ES
511920,2023-03-18,sábado,08:44:00,PA,163.0,144,ALTAMIRA,Reação tardia ou ineficiente do condutor,Colisão traseira,Sem Vítimas,Pleno dia,Crescente,Céu Claro,Simples,Reta,Não,2.0,0.0,0.0,0.0,0.0,2.0,0.0,2.0,"-8,43791974","-55,11727824",SPRF-PA,DEL05-PA,UOP02-DEL05-PA
511922,2023-03-21,terça-feira,07:59:00,PE,232.0,"9,3",RECIFE,Manobra de mudança de faixa,Colisão lateral mesmo sentido,Sem Vítimas,Pleno dia,Decrescente,Chuva,Dupla,Reta;Em Obras,Sim,2.0,0.0,0.0,0.0,2.0,0.0,0.0,2.0,"-8,07764447","-34,97863609",SPRF-PE,DEL01-PE,UOP01-DEL01-PE
511923,2023-03-21,terça-feira,09:15:00,RS,392.0,74,PELOTAS,Condutor Dormindo,Saída de leito carroçável,Com Vítimas Feridas,Pleno dia,Crescente,Céu Claro,Simples,Reta,Não,1.0,0.0,1.0,0.0,0.0,0.0,1.0,1.0,"-31,70783921","-52,40358613",SPRF-RS,DEL07-RS,UOP01-DEL07-RS
511924,2023-03-21,terça-feira,08:50:00,MG,40.0,"770,7",JUIZ DE FORA,Reação tardia ou ineficiente do condutor,Tombamento,Com Vítimas Feridas,Pleno dia,Crescente,Céu Claro,Simples,Curva,Não,2.0,0.0,1.0,0.0,0.0,1.0,1.0,2.0,"-21,59924304","-43,4579108",SPRF-MG,DEL05-MG,UOP01-DEL05-MG
511925,2023-03-21,terça-feira,09:20:00,SC,470.0,"58,3",BLUMENAU,Ausência de reação do condutor,Colisão traseira,Sem Vítimas,Pleno dia,Crescente,Céu Claro,Simples,Reta,Sim,4.0,0.0,0.0,0.0,4.0,0.0,0.0,4.0,"-26,88409576","-49,14986014",SPRF-SC,DEL04-SC,UOP01-DEL04-SC
511931,2023-03-21,terça-feira,09:45:00,GO,60.0,"102,3",ANAPOLIS,Manobra de mudança de faixa,Colisão transversal,Com Vítimas Feridas,Pleno dia,Decrescente,Céu Claro,Dupla,Reta,Sim,2.0,0.0,0.0,1.0,0.0,1.0,1.0,2.0,"-16,407852","-48,986208",SPRF-GO,DEL02-GO,UOP01-DEL02-GO
511935,2023-01-20,sexta-feira,03:30:00,RS,472.0,132,TRES DE MAIO,Ausência de reação do condutor,Saída de leito carroçável,Com Vítimas Feridas,Plena Noite,Decrescente,Céu Claro,Simples,Rotatória,Sim,1.0,0.0,0.0,1.0,0.0,0.0,1.0,1.0,"-27,75233819","-54,23914297",SPRF-RS,DEL10-RS,UOP01-DEL10-RS
511937,2023-03-21,terça-feira,06:30:00,RJ,116.0,169,RIO DE JANEIRO,Ultrapassagem Indevida,Colisão lateral mesmo sentido,Com Vítimas Feridas,Pleno dia,Decrescente,Céu Claro,Dupla,Reta,Sim,3.0,0.0,0.0,1.0,1.0,1.0,1.0,3.0,"-22,816206","-43,324463",SPRF-RJ,DEL01-RJ,UOP02-DEL01-RJ
511941,2023-03-21,terça-feira,11:10:00,GO,60.0,"83,8",ANAPOLIS,Ausência de reação do condutor,Colisão traseira,Com Vítimas Feridas,Pleno dia,Decrescente,Céu Claro,Dupla,Reta;Declive,Não,3.0,0.0,0.0,1.0,2.0,0.0,1.0,2.0,"-16,3149","-48,846",SPRF-GO,DEL02-GO,UOP01-DEL02-GO
511942,2023-03-21,terça-feira,05:50:00,PE,101.0,"183,5",PALMARES,Ausência de sinalização,Colisão traseira,Com Vítimas Feridas,Pleno dia,Decrescente,Nublado,Dupla,Reta,Não,3.0,0.0,1.0,0.0,1.0,3.0,1.0,5.0,"-8,66142762","-35,56549434",SPRF-PE,DEL01-PE,UOP03-DEL01-PE
511945,2023-03-21,terça-feira,11:00:00,RJ,116.0,"281,8",BARRA MANSA,Obras na pista,Colisão traseira,Com Vítimas Feridas,Pleno dia,Crescente,Sol,Dupla,Em Obras;Curva,Não,4.0,0.0,1.0,0.0,2.0,1.0,1.0,4.0,"-22,53244798","-44,19565304",SPRF-RJ,DEL07-RJ,UOP02-DEL07-RJ
511949,2023-03-19,domingo,13:30:00,MS,0.0,0,CAMPO GRANDE,Ausência de reação do condutor,Colisão com objeto,Sem Vítimas,Pleno dia,Não Informado,Céu Claro,Simples,Reta,Não,3.0,0.0,0.0,0.0,2.0,2.0,0.0,4.0,"-20,6774963","-54,55770493",SPRF-MS,DEL01-MS,UOP01-DEL01-MS
511952,2023-03-21,terça-feira,12:00:00,RS,116.0,248,SAO LEOPOLDO,Ausência de reação do condutor,Colisão traseira,Com Vítimas Feridas,Pleno dia,Decrescente,Céu Claro,Dupla,Viaduto;Aclive;Reta,Sim,3.0,0.0,0.0,1.0,1.0,1.0,1.0,3.0,"-29,77605895","-51,15508618",SPRF-RS,DEL01-RS,UOP02-DEL01-RS
511955,2023-03-21,terça-feira,11:05:00,RO,319.0,61,PORTO VELHO,Acessar a via sem observar a presença dos outros veículos,Colisão lateral mesmo sentido,Sem Vítimas,Pleno dia,Decrescente,Chuva,Múltipla,Rotatória,Sim,2.0,0.0,0.0,0.0,1.0,1.0,0.0,2.0,"-8,73997025","-63,88991833",SPRF-RO,DEL01-RO,UOP01-DEL01-RO
511959,2023-03-21,terça-feira,09:50:00,BA,110.0,128,CICERO DANTAS,Mal súbito do condutor,Colisão frontal,Com Vítimas Feridas,Pleno dia,Crescente,Chuva,Simples,Reta,Não,3.0,0.0,0.0,1.0,1.0,1.0,1.0,3.0,"-10,52423685","-38,38039833",SPRF-BA,DEL07-BA,UOP02-DEL07-BA
511962,2023-03-21,terça-feira,12:35:00,RS,116.0,308,GUAIBA,Animais na Pista,Colisão lateral sentido oposto,Com Vítimas Feridas,Pleno dia,Crescente,Nublado,Simples,Reta,Não,3.0,0.0,1.0,0.0,1.0,1.0,1.0,3.0,"-30,18291689","-51,39555744",SPRF-RS,DEL02-RS,UOP01-DEL02-RS
511967,2023-03-21,terça-feira,12:15:00,MT,163.0,"785,5",VERA,Obras na pista,Engavetamento,Com Vítimas Feridas,Pleno dia,Decrescente,Chuva,Simples,Em Obras;Reta,Não,5.0,0.0,1.0,0.0,3.0,4.0,1.0,8.0,"-12,29743322","-55,57027124",SPRF-MT,DEL06-MT,UOP01-DEL06-MT
511969,2023-03-21,terça-feira,13:50:00,PR,116.0,142,MANDIRITUBA,Estacionar ou parar em local proibido,Colisão traseira,Com Vítimas Feridas,Pleno dia,Decrescente,Céu Claro,Múltipla,Reta;Aclive,Não,3.0,0.0,1.0,0.0,2.0,0.0,1.0,3.0,"-25,78658403","-49,32646979",SPRF-PR,DEL01-PR,UOP03-DEL01-PR
511970,2023-03-21,terça-feira,13:40:00,PR,277.0,"63,5",PIRAQUARA,Avarias e/ou desgaste excessivo no pneu,Saída de leito carroçável,Com Vítimas Feridas,Pleno dia,Crescente,Céu Claro,Dupla,Reta,Não,5.0,0.0,1.0,0.0,1.0,3.0,1.0,5.0,"-25,53872419","-49,06674385",SPRF-PR,DEL01-PR,UOP01-DEL01-PR
511973,2023-03-21,terça-feira,13:00:00,PR,376.0,"158,8",MANDAGUACU,Velocidade Incompatível,Colisão transversal,Com Vítimas Feridas,Pleno dia,Crescente,Céu Claro,Dupla,Retorno Regulamentado;Reta,Não,3.0,0.0,1.0,0.0,1.0,2.0,1.0,4.0,"-23,36169997","-52,08593395",SPRF-PR,DEL09-PR,UOP01-DEL09-PR
511978,2023-02-24,sexta-feira,04:40:00,SC,280.0,"259,1",CANOINHAS,Transitar na contramão,Colisão lateral sentido oposto,Com Vítimas Feridas,Plena Noite,Crescente,Nublado,Simples,Reta,Não,4.0,0.0,2.0,1.0,1.0,0.0,3.0,2.0,"-26,26285061","-50,62826397",SPRF-SC,DEL06-SC,UOP04-DEL06-SC
511980,2023-03-21,terça-feira,14:00:00,PR,277.0,"422,8",CANTAGALO,Ausência de reação do condutor,Tombamento,Com Vítimas Feridas,Pleno dia,Decrescente,Céu Claro,Simples,Reta,Não,2.0,0.0,1.0,0.0,0.0,2.0,1.0,3.0,"-25,38063344","-52,13562012",SPRF-PR,DEL04-PR,UOP02-DEL04-PR
511984,2023-03-21,terça-feira,14:00:00,PE,104.0,119,PANELAS,Problema com o freio,Saída de leito carroçável,Com Vítimas Fatais,Pleno dia,Crescente,Nublado,Simples,Curva;Declive,Não,3.0,1.0,0.0,0.0,0.0,2.0,0.0,3.0,"-8,69214","-36,023621",SPRF-PE,DEL02-PE,UOP03-DEL02-PE
511990,2023-03-21,terça-feira,14:10:00,BA,116.0,399,SANTA BARBARA,Condutor deixou de manter distância do veículo da frente,Engavetamento,Sem Vítimas,Pleno dia,Crescente,Nublado,Dupla,Reta,Não,4.0,0.0,0.0,0.0,4.0,0.0,0.0,4.0,"-12,018333","-38,971228",SPRF-BA,DEL02-BA,UOP01-DEL02-BA
511991,2023-03-21,terça-feira,13:20:00,RS,386.0,"293,9",POUSO NOVO,Transitar na contramão,Colisão lateral sentido oposto,Com Vítimas Feridas,Pleno dia,Decrescente,Céu Claro,Simples,Reta,Não,3.0,0.0,1.0,0.0,1.0,1.0,1.0,3.0,"-29,114208","-52,244186",SPRF-RS,DEL04-RS,UOP01-DEL04-RS
511996,2023-03-21,terça-feira,16:45:00,AL,101.0,131,SAO MIGUEL DOS CAMPOS,Ultrapassagem Indevida,Colisão lateral mesmo sentido,Sem Vítimas,Pleno dia,Crescente,Nublado,Simples,Aclive;Reta,Não,3.0,0.0,0.0,0.0,2.0,1.0,0.0,3.0,"-9,77030281","-36,08699799",SPRF-AL,DEL02-AL,UOP01-DEL02-AL
511998,2023-03-21,terça-feira,15:30:00,RS,392.0,309,SAO SEPE,Transitar na contramão,Colisão lateral sentido oposto,Sem Vítimas,Pleno dia,Crescente,Céu Claro,Simples,Curva,Não,3.0,0.0,0.0,0.0,1.0,3.0,0.0,4.0,"-30,07245441","-53,64675236",SPRF-RS,DEL09-RS,UOP01-DEL09-RS
512000,2023-03-21,terça-feira,14:50:00,RJ,101.0,"256,9",RIO BONITO,Condutor Dormindo,Tombamento,Com Vítimas Feridas,Pleno dia,Crescente,Céu Claro,Dupla,Reta,Não,2.0,0.0,1.0,0.0,1.0,0.0,1.0,1.0,"-22,69621133","-42,56854493",SPRF-RJ,DEL02-RJ,UOP03-DEL02-RJ
512002,2023-03-21,terça-feira,15:00:00,RO,364.0,"164,6",PIMENTA BUENO,Reação tardia ou ineficiente do condutor,Colisão lateral mesmo sentido,Sem Vítimas,Pleno dia,Crescente,Céu Claro,Simples,Reta,Não,4.0,0.0,0.0,0.0,4.0,0.0,0.0,2.0,"-11,887973","-60,985612",SPRF-RO,DEL02-RO,UOP02-DEL02-RO
512003,2023-03-21,terça-feira,08:40:00,RS,285.0,"151,4",MUITOS CAPOES,Carga excessiva e/ou mal acondicionada,Derramamento de carga,Sem Vítimas,Pleno dia,Crescente,Céu Claro,Simples,Curva;Ponte;Declive,Não,1.0,0.0,0.0,0.0,1.0,0.0,0.0,1.0,"-28,34174292","-51,15212917",SPRF-RS,DEL05-RS,UOP03-DEL05-RS
512004,2023-03-21,terça-feira,14:15:00,MA,135.0,34,BACABEIRA,Manobra de mudança de faixa,Colisão lateral mesmo sentido,Sem Vítimas,Pleno dia,Decrescente,Chuva,Dupla,Reta,Não,4.0,0.0,0.0,0.0,4.0,0.0,0.0,2.0,"-2,840086","-44,37459507",SPRF-MA,DEL01-MA,UOP01-DEL01-MA
512006,2023-03-21,terça-feira,07:30:00,PA,163.0,104,ALTAMIRA,Problema com o freio,Tombamento,Com Vítimas Feridas,Pleno dia,Crescente,Nublado,Simples,Curva;Declive,Não,2.0,0.0,0.0,1.0,0.0,2.0,1.0,3.0,"-8,728298","-54,979658",SPRF-PA,DEL05-PA,UOP02-DEL05-PA
512025,2023-03-21,terça-feira,16:30:00,MG,381.0,"689,9",LAVRAS,Ausência de reação do condutor,Engavetamento,Com Vítimas Feridas,Pleno dia,Crescente,Céu Claro,Dupla,Reta,Não,5.0,0.0,1.0,1.0,3.0,0.0,2.0,3.0,"-21,225698","-45,130486",SPRF-MG,DEL04-MG,UOP02-DEL04-MG
512028,2023-03-21,terça-feira,17:40:00,RJ,101.0,331,RIO DE JANEIRO,Demais Fenômenos da natureza,Colisão traseira,Com Vítimas Feridas,Anoitecer,Crescente,Céu Claro,Dupla,Reta,Sim,4.0,0.0,1.0,0.0,3.0,0.0,1.0,4.0,"-22,867662","-43,195337",SPRF-RJ,DEL02-RJ,UOP01-DEL02-RJ
512036,2023-03-21,terça-feira,16:10:00,BA,324.0,"533,7",CONCEICAO DO JACUIPE,Frear bruscamente,Colisão com objeto,Com Vítimas Feridas,Pleno dia,Decrescente,Chuva,Dupla,Reta;Interseção de Vias;Declive,Não,1.0,0.0,1.0,0.0,0.0,0.0,1.0,1.0,"-12,35715182","-38,82827705",SPRF-BA,DEL01-BA,UOP03-DEL01-BA
512040,2023-03-21,terça-feira,18:35:00,SC,116.0,12,MAFRA,Desrespeitar a preferência no cruzamento,Colisão transversal,Com Vítimas Feridas,Plena Noite,Crescente,Céu Claro,Simples,Reta;Interseção de Vias,Não,6.0,0.0,3.0,0.0,3.0,0.0,3.0,2.0,"-26,17877859","-49,86720998",SPRF-SC,DEL06-SC,UOP01-DEL06-SC
512041,2023-03-21,terça-feira,20:20:00,PR,376.0,"491,1",PONTA GROSSA,Ingestão de álcool e/ou substâncias psicoativas pelo pedestre,Colisão traseira,Com Vítimas Feridas,Plena Noite,Crescente,Céu Claro,Dupla,Curva;Declive,Não,4.0,0.0,1.0,0.0,2.0,1.0,1.0,4.0,"-25,15130703","-50,1421625",SPRF-PR,DEL03-PR,UOP04-DEL03-PR
512045,2023-03-21,terça-feira,19:05:00,TO,230.0,23,AGUIARNOPOLIS,Reação tardia ou ineficiente do condutor,Tombamento,Com Vítimas Feridas,Plena Noite,Crescente,Garoa/Chuvisco,Simples,Curva;Rotatória;Interseção de Vias,Não,2.0,0.0,1.0,0.0,0.0,1.0,1.0,2.0,"-6,42712762","-47,55822701",SPRF-TO,DEL02-TO,UOP03-DEL02-TO
512046,2023-03-21,terça-feira,19:05:00,BA,101.0,"787,7",ITABELA,Transitar na contramão,Colisão frontal,Com Vítimas Feridas,Plena Noite,Decrescente,Nublado,Simples,Aclive;Curva,Não,6.0,0.0,2.0,2.0,1.0,1.0,4.0,4.0,"-16,871186","-39,503646",SPRF-BA,DEL09-BA,UOP01-DEL09-BA
512048,2023-03-04,sábado,00:55:00,SC,101.0,"73,5",ARAQUARI,Velocidade Incompatível,Colisão traseira,Com Vítimas Feridas,Plena Noite,Crescente,Chuva,Dupla,Curva,Não,9.0,0.0,2.0,3.0,1.0,3.0,5.0,6.0,"-26,53567108","-48,71326731",SPRF-SC,DEL03-SC,UOP02-DEL03-SC
512050,2023-03-21,terça-feira,21:50:00,BA,324.0,457,CANDEAL,Condutor Dormindo,Colisão transversal,Com Vítimas Feridas,Plena Noite,Decrescente,Chuva,Simples,Reta,Não,3.0,0.0,0.0,1.0,1.0,1.0,1.0,3.0,"-11,91535287","-39,2537049",SPRF-BA,DEL02-BA,UOP01-DEL02-BA
512051,2023-03-21,terça-feira,16:10:00,SP,116.0,"166,6",JACAREI,Manobra de mudança de faixa,Tombamento,Com Vítimas Feridas,Pleno dia,Crescente,Sol,Dupla,Reta,Sim,3.0,0.0,0.0,1.0,1.0,1.0,1.0,2.0,"-23,30055667","-46,01686506",SPRF-SP,DEL02-SP,UOP01-DEL02-SP
512057,2023-03-21,terça-feira,21:45:00,RS,293.0,"342,9",SANTANA DO LIVRAMENTO,Desrespeitar a preferência no cruzamento,Colisão transversal,Sem Vítimas,Plena Noite,Decrescente,Nublado,Simples,Interseção de Vias,Sim,3.0,0.0,0.0,0.0,1.0,2.0,0.0,3.0,"-30,85109755","-55,55395935",SPRF-RS,DEL11-RS,UOP01-DEL11-RS
512067,2023-03-21,terça-feira,21:30:00,MT,70.0,7,BARRA DO GARCAS,Acessar a via sem observar a presença dos outros veículos,Colisão traseira,Com Vítimas Feridas,Plena Noite,Decrescente,Nublado,Simples,Interseção de Vias;Declive;Reta,Sim,2.0,0.0,1.0,0.0,1.0,0.0,1.0,2.0,"-15,878143","-52,316788",SPRF-MT,DEL07-MT,UOP01-DEL07-MT
512070,2023-03-20,segunda-feira,14:58:00,PA,163.0,618,TRAIRAO,Velocidade Incompatível,Tombamento,Com Vítimas Feridas,Pleno dia,Crescente,Ignorado,Simples,Aclive;Curva,Não,3.0,0.0,1.0,0.0,1.0,5.0,1.0,7.0,"-4,73343252","-56,04523015",SPRF-PA,DEL05-PA,UOP02-DEL05-PA
512072,2023-03-21,terça-feira,23:30:00,PR,376.0,"348,9",ORTIGUEIRA,Obstrução Via tentativa Assalto,Incêndio,Sem Vítimas,Plena Noite,Crescente,Céu Claro,Simples,Aclive;Reta,Não,3.0,0.0,0.0,0.0,1.0,2.0,0.0,2.0,"-24,1977301","-50,95233679",SPRF-PR,DEL07-PR,UOP02-DEL07-PR
512074,2023-03-21,terça-feira,21:50:00,TO,153.0,344,GUARAI,Ingestão de álcool pelo condutor,Saída de leito carroçável,Com Vítimas Feridas,Anoitecer,Crescente,Céu Claro,Simples,Reta,Não,3.0,0.0,2.0,0.0,0.0,1.0,2.0,2.0,"-8,926958","-48,50963168",SPRF-TO,DEL02-TO,UOP02-DEL02-TO
512077,2023-03-22,quarta-feira,03:48:00,SC,101.0,"121,8",ITAJAI,Avarias e/ou desgaste excessivo no pneu,Colisão com objeto,Com Vítimas Feridas,Plena Noite,Crescente,Céu Claro,Dupla,Reta,Sim,3.0,0.0,1.0,0.0,1.0,1.0,1.0,3.0,"-26,92103178","-48,70856446",SPRF-SC,DEL04-SC,UOP04-DEL04-SC
512078,2023-03-22,quarta-feira,03:00:00,RJ,116.0,319,ITATIAIA,Condutor Dormindo,Colisão traseira,Com Vítimas Feridas,Amanhecer,Decrescente,Nublado,Dupla,Aclive;Reta,Não,3.0,0.0,0.0,1.0,1.0,1.0,1.0,3.0,"-22,45998766","-44,46237202",SPRF-RJ,DEL07-RJ,UOP02-DEL07-RJ
512079,2023-03-21,terça-feira,21:50:00,MG,262.0,"415,6",PARA DE MINAS,Velocidade Incompatível,Colisão com objeto,Com Vítimas Feridas,Plena Noite,Decrescente,Céu Claro,Dupla,Ponte;Reta,Não,2.0,0.0,1.0,0.0,0.0,1.0,1.0,2.0,"-19,90954709","-44,680489",SPRF-MG,DEL08-MG,UOP03-DEL08-MG
512080,2023-03-22,quarta-feira,03:20:00,SP,381.0,3,VARGEM,Ultrapassagem Indevida,Colisão traseira,Sem Vítimas,Plena Noite,Crescente,Céu Claro,Dupla,Curva,Sim,3.0,0.0,0.0,0.0,1.0,4.0,0.0,5.0,"-22,87841483","-46,39917107",SPRF-SP,DEL03-SP,UOP02-DEL03-SP
512085,2023-03-22,quarta-feira,06:10:00,PE,101.0,130,ESCADA,Velocidade Incompatível,Colisão traseira,Com Vítimas Feridas,Pleno dia,Decrescente,Nublado,Múltipla,Reta,Sim,2.0,0.0,0.0,1.0,1.0,0.0,1.0,2.0,"-8,392345","-35,257055",SPRF-PE,DEL01-PE,UOP03-DEL01-PE
512086,2023-03-21,terça-feira,18:20:00,GO,452.0,"110,3",BOM JESUS DE GOIAS,Afundamento ou ondulação no pavimento,Tombamento,Sem Vítimas,Anoitecer,Crescente,Chuva,Simples,Reta,Não,1.0,0.0,0.0,0.0,1.0,0.0,0.0,1.0,"-18,16871538","-49,91484422",SPRF-GO,DEL03-GO,UOP02-DEL03-GO
512088,2023-03-22,quarta-feira,04:37:00,BA,116.0,"759,7",POCOES,Condutor Dormindo,Colisão traseira,Com Vítimas Feridas,Amanhecer,Crescente,Céu Claro,Simples,Reta,Não,2.0,0.0,1.0,0.0,1.0,0.0,1.0,2.0,"-14,488576","-40,342007",SPRF-BA,DEL08-BA,UOP02-DEL08-BA
512089,2023-03-22,quarta-feira,06:12:00,MS,163.0,492,CAMPO GRANDE,Acessar a via sem observar a presença dos outros veículos,Colisão transversal,Com Vítimas Feridas,Pleno dia,Decrescente,Céu Claro,Dupla,Reta,Sim,4.0,0.0,1.0,1.0,1.0,1.0,2.0,3.0,"-20,384725","-54,544141",SPRF-MS,DEL01-MS,UOP02-DEL01-MS
512093,2023-03-22,quarta-feira,07:50:00,SP,116.0,223,GUARULHOS,Ausência de reação do condutor,Colisão traseira,Com Vítimas Feridas,Pleno dia,Crescente,Céu Claro,Múltipla,Reta,Não,5.0,0.0,2.0,0.0,3.0,0.0,2.0,4.0,"-23,48043687","-46,53264306",SPRF-SP,DEL01-SP,UOP01-DEL01-SP
512094,2023-03-22,quarta-feira,06:45:00,SC,280.0,"81,8",CORUPA,Acessar a via sem observar a presença dos outros veículos,Colisão transversal,Com Vítimas Feridas,Amanhecer,Crescente,Céu Claro,Simples,Reta,Sim,2.0,0.0,1.0,0.0,1.0,0.0,1.0,2.0,"-26,44057489","-49,217056",SPRF-SC,DEL06-SC,UOP03-DEL06-SC
512095,2023-03-22,quarta-feira,06:20:00,AL,101.0,"35,1",JOAQUIM GOMES,Velocidade Incompatível,Saída de leito carroçável,Com Vítimas Feridas,Pleno dia,Crescente,Chuva,Dupla,Aclive;Reta,Não,2.0,0.0,1.0,0.0,0.0,1.0,1.0,2.0,"-9,12234116","-35,76740085",SPRF-AL,DEL01-AL,UOP02-DEL01-AL
512097,2023-03-22,quarta-feira,06:35:00,BA,101.0,472,URUCUCA,Acessar a via sem observar a presença dos outros veículos,Colisão transversal,Com Vítimas Feridas,Pleno dia,Crescente,Céu Claro,Simples,Aclive;Interseção de Vias,Não,4.0,0.0,1.0,0.0,2.0,1.0,1.0,3.0,"-14,56579511","-39,3346703",SPRF-BA,DEL05-BA,UOP01-DEL05-BA
512098,2023-03-22,quarta-feira,08:00:00,PR,116.0,67,CAMPINA GRANDE DO SUL,Manobra de mudança de faixa,Colisão lateral mesmo sentido,Com Vítimas Feridas,Pleno dia,Crescente,Céu Claro,Dupla,Curva,Não,2.0,0.0,0.0,1.0,1.0,0.0,1.0,2.0,"-25,31679789","-49,01854527",SPRF-PR,DEL01-PR,UOP02-DEL01-PR
512102,2023-03-22,quarta-feira,07:14:00,SP,116.0,495,CAJATI,Acessar a via sem observar a presença dos outros veículos,Colisão traseira,Com Vítimas Feridas,Pleno dia,Crescente,Céu Claro,Dupla,Reta,Não,5.0,0.0,0.0,1.0,1.0,3.0,1.0,5.0,"-24,7531624","-48,1580848",SPRF-SP,DEL05-SP,UOP01-DEL05-SP