id,data_inversa,dia_semana,horario,uf,br,km,municipio,causa_acidente,tipo_acidente,classificacao_acidente,fase_dia,sentido_via,condicao_metereologica,tipo_pista,tracado_via,uso_solo,pessoas,mortos,feridos_leves,feridos_graves,ilesos,ignorados,feridos,veiculos,latitude,longitude,regional,delegacia,uop
512111,2023-02-01,quarta-feira,07:30:00,RS,116.0,247,SAO LEOPOLDO,Reação tardia ou ineficiente do condutor,Colisão traseira,Sem Vítimas,Pleno dia,Decrescente,Céu Claro,Dupla,Reta,Sim,3.0,0.0,0.0,0.0,3.0,0.0,0.0,3.0,"-29,76733091","-51,1535296",SPRF-RS,DEL01-RS,UOP02-DEL01-RS
512126,2023-03-22,quarta-feira,07:30:00,CE,402.0,"255,3",ITAPIPOCA,Transitar na contramão,Colisão transversal,Com Vítimas Fatais,Pleno dia,Decrescente,Céu Claro,Simples,Reta,Não,3.0,1.0,1.0,1.0,0.0,0.0,2.0,2.0,"-3,474282","-39,635077",SPRF-CE,DEL01-CE,UOP03-DEL01-CE
512129,2023-03-22,quarta-feira,08:09:00,PR,277.0,"665,9",MEDIANEIRA,Velocidade Incompatível,Colisão traseira,Com Vítimas Fatais,Pleno dia,Crescente,Céu Claro,Dupla,Aclive;Reta,Não,3.0,1.0,0.0,0.0,0.0,2.0,0.0,3.0,"-25,25599605","-54,03772597",SPRF-PR,DEL05-PR,UOP02-DEL05-PR
512131,2023-03-22,quarta-feira,10:28:00,ES,262.0,"95,2",DOMINGOS MARTINS,Acessar a via sem observar a presença dos outros veículos,Colisão transversal,Sem Vítimas,Pleno dia,Decrescente,Céu Claro,Simples,Interseção de Vias,Sim,3.0,0.0,0.0,0.0,2.0,1.0,0.0,3.0,"-20,3659225","-41,06040133",SPRF-ES,DEL01-ES,UOP02-DEL01-ES
512133,2023-03-22,quarta-feira,07:30:00,MG,116.0,103,ITAOBIM,Ausência de reação do condutor,Colisão lateral mesmo sentido,Com Vítimas Fatais,Pleno dia,Crescente,Céu Claro,Simples,Aclive;Reta,Não,4.0,1.0,0.0,0.0,3.0,0.0,0.0,2.0,"-16,45538699","-41,50106188",SPRF-MG,DEL11-MG,UOP02-DEL11-MG
512135,2023-03-22,quarta-feira,10:40:00,RS,470.0,"20,5",BARRACAO,Velocidade Incompatível,Saída de leito carroçável,Com Vítimas Feridas,Pleno dia,Crescente,Céu Claro,Simples,Reta,Não,2.0,0.0,2.0,0.0,0.0,0.0,2.0,1.0,"-27,75506706","-51,45595104",SPRF-RS,DEL08-RS,UOP05-DEL08-RS
512137,2023-03-22,quarta-feira,11:10:00,MS,163.0,37,ELDORADO,Transitar na contramão,Colisão frontal,Com Vítimas Fatais,Pleno dia,Crescente,Céu Claro,Simples,Declive,Não,5.0,3.0,0.0,0.0,0.0,3.0,0.0,5.0,"-23,80317571","-54,3038891",SPRF-MS,DEL09-MS,UOP02-DEL09-MS
512138,2023-03-22,quarta-feira,12:20:00,SC,101.0,204,SAO JOSE,Reação tardia ou ineficiente do condutor,Colisão lateral mesmo sentido,Sem Vítimas,Pleno dia,Crescente,Céu Claro,Múltipla,Reta,Sim,3.0,0.0,0.0,0.0,2.0,1.0,0.0,3.0,"-27,57413014","-48,61363083",SPRF-SC,DEL01-SC,UOP01-DEL01-SC
512149,2023-01-21,sábado,20:15:00,SC,282.0,278,SAO JOSE DO CERRITO,Ingestão de álcool pelo condutor,Colisão lateral sentido oposto,Com Vítimas Feridas,Plena Noite,Crescente,Céu Claro,Simples,Curva,Sim,8.0,0.0,3.0,2.0,2.0,1.0,5.0,4.0,"-27,587807","-50,735706",SPRF-SC,DEL05-SC,UOP02-DEL05-SC
512152,2023-03-22,quarta-feira,11:40:00,MG,381.0,"881,2",ESTIVA,Demais falhas mecânicas ou elétricas,Incêndio,Sem Vítimas,Pleno dia,Decrescente,Céu Claro,Dupla,Reta,Não,3.0,0.0,0.0,0.0,1.0,2.0,0.0,3.0,"-22,51533401","-46,02134878",SPRF-MG,DEL16-MG,UOP03-DEL16-MG
512161,2023-03-22,quarta-feira,14:30:00,RJ,116.0,169,RIO DE JANEIRO,Ausência de reação do condutor,Colisão traseira,Sem Vítimas,Pleno dia,Decrescente,Sol,Múltipla,Reta,Sim,2.0,0.0,0.0,0.0,2.0,0.0,0.0,2.0,"-22,816206","-43,324463",SPRF-RJ,DEL01-RJ,UOP02-DEL01-RJ
512166,2023-03-22,quarta-feira,15:00:00,ES,101.0,"149,9",LINHARES,Acessar a via sem observar a presença dos outros veículos,Colisão transversal,Com Vítimas Fatais,Pleno dia,Crescente,Céu Claro,Dupla,Reta;Interseção de Vias,Sim,3.0,1.0,0.0,0.0,1.0,1.0,0.0,3.0,"-19,39619083","-40,06435871",SPRF-ES,DEL04-ES,UOP01-DEL04-ES
512168,2023-03-22,quarta-feira,14:30:00,MG,365.0,"7,8",MONTES CLAROS,Velocidade Incompatível,Saída de leito carroçável,Com Vítimas Feridas,Pleno dia,Decrescente,Céu Claro,Simples,Curva,Não,6.0,0.0,4.0,0.0,1.0,1.0,4.0,3.0,"-16,82072697","-43,91921997",SPRF-MG,DEL12-MG,UOP01-DEL12-MG
512171,2023-03-22,quarta-feira,14:28:00,SP,116.0,"224,5",GUARULHOS,Ausência de reação do condutor,Colisão traseira,Com Vítimas Feridas,Pleno dia,Decrescente,Céu Claro,Múltipla,Reta,Sim,2.0,0.0,1.0,0.0,1.0,0.0,1.0,2.0,"-23,48071896","-46,53271603",SPRF-SP,DEL01-SP,UOP01-DEL01-SP
512174,2023-03-22,quarta-feira,14:30:00,RR,174.0,489,BOA VISTA,Ultrapassagem Indevida,Colisão lateral sentido oposto,Sem Vítimas,Pleno dia,Crescente,Céu Claro,Simples,Curva,Não,4.0,0.0,0.0,0.0,2.0,2.0,0.0,4.0,"2,732332","-60,782288",SPRF-RR,DEL01-RR,UOP01-DEL01-RR
512175,2023-03-22,quarta-feira,15:22:00,SC,101.0,"208,3",SAO JOSE,Manobra de mudança de faixa,Colisão lateral mesmo sentido,Com Vítimas Feridas,Pleno dia,Crescente,Chuva,Múltipla,Reta,Sim,2.0,0.0,1.0,0.0,1.0,0.0,1.0,2.0,"-27,60327979","-48,63201818",SPRF-SC,DEL01-SC,UOP01-DEL01-SC
512181,2023-03-22,quarta-feira,08:20:00,PR,272.0,533,FRANCISCO ALVES,Velocidade Incompatível,Colisão traseira,Sem Vítimas,Pleno dia,Crescente,Céu Claro,Simples,Declive;Reta,Não,2.0,0.0,0.0,0.0,1.0,1.0,0.0,2.0,"-24,06709224","-53,89945798",SPRF-PR,DEL06-PR,UOP01-DEL06-PR
512183,2023-03-16,quinta-feira,19:40:00,RS,290.0,643,URUGUAIANA,Conversão proibida,Colisão transversal,Com Vítimas Feridas,Plena Noite,Decrescente,Garoa/Chuvisco,Simples,Reta,Não,2.0,0.0,1.0,0.0,0.0,1.0,1.0,2.0,"-30,009726","-56,348831",SPRF-RS,DEL13-RS,UOP02-DEL13-RS
512185,2023-03-22,quarta-feira,15:23:00,PR,116.0,144,MANDIRITUBA,Manobra de mudança de faixa,Colisão lateral mesmo sentido,Com Vítimas Feridas,Pleno dia,Crescente,Céu Claro,Dupla,Declive;Reta,Não,6.0,0.0,1.0,1.0,3.0,1.0,2.0,6.0,"-25,76405694","-49,32116324",SPRF-PR,DEL01-PR,UOP03-DEL01-PR
512189,2023-03-22,quarta-feira,11:50:00,RO,364.0,469,ARIQUEMES,Reação tardia ou ineficiente do condutor,Colisão traseira,Com Vítimas Feridas,Pleno dia,Crescente,Chuva,Simples,Reta,Não,3.0,0.0,1.0,0.0,1.0,4.0,1.0,6.0,"-10,20221479","-62,78980585",SPRF-RO,DEL03-RO,UOP01-DEL03-RO
512190,2023-03-22,quarta-feira,17:15:00,SP,116.0,212,GUARULHOS,Reação tardia ou ineficiente do condutor,Colisão traseira,Com Vítimas Fatais,Pleno dia,Decrescente,Céu Claro,Múltipla,Aclive,Sim,5.0,1.0,0.0,1.0,3.0,0.0,1.0,3.0,"-23,43722316","-46,43073557",SPRF-SP,DEL01-SP,UOP01-DEL01-SP
512197,2023-03-22,quarta-feira,16:15:00,PB,230.0,"438,7",APARECIDA,Ausência de reação do condutor,Saída de leito carroçável,Com Vítimas Feridas,Pleno dia,Decrescente,Nublado,Simples,Declive;Reta,Não,2.0,0.0,1.0,0.0,0.0,1.0,1.0,2.0,"-6,7612","-38,0094",SPRF-PB,DEL03-PB,UOP02-DEL03-PB
512200,2023-03-22,quarta-feira,15:50:00,SC,470.0,"125,1",LONTRAS,Reação tardia ou ineficiente do condutor,Colisão transversal,Com Vítimas Feridas,Pleno dia,Crescente,Céu Claro,Simples,Reta,Sim,4.0,0.0,1.0,1.0,1.0,1.0,2.0,4.0,"-27,12323679","-49,53657031",SPRF-SC,DEL04-SC,UOP02-DEL04-SC
512205,2023-03-22,quarta-feira,18:00:00,SP,153.0,61,SAO JOSE DO RIO PRETO,Ausência de reação do condutor,Colisão traseira,Com Vítimas Feridas,Anoitecer,Crescente,Céu Claro,Dupla,Reta;Declive,Sim,2.0,0.0,1.0,0.0,1.0,0.0,1.0,2.0,"-20,80502876","-49,35574909",SPRF-SP,DEL09-SP,UOP01-DEL09-SP
512211,2023-03-22,quarta-feira,14:15:00,PA,163.0,547,TRAIRAO,Pista esburacada,Tombamento,Sem Vítimas,Pleno dia,Crescente,Céu Claro,Simples,Reta,Não,2.0,0.0,0.0,0.0,1.0,3.0,0.0,4.0,"-5,203749","-56,0403",SPRF-PA,DEL05-PA,UOP02-DEL05-PA
512212,2023-03-22,quarta-feira,18:45:00,MG,365.0,451,GUIMARANIA,Demais falhas mecânicas ou elétricas,Saída de leito carroçável,Com Vítimas Feridas,Plena Noite,Crescente,Céu Claro,Simples,Rotatória;Reta,Não,2.0,0.0,1.0,0.0,0.0,1.0,1.0,2.0,"-18,83594238","-46,83646889",SPRF-MG,DEL10-MG,UOP01-DEL10-MG
512218,2023-03-22,quarta-feira,17:00:00,PR,153.0,399,MALLET,Reação tardia ou ineficiente do condutor,Tombamento,Com Vítimas Feridas,Pleno dia,Crescente,Céu Claro,Simples,Curva,Não,3.0,0.0,1.0,0.0,1.0,1.0,1.0,3.0,"-25,95973098","-50,8432889",SPRF-PR,DEL08-PR,UOP02-DEL08-PR
512222,2023-03-09,quinta-feira,14:00:00,MT,163.0,649,LUCAS DO RIO VERDE,Transitar na contramão,Colisão lateral sentido oposto,Com Vítimas Feridas,Pleno dia,Crescente,Sol,Simples,Curva,Não,3.0,0.0,0.0,1.0,1.0,3.0,1.0,5.0,"-13,48678294","-56,05721992",SPRF-MT,DEL06-MT,UOP01-DEL06-MT
512227,2023-03-22,quarta-feira,18:00:00,MG,50.0,176,UBERABA,Condutor deixou de manter distância do veículo da frente,Engavetamento,Com Vítimas Feridas,Anoitecer,Decrescente,Céu Claro,Dupla,Reta;Em Obras,Sim,18.0,0.0,3.0,0.0,15.0,0.0,3.0,3.0,"-19,77919981","-47,960032",SPRF-MG,DEL13-MG,UOP01-DEL13-MG
512229,2023-03-22,quarta-feira,17:30:00,MG,116.0,179,PADRE PARAISO,Ultrapassagem Indevida,Colisão traseira,Com Vítimas Feridas,Anoitecer,Crescente,Céu Claro,Dupla,Reta,Sim,2.0,0.0,0.0,1.0,1.0,0.0,1.0,2.0,"-17,0764477","-41,48612089",SPRF-MG,DEL11-MG,UOP02-DEL11-MG
512230,2023-03-12,domingo,09:00:00,MG,40.0,"605,8",CONGONHAS,Manobra de mudança de faixa,Colisão lateral mesmo sentido,Com Vítimas Fatais,Pleno dia,Decrescente,Céu Claro,Simples,Aclive;Reta,Não,5.0,2.0,0.0,0.0,2.0,1.0,0.0,4.0,"-20,45904967","-43,83882057",SPRF-MG,DEL05-MG,UOP02-DEL05-MG
512232,2023-03-22,quarta-feira,18:40:00,PE,428.0,144,PETROLINA,Manobra de mudança de faixa,Colisão frontal,Com Vítimas Feridas,Plena Noite,Decrescente,Chuva,Simples,Reta,Não,4.0,0.0,3.0,0.0,0.0,1.0,3.0,3.0,"-9,02360471","-40,2839345",SPRF-PE,DEL06-PE,UOP01-DEL06-PE
512246,2023-03-22,quarta-feira,19:55:00,RS,290.0,485,ROSARIO DO SUL,Problema com o freio,Incêndio,Sem Vítimas,Plena Noite,Decrescente,Céu Claro,Simples,Reta,Não,2.0,0.0,0.0,0.0,1.0,1.0,0.0,2.0,"-30,240456","-54,971661",SPRF-RS,DEL11-RS,UOP02-DEL11-RS
512248,2023-03-22,quarta-feira,20:30:00,GO,60.0,39,ALEXANIA,Reação tardia ou ineficiente do condutor,Saída de leito carroçável,Com Vítimas Feridas,Plena Noite,Crescente,Céu Claro,Dupla,Reta;Aclive,Não,1.0,0.0,1.0,0.0,0.0,0.0,1.0,1.0,"-16,1143","-48,5569",SPRF-DF,DEL03-DF,UOP01-DEL03-DF
512250,2023-03-22,quarta-feira,20:10:00,PE,116.0,5,SALGUEIRO,Reação tardia ou ineficiente do condutor,Colisão com objeto,Sem Vítimas,Plena Noite,Crescente,Nublado,Simples,Curva,Não,2.0,0.0,0.0,0.0,1.0,1.0,0.0,2.0,"-7,89977032","-39,11381721",SPRF-PE,DEL05-PE,UOP01-DEL05-PE
512253,2023-03-22,quarta-feira,17:55:00,SC,101.0,"117,4",ITAJAI,Acessar a via sem observar a presença dos outros veículos,Colisão transversal,Com Vítimas Feridas,Anoitecer,Decrescente,Céu Claro,Múltipla,Curva,Sim,3.0,0.0,0.0,1.0,1.0,1.0,1.0,3.0,"-26,88747187","-48,72252969",SPRF-SC,DEL04-SC,UOP04-DEL04-SC
512254,2023-03-22,quarta-feira,22:00:00,MG,365.0,726,MONTE ALEGRE DE MINAS,Ausência de reação do condutor,Colisão traseira,Com Vítimas Feridas,Plena Noite,Crescente,Céu Claro,Simples,Em Obras,Não,4.0,0.0,2.0,0.0,1.0,1.0,2.0,3.0,"-18,893213","-49,241197",SPRF-MG,DEL15-MG,UOP03-DEL15-MG
512262,2023-03-22,quarta-feira,22:10:00,PE,232.0,459,SAO JOSE DO BELMONTE,Animais na Pista,Tombamento,Com Vítimas Feridas,Plena Noite,Crescente,Garoa/Chuvisco,Simples,Declive,Não,2.0,0.0,1.0,0.0,0.0,2.0,1.0,3.0,"-8,01935472","-38,70660414",SPRF-PE,DEL05-PE,UOP01-DEL05-PE
512266,2023-03-23,quinta-feira,00:15:00,SP,116.0,437,REGISTRO,Acessar a via sem observar a presença dos outros veículos,Atropelamento de Pedestre,Com Vítimas Fatais,Plena Noite,Crescente,Céu Claro,Dupla,Reta,Não,3.0,1.0,0.0,0.0,1.0,1.0,0.0,3.0,"-24,44201718","-47,79888683",SPRF-SP,DEL05-SP,UOP01-DEL05-SP
512267,2023-03-22,quarta-feira,19:30:00,GO,158.0,23,BOM JARDIM DE GOIAS,Demais falhas mecânicas ou elétricas,Incêndio,Sem Vítimas,Plena Noite,Crescente,Céu Claro,Simples,Reta,Não,2.0,0.0,0.0,0.0,1.0,1.0,0.0,2.0,"-16,05698603","-52,17118359",SPRF-GO,DEL04-GO,UOP02-DEL04-GO
512268,2023-03-22,quarta-feira,17:55:00,MT,163.0,897,CLAUDIA,Condutor deixou de manter distância do veículo da frente,Colisão traseira,Com Vítimas Feridas,Pleno dia,Crescente,Céu Claro,Dupla,Reta,Não,3.0,0.0,1.0,0.0,1.0,3.0,1.0,5.0,"-11,46072295","-55,35892834",SPRF-MT,DEL06-MT,UOP02-DEL06-MT
512269,2023-03-22,quarta-feira,19:10:00,GO,80.0,"94,7",VILA PROPICIO,Manobra de mudança de faixa,Colisão frontal,Com Vítimas Feridas,Plena Noite,Decrescente,Nublado,Simples,Reta,Sim,2.0,0.0,0.0,1.0,1.0,0.0,1.0,2.0,"-15,208875","-48,697312",SPRF-GO,DEL07-GO,UOP02-DEL07-GO
512270,2023-03-23,quinta-feira,02:10:00,SC,101.0,128,ITAJAI,Acumulo de água sobre o pavimento,Colisão com objeto,Com Vítimas Feridas,Plena Noite,Decrescente,Chuva,Dupla,Reta,Não,3.0,0.0,1.0,0.0,1.0,2.0,1.0,4.0,"-26,97284292","-48,68299451",SPRF-SC,DEL04-SC,UOP04-DEL04-SC
512277,2023-03-23,quinta-feira,04:50:00,MS,60.0,356,SIDROLANDIA,Ausência de reação do condutor,Saída de leito carroçável,Com Vítimas Feridas,Amanhecer,Crescente,Céu Claro,Simples,Curva,Não,1.0,0.0,0.0,1.0,0.0,0.0,1.0,1.0,"-21,00439496","-55,20122051",SPRF-MS,DEL01-MS,UOP03-DEL01-MS
512279,2023-03-23,quinta-feira,05:15:00,DF,70.0,3,BRASILIA,Ausência de reação do condutor,Colisão lateral mesmo sentido,Sem Vítimas,Amanhecer,Decrescente,Céu Claro,Dupla,Retorno Regulamentado,Sim,3.0,0.0,0.0,0.0,3.0,0.0,0.0,2.0,"-15,802453","-48,080387",SPRF-DF,DEL03-DF,UOP02-DEL03-DF
512288,2023-03-23,quinta-feira,07:10:00,PB,230.0,24,JOAO PESSOA,Acessar a via sem observar a presença dos outros veículos,Colisão lateral mesmo sentido,Sem Vítimas,Pleno dia,Decrescente,Céu Claro,Múltipla,Reta;Interseção de Vias;Viaduto,Sim,3.0,0.0,0.0,0.0,2.0,1.0,0.0,3.0,"-7,1637","-34,8618",SPRF-PB,DEL01-PB,UOP01-DEL01-PB
512295,2023-03-23,quinta-feira,07:30:00,ES,101.0,297,VIANA,Ausência de reação do condutor,Colisão traseira,Com Vítimas Feridas,Pleno dia,Crescente,Céu Claro,Dupla,Reta,Não,3.0,0.0,1.0,0.0,2.0,0.0,1.0,2.0,"-20,34529844","-40,41026774",SPRF-ES,DEL01-ES,UOP01-DEL01-ES
512298,2023-03-23,quinta-feira,08:00:00,MG,116.0,"773,7",LEOPOLDINA,Ausência de reação do condutor,Tombamento,Com Vítimas Feridas,Pleno dia,Decrescente,Sol,Simples,Curva;Declive,Não,2.0,0.0,1.0,0.0,0.0,1.0,1.0,2.0,"-21,57227131","-42,67920724",SPRF-MG,DEL07-MG,UOP01-DEL07-MG
512301,2023-03-23,quinta-feira,07:00:00,MS,163.0,"485,6",CAMPO GRANDE,Ausência de reação do condutor,Engavetamento,Com Vítimas Feridas,Pleno dia,Decrescente,Céu Claro,Simples,Aclive;Reta,Sim,6.0,0.0,2.0,0.0,3.0,4.0,2.0,7.0,"-20,4336361","-54,54376745",SPRF-MS,DEL01-MS,UOP02-DEL01-MS
512307,2023-03-23,quinta-feira,07:30:00,PR,369.0,"147,4",LONDRINA,Reação tardia ou ineficiente do condutor,Colisão traseira,Com Vítimas Feridas,Pleno dia,Crescente,Céu Claro,Dupla,Reta,Não,4.0,0.0,3.0,0.0,1.0,0.0,3.0,3.0,"-23,293057","-51,135485",SPRF-PR,DEL07-PR,UOP01-DEL07-PR
512311,2023-03-23,quinta-feira,06:55:00,RS,285.0,"208,7",LAGOA VERMELHA,Acessar a via sem observar a presença dos outros veículos,Colisão transversal,Com Vítimas Feridas,Pleno dia,Crescente,Céu Claro,Simples,Reta;Retorno Regulamentado;Aclive;Interseção de Vias,Não,4.0,0.0,2.0,0.0,1.0,1.0,2.0,3.0,"-28,221825","-51,598278",SPRF-RS,DEL08-RS,UOP05-DEL08-RS
512312,2023-03-23,quinta-feira,08:30:00,SP,116.0,281,EMBU DAS ARTES,Reação tardia ou ineficiente do condutor,Engavetamento,Com Vítimas Feridas,Pleno dia,Decrescente,Céu Claro,Dupla,Aclive;Reta,Sim,5.0,0.0,1.0,0.0,2.0,2.0,1.0,5.0,"-23,67784787","-46,85769227",SPRF-SP,DEL04-SP,UOP01-DEL04-SP
512316,2023-03-23,quinta-feira,09:30:00,DF,70.0,"18,7",BRASILIA,Trafegar com motocicleta (ou similar) entre as faixas,Colisão traseira,Com Vítimas Feridas,Pleno dia,Decrescente,Céu Claro,Múltipla,Reta,Não,2.0,0.0,1.0,0.0,1.0,0.0,1.0,2.0,"-15,788868","-48,220242",SPRF-DF,DEL03-DF,UOP02-DEL03-DF
512320,2023-03-23,quinta-feira,09:00:00,BA,116.0,"400,2",FEIRA DE SANTANA,Ausência de sinalização,Colisão lateral sentido oposto,Sem Vítimas,Pleno dia,Crescente,Céu Claro,Simples,Interseção de Vias;Em Obras,Não,4.0,0.0,0.0,0.0,3.0,1.0,0.0,4.0,"-12,02850801","-38,97078747",SPRF-BA,DEL02-BA,UOP01-DEL02-BA
512329,2023-03-10,sexta-feira,13:15:00,MS,376.0,80,DEODAPOLIS,Transitar na contramão,Colisão lateral sentido oposto,Com Vítimas Feridas,Pleno dia,Crescente,Céu Claro,Simples,Declive;Reta,Não,5.0,0.0,3.0,0.0,2.0,0.0,3.0,3.0,"-22,31101395","-54,06131744",SPRF-MS,DEL04-MS,UOP04-DEL04-MS
512337,2023-01-30,segunda-feira,10:10:00,RJ,116.0,143,DUQUE DE CAXIAS,Manobra de mudança de faixa,Colisão transversal,Com Vítimas Feridas,Pleno dia,Decrescente,Nublado,Dupla,Reta,Sim,2.0,0.0,0.0,1.0,1.0,0.0,1.0,2.0,"-22,67167945","-43,279953",SPRF-RJ,DEL01-RJ,UOP01-DEL01-RJ
512346,2023-01-14,sábado,04:00:00,RS,290.0,"55,9",GLORINHA,Ausência de reação do condutor,Saída de leito carroçável,Com Vítimas Feridas,Plena Noite,Decrescente,Céu Claro,Múltipla,Reta,Não,4.0,0.0,2.0,1.0,0.0,1.0,3.0,2.0,"-29,913401","-50,808426",SPRF-RS,DEL03-RS,UOP01-DEL03-RS
512354,2023-03-23,quinta-feira,13:50:00,CE,116.0,152,RUSSAS,Obras na pista,Colisão traseira,Com Vítimas Feridas,Pleno dia,Crescente,Céu Claro,Simples,Declive,Não,3.0,0.0,1.0,0.0,1.0,2.0,1.0,4.0,"-4,8537159","-38,03846484",SPRF-CE,DEL03-CE,UOP01-DEL03-CE
512361,2023-03-23,quinta-feira,14:30:00,MG,381.0,494,BETIM,Ausência de reação do condutor,Tombamento,Com Vítimas Feridas,Pleno dia,Crescente,Céu Claro,Dupla,Viaduto;Reta,Sim,2.0,0.0,1.0,0.0,1.0,0.0,1.0,2.0,"-19,966518","-44,178828",SPRF-MG,DEL01-MG,UOP03-DEL01-MG
512365,2023-03-23,quinta-feira,14:29:00,CE,222.0,"2,6",FORTALEZA,Demais falhas mecânicas ou elétricas,Eventos atípicos,Com Vítimas Feridas,Pleno dia,Decrescente,Céu Claro,Dupla,Reta,Sim,3.0,0.0,0.0,1.0,2.0,0.0,1.0,3.0,"-3,74","-38,593",SPRF-CE,DEL01-CE,UOP01-DEL01-CE
512370,2023-03-23,quinta-feira,12:40:00,MA,230.0,375,BALSAS,Ultrapassagem Indevida,Colisão frontal,Com Vítimas Feridas,Pleno dia,Crescente,Céu Claro,Simples,Reta,Não,3.0,0.0,0.0,1.0,1.0,3.0,1.0,5.0,"-7,2870651","-45,9314548",SPRF-MA,DEL05-MA,UOP01-DEL05-MA
512372,2023-03-23,quinta-feira,15:20:00,GO,60.0,378,RIO VERDE,Problema com o freio,Saída de leito carroçável,Com Vítimas Fatais,Pleno dia,Decrescente,Sol,Dupla,Declive;Reta,Não,3.0,1.0,0.0,0.0,0.0,2.0,0.0,2.0,"-17,7481","-50,8763",SPRF-GO,DEL04-GO,UOP02-DEL04-GO
512373,2023-03-23,quinta-feira,15:00:00,PR,277.0,1,PARANAGUA,Manobra de mudança de faixa,Colisão transversal,Com Vítimas Feridas,Pleno dia,Crescente,Céu Claro,Dupla,Reta,Sim,2.0,0.0,0.0,1.0,1.0,0.0,1.0,2.0,"-25,5205","-48,5095",SPRF-PR,DEL01-PR,UOP05-DEL01-PR
512374,2023-03-23,quinta-feira,16:10:00,SC,470.0,142,RIO DO SUL,Acumulo de óleo sobre o pavimento,Tombamento,Com Vítimas Feridas,Pleno dia,Decrescente,Nublado,Simples,Curva;Viaduto,Sim,2.0,0.0,0.0,1.0,1.0,0.0,1.0,2.0,"-27,229801","-49,6693",SPRF-SC,DEL04-SC,UOP02-DEL04-SC
512377,2023-03-23,quinta-feira,13:05:00,PA,316.0,"110,5",SANTA MARIA DO PARA,Acessar a via sem observar a presença dos outros veículos,Colisão lateral sentido oposto,Sem Vítimas,Pleno dia,Crescente,Céu Claro,Simples,Reta,Não,2.0,0.0,0.0,0.0,2.0,0.0,0.0,2.0,"-1,318289","-47,515114",SPRF-PA,DEL01-PA,UOP02-DEL01-PA
512379,2023-03-23,quinta-feira,15:50:00,SC,101.0,"335,1",TUBARAO,Ausência de reação do condutor,Colisão traseira,Com Vítimas Feridas,Pleno dia,Crescente,Céu Claro,Dupla,Reta;Aclive,Sim,3.0,0.0,1.0,0.0,1.0,1.0,1.0,3.0,"-28,4738219","-49,02545929",SPRF-SC,DEL02-SC,UOP01-DEL02-SC
512383,2023-03-23,quinta-feira,17:00:00,SP,381.0,45,ATIBAIA,Condutor deixou de manter distância do veículo da frente,Colisão lateral mesmo sentido,Com Vítimas Feridas,Anoitecer,Crescente,Céu Claro,Dupla,Reta,Não,2.0,0.0,1.0,0.0,1.0,0.0,1.0,2.0,"-23,17274184","-46,57748439",SPRF-SP,DEL03-SP,UOP01-DEL03-SP
512384,2023-03-23,quinta-feira,17:10:00,SP,116.0,226,GUARULHOS,Condutor deixou de manter distância do veículo da frente,Colisão traseira,Com Vítimas Feridas,Pleno dia,Decrescente,Céu Claro,Múltipla,Reta,Não,2.0,0.0,1.0,0.0,1.0,0.0,1.0,2.0,"-23,49102507","-46,54878195",SPRF-SP,DEL01-SP,UOP01-DEL01-SP
512386,2023-03-23,quinta-feira,16:30:00,PR,376.0,665,GUARATUBA,Carga excessiva e/ou mal acondicionada,Tombamento,Com Vítimas Feridas,Pleno dia,Crescente,Céu Claro,Dupla,Declive;Curva,Não,1.0,0.0,1.0,0.0,0.0,0.0,1.0,1.0,"-25,85455838","-48,95670808",SPRF-PR,DEL01-PR,UOP04-DEL01-PR
512389,2023-03-23,quinta-feira,16:20:00,SE,235.0,"13,5",NOSSA SENHORA DO SOCORRO,Frear bruscamente,Saída de leito carroçável,Com Vítimas Feridas,Pleno dia,Crescente,Nublado,Simples,Reta,Não,2.0,0.0,1.0,0.0,0.0,1.0,1.0,2.0,"-10,868567","-37,171078",SPRF-SE,DEL01-SE,UOP01-DEL01-SE
512393,2023-03-23,quinta-feira,16:06:00,MT,364.0,"537,3",ROSARIO OESTE,Ausência de reação do condutor,Tombamento,Com Vítimas Feridas,Pleno dia,Decrescente,Chuva,Simples,Reta;Declive,Não,2.0,0.0,1.0,0.0,0.0,2.0,1.0,3.0,"-14,871304","-56,459392",SPRF-MT,DEL01-MT,UOP01-DEL01-MT
512404,2023-03-23,quinta-feira,18:35:00,RS,448.0,16,CANOAS,Animais na Pista,Colisão com objeto,Com Vítimas Feridas,Anoitecer,Decrescente,Céu Claro,Dupla,Reta,Não,2.0,0.0,1.0,0.0,0.0,1.0,1.0,2.0,"-29,93223","-51,211967",SPRF-RS,DEL01-RS,UOP01-DEL01-RS
512405,2023-03-23,quinta-feira,18:50:00,RS,290.0,87,PORTO ALEGRE,Condutor Dormindo,Colisão traseira,Com Vítimas Feridas,Plena Noite,Decrescente,Céu Claro,Dupla,Reta,Sim,3.0,0.0,1.0,0.0,1.0,1.0,1.0,3.0,"-29,967838","-51,127197",SPRF-RS,DEL01-RS,UOP01-DEL01-RS
512410,2023-03-23,quinta-feira,17:30:00,SC,101.0,79,ARAQUARI,Manobra de mudança de faixa,Colisão transversal,Com Vítimas Feridas,Pleno dia,Decrescente,Céu Claro,Múltipla,Interseção de Vias;Reta,Não,4.0,0.0,2.0,0.0,2.0,0.0,2.0,2.0,"-26,58559601","-48,72192112",SPRF-SC,DEL03-SC,UOP02-DEL03-SC